#   q (2pi/1)   energy n-th mode (meV)   energy n-1-th mode (meV)    ...
      0.00000000     11.03000720     11.01304760     10.62718080     10.59169070     10.53324371     10.51164492     10.50059718     10.49296500     10.24872430     10.19907234     10.08778973     10.00157577      9.98053218      9.85253022      9.83918752      9.80689565      9.76935510      9.73303649      9.70022650      9.60061120      9.57734520      9.38845250      9.33900681      9.32908008      9.31631468      8.92487429      8.87334901      8.79203355      8.74599749      8.31260017      8.30062091      8.22239452      8.10344461      8.00928024      7.95046341      7.80069831      7.71071281      7.70633739      7.41946053      7.35542683      7.23958777      6.86240314      6.72960098      6.44507302      5.98656688      5.92548767      5.45667564      5.07266966      4.99530141      4.94410709      4.93221802      4.72488915      4.47331892      3.83548665      3.64498462      3.34625858      2.85090530      2.49104993      2.40007297      1.47326730      1.29326281      1.09912948      0.50328728      0.00278697     -0.00278697     -0.50328728     -1.09912948     -1.29326281     -1.47326730     -2.40007297     -2.49104993     -2.85090530     -3.34625858     -3.64498462     -3.83548665     -4.47331892     -4.72488915     -4.93221802     -4.94410709     -4.99530141     -5.07266966     -5.45667564     -5.92548767     -5.98656688     -6.44507302     -6.72960098     -6.86240314     -7.23958777     -7.35542683     -7.41946053     -7.70633739     -7.71071281     -7.80069831     -7.95046341     -8.00928024     -8.10344461     -8.22239452     -8.30062091     -8.31260017     -8.74599749     -8.79203355     -8.87334901     -8.92487429     -9.31631468     -9.32908008     -9.33900681     -9.38845250     -9.57734520     -9.60061120     -9.70022650     -9.73303649     -9.76935510     -9.80689565     -9.83918752     -9.85253022     -9.98053218    -10.00157577    -10.08778973    -10.19907234    -10.24872430    -10.49296500    -10.50059718    -10.51164492    -10.53324371    -10.59169070    -10.62718080    -11.01304760    -11.03000720
      0.00978560     11.02882792     11.01184390     10.62759137     10.59299478     10.53494186     10.52256587     10.50336184     10.48235763     10.24784485     10.19926411     10.09081250      9.99826035      9.97832268      9.87281614      9.84301889      9.79598535      9.77821923      9.72987052      9.68540332      9.59736643      9.55611809      9.41518840      9.36711353      9.29918364      9.27974497      8.94510142      8.91696147      8.76495279      8.70322590      8.40311181      8.27429292      8.22369194      8.08232113      8.01878406      7.99677888      7.79502633      7.72160868      7.64033501      7.42956466      7.36106602      7.20062982      6.88337904      6.71025041      6.44184377      5.98487353      5.92966999      5.46699922      5.14477745      5.04978790      4.96638858      4.82478824      4.70121618      4.45734506      3.84268639      3.64532844      3.33781864      2.85173096      2.49396220      2.40136522      1.50142242      1.29279929      1.07276774      0.50132303      0.00824723     -0.00824716     -0.50132302     -1.07276823     -1.29279924     -1.50142186     -2.40136531     -2.49396259     -2.85173065     -3.33781906     -3.64532841     -3.84268602     -4.45734384     -4.70121625     -4.82478636     -4.96639346     -5.04978569     -5.14478049     -5.46699629     -5.92967116     -5.98487341     -6.44184179     -6.71025044     -6.88338119     -7.20062409     -7.36106543     -7.42957405     -7.64032595     -7.72160902     -7.79503115     -7.99678029     -8.01879448     -8.08230835     -8.22368209     -8.27430218     -8.40312484     -8.70320698     -8.76493738     -8.91697854     -8.94511291     -9.27973019     -9.29917370     -9.36712804     -9.41519678     -9.55611575     -9.59736673     -9.68540572     -9.72986768     -9.77821560     -9.79598838     -9.84302039     -9.87281541     -9.97832338     -9.99825696    -10.09081105    -10.19926433    -10.24784707    -10.48235848    -10.50336150    -10.52256708    -10.53494062    -10.59299409    -10.62759157    -11.01184391    -11.02882791
      0.01957120     11.02542840     11.00838382     10.62898791     10.59632148     10.55174188     10.53031077     10.50463573     10.46925973     10.24701864     10.19958418     10.09887256      9.99075801      9.97033488      9.90974847      9.85251406      9.79177487      9.78040785      9.71893960      9.66503236      9.57652903      9.50932725      9.43544544      9.40651914      9.26776113      9.21619321      8.99697931      8.96610016      8.71734498      8.63709181      8.49231314      8.36670162      8.18775260      8.15266778      8.03036070      7.97823004      7.81402022      7.71243663      7.53467154      7.44518125      7.35273129      7.12011738      6.92243688      6.67539380      6.43153781      5.98217947      5.93991461      5.50363487      5.28693922      5.10146225      4.95156436      4.78398939      4.61290781      4.40748589      3.85849926      3.64633356      3.31880741      2.85390088      2.50079453      2.40496376      1.56864439      1.29157543      1.01108538      0.49531308      0.02393322     -0.02393308     -0.49531306     -1.01108609     -1.29157534     -1.56864356     -2.40496392     -2.50079522     -2.85390042     -3.31880804     -3.64633349     -3.85849852     -4.40748520     -4.61290504     -4.78399015     -4.95156857     -5.10146267     -5.28694119     -5.50363123     -5.93991646     -5.98217879     -6.43153417     -6.67539550     -6.92243853     -7.12011184     -7.35273501     -7.44518730     -7.53466418     -7.71243008     -7.81403448     -7.97823438     -8.03034564     -8.15267816     -8.18774939     -8.36670877     -8.49232095     -8.63707425     -8.71732871     -8.96610665     -8.99699801     -9.21617607     -9.26775925     -9.40653055     -9.43544972     -9.50932736     -9.57652809     -9.66503459     -9.71893563     -9.78041116     -9.79177031     -9.85251610     -9.90974856     -9.97033600     -9.99075196    -10.09886984    -10.19958423    -10.24702297    -10.46926197    -10.50463387    -10.53031115    -10.55174220    -10.59632000    -10.62898833    -11.00838384    -11.02542839
      0.02935679     11.02023383     11.00312467     10.63162436     10.60114173     10.57444182     10.54248407     10.49563674     10.45936737     10.25017145     10.19929776     10.10986423      9.98701564      9.95300521      9.94328843      9.86391120      9.80148027      9.77037332      9.70190188      9.65274979      9.53225596      9.49335493      9.43303183      9.39703498      9.26933273      9.13340471      9.07565385      8.96713086      8.70017611      8.61616350      8.51052655      8.46143257      8.29658693      8.17665691      8.03547544      7.93584083      7.85006164      7.67154815      7.48041954      7.45531015      7.28292981      7.03318303      6.95351657      6.64485488      6.41376825      5.99106754      5.94549031      5.58339521      5.40833442      5.14596730      4.94099853      4.78086150      4.52949680      4.31946535      3.87015957      3.64786446      3.30320840      2.85686538      2.50622234      2.41011026      1.65130565      1.28980206      0.93842297      0.48481597      0.04914451     -0.04914431     -0.48481594     -0.93842372     -1.28980195     -1.65130473     -2.41011045     -2.50622315     -2.85686505     -3.30320895     -3.64786436     -3.87015851     -4.31946552     -4.52949399     -4.78086192     -4.94100157     -5.14596966     -5.40833344     -5.58339482     -5.94549151     -5.99106617     -6.41376395     -6.64485763     -6.95351626     -7.03318093     -7.28293022     -7.45531014     -7.48042205     -7.67154302     -7.85007214     -7.93583969     -8.03546927     -8.17666451     -8.29659481     -8.46143300     -8.51050946     -8.61616505     -8.70017216     -8.96712668     -9.07567212     -9.13338727     -9.26933976     -9.39702922     -9.43303784     -9.49336562     -9.53225414     -9.65274823     -9.70189895     -9.77037680     -9.80147578     -9.86391305     -9.94328943     -9.95300421     -9.98700973    -10.10986105    -10.19929709    -10.25017745    -10.45937090    -10.49563340    -10.54248466    -10.57444257    -10.60113959    -10.63162497    -11.00312470    -11.02023381
      0.03914239     11.01397669     10.99683478     10.63549468     10.60806551     10.59619582     10.55501816     10.48121215     10.45231828     10.26000880     10.19727926     10.12321884      9.99286649      9.96164779      9.92898395      9.87272741      9.80924808      9.76664432      9.68615028      9.63157867      9.52012819      9.48479237      9.42406934      9.31853695      9.28183298      9.15166932      9.04592196      8.94726685      8.75819389      8.63306689      8.52373773      8.46942402      8.41687043      8.19506422      8.09316519      7.87839322      7.86389864      7.64700599      7.48500999      7.43335006      7.18203069      6.97666240      6.93332576      6.61995296      6.39075084      6.02177505      5.94706369      5.69703356      5.49071850      5.18245930      4.93433091      4.78547194      4.48260611      4.21095340      3.86484998      3.64957392      3.30405364      2.86065662      2.50349854      2.41576470      1.73605254      1.28772938      0.86906031      0.46902697      0.08225450     -0.08225427     -0.46902694     -0.86906100     -1.28772926     -1.73605165     -2.41576490     -2.50349928     -2.86065667     -3.30405386     -3.64957377     -3.86484888     -4.21095339     -4.48260508     -4.78547129     -4.93433270     -5.18246221     -5.49071658     -5.69703650     -5.94706296     -6.02177309     -6.39074731     -6.61995487     -6.93332649     -6.97666164     -7.18202799     -7.43335186     -7.48501021     -7.64700753     -7.86390130     -7.87838990     -8.09317116     -8.19507078     -8.41687484     -8.46940668     -8.52372567     -8.63307789     -8.75820204     -8.94725625     -9.04590448     -9.15168624     -9.28184334     -9.31852930     -9.42407237     -9.48479001     -9.52014119     -9.63157155     -9.68614998     -9.76664657     -9.80924449     -9.87272837     -9.92898299     -9.96164821     -9.99286108    -10.12321665    -10.19727759    -10.26001541    -10.45232255    -10.48120811    -10.55501861    -10.59619655    -10.60806318    -10.63549542    -10.99683481    -11.01397665
      0.04892799     11.00769248     10.99056794     10.64038742     10.61775362     10.61338992     10.56314824     10.46554544     10.44684672     10.27502868     10.19320813     10.13944295     10.00065322      9.96824053      9.90903560      9.87309598      9.81823764      9.75888017      9.67974990      9.59620550      9.55716668      9.44862112      9.40437894      9.28214855      9.22739615      9.21210955      8.96539806      8.93660001      8.81619651      8.69732216      8.57024611      8.51258613      8.41823163      8.21404182      8.15027521      7.87430274      7.82543007      7.64666777      7.51354975      7.37409801      7.13839164      6.92267142      6.85910241      6.59417402      6.36746264      6.06990467      5.98552119      5.77410748      5.55299849      5.21084247      4.93007225      4.79169697      4.45999428      4.11607862      3.83384546      3.65071558      3.32696485      2.86571604      2.48926884      2.42083455      1.81389387      1.28570821      0.81183764      0.44756973      0.12002101     -0.12002078     -0.44756972     -0.81183820     -1.28570811     -1.81389311     -2.42083472     -2.48926939     -2.86571644     -3.32696470     -3.65071537     -3.83384483     -4.11607811     -4.45999471     -4.79169568     -4.93007302     -5.21084493     -5.55299803     -5.77411061     -5.98551921     -6.06990247     -6.36746097     -6.59417395     -6.85910376     -6.92267213     -7.13838908     -7.37409519     -7.51355203     -7.64667333     -7.82542703     -7.87430325     -8.15028461     -8.21404227     -8.41822088     -8.51257656     -8.57025086     -8.69733191     -8.81620283     -8.93658983     -8.96538471     -9.21212088     -9.22738861     -9.28215790     -9.40438243     -9.44861901     -9.55718028     -9.59619491     -9.67975093     -9.75887844     -9.81823559     -9.87309521     -9.90903602     -9.96824194    -10.00064771    -10.13944267    -10.19320564    -10.27503460    -10.44685072    -10.46554149    -10.56314835    -10.61338972    -10.61775243    -10.64038815    -10.99056798    -11.00769245
      0.05871359     11.00262131     10.98554856     10.64558128     10.62961932     10.62165085     10.56712092     10.45297621     10.44131255     10.29023741     10.18790143     10.15595109     10.00181058      9.97344515      9.90311821      9.86145206      9.82859639      9.73730566      9.68010827      9.60712245      9.54618398      9.42257271      9.40035881      9.30129017      9.20056083      9.14403611      8.97236620      8.91496075      8.81844550      8.74922033      8.67396791      8.50890231      8.43018752      8.23381006      8.16336705      7.87093955      7.81180099      7.63914551      7.54666365      7.30682443      7.15321308      6.87517600      6.75627784      6.56272136      6.35714210      6.13090386      6.06395960      5.78196845      5.60101785      5.23116227      4.92743282      4.79692775      4.45075519      4.05577194      3.78237002      3.64974961      3.36593506      2.87114927      2.46869397      2.42433162      1.87518263      1.28412622      0.77259808      0.42326757      0.15611914     -0.15611896     -0.42326759     -0.77259843     -1.28412616     -1.87518211     -2.42433173     -2.46869432     -2.87114971     -3.36593476     -3.64974937     -3.78237000     -4.05577126     -4.45075600     -4.79692661     -4.92743302     -5.23116381     -5.60101860     -5.78196962     -6.06395725     -6.13090271     -6.35714303     -6.56271992     -6.75627586     -6.87518034     -7.15321182     -7.30682038     -7.54666690     -7.63914780     -7.81180376     -7.87093703     -8.16337086     -8.23380754     -8.43018625     -8.50889808     -8.67397381     -8.74922069     -8.81844685     -8.91495012     -8.97236804     -9.14402942     -9.20056210     -9.30130038     -9.40036262     -9.42257259     -9.54617590     -9.60713335     -9.68010819     -9.73729987     -9.82859523     -9.86145142     -9.90311923     -9.97344751    -10.00180558    -10.15595245    -10.18789856    -10.29024151    -10.44131451    -10.45297404    -10.56712084    -10.62164996    -10.62961933    -10.64558180    -10.98554859    -11.00262128
      0.06849918     10.99993750     10.98290627     10.64894150     10.63616151     10.62493260     10.56859231     10.44774191     10.43608866     10.29948694     10.18271128     10.16754100      9.99950415      9.97782699      9.90291817      9.84957406      9.83812807      9.70632127      9.68027748      9.64989018      9.50860610      9.42310022      9.40035172      9.32176932      9.15678168      9.09494177      9.00292896      8.91780685      8.80580880      8.75306598      8.74040342      8.49819424      8.46925032      8.24006544      8.15712838      7.85683558      7.82878740      7.61016392      7.58265162      7.25041133      7.18654657      6.85885286      6.67452460      6.52424234      6.38610845      6.15940301      6.12334035      5.77105539      5.62831635      5.24157000      4.92619748      4.79967204      4.44798465      4.03030067      3.74282393      3.64585361      3.39860653      2.87453148      2.45448940      2.42565422      1.90806274      1.28330843      0.75405969      0.40610505      0.17885295     -0.17885289     -0.40610507     -0.75405979     -1.28330841     -1.90806259     -2.42565425     -2.45448950     -2.87453163     -3.39860640     -3.64585351     -3.74282403     -4.03030042     -4.44798495     -4.79967167     -4.92619750     -5.24157043     -5.62831679     -5.77105552     -6.12333903     -6.15940294     -6.38611009     -6.52424098     -6.67452369     -6.85885455     -7.18654697     -7.25040917     -7.58265461     -7.61016221     -7.82879216     -7.85683153     -8.15712882     -8.24006430     -8.46925213     -8.49819290     -8.74040724     -8.75306039     -8.80581102     -8.91780478     -9.00293006     -9.09493962     -9.15678131     -9.32177156     -9.40035348     -9.42310232     -9.50860127     -9.64989973     -9.68027377     -9.70631708     -9.83812740     -9.84957434     -9.90291848     -9.97782824     -9.99950215    -10.16754228    -10.18270961    -10.29948818    -10.43608874    -10.44774169    -10.56859227    -10.62493233    -10.63616153    -10.64894165    -10.98290628    -10.99993749
      0.07828478     11.00033448     10.98329651     10.64841648     10.63520252     10.62447831     10.56839584     10.44840197     10.43702994     10.29805917     10.18380563     10.16548166     10.00002803      9.97703827      9.90288266      9.85202916      9.83601528      9.71350770      9.68073135      9.64045866      9.51572455      9.42122235      9.39998487      9.31947512      9.16519407      9.10184690      8.99829703      8.91586845      8.80650482      8.75496981      8.73022531      8.50191029      8.45990092      8.23951350      8.15847138      7.86095463      7.82366102      7.61868122      7.57348055      7.26192587      7.17833135      6.86094234      6.68790553      6.53359405      6.37642700      6.15821391      6.11204027      5.77324444      5.62407835      5.24003633      4.92637500      4.79926790      4.44831965      4.03380291      3.74922401      3.64682893      3.39297371      2.87401035      2.45671838      2.42551149      1.90315297      1.28342849      0.75670862      0.40890933      0.17525773     -0.17525782     -0.40890931     -0.75670846     -1.28342852     -1.90315322     -2.42551144     -2.45671821     -2.87401010     -3.39297392     -3.64682909     -3.74922389     -4.03380331     -4.44831917     -4.79926850     -4.92637496     -5.24003561     -5.62407768     -5.77324417     -6.11204211     -6.15821425     -6.37642494     -6.53359576     -6.68790698     -6.86093963     -7.17833121     -7.26192886     -7.57347737     -7.61868220     -7.82365563     -7.86095902     -8.15847049     -8.23951528     -8.45989902     -8.50191198     -8.73022117     -8.75497552     -8.80650215     -8.91587204     -8.99829529     -9.10185050     -9.16519445     -9.31947103     -9.39998223     -9.42121998     -9.51573149     -9.64044733     -9.68073417     -9.71351351     -9.83601613     -9.85202898     -9.90288215     -9.97703641    -10.00003112    -10.16548001    -10.18380795    -10.29805712    -10.43702967    -10.44840245    -10.56839591    -10.62447875    -10.63520248    -10.64841623    -10.98329650    -11.00033450
      0.08807038     11.00370632     10.98661965     10.64434950     10.62695318     10.62016881     10.56641813     10.45550873     10.44280068     10.28675482     10.18928728     10.15206221     10.00207598      9.97211655      9.90361523      9.86487905      9.82598842      9.74411543      9.67974808      9.59639153      9.55678887      9.42705125      9.40064724      9.29282352      9.21119398      9.16319442      8.96208884      8.92076512      8.82243192      8.74066953      8.64946850      8.51039130      8.42296875      8.22985794      8.16367313      7.87278852      7.81137734      7.64328066      7.53807916      7.32338387      7.14662645      6.88344388      6.78354395      6.57125977      6.35688695      6.11584054      6.04453996      5.78376195      5.59056645      5.22691409      4.92795946      4.79580869      4.45224710      4.06731641      3.79581787      3.65030680      3.35557104      2.86988010      2.47380043      2.42365190      1.86203658      1.28446069      0.78052112      0.42920891      0.14778338     -0.14778358     -0.42920890     -0.78052071     -1.28446076     -1.86203717     -2.42365178     -2.47380003     -2.86987963     -3.35557134     -3.65030704     -3.79581801     -4.06731711     -4.45224629     -4.79580993     -4.92795916     -5.22691229     -5.59056589     -5.78376033     -6.04454223     -6.11584199     -6.35688670     -6.57126096     -6.78354554     -6.88343976     -7.14662813     -7.32338792     -7.53807603     -7.64327713     -7.81137615     -7.87279024     -8.16366775     -8.22986020     -8.42297216     -8.51039695     -8.64946226     -8.74066630     -8.82243020     -8.92077859     -8.96208785     -9.16320163     -9.21119127     -9.29281220     -9.40064324     -9.42705224     -9.55679521     -9.59638254     -9.67974764     -9.74412042     -9.82598972     -9.86487995     -9.90361415     -9.97211433    -10.00208126    -10.15206118    -10.18929011    -10.28675016    -10.44279803    -10.45551155    -10.56641819    -10.62016977    -10.62695325    -10.64434891    -10.98661962    -11.00370635
      0.09785598     11.00919988     10.99206658     10.63908872     10.61496480     10.60988473     10.56157084     10.46937369     10.44815243     10.27103338     10.19437946     10.13518949      9.99925489      9.96693841      9.91281415      9.87426656      9.81579497      9.76189241      9.68047060      9.60571804      9.54760407      9.45709993      9.40789738      9.28450273      9.24927658      9.20051247      8.98351703      8.93608210      8.80596398      8.67971916      8.54760550      8.50822472      8.42214323      8.20901899      8.13930574      7.87381047      7.83481495      7.64599958      7.50584610      7.39047040      7.14186020      6.93906835      6.87980027      6.60104823      6.37288410      6.05628021      5.97006902      5.76233039      5.53869933      5.20447631      4.93096761      4.79015426      4.46404974      4.13700716      3.84413586      3.65054958      3.31926377      2.86434485      2.49379240      2.41967877      1.79556711      1.28618708      0.82463494      0.45340612      0.11041434     -0.11041457     -0.45340613     -0.82463434     -1.28618719     -1.79556792     -2.41967859     -2.49379179     -2.86434451     -3.31926384     -3.65054978     -3.84413665     -4.13700756     -4.46404959     -4.79015547     -4.93096662     -5.20447367     -5.53870022     -5.76232695     -5.97007086     -6.05628247     -6.37288631     -6.60104781     -6.87979819     -6.93906879     -7.14186292     -7.39047234     -7.50584425     -7.64599432     -7.83481873     -7.87380934     -8.13929626     -8.20901689     -8.42215550     -8.50823227     -8.54760533     -8.67970802     -8.80595617     -8.93609270     -8.98353252     -9.20049878     -9.24928385     -9.28449391     -9.40789427     -9.45710214     -9.54759054     -9.60572813     -9.68046967     -9.76189299     -9.81579738     -9.87426691     -9.91281422     -9.96693730     -9.99926037    -10.13519026    -10.19438177    -10.27102717    -10.44814824    -10.46937777    -10.56157065    -10.60988445    -10.61496655    -10.63908797    -10.99206654    -11.00919991
      0.10764158     11.01558868     10.99845054     10.63442179     10.60609483     10.59100892     10.55221567     10.48506576     10.45388119     10.25693115     10.19798906     10.11960181      9.99061303      9.95872268      9.93512962      9.87101959      9.80728770      9.76742366      9.68936619      9.63837668      9.51260928      9.49478332      9.42897780      9.33950694      9.27951214      9.13334732      9.06774567      8.95288425      8.74028468      8.62426319      8.51439184      8.47645120      8.39109425      8.19030061      8.07650863      7.89111661      7.86333499      7.65021437      7.47951557      7.44415986      7.20478388      6.98546346      6.94720604      6.62597441      6.39676759      6.01235624      5.94529476      5.66871026      5.47269107      5.17412807      4.93572640      4.78402916      4.49150460      4.23804154      3.86835798      3.64916069      3.30182181      2.85959906      2.50524475      2.41436439      1.71517732      1.28825765      0.88555445      0.47351543      0.07337643     -0.07337666     -0.47351546     -0.88555373     -1.28825777     -1.71517823     -2.41436418     -2.50524398     -2.85959912     -3.30182150     -3.64916083     -3.86835912     -4.23804144     -4.49150611     -4.78402956     -4.93572432     -5.17412519     -5.47269310     -5.66870791     -5.94529499     -6.01235804     -6.39677144     -6.62597211     -6.94720642     -6.98546371     -7.20478623     -7.44415699     -7.47951572     -7.65021465     -7.86332964     -7.89112100     -8.07650487     -8.19029323     -8.39108656     -8.47647191     -8.51440156     -8.62425471     -8.74027787     -8.95289385     -9.06776344     -9.13332974     -9.27950175     -9.33951468     -9.42897429     -9.49478523     -9.51259691     -9.63838249     -9.68936715     -9.76742082     -9.80729161     -9.87101832     -9.93513050     -9.95872244     -9.99061849    -10.11960438    -10.19799048    -10.25692456    -10.45387704    -10.48506969    -10.55221515    -10.59100815    -10.60609718    -10.63442109    -10.99845051    -11.01558871
      0.11742717     11.02166608     11.00457140     10.63084462     10.59977432     10.56873219     10.53908925     10.49861673     10.46153839     10.24881070     10.19948785     10.10691608      9.98714879      9.95821355      9.93597630      9.86113571      9.79935896      9.77213880      9.70643971      9.65598159      9.54441783      9.49171269      9.43085226      9.41142857      9.26685216      9.15483356      9.05596466      8.96959193      8.69724868      8.61523349      8.51714940      8.43884158      8.26409121      8.17308448      8.02787331      7.94955107      7.84267568      7.68169505      7.48816876      7.45314570      7.30692381      7.05417663      6.94777751      6.65180326      6.41883794      5.98672709      5.94525854      5.55869893      5.38201040      5.13553345      4.94321058      4.78048856      4.54675094      4.34467983      3.86837551      3.64744658      3.30598974      2.85606355      2.50537776      2.40873303      1.63004954      1.29028502      0.95670610      0.48790101      0.04201656     -0.04201675     -0.48790104     -0.95670535     -1.29028513     -1.63005045     -2.40873284     -2.50537697     -2.85606394     -3.30598915     -3.64744667     -3.86837651     -4.34467977     -4.54675400     -4.78048790     -4.94320722     -5.13553145     -5.38201062     -5.55870040     -5.94525699     -5.98672834     -6.41884220     -6.65180061     -6.94777727     -7.05417978     -7.30692195     -7.45314550     -7.48816762     -7.68170116     -7.84266346     -7.94955020     -8.02788347     -8.17307737     -8.26408399     -8.43883884     -8.51716099     -8.61523533     -8.69725745     -8.96959365     -9.05594603     -9.15485105     -9.26684708     -9.41143163     -9.43084603     -9.49170369     -9.54441960     -9.65598187     -9.70644310     -9.77213535     -9.79936352     -9.86113375     -9.93597574     -9.95821370     -9.98715489    -10.10691927    -10.19948829    -10.24880504    -10.46153515    -10.49861979    -10.53908868    -10.56873149    -10.59977633    -10.63084405    -11.00457138    -11.02166611
      0.12721277     11.02646826     11.00944070     10.62852999     10.59534760     10.54640791     10.52830502     10.50525747     10.47226295     10.24701750     10.19952314     10.09650209      9.99264253      9.97309149      9.90028058      9.84978485      9.78882601      9.78387029      9.72239988      9.66903166      9.58436235      9.52118371      9.43329740      9.39764487      9.27170914      9.23501026      8.97856970      8.96035264      8.72874278      8.65225293      8.47264338      8.34250998      8.18850985      8.12705160      8.03586597      7.98436803      7.80507634      7.71977672      7.55864003      7.44181911      7.35859907      7.14180388      6.91261420      6.68407148      6.43482726      5.98251983      5.93717907      5.49120659      5.25139973      5.08933224      4.95498425      4.78816290      4.63795203      4.42345668      3.85439386      3.64602485      3.32383214      2.85326556      2.49896218      2.40388289      1.54966643      1.29194044      1.02829752      0.49721190      0.01907981     -0.01907994     -0.49721192     -1.02829684     -1.29194052     -1.54966722     -2.40388275     -2.49896155     -2.85326601     -3.32383154     -3.64602491     -3.85439450     -4.42345764     -4.63795431     -4.78816246     -4.95497982     -5.08933248     -5.25139728     -5.49121040     -5.93717732     -5.98252032     -6.43483054     -6.68407023     -6.91261223     -7.14180988     -7.35859629     -7.44181120     -7.55864892     -7.71978231     -7.80506321     -7.98436415     -8.03587857     -8.12704350     -8.18851498     -8.34250188     -8.47263299     -8.65227239     -8.72875976     -8.96034287     -8.97855212     -9.23502716     -9.27171326     -9.39763233     -9.43329138     -9.52118521     -9.58436291     -9.66902910     -9.72240378     -9.78386709     -9.78883037     -9.84978287     -9.90028067     -9.97309031     -9.99264815    -10.09650454    -10.19952299    -10.24701367    -10.47226106    -10.50525885    -10.52830464    -10.54640787    -10.59534888    -10.62852962    -11.00944068    -11.02646828
      0.13699837     11.02934104     11.01236744     10.62740780     10.59244036     10.53373173     10.51925866     10.50229034     10.48588973     10.24818949     10.19918619     10.08951086      9.99967002      9.97930928      9.86495969      9.84143102      9.79988254      9.77487535      9.73132184      9.69108730      9.59905120      9.56502497      9.40696824      9.35636848      9.31256579      9.29035001      8.93742711      8.90071348      8.77555792      8.71914100      8.37879833      8.25535003      8.24098196      8.08759548      8.00836083      7.98799440      7.79654261      7.71747050      7.66577612      7.42561843      7.35946044      7.21630156      6.87505499      6.71787125      6.44327190      5.98558041      5.92787646      5.46237432      5.11437675      5.03383648      4.96952379      4.84859194      4.71293105      4.46435470      3.83967043      3.64517833      3.34136608      2.85137669      2.49272800      2.40080582      1.48960664      1.29299632      1.08379783      0.50218450      0.00590307     -0.00590313     -0.50218451     -1.08379744     -1.29299636     -1.48960708     -2.40080575     -2.49272770     -2.85137693     -3.34136575     -3.64517836     -3.83967070     -4.46435576     -4.71293053     -4.84859451     -4.96951877     -5.03383907     -5.11437401     -5.46237662     -5.92787556     -5.98558047     -6.44327340     -6.71787144     -6.87505310     -7.21630647     -7.35946147     -7.42561021     -7.66578411     -7.71746923     -7.79653991     -7.98799089     -8.00835252     -8.08760843     -8.24099149     -8.25534268     -8.37878512     -8.71915788     -8.77557121     -8.90069797     -8.93741676     -9.29036440     -9.31257611     -9.35635373     -9.40695980     -9.56502692     -9.59905086     -9.69108522     -9.73132408     -9.77487847     -9.79987978     -9.84142980     -9.86496057     -9.97930879     -9.99967257    -10.08951195    -10.19918600    -10.24818782    -10.48588918    -10.50229054    -10.51925749    -10.53373289    -10.59244087    -10.62740765    -11.01236744    -11.02934105
      0.14678397     11.02993283     11.01297163     10.62720544     10.59177641     10.53324929     10.51282837     10.50080179     10.49187758     10.24865905     10.19908572     10.08798398     10.00136019      9.98039831      9.85410641      9.83946271      9.80592676      9.77006221      9.73285705      9.69908438      9.60046966      9.57592580      9.39149460      9.33568154      9.33473126      9.31020417      8.92647069      8.87696299      8.78999319      8.74244714      8.33086958      8.28320987      8.22649616      8.10100367      8.00898875      7.95569174      7.80009849      7.71099260      7.70170170      7.42021065      7.35603313      7.23676703      6.86394790      6.72815887      6.44487549      5.98645340      5.92575708      5.45729620      5.07718054      4.99998243      4.96193589      4.90747005      4.72374503      4.47232504      3.83596927      3.64500619      3.34569578      2.85095867      2.49124137      2.40015514      1.47515552      1.29323230      1.09735329      0.50316501      0.00314735     -0.00314733     -0.50316501     -1.09735343     -1.29323228     -1.47515536     -2.40015516     -2.49124147     -2.85095859     -3.34569589     -3.64500618     -3.83596918     -4.47232463     -4.72374538     -4.90746682     -4.96194082     -4.99998060     -5.07718145     -5.45729539     -5.92575739     -5.98645338     -6.44487499     -6.72815869     -6.86394867     -7.23676506     -7.35603254     -7.42021395     -7.70169836     -7.71099328     -7.80009903     -7.95569470     -8.00899095     -8.10099761     -8.22650060     -8.28319768     -8.33088239     -8.74243951     -8.78998774     -8.87697017     -8.92647517     -9.31019119     -9.33473088     -9.33568908     -9.39149984     -9.57592507     -9.60046982     -9.69908524     -9.73285627     -9.77006093     -9.80592801     -9.83946318     -9.85410583     -9.98039846    -10.00135935    -10.08798361    -10.19908579    -10.24865960    -10.49187767    -10.50080175    -10.51282887    -10.53324885    -10.59177625    -10.62720549    -11.01297163    -11.02993283
      0.15656956     11.02817463     11.01117785     10.62783615     10.59367457     10.53754134     10.52501006     10.50439666     10.47884868     10.24749394     10.19935213     10.09243538      9.99654733      9.97699947      9.88155277      9.84497193      9.79199706      9.78171186      9.72790088      9.67947834      9.59459453      9.54545594      9.42260752      9.37769596      9.28709612      9.26745962      8.95349877      8.93413827      8.75317668      8.68621163      8.42718448      8.29584217      8.20841907      8.08467971      8.03455485      7.99445578      7.79525772      7.72431137      7.61293990      7.43380429      7.36186366      7.18255134      6.89272575      6.70178812      6.43997183      5.98405588      5.93188559      5.47319630      5.17912693      5.06380223      4.96256788      4.80707692      4.68412621      4.44825653      3.84627519      3.64552039      3.33357175      2.85217065      2.49545931      2.40207127      1.51567179      1.29255534      1.05953444      0.50021025      0.01122790     -0.01122780     -0.50021024     -1.05953501     -1.29255528     -1.51567114     -2.40207137     -2.49545979     -2.85217028     -3.33357224     -3.64552035     -3.84627473     -4.44825527     -4.68412549     -4.80707593     -4.96257264     -5.06380062     -5.17912994     -5.47319289     -5.93188699     -5.98405567     -6.43996938     -6.70178850     -6.89272799     -7.18254521     -7.36186397     -7.43381396     -7.61293033     -7.72430982     -7.79526546     -7.99445855     -8.03455794     -8.08467301     -8.20841055     -8.29585143     -8.42719709     -8.68619169     -8.75316006     -8.93415556     -8.95351083     -9.26744392     -9.28708784     -9.37771001     -9.42261545     -9.54545346     -9.59459464     -9.67948094     -9.72789755     -9.78170798     -9.79200012     -9.84497365     -9.88155226     -9.97700037     -9.99654311    -10.09243358    -10.19935236    -10.24749671    -10.47884987    -10.50439607    -10.52501097    -10.53754045    -10.59367369    -10.62783641    -11.01117786    -11.02817462
      0.16635516     11.02427483     11.00721298     10.62952541     10.59737944     10.55731439     10.53284534     10.50324553     10.46647238     10.24727776     10.19961085     10.10141414      9.98912489      9.96694309      9.91899116      9.85536546      9.79454133      9.77720333      9.71507197      9.66175251      9.56701582      9.49954552      9.43436975      9.41403371      9.26578011      9.19639362      9.01641626      8.96928272      8.70745799      8.62485540      8.50783655      8.39104172      8.20350851      8.16630888      8.02588512      7.97085491      7.82400734      7.70297408      7.51463364      7.44808689      7.34251969      7.09805349      6.93178352      6.66707465      6.42776309      5.98252058      5.94236736      5.51882503      5.32097242      5.11323264      4.94846773      4.78172392      4.58878513      4.38898913      3.86234137      3.64667606      3.31400318      2.85458199      2.50254890      2.40614292      1.58852604      1.29117565      0.99324673      0.49313603      0.02938660     -0.02938644     -0.49313600     -0.99324747     -1.29117556     -1.58852517     -2.40614309     -2.50254963     -2.85458153     -3.31400381     -3.64667599     -3.86234054     -4.38898873     -4.58878207     -4.78172479     -4.94847168     -5.11323366     -5.32097377     -5.51882185     -5.94236923     -5.98251968     -6.42775917     -6.66707675     -6.93178477     -7.09804859     -7.34252360     -7.44809069     -7.51462881     -7.70296722     -7.82402168     -7.97085912     -8.02586966     -8.16631686     -8.20351080     -8.39104770     -8.50783975     -8.62484168     -8.70744314     -8.96928641     -9.01643518     -9.19637631     -9.26578059     -9.41404337     -9.43437182     -9.49954838     -9.56701453     -9.66175416     -9.71506806     -9.77720667     -9.79453672     -9.85536751     -9.91899139     -9.96694395     -9.98911864    -10.10141120    -10.19961077    -10.24728258    -10.46647497    -10.50324321    -10.53284579    -10.55731489    -10.59737777    -10.62952588    -11.00721300    -11.02427481
      0.17614076     11.01873361     11.00161210     10.63248267     10.60264099     10.58008686     10.54587372     10.49233813     10.45738088     10.25197990     10.19899406     10.11294675      9.98754533      9.94979371      9.94712574      9.86652970      9.80346737      9.76908834      9.69741414      9.64887306      9.52027309      9.49725542      9.43373063      9.37939436      9.27260737      9.11168668      9.09515937      8.96327983      8.70937546      8.61758153      8.49989301      8.48224994      8.32901478      8.18087924      8.04672966      7.92104531      7.85592252      7.66262485      7.47588756      7.45581939      7.25682245      7.01372880      6.95661266      6.63830140      6.40835450      5.99688529      5.94521912      5.61062937      5.43194595      5.15588455      4.93903355      4.78164798      4.51469305      4.29288378      3.87086483      3.64829518      3.30149324      2.85771470      2.50654257      2.41151962      1.67267248      1.28929972      0.92036973      0.48139944      0.05677331     -0.05677310     -0.48139941     -0.92037048     -1.28929961     -1.67267156     -2.41151982     -2.50654337     -2.85771445     -3.30149373     -3.64829507     -3.87086372     -4.29288398     -4.51469062     -4.78164814     -4.93903626     -5.15588716     -5.43194438     -5.61063003     -5.94521988     -5.99688379     -6.40835027     -6.63830414     -6.95661185     -7.01372775     -7.25682163     -7.45582076     -7.47588931     -7.66262107     -7.85593120     -7.92104257     -8.04672730     -8.18088711     -8.32902298     -8.48224746     -8.49987300     -8.61758487     -8.70937630     -8.96327348     -9.09517660     -9.11166995     -9.27261598     -9.37938748     -9.43373571     -9.49726660     -9.52027168     -9.64887011     -9.69741181     -9.76909176     -9.80346301     -9.86653141     -9.94712756     -9.94979156     -9.98753959    -10.11294367    -10.19899316    -10.25198617    -10.45738466    -10.49233456    -10.54587431    -10.58008763    -10.60263874    -10.63248332    -11.00161213    -11.01873358
      0.18592636     11.01236185     10.99521955     10.63663344     10.61019079     10.60113121     10.55751800     10.47727452     10.45085918     10.26343467     10.19643289     10.12703398      9.99522312      9.96382141      9.92304546      9.87393763      9.81130113      9.76560490      9.68360096      9.62376366      9.52875287      9.47511783      9.41835780      9.29843766      9.28153396      9.16926898      9.02439564      8.94210084      8.77586569      8.64613943      8.52937887      8.47552585      8.42922430      8.19972890      8.10980461      7.87307942      7.85722111      7.64555206      7.49143986      7.42049125      7.16343890      6.96698457      6.91665942      6.61386313      6.38468975      6.03223522      5.95117918      5.72299335      5.50761929      5.19028703      4.93308403      4.78700422      4.47519114      4.18479212      3.85967885      3.64995542      3.30772153      2.86180137      2.50098799      2.41712810      1.75650012      1.28720401      0.85333841      0.46417017      0.09143743     -0.09143719     -0.46417014     -0.85333908     -1.28720390     -1.75649925     -2.41712830     -2.50098869     -2.86180153     -3.30772165     -3.64995525     -3.85967782     -4.18479198     -4.47519056     -4.78700334     -4.93308553     -5.19028989     -5.50761762     -5.72299669     -5.95117797     -6.03223311     -6.38468660     -6.61386458     -6.91666109     -6.96698346     -7.16343607     -7.42049171     -7.49144063     -7.64555522     -7.85721851     -7.87308027     -8.10981228     -8.19973425     -8.42921823     -8.47551891     -8.52936694     -8.64615161     -8.77587442     -8.94208971     -9.02437856     -9.16928513     -9.28154167     -9.29843238     -9.41836059     -9.47511549     -9.52876604     -9.62375539     -9.68360122     -9.76560636     -9.81129792     -9.87393821     -9.92304463     -9.96382202     -9.99521771    -10.12703224    -10.19643099    -10.26344123    -10.45086350    -10.47727042    -10.55751837    -10.60113188    -10.61018854    -10.63663419    -10.99521958    -11.01236182
      0.19571196     11.00626107     10.98914767     10.64171517     10.62083497     10.61616818     10.56446121     10.46189321     10.44554305     10.27904690     10.19195797     10.14372511     10.00156780      9.96951224      9.90633010      9.87099712      9.82077420      9.75494095      9.67946205      9.58814385      9.56516253      9.44057743      9.40221158      9.28183729      9.21886449      9.20515806      8.95213623      8.93764583      8.82220814      8.71397088      8.59661080      8.51274313      8.41681407      8.21945425      8.15786293      7.87437847      7.81819933      7.64678256      7.52150689      7.35727114      7.13860704      6.90722457      6.83602517      6.58693506      6.36269237      6.08456194      6.00405798      5.78091100      5.56645328      5.21671964      4.92927617      4.79317150      4.45675775      4.09743544      3.82210805      3.65075446      3.33574743      2.86712042      2.48430548      2.42189122      1.83120017      1.28525699      0.80018135      0.44151709      0.12955120     -0.12955098     -0.44151709     -0.80018186     -1.28525690     -1.83119946     -2.42189137     -2.48430599     -2.86712087     -3.33574722     -3.65075424     -3.82210759     -4.09743483     -4.45675838     -4.79317017     -4.92927676     -5.21672190     -5.56645322     -5.78091366     -6.00405592     -6.08455991     -6.36269129     -6.58693455     -6.83602540     -6.90722671     -7.13860471     -7.35726769     -7.52150954     -7.64678788     -7.81819743     -7.87437829     -8.15787146     -8.21945340     -8.41680559     -8.51273439     -8.59661684     -8.71397886     -8.82221261     -8.93763190     -8.95213001     -9.20515054     -9.21887263     -9.28184767     -9.40221541     -9.44057550     -9.56517399     -9.58813515     -9.67946304     -9.75493805     -9.82077246     -9.87099610     -9.90633091     -9.96951395    -10.00156229    -10.14372531    -10.19195533    -10.27905247    -10.44554674    -10.46188949    -10.56446125    -10.61616750    -10.62083437    -10.64171587    -10.98914771    -11.00626103
      0.20549755     11.00168787     10.98462844     10.64669913     10.63190837     10.62285038     10.56767278     10.45096005     10.43978281     10.29334828     10.18649905     10.15954645     10.00130587      9.97475376      9.90291333      9.85808569      9.83116033      9.72972138      9.68047500      9.61841038      9.53531614      9.42022952      9.40004144      9.30915425      9.18837078      9.12692642      8.98246898      8.91298618      8.81348661      8.75413817      8.69619524      8.50714090      8.43934495      8.23663298      8.16200234      7.86831244      7.81437761      7.63348691      7.55543998      7.29083415      7.16095474      6.86887981      6.73022124      6.55357988      6.36045850      6.14380755      6.08187802      5.77919572      5.61021294      5.23479433      4.92699323      4.79788615      4.44965122      4.04642579      3.76963330      3.64894603      3.37600628      2.87228719      2.46399782      2.42486674      1.88654582      1.28384021      0.76598115      0.41773984      0.16364317     -0.16364301     -0.41773986     -0.76598144     -1.28384016     -1.88654538     -2.42486683     -2.46399811     -2.87228758     -3.37600599     -3.64894580     -3.76963338     -4.04642517     -4.44965196     -4.79788516     -4.92699335     -5.23479561     -5.61021377     -5.77919650     -6.08187570     -6.14380667     -6.36046005     -6.55357826     -6.73021920     -6.86888393     -7.16095396     -7.29083027     -7.55544329     -7.63348796     -7.81438173     -7.86830912     -8.16200486     -8.23663047     -8.43934532     -8.50713783     -8.69620062     -8.75413575     -8.81348825     -8.91297832     -8.98247119     -9.12692048     -9.18837116     -9.30916266     -9.40004497     -9.42023045     -9.53530766     -9.61842201     -9.68047422     -9.72971508     -9.83115928     -9.85808536     -9.90291421     -9.97475614    -10.00130130    -10.15954804    -10.18649623    -10.29335176    -10.43978405    -10.45095856    -10.56767270    -10.62284962    -10.63190841    -10.64669957    -10.98462846    -11.00168785
      0.21528315     10.99973724     10.98270951     10.64921016     10.63664390     10.62515749     10.56868887     10.44742379     10.43559054     10.30021732     10.18204789     10.16869295      9.99920519      9.97825370      9.90294263      9.84794874      9.83958377      9.70179315      9.67944698      9.65615278      9.50462537      9.42449257      9.40064312      9.32273122      9.15215243      9.09169786      9.00519993      8.91887684      8.80603872      8.75118171      8.74587482      8.49468194      8.47581641      8.24029109      8.15640364      7.85374640      7.83245960      7.60135415      7.59174324      7.24319853      7.19210536      6.85783941      6.66764478      6.51823771      6.39258682      6.15857466      6.13028127      5.76987053      5.63049316      5.24234382      4.92610857      4.79987517      4.44782514      4.02856696      3.73953311      3.64527110      3.40158241      2.87479719      2.45335197      2.42571466      1.91054692      1.28324797      0.75273574      0.40464885      0.18070351     -0.18070349     -0.40464886     -0.75273577     -1.28324796     -1.91054687     -2.42571467     -2.45335201     -2.87479724     -3.40158236     -3.64527106     -3.73953314     -4.02856687     -4.44782524     -4.79987505     -4.92610858     -5.24234397     -5.63049332     -5.76987057     -6.13028075     -6.15857470     -6.39258746     -6.51823717     -6.66764447     -6.85783998     -7.19210560     -7.24319769     -7.59174583     -7.60135198     -7.83246178     -7.85374448     -8.15640377     -8.24029070     -8.47581732     -8.49468124     -8.74587760     -8.75117818     -8.80603958     -8.91887616     -9.00520030     -9.09169716     -9.15215228     -9.32273191     -9.40064373     -9.42449342     -9.50462361     -9.65615712     -9.67944470     -9.70179164     -9.83958347     -9.84794891     -9.90294273     -9.97825415     -9.99920450    -10.16869345    -10.18204725    -10.30021774    -10.43559055    -10.44742373    -10.56868885    -10.62515740    -10.63664391    -10.64921021    -10.98270952    -10.99973724
      0.22506875     11.00092129     10.98387372     10.64765804     10.63377863     10.62378769     10.56809282     10.44945284     10.43830858     10.29598787     10.18511100     10.16276134     10.00066929      9.97598101      9.90286403      9.85491323      9.83364934      9.72162374      9.68073184      9.62969243      9.52492479      9.41996856      9.39984628      9.31534452      9.17615093      9.11262416      8.99135160      8.91380679      8.80911319      8.75574970      8.71527013      8.50488530      8.44957054      8.23845130      8.16021120      7.86492968      7.81856140      7.62656002      7.56439135      7.27571026      7.16948956      6.86422362      6.70691475      6.54377416      6.36713223      6.15315329      6.09800081      5.77610641      5.61797049      5.23776661      4.92664051      4.79866950      4.44886005      4.03914409      3.75835114      3.64793232      3.38522775      2.87325294      2.45993943      2.42525665      1.89592952      1.28360655      0.76068294      0.41286841      0.17010790     -0.17010803     -0.41286839     -0.76068271     -1.28360659     -1.89592986     -2.42525658     -2.45993920     -2.87325261     -3.38522802     -3.64793252     -3.75835101     -4.03914462     -4.44885942     -4.79867030     -4.92664044     -5.23776561     -5.61796969     -5.77610593     -6.09800297     -6.15315391     -6.36713025     -6.54377591     -6.70691660     -6.86422008     -7.16948986     -7.27571380     -7.56438805     -7.62656007     -7.81855635     -7.86493368     -8.16020964     -8.23845356     -8.44956912     -8.50488753     -8.71526540     -8.75575431     -8.80911090     -8.91381225     -8.99134944     -9.11262906     -9.17615107     -9.31533828     -9.39984309     -9.41996670     -9.52493289     -9.62968064     -9.68073354     -9.72163013     -9.83365030     -9.85491328     -9.90286333     -9.97597879    -10.00067324    -10.16275962    -10.18511366    -10.29598508    -10.43830792    -10.44945374    -10.56809290    -10.62378831    -10.63377858    -10.64765769    -10.98387371    -11.00092131
      0.23485435     11.00492578     10.98782530     10.64304737     10.62398038     10.61836960     10.56554090     10.45851124     10.44420727     10.28299185     10.19064434     10.14795915     10.00202027      9.97080093      9.90460185      9.86815722      9.82336931      9.75001663      9.67949808      9.58795434      9.56525970      9.43323838      9.40111814      9.28558388      9.21813082      9.18376086      8.95335418      8.93008528      8.82405072      8.72870884      8.62343033      8.51172405      8.41838232      8.22492006      8.16212327      7.87390807      7.81346887      7.64578322      7.52969024      7.34027851      7.14158681      6.89404550      6.81056071      6.57930771      6.35897707      6.10005186      6.02421664      5.78374877      5.57900559      5.22208792      4.92857340      4.79454943      4.45421396      4.08117979      3.80926910      3.65063068      3.34538230      2.86852250      2.47908039      2.42283475      1.84730996      1.28483927      0.78972702      0.43535079      0.13886158     -0.13886179     -0.43535078     -0.78972656     -1.28483936     -1.84731061     -2.42283461     -2.47907994     -2.86852203     -3.34538256     -3.65063091     -3.80926939     -4.08118046     -4.45421321     -4.79455074     -4.92857297     -5.22208588     -5.57900530     -5.78374664     -6.02421879     -6.10005362     -6.35897750     -6.57930859     -6.81056155     -6.89404212     -7.14158884     -7.34028237     -7.52968732     -7.64577862     -7.81346930     -7.87390899     -8.16211620     -8.22492178     -8.41838824     -8.51173128     -8.62342399     -8.72870303     -8.82404791     -8.93010136     -8.95335445     -9.18376838     -9.21812579     -9.28557251     -9.40111414     -9.43323997     -9.56525968     -9.58795172     -9.67949729     -9.75002063     -9.82337080     -9.86815828     -9.90460082     -9.97079895    -10.00202571    -10.14795852    -10.19064710    -10.28298671    -10.44420402    -10.45851459    -10.56554091    -10.61837052    -10.62398062    -10.64304672    -10.98782527    -11.00492582
      0.24463994     11.01076303     10.99362370     10.63783401     10.61247497     10.60573715     10.55970069     10.47330598     10.44948138     10.26714017     10.19546007     10.13103471      9.99741184      9.96551393      9.91756358      9.87450528      9.81347842      9.76408489      9.68172528      9.61506050      9.53800028      9.46591847      9.41270995      9.28760370      9.27007469      9.18578343      9.00344438      8.93809734      8.79216820      8.66221899      8.53484903      8.49401619      8.42725795      8.20432642      8.12551134      7.87312022      7.84581936      7.64541181      7.49844417      7.40606066      7.14999695      6.95439004      6.89878129      6.60759181      6.37868795      6.04372958      5.95861457      5.74514487      5.52358080      5.19762494      4.93196830      4.78857805      4.46906337      4.16001378      3.85277539      3.65028762      3.31281201      2.86303378      2.49773287      2.41843821      1.77638515      1.28668775      0.83849757      0.45895480      0.10085253     -0.10085276     -0.45895483     -0.83849693     -1.28668786     -1.77638599     -2.41843802     -2.49773221     -2.86303352     -3.31281198     -3.65028780     -3.85277632     -4.16001405     -4.46906355     -4.78857911     -4.93196707     -5.19762217     -5.52358210     -5.74514135     -5.95861616     -6.04373180     -6.37869066     -6.60759087     -6.89877913     -6.95439109     -7.14999978     -7.40606149     -7.49844284     -7.64540737     -7.84582330     -7.87311868     -8.12550248     -8.20432260     -8.42726989     -8.49401920     -8.53485702     -8.66220694     -8.79215958     -8.93810846     -9.00346088     -9.18576829     -9.27007927     -9.28759718     -9.41270711     -9.46592074     -9.53798696     -9.61506977     -9.68172461     -9.76408439     -9.81348123     -9.87450514     -9.91756410     -9.96551308     -9.99741727    -10.13103597    -10.19546219    -10.26713376    -10.44947709    -10.47331010    -10.55970041    -10.60573660    -10.61247706    -10.63783326    -10.99362366    -11.01076306
      0.25442554     11.01717996     11.00004870     10.63341668     10.60428725     10.58562400     10.54914690     10.48879222     10.45556147     10.25424264     10.19856027     10.11618321      9.98876715      9.95478643      9.94127187      9.86892460      9.80537987      9.76816662      9.69317030      9.64412633      9.51047853      9.50105170      9.43234955      9.35997739      9.27619591      9.11449237      9.08969083      8.95838665      8.72343538      8.61964163      8.50040378      8.48771427      8.36083247      8.18551245      8.06072229      7.90588755      7.86034399      7.65542140      7.47584670      7.45213087      7.23024174      6.99727966      6.95524296      6.63204851      6.40266109      6.00402816      5.94494137      5.63946275      5.45323911      5.16527307      4.93728655      4.78273236      4.50211528      4.26554095      3.87031653      3.64873048      3.30099335      2.85862189      2.50624271      2.41294362      1.69400715      1.28878303      0.90270060      0.47763678      0.06486528     -0.06486550     -0.47763682     -0.90269987     -1.28878314     -1.69400807     -2.41294341     -2.50624192     -2.85862205     -3.30099294     -3.64873061     -3.87031767     -4.26554078     -4.50211727     -4.78273248     -4.93728415     -5.16527028     -5.45324103     -5.63946117     -5.94494109     -6.00402980     -6.40266517     -6.63204594     -6.95524395     -6.99727992     -7.23024348     -7.45212790     -7.47584652     -7.65542351     -7.86033702     -7.90589139     -8.06072131     -8.18550465     -8.36082423     -8.48773511     -8.50041009     -8.61963608     -8.72343090     -8.95839482     -9.08970907     -9.11447397     -9.27618616     -9.35998485     -9.43234534     -9.50104500     -9.51047502     -9.64413073     -9.69317196     -9.76816340     -9.80538404     -9.86892308     -9.94127239     -9.95478648     -9.98877273    -10.11618608    -10.19856143    -10.25423616    -10.45555747    -10.48879599    -10.54914633    -10.58562323    -10.60428957    -10.63341600    -11.00004867    -11.01717999
      0.26421114     11.02301710     11.00593838     10.63014454     10.59852557     10.56300397     10.53582397     10.50119253     10.46390257     10.24786000     10.19958533     10.10409860      9.98788160      9.96289118      9.92780322      9.85826460      9.79705977      9.77442305      9.71087122      9.65886447      9.55616554      9.49349884      9.43070820      9.41796769      9.26555895      9.17587326      9.03617371      8.97038356      8.70021812      8.61736073      8.51668800      8.41521436      8.23225683      8.17015842      8.02465737      7.96139283      7.83384539      7.69242587      7.49924821      7.45068236      7.32718346      7.07595176      6.94035321      6.65920285      6.42351734      5.98392568      5.94422414      5.53712071      5.35282642      5.12460715      4.94569188      4.78069252      4.56656149      4.36798637      3.86570285      3.64704857      3.30965634      2.85530320      2.50411526      2.40740491      1.60906339      1.29074425      0.97504570      0.49066961      0.03542168     -0.03542186     -0.49066963     -0.97504496     -1.29074436     -1.60906428     -2.40740473     -2.50411449     -2.85530364     -3.30965571     -3.64704865     -3.86570377     -4.36798651     -4.56656464     -4.78069170     -4.94568822     -5.12460559     -5.35282582     -5.53712314     -5.94422236     -5.98392678     -6.42352148     -6.65920043     -6.94035244     -7.07595585     -7.32718028     -7.45068071     -7.49924988     -7.69243256     -7.83383181     -7.96138990     -8.02467100     -8.17015164     -8.23225099     -8.41520982     -8.51669187     -8.61736851     -8.70023059     -8.97038262     -9.03615486     -9.17589069     -9.26555610     -9.41796293     -9.43070581     -9.49349263     -9.55616711     -9.65886367     -9.71087494     -9.77441966     -9.79706437     -9.85826258     -9.92780284     -9.96289075     -9.98788784    -10.10410171    -10.19958557    -10.24785475    -10.46389964    -10.50119525    -10.53582345    -10.56300336    -10.59852741    -10.63014402    -11.00593836    -11.02301712
      0.27399674     11.02738607     11.01037462     10.62814751     10.59446268     10.54153504     10.52669924     10.50512068     10.47546744     10.24719825     10.19944191     10.09434355      9.99462676      9.97528293      9.89080227      9.84724779      9.78825637      9.78495765      9.72540155      9.67389032      9.59035660      9.53357379      9.42879794      9.38794598      9.27795682      9.25238593      8.96359152      8.94998111      8.74089560      8.66894758      8.45058349      8.31876571      8.19635633      8.10137784      8.03928525      7.98982469      7.79851352      7.72392591      7.58521574      7.43798164      7.36129432      7.16275886      6.90260290      6.69294868      6.43763626      5.98322142      5.93443503      5.48117235      5.21513862      5.07682876      4.95868616      4.79534202      4.66238006      4.43700086      3.85024670      3.64575304      3.32883361      2.85268547      2.49715298      2.40291437      1.53189080      1.29226801      1.04456972      0.49884181      0.01484110     -0.01484121     -0.49884182     -1.04456908     -1.29226808     -1.53189153     -2.40291425     -2.49715243     -2.85268589     -3.32883305     -3.64575309     -3.85024725     -4.43700203     -4.66238164     -4.79534217     -4.95868154     -5.07682969     -5.21513582     -5.48117607     -5.93443343     -5.98322174     -6.43763914     -6.69294788     -6.90260073     -7.16276507     -7.36129280     -7.43797249     -7.58522529     -7.72392973     -7.79850269     -7.98982132     -8.03929246     -8.10137484     -8.19636317     -8.31875689     -8.45057167     -8.66896771     -8.74091270     -8.94996638     -8.96357744     -9.25240243     -9.27796304     -9.38793258     -9.42879077     -9.53357606     -9.59035679     -9.67388766     -9.72540524     -9.78496077     -9.78825426     -9.84724592     -9.89080255     -9.97528184     -9.99463175    -10.09434569    -10.19944171    -10.24719495    -10.47546591    -10.50512162    -10.52669870    -10.54153541    -10.59446376    -10.62814720    -11.01037461    -11.02738608
      0.28378234     11.02971024     11.01274433     10.62728036     10.59202949     10.53333201     10.51572223     10.50139141     10.48922421     10.24847324     10.19912489     10.08856147     10.00071725      9.97999417      9.85849324      9.84023444      9.80336913      9.77202366      9.73229975      9.69586555      9.59999923      9.57174328      9.39859673      9.34563907      9.32519588      9.30046542      8.93092970      8.88678215      8.78421598      8.73280288      8.35456729      8.26228617      8.23757173      8.09486016      8.00823997      7.96977420      7.79852562      7.71351893      7.68718115      7.42236414      7.35757874      7.22869245      6.86835489      6.72406082      6.44427792      5.98611853      5.92656009      5.45917504      5.09109340      5.01549488      4.97009175      4.87697050      4.72003744      4.46933984      3.83738997      3.64507080      3.34403672      2.85111711      2.49180839      2.40040057      1.48070572      1.29314220      1.09213893      0.50279781      0.00419874     -0.00419878     -0.50279781     -1.09213866     -1.29314223     -1.48070603     -2.40040053     -2.49180819     -2.85111728     -3.34403650     -3.64507082     -3.83739016     -4.46934061     -4.72003686     -4.87697348     -4.97008648     -5.01549751     -5.09109146     -5.45917663     -5.92655947     -5.98611856     -6.44427893     -6.72406109     -6.86835347     -7.22869611     -7.35757974     -7.42235799     -7.68718732     -7.71351762     -7.79852426     -7.96976948     -8.00823541     -8.09487068     -8.23756446     -8.26229789     -8.35455409     -8.73281620     -8.78422597     -8.88676974     -8.93092164     -9.30047963     -9.32520511     -9.34562445     -9.39858901     -9.57174468     -9.59999894     -9.69586398     -9.73230128     -9.77202600     -9.80336695     -9.84023355     -9.85849412     -9.97999386    -10.00071894    -10.08856220    -10.19912475    -10.24847212    -10.48922393    -10.50139152    -10.51572134    -10.53333285    -10.59202982    -10.62728026    -11.01274432    -11.02971024
      0.29356793     11.02971024     11.01274432     10.62728026     10.59202982     10.53333285     10.51572134     10.50139152     10.48922393     10.24847212     10.19912475     10.08856220     10.00071894      9.97999386      9.85849412      9.84023355      9.80336695      9.77202600      9.73230128      9.69586398      9.59999894      9.57174468      9.39858901      9.34562445      9.32520511      9.30047963      8.93092164      8.88676974      8.78422597      8.73281620      8.35455409      8.26229789      8.23756446      8.09487068      8.00823541      7.96976948      7.79852426      7.71351762      7.68718732      7.42235799      7.35757974      7.22869611      6.86835347      6.72406109      6.44427893      5.98611856      5.92655947      5.45917663      5.09109146      5.01549751      4.97008648      4.87697348      4.72003686      4.46934061      3.83739016      3.64507082      3.34403650      2.85111728      2.49180819      2.40040053      1.48070603      1.29314223      1.09213866      0.50279781      0.00419878     -0.00419874     -0.50279781     -1.09213893     -1.29314220     -1.48070572     -2.40040057     -2.49180839     -2.85111711     -3.34403672     -3.64507080     -3.83738997     -4.46933984     -4.72003744     -4.87697050     -4.97009175     -5.01549488     -5.09109340     -5.45917504     -5.92656009     -5.98611853     -6.44427792     -6.72406082     -6.86835489     -7.22869245     -7.35757874     -7.42236414     -7.68718115     -7.71351893     -7.79852562     -7.96977420     -8.00823997     -8.09486016     -8.23757173     -8.26228617     -8.35456729     -8.73280288     -8.78421598     -8.88678215     -8.93092970     -9.30046542     -9.32519588     -9.34563907     -9.39859673     -9.57174328     -9.59999923     -9.69586555     -9.73229975     -9.77202366     -9.80336913     -9.84023444     -9.85849324     -9.97999417    -10.00071725    -10.08856147    -10.19912489    -10.24847324    -10.48922421    -10.50139141    -10.51572223    -10.53333201    -10.59202949    -10.62728036    -11.01274433    -11.02971024
      0.30335353     11.02738608     11.01037461     10.62814720     10.59446376     10.54153541     10.52669870     10.50512162     10.47546591     10.24719495     10.19944171     10.09434569      9.99463175      9.97528184      9.89080255      9.84724592      9.78825426      9.78496077      9.72540524      9.67388766      9.59035679      9.53357606      9.42879077      9.38793258      9.27796304      9.25240243      8.96357744      8.94996638      8.74091270      8.66896771      8.45057167      8.31875689      8.19636317      8.10137484      8.03929246      7.98982132      7.79850269      7.72392973      7.58522529      7.43797249      7.36129280      7.16276507      6.90260073      6.69294788      6.43763914      5.98322174      5.93443343      5.48117607      5.21513582      5.07682969      4.95868154      4.79534217      4.66238164      4.43700203      3.85024725      3.64575309      3.32883305      2.85268589      2.49715243      2.40291425      1.53189153      1.29226808      1.04456908      0.49884182      0.01484121     -0.01484110     -0.49884181     -1.04456972     -1.29226801     -1.53189080     -2.40291437     -2.49715298     -2.85268547     -3.32883361     -3.64575304     -3.85024670     -4.43700086     -4.66238006     -4.79534202     -4.95868616     -5.07682876     -5.21513862     -5.48117235     -5.93443503     -5.98322142     -6.43763626     -6.69294868     -6.90260290     -7.16275886     -7.36129432     -7.43798164     -7.58521574     -7.72392591     -7.79851352     -7.98982469     -8.03928525     -8.10137784     -8.19635633     -8.31876571     -8.45058349     -8.66894758     -8.74089560     -8.94998111     -8.96359152     -9.25238593     -9.27795682     -9.38794598     -9.42879794     -9.53357379     -9.59035660     -9.67389032     -9.72540155     -9.78495765     -9.78825637     -9.84724779     -9.89080227     -9.97528293     -9.99462676    -10.09434355    -10.19944191    -10.24719825    -10.47546744    -10.50512068    -10.52669924    -10.54153504    -10.59446268    -10.62814751    -11.01037462    -11.02738607
      0.31313913     11.02301712     11.00593836     10.63014402     10.59852741     10.56300336     10.53582345     10.50119525     10.46389964     10.24785475     10.19958557     10.10410171      9.98788784      9.96289075      9.92780284      9.85826258      9.79706437      9.77441966      9.71087494      9.65886367      9.55616711      9.49349263      9.43070581      9.41796293      9.26555610      9.17589069      9.03615486      8.97038262      8.70023059      8.61736851      8.51669187      8.41520982      8.23225099      8.17015164      8.02467100      7.96138990      7.83383181      7.69243256      7.49924988      7.45068071      7.32718028      7.07595585      6.94035244      6.65920043      6.42352148      5.98392678      5.94422236      5.53712314      5.35282582      5.12460559      4.94568822      4.78069170      4.56656464      4.36798651      3.86570377      3.64704865      3.30965571      2.85530364      2.50411449      2.40740473      1.60906428      1.29074436      0.97504496      0.49066963      0.03542186     -0.03542168     -0.49066961     -0.97504570     -1.29074425     -1.60906339     -2.40740491     -2.50411526     -2.85530320     -3.30965634     -3.64704857     -3.86570285     -4.36798637     -4.56656149     -4.78069252     -4.94569188     -5.12460715     -5.35282642     -5.53712071     -5.94422414     -5.98392568     -6.42351734     -6.65920285     -6.94035321     -7.07595176     -7.32718346     -7.45068236     -7.49924821     -7.69242587     -7.83384539     -7.96139283     -8.02465737     -8.17015842     -8.23225683     -8.41521436     -8.51668800     -8.61736073     -8.70021812     -8.97038356     -9.03617371     -9.17587326     -9.26555895     -9.41796769     -9.43070820     -9.49349884     -9.55616554     -9.65886447     -9.71087122     -9.77442305     -9.79705977     -9.85826460     -9.92780322     -9.96289118     -9.98788160    -10.10409860    -10.19958533    -10.24786000    -10.46390257    -10.50119253    -10.53582397    -10.56300397    -10.59852557    -10.63014454    -11.00593838    -11.02301710
      0.32292473     11.01717999     11.00004867     10.63341600     10.60428957     10.58562323     10.54914633     10.48879599     10.45555747     10.25423616     10.19856143     10.11618608      9.98877273      9.95478648      9.94127239      9.86892308      9.80538404      9.76816340      9.69317196      9.64413073      9.51047502      9.50104500      9.43234534      9.35998485      9.27618616      9.11447397      9.08970907      8.95839482      8.72343090      8.61963608      8.50041009      8.48773511      8.36082423      8.18550465      8.06072131      7.90589139      7.86033702      7.65542351      7.47584652      7.45212790      7.23024348      6.99727992      6.95524395      6.63204594      6.40266517      6.00402980      5.94494109      5.63946117      5.45324103      5.16527028      4.93728415      4.78273248      4.50211727      4.26554078      3.87031767      3.64873061      3.30099294      2.85862205      2.50624192      2.41294341      1.69400807      1.28878314      0.90269987      0.47763682      0.06486550     -0.06486528     -0.47763678     -0.90270060     -1.28878303     -1.69400715     -2.41294362     -2.50624271     -2.85862189     -3.30099335     -3.64873048     -3.87031653     -4.26554095     -4.50211528     -4.78273236     -4.93728655     -5.16527307     -5.45323911     -5.63946275     -5.94494137     -6.00402816     -6.40266109     -6.63204851     -6.95524296     -6.99727966     -7.23024174     -7.45213087     -7.47584670     -7.65542140     -7.86034399     -7.90588755     -8.06072229     -8.18551245     -8.36083247     -8.48771427     -8.50040378     -8.61964163     -8.72343538     -8.95838665     -9.08969083     -9.11449237     -9.27619591     -9.35997739     -9.43234955     -9.50105170     -9.51047853     -9.64412633     -9.69317030     -9.76816662     -9.80537987     -9.86892460     -9.94127187     -9.95478643     -9.98876715    -10.11618321    -10.19856027    -10.25424264    -10.45556147    -10.48879222    -10.54914690    -10.58562400    -10.60428725    -10.63341668    -11.00004870    -11.01717996
      0.33271032     11.01076306     10.99362366     10.63783326     10.61247706     10.60573660     10.55970041     10.47331010     10.44947709     10.26713376     10.19546219     10.13103597      9.99741727      9.96551308      9.91756410      9.87450514      9.81348123      9.76408439      9.68172461      9.61506977      9.53798696      9.46592074      9.41270711      9.28759718      9.27007927      9.18576829      9.00346088      8.93810846      8.79215958      8.66220694      8.53485702      8.49401920      8.42726989      8.20432260      8.12550248      7.87311868      7.84582330      7.64540737      7.49844284      7.40606149      7.14999978      6.95439109      6.89877913      6.60759087      6.37869066      6.04373180      5.95861616      5.74514135      5.52358210      5.19762217      4.93196707      4.78857911      4.46906355      4.16001405      3.85277632      3.65028780      3.31281198      2.86303352      2.49773221      2.41843802      1.77638599      1.28668786      0.83849693      0.45895483      0.10085276     -0.10085253     -0.45895480     -0.83849757     -1.28668775     -1.77638515     -2.41843821     -2.49773287     -2.86303378     -3.31281201     -3.65028762     -3.85277539     -4.16001378     -4.46906337     -4.78857805     -4.93196830     -5.19762494     -5.52358080     -5.74514487     -5.95861457     -6.04372958     -6.37868795     -6.60759181     -6.89878129     -6.95439004     -7.14999695     -7.40606066     -7.49844417     -7.64541181     -7.84581936     -7.87312022     -8.12551134     -8.20432642     -8.42725795     -8.49401619     -8.53484903     -8.66221899     -8.79216820     -8.93809734     -9.00344438     -9.18578343     -9.27007469     -9.28760370     -9.41270995     -9.46591847     -9.53800028     -9.61506050     -9.68172528     -9.76408489     -9.81347842     -9.87450528     -9.91756358     -9.96551393     -9.99741184    -10.13103471    -10.19546007    -10.26714017    -10.44948138    -10.47330598    -10.55970069    -10.60573715    -10.61247497    -10.63783401    -10.99362370    -11.01076303
      0.34249592     11.00492582     10.98782527     10.64304672     10.62398062     10.61837052     10.56554091     10.45851459     10.44420402     10.28298671     10.19064710     10.14795852     10.00202571      9.97079895      9.90460082      9.86815828      9.82337080      9.75002063      9.67949729      9.58795172      9.56525968      9.43323997      9.40111414      9.28557251      9.21812579      9.18376838      8.95335445      8.93010136      8.82404791      8.72870303      8.62342399      8.51173128      8.41838824      8.22492178      8.16211620      7.87390899      7.81346930      7.64577862      7.52968732      7.34028237      7.14158884      6.89404212      6.81056155      6.57930859      6.35897750      6.10005362      6.02421879      5.78374664      5.57900530      5.22208588      4.92857297      4.79455074      4.45421321      4.08118046      3.80926939      3.65063091      3.34538256      2.86852203      2.47907994      2.42283461      1.84731061      1.28483936      0.78972656      0.43535078      0.13886179     -0.13886158     -0.43535079     -0.78972702     -1.28483927     -1.84730996     -2.42283475     -2.47908039     -2.86852250     -3.34538230     -3.65063068     -3.80926910     -4.08117979     -4.45421396     -4.79454943     -4.92857340     -5.22208792     -5.57900559     -5.78374877     -6.02421664     -6.10005186     -6.35897707     -6.57930771     -6.81056071     -6.89404550     -7.14158681     -7.34027851     -7.52969024     -7.64578322     -7.81346887     -7.87390807     -8.16212327     -8.22492006     -8.41838232     -8.51172405     -8.62343033     -8.72870884     -8.82405072     -8.93008528     -8.95335418     -9.18376086     -9.21813082     -9.28558388     -9.40111814     -9.43323838     -9.56525970     -9.58795434     -9.67949808     -9.75001663     -9.82336931     -9.86815722     -9.90460185     -9.97080093    -10.00202027    -10.14795915    -10.19064434    -10.28299185    -10.44420727    -10.45851124    -10.56554090    -10.61836960    -10.62398038    -10.64304737    -10.98782530    -11.00492578
      0.35228152     11.00092131     10.98387371     10.64765769     10.63377858     10.62378831     10.56809290     10.44945374     10.43830792     10.29598508     10.18511366     10.16275962     10.00067324      9.97597879      9.90286333      9.85491328      9.83365030      9.72163013      9.68073354      9.62968064      9.52493289      9.41996670      9.39984309      9.31533828      9.17615107      9.11262906      8.99134944      8.91381225      8.80911090      8.75575431      8.71526540      8.50488753      8.44956912      8.23845356      8.16020964      7.86493368      7.81855635      7.62656007      7.56438805      7.27571380      7.16948986      6.86422008      6.70691660      6.54377591      6.36713025      6.15315391      6.09800297      5.77610593      5.61796969      5.23776561      4.92664044      4.79867030      4.44885942      4.03914462      3.75835101      3.64793252      3.38522802      2.87325261      2.45993920      2.42525658      1.89592986      1.28360659      0.76068271      0.41286839      0.17010803     -0.17010790     -0.41286841     -0.76068294     -1.28360655     -1.89592952     -2.42525665     -2.45993943     -2.87325294     -3.38522775     -3.64793232     -3.75835114     -4.03914409     -4.44886005     -4.79866950     -4.92664051     -5.23776661     -5.61797049     -5.77610641     -6.09800081     -6.15315329     -6.36713223     -6.54377416     -6.70691475     -6.86422362     -7.16948956     -7.27571026     -7.56439135     -7.62656002     -7.81856140     -7.86492968     -8.16021120     -8.23845130     -8.44957054     -8.50488530     -8.71527013     -8.75574970     -8.80911319     -8.91380679     -8.99135160     -9.11262416     -9.17615093     -9.31534452     -9.39984628     -9.41996856     -9.52492479     -9.62969243     -9.68073184     -9.72162374     -9.83364934     -9.85491323     -9.90286403     -9.97598101    -10.00066929    -10.16276134    -10.18511100    -10.29598787    -10.43830858    -10.44945284    -10.56809282    -10.62378769    -10.63377863    -10.64765804    -10.98387372    -11.00092129
      0.36206712     10.99973724     10.98270952     10.64921021     10.63664391     10.62515740     10.56868885     10.44742373     10.43559055     10.30021774     10.18204725     10.16869345      9.99920450      9.97825415      9.90294273      9.84794891      9.83958347      9.70179164      9.67944470      9.65615712      9.50462361      9.42449342      9.40064373      9.32273191      9.15215228      9.09169716      9.00520030      8.91887616      8.80603958      8.75117818      8.74587760      8.49468124      8.47581732      8.24029070      8.15640377      7.85374448      7.83246178      7.60135198      7.59174583      7.24319769      7.19210560      6.85783998      6.66764447      6.51823717      6.39258746      6.15857470      6.13028075      5.76987057      5.63049332      5.24234397      4.92610858      4.79987505      4.44782524      4.02856687      3.73953314      3.64527106      3.40158236      2.87479724      2.45335201      2.42571467      1.91054687      1.28324796      0.75273577      0.40464886      0.18070349     -0.18070351     -0.40464885     -0.75273574     -1.28324797     -1.91054692     -2.42571466     -2.45335197     -2.87479719     -3.40158241     -3.64527110     -3.73953311     -4.02856696     -4.44782514     -4.79987517     -4.92610857     -5.24234382     -5.63049316     -5.76987053     -6.13028127     -6.15857466     -6.39258682     -6.51823771     -6.66764478     -6.85783941     -7.19210536     -7.24319853     -7.59174324     -7.60135415     -7.83245960     -7.85374640     -8.15640364     -8.24029109     -8.47581641     -8.49468194     -8.74587482     -8.75118171     -8.80603872     -8.91887684     -9.00519993     -9.09169786     -9.15215243     -9.32273122     -9.40064312     -9.42449257     -9.50462537     -9.65615278     -9.67944698     -9.70179315     -9.83958377     -9.84794874     -9.90294263     -9.97825370     -9.99920519    -10.16869295    -10.18204789    -10.30021732    -10.43559054    -10.44742379    -10.56868887    -10.62515749    -10.63664390    -10.64921016    -10.98270951    -10.99973724
      0.37185272     11.00168785     10.98462846     10.64669957     10.63190841     10.62284962     10.56767270     10.45095856     10.43978405     10.29335176     10.18649623     10.15954804     10.00130130      9.97475614      9.90291421      9.85808536      9.83115928      9.72971508      9.68047422      9.61842201      9.53530766      9.42023045      9.40004497      9.30916266      9.18837116      9.12692048      8.98247119      8.91297832      8.81348825      8.75413575      8.69620062      8.50713783      8.43934532      8.23663047      8.16200486      7.86830912      7.81438173      7.63348796      7.55544329      7.29083027      7.16095396      6.86888393      6.73021920      6.55357826      6.36046005      6.14380667      6.08187570      5.77919650      5.61021377      5.23479561      4.92699335      4.79788516      4.44965196      4.04642517      3.76963338      3.64894580      3.37600599      2.87228758      2.46399811      2.42486683      1.88654538      1.28384016      0.76598144      0.41773986      0.16364301     -0.16364317     -0.41773984     -0.76598115     -1.28384021     -1.88654582     -2.42486674     -2.46399782     -2.87228719     -3.37600628     -3.64894603     -3.76963330     -4.04642579     -4.44965122     -4.79788615     -4.92699323     -5.23479433     -5.61021294     -5.77919572     -6.08187802     -6.14380755     -6.36045850     -6.55357988     -6.73022124     -6.86887981     -7.16095474     -7.29083415     -7.55543998     -7.63348691     -7.81437761     -7.86831244     -8.16200234     -8.23663298     -8.43934495     -8.50714090     -8.69619524     -8.75413817     -8.81348661     -8.91298618     -8.98246898     -9.12692642     -9.18837078     -9.30915425     -9.40004144     -9.42022952     -9.53531614     -9.61841038     -9.68047500     -9.72972138     -9.83116033     -9.85808569     -9.90291333     -9.97475376    -10.00130587    -10.15954645    -10.18649905    -10.29334828    -10.43978281    -10.45096005    -10.56767278    -10.62285038    -10.63190837    -10.64669913    -10.98462844    -11.00168787
      0.38163831     11.00626103     10.98914771     10.64171587     10.62083437     10.61616750     10.56446125     10.46188949     10.44554674     10.27905247     10.19195533     10.14372531     10.00156229      9.96951395      9.90633091      9.87099610      9.82077246      9.75493805      9.67946304      9.58813515      9.56517399      9.44057550      9.40221541      9.28184767      9.21887263      9.20515054      8.95213001      8.93763190      8.82221261      8.71397886      8.59661684      8.51273439      8.41680559      8.21945340      8.15787146      7.87437829      7.81819743      7.64678788      7.52150954      7.35726769      7.13860471      6.90722671      6.83602540      6.58693455      6.36269129      6.08455991      6.00405592      5.78091366      5.56645322      5.21672190      4.92927676      4.79317017      4.45675838      4.09743483      3.82210759      3.65075424      3.33574722      2.86712087      2.48430599      2.42189137      1.83119946      1.28525690      0.80018186      0.44151709      0.12955098     -0.12955120     -0.44151709     -0.80018135     -1.28525699     -1.83120017     -2.42189122     -2.48430548     -2.86712042     -3.33574743     -3.65075446     -3.82210805     -4.09743544     -4.45675775     -4.79317150     -4.92927617     -5.21671964     -5.56645328     -5.78091100     -6.00405798     -6.08456194     -6.36269237     -6.58693506     -6.83602517     -6.90722457     -7.13860704     -7.35727114     -7.52150689     -7.64678256     -7.81819933     -7.87437847     -8.15786293     -8.21945425     -8.41681407     -8.51274313     -8.59661080     -8.71397088     -8.82220814     -8.93764583     -8.95213623     -9.20515806     -9.21886449     -9.28183729     -9.40221158     -9.44057743     -9.56516253     -9.58814385     -9.67946205     -9.75494095     -9.82077420     -9.87099712     -9.90633010     -9.96951224    -10.00156780    -10.14372511    -10.19195797    -10.27904690    -10.44554305    -10.46189321    -10.56446121    -10.61616818    -10.62083497    -10.64171517    -10.98914767    -11.00626107
      0.39142391     11.01236182     10.99521958     10.63663419     10.61018854     10.60113188     10.55751837     10.47727042     10.45086350     10.26344123     10.19643099     10.12703224      9.99521771      9.96382202      9.92304463      9.87393821      9.81129792      9.76560636      9.68360122      9.62375539      9.52876604      9.47511549      9.41836059      9.29843238      9.28154167      9.16928513      9.02437856      8.94208971      8.77587442      8.64615161      8.52936694      8.47551891      8.42921823      8.19973425      8.10981228      7.87308027      7.85721851      7.64555522      7.49144063      7.42049171      7.16343607      6.96698346      6.91666109      6.61386458      6.38468660      6.03223311      5.95117797      5.72299669      5.50761762      5.19028989      4.93308553      4.78700334      4.47519056      4.18479198      3.85967782      3.64995525      3.30772165      2.86180153      2.50098869      2.41712830      1.75649925      1.28720390      0.85333908      0.46417014      0.09143719     -0.09143743     -0.46417017     -0.85333841     -1.28720401     -1.75650012     -2.41712810     -2.50098799     -2.86180137     -3.30772153     -3.64995542     -3.85967885     -4.18479212     -4.47519114     -4.78700422     -4.93308403     -5.19028703     -5.50761929     -5.72299335     -5.95117918     -6.03223522     -6.38468975     -6.61386313     -6.91665942     -6.96698457     -7.16343890     -7.42049125     -7.49143986     -7.64555206     -7.85722111     -7.87307942     -8.10980461     -8.19972890     -8.42922430     -8.47552585     -8.52937887     -8.64613943     -8.77586569     -8.94210084     -9.02439564     -9.16926898     -9.28153396     -9.29843766     -9.41835780     -9.47511783     -9.52875287     -9.62376366     -9.68360096     -9.76560490     -9.81130113     -9.87393763     -9.92304546     -9.96382141     -9.99522312    -10.12703398    -10.19643289    -10.26343467    -10.45085918    -10.47727452    -10.55751800    -10.60113121    -10.61019079    -10.63663344    -10.99521955    -11.01236185
      0.40120951     11.01873358     11.00161213     10.63248332     10.60263874     10.58008763     10.54587431     10.49233456     10.45738466     10.25198617     10.19899316     10.11294367      9.98753959      9.94979156      9.94712756      9.86653141      9.80346301      9.76909176      9.69741181      9.64887011      9.52027168      9.49726660      9.43373571      9.37938748      9.27261598      9.11166995      9.09517660      8.96327348      8.70937630      8.61758487      8.49987300      8.48224746      8.32902298      8.18088711      8.04672730      7.92104257      7.85593120      7.66262107      7.47588931      7.45582076      7.25682163      7.01372775      6.95661185      6.63830414      6.40835027      5.99688379      5.94521988      5.61063003      5.43194438      5.15588716      4.93903626      4.78164814      4.51469062      4.29288398      3.87086372      3.64829507      3.30149373      2.85771445      2.50654337      2.41151982      1.67267156      1.28929961      0.92037048      0.48139941      0.05677310     -0.05677331     -0.48139944     -0.92036973     -1.28929972     -1.67267248     -2.41151962     -2.50654257     -2.85771470     -3.30149324     -3.64829518     -3.87086483     -4.29288378     -4.51469305     -4.78164798     -4.93903355     -5.15588455     -5.43194595     -5.61062937     -5.94521912     -5.99688529     -6.40835450     -6.63830140     -6.95661266     -7.01372880     -7.25682245     -7.45581939     -7.47588756     -7.66262485     -7.85592252     -7.92104531     -8.04672966     -8.18087924     -8.32901478     -8.48224994     -8.49989301     -8.61758153     -8.70937546     -8.96327983     -9.09515937     -9.11168668     -9.27260737     -9.37939436     -9.43373063     -9.49725542     -9.52027309     -9.64887306     -9.69741414     -9.76908834     -9.80346737     -9.86652970     -9.94712574     -9.94979371     -9.98754533    -10.11294675    -10.19899406    -10.25197990    -10.45738088    -10.49233813    -10.54587372    -10.58008686    -10.60264099    -10.63248267    -11.00161210    -11.01873361
      0.41099511     11.02427481     11.00721300     10.62952588     10.59737777     10.55731489     10.53284579     10.50324321     10.46647497     10.24728258     10.19961077     10.10141120      9.98911864      9.96694395      9.91899139      9.85536751      9.79453672      9.77720667      9.71506806      9.66175416      9.56701453      9.49954838      9.43437182      9.41404337      9.26578059      9.19637631      9.01643518      8.96928641      8.70744314      8.62484168      8.50783975      8.39104770      8.20351080      8.16631686      8.02586966      7.97085912      7.82402168      7.70296722      7.51462881      7.44809069      7.34252360      7.09804859      6.93178477      6.66707675      6.42775917      5.98251968      5.94236923      5.51882185      5.32097377      5.11323366      4.94847168      4.78172479      4.58878207      4.38898873      3.86234054      3.64667599      3.31400381      2.85458153      2.50254963      2.40614309      1.58852517      1.29117556      0.99324747      0.49313600      0.02938644     -0.02938660     -0.49313603     -0.99324673     -1.29117565     -1.58852604     -2.40614292     -2.50254890     -2.85458199     -3.31400318     -3.64667606     -3.86234137     -4.38898913     -4.58878513     -4.78172392     -4.94846773     -5.11323264     -5.32097242     -5.51882503     -5.94236736     -5.98252058     -6.42776309     -6.66707465     -6.93178352     -7.09805349     -7.34251969     -7.44808689     -7.51463364     -7.70297408     -7.82400734     -7.97085491     -8.02588512     -8.16630888     -8.20350851     -8.39104172     -8.50783655     -8.62485540     -8.70745799     -8.96928272     -9.01641626     -9.19639362     -9.26578011     -9.41403371     -9.43436975     -9.49954552     -9.56701582     -9.66175251     -9.71507197     -9.77720333     -9.79454133     -9.85536546     -9.91899116     -9.96694309     -9.98912489    -10.10141414    -10.19961085    -10.24727776    -10.46647238    -10.50324553    -10.53284534    -10.55731439    -10.59737944    -10.62952541    -11.00721298    -11.02427483
      0.42078070     11.02817462     11.01117786     10.62783641     10.59367369     10.53754045     10.52501097     10.50439607     10.47884987     10.24749671     10.19935236     10.09243358      9.99654311      9.97700037      9.88155226      9.84497365      9.79200012      9.78170798      9.72789755      9.67948094      9.59459464      9.54545346      9.42261545      9.37771001      9.28708784      9.26744392      8.95351083      8.93415556      8.75316006      8.68619169      8.42719709      8.29585143      8.20841055      8.08467301      8.03455794      7.99445855      7.79526546      7.72430982      7.61293033      7.43381396      7.36186397      7.18254521      6.89272799      6.70178850      6.43996938      5.98405567      5.93188699      5.47319289      5.17912994      5.06380062      4.96257264      4.80707593      4.68412549      4.44825527      3.84627473      3.64552035      3.33357224      2.85217028      2.49545979      2.40207137      1.51567114      1.29255528      1.05953501      0.50021024      0.01122780     -0.01122790     -0.50021025     -1.05953444     -1.29255534     -1.51567179     -2.40207127     -2.49545931     -2.85217065     -3.33357175     -3.64552039     -3.84627519     -4.44825653     -4.68412621     -4.80707692     -4.96256788     -5.06380223     -5.17912693     -5.47319630     -5.93188559     -5.98405588     -6.43997183     -6.70178812     -6.89272575     -7.18255134     -7.36186366     -7.43380429     -7.61293990     -7.72431137     -7.79525772     -7.99445578     -8.03455485     -8.08467971     -8.20841907     -8.29584217     -8.42718448     -8.68621163     -8.75317668     -8.93413827     -8.95349877     -9.26745962     -9.28709612     -9.37769596     -9.42260752     -9.54545594     -9.59459453     -9.67947834     -9.72790088     -9.78171186     -9.79199706     -9.84497193     -9.88155277     -9.97699947     -9.99654733    -10.09243538    -10.19935213    -10.24749394    -10.47884868    -10.50439666    -10.52501006    -10.53754134    -10.59367457    -10.62783615    -11.01117785    -11.02817463
      0.43056630     11.02993283     11.01297163     10.62720549     10.59177625     10.53324885     10.51282887     10.50080175     10.49187767     10.24865960     10.19908579     10.08798361     10.00135935      9.98039846      9.85410583      9.83946318      9.80592801      9.77006093      9.73285627      9.69908524      9.60046982      9.57592507      9.39149984      9.33568908      9.33473088      9.31019119      8.92647517      8.87697017      8.78998774      8.74243951      8.33088239      8.28319768      8.22650060      8.10099761      8.00899095      7.95569470      7.80009903      7.71099328      7.70169836      7.42021395      7.35603254      7.23676506      6.86394867      6.72815869      6.44487499      5.98645338      5.92575739      5.45729539      5.07718145      4.99998060      4.96194082      4.90746682      4.72374538      4.47232463      3.83596918      3.64500618      3.34569589      2.85095859      2.49124147      2.40015516      1.47515536      1.29323228      1.09735343      0.50316501      0.00314733     -0.00314735     -0.50316501     -1.09735329     -1.29323230     -1.47515552     -2.40015514     -2.49124137     -2.85095867     -3.34569578     -3.64500619     -3.83596927     -4.47232504     -4.72374503     -4.90747005     -4.96193589     -4.99998243     -5.07718054     -5.45729620     -5.92575708     -5.98645340     -6.44487549     -6.72815887     -6.86394790     -7.23676703     -7.35603313     -7.42021065     -7.70170170     -7.71099260     -7.80009849     -7.95569174     -8.00898875     -8.10100367     -8.22649616     -8.28320987     -8.33086958     -8.74244714     -8.78999319     -8.87696299     -8.92647069     -9.31020417     -9.33473126     -9.33568154     -9.39149460     -9.57592580     -9.60046966     -9.69908438     -9.73285705     -9.77006221     -9.80592676     -9.83946271     -9.85410641     -9.98039831    -10.00136019    -10.08798398    -10.19908572    -10.24865905    -10.49187758    -10.50080179    -10.51282837    -10.53324929    -10.59177641    -10.62720544    -11.01297163    -11.02993283
      0.44035190     11.02934105     11.01236744     10.62740765     10.59244087     10.53373289     10.51925749     10.50229054     10.48588918     10.24818782     10.19918600     10.08951195      9.99967257      9.97930879      9.86496057      9.84142980      9.79987978      9.77487847      9.73132408      9.69108522      9.59905086      9.56502692      9.40695980      9.35635373      9.31257611      9.29036440      8.93741676      8.90069797      8.77557121      8.71915788      8.37878512      8.25534268      8.24099149      8.08760843      8.00835252      7.98799089      7.79653991      7.71746923      7.66578411      7.42561021      7.35946147      7.21630647      6.87505310      6.71787144      6.44327340      5.98558047      5.92787556      5.46237662      5.11437401      5.03383907      4.96951877      4.84859451      4.71293053      4.46435576      3.83967070      3.64517836      3.34136575      2.85137693      2.49272770      2.40080575      1.48960708      1.29299636      1.08379744      0.50218451      0.00590313     -0.00590307     -0.50218450     -1.08379783     -1.29299632     -1.48960664     -2.40080582     -2.49272800     -2.85137669     -3.34136608     -3.64517833     -3.83967043     -4.46435470     -4.71293105     -4.84859194     -4.96952379     -5.03383648     -5.11437675     -5.46237432     -5.92787646     -5.98558041     -6.44327190     -6.71787125     -6.87505499     -7.21630156     -7.35946044     -7.42561843     -7.66577612     -7.71747050     -7.79654261     -7.98799440     -8.00836083     -8.08759548     -8.24098196     -8.25535003     -8.37879833     -8.71914100     -8.77555792     -8.90071348     -8.93742711     -9.29035001     -9.31256579     -9.35636848     -9.40696824     -9.56502497     -9.59905120     -9.69108730     -9.73132184     -9.77487535     -9.79988254     -9.84143102     -9.86495969     -9.97930928     -9.99967002    -10.08951086    -10.19918619    -10.24818949    -10.48588973    -10.50229034    -10.51925866    -10.53373173    -10.59244036    -10.62740780    -11.01236744    -11.02934104
      0.45013750     11.02646828     11.00944068     10.62852962     10.59534888     10.54640787     10.52830464     10.50525885     10.47226106     10.24701367     10.19952299     10.09650454      9.99264815      9.97309031      9.90028067      9.84978287      9.78883037      9.78386709      9.72240378      9.66902910      9.58436291      9.52118521      9.43329138      9.39763233      9.27171326      9.23502716      8.97855212      8.96034287      8.72875976      8.65227239      8.47263299      8.34250188      8.18851498      8.12704350      8.03587857      7.98436415      7.80506321      7.71978231      7.55864892      7.44181120      7.35859629      7.14180988      6.91261223      6.68407023      6.43483054      5.98252032      5.93717732      5.49121040      5.25139728      5.08933248      4.95497982      4.78816246      4.63795431      4.42345764      3.85439450      3.64602491      3.32383154      2.85326601      2.49896155      2.40388275      1.54966722      1.29194052      1.02829684      0.49721192      0.01907994     -0.01907981     -0.49721190     -1.02829752     -1.29194044     -1.54966643     -2.40388289     -2.49896218     -2.85326556     -3.32383214     -3.64602485     -3.85439386     -4.42345668     -4.63795203     -4.78816290     -4.95498425     -5.08933224     -5.25139973     -5.49120659     -5.93717907     -5.98251983     -6.43482726     -6.68407148     -6.91261420     -7.14180388     -7.35859907     -7.44181911     -7.55864003     -7.71977672     -7.80507634     -7.98436803     -8.03586597     -8.12705160     -8.18850985     -8.34250998     -8.47264338     -8.65225293     -8.72874278     -8.96035264     -8.97856970     -9.23501026     -9.27170914     -9.39764487     -9.43329740     -9.52118371     -9.58436235     -9.66903166     -9.72239988     -9.78387029     -9.78882601     -9.84978485     -9.90028058     -9.97309149     -9.99264253    -10.09650209    -10.19952314    -10.24701750    -10.47226295    -10.50525747    -10.52830502    -10.54640791    -10.59534760    -10.62852999    -11.00944070    -11.02646826
      0.45992310     11.02166611     11.00457138     10.63084405     10.59977633     10.56873149     10.53908868     10.49861979     10.46153515     10.24880504     10.19948829     10.10691927      9.98715489      9.95821370      9.93597574      9.86113375      9.79936352      9.77213535      9.70644310      9.65598187      9.54441960      9.49170369      9.43084603      9.41143163      9.26684708      9.15485105      9.05594603      8.96959365      8.69725745      8.61523533      8.51716099      8.43883884      8.26408399      8.17307737      8.02788347      7.94955020      7.84266346      7.68170116      7.48816762      7.45314550      7.30692195      7.05417978      6.94777727      6.65180061      6.41884220      5.98672834      5.94525699      5.55870040      5.38201062      5.13553145      4.94320722      4.78048790      4.54675400      4.34467977      3.86837651      3.64744667      3.30598915      2.85606394      2.50537697      2.40873284      1.63005045      1.29028513      0.95670535      0.48790104      0.04201675     -0.04201656     -0.48790101     -0.95670610     -1.29028502     -1.63004954     -2.40873303     -2.50537776     -2.85606355     -3.30598974     -3.64744658     -3.86837551     -4.34467983     -4.54675094     -4.78048856     -4.94321058     -5.13553345     -5.38201040     -5.55869893     -5.94525854     -5.98672709     -6.41883794     -6.65180326     -6.94777751     -7.05417663     -7.30692381     -7.45314570     -7.48816876     -7.68169505     -7.84267568     -7.94955107     -8.02787331     -8.17308448     -8.26409121     -8.43884158     -8.51714940     -8.61523349     -8.69724868     -8.96959193     -9.05596466     -9.15483356     -9.26685216     -9.41142857     -9.43085226     -9.49171269     -9.54441783     -9.65598159     -9.70643971     -9.77213880     -9.79935896     -9.86113571     -9.93597630     -9.95821355     -9.98714879    -10.10691608    -10.19948785    -10.24881070    -10.46153839    -10.49861673    -10.53908925    -10.56873219    -10.59977432    -10.63084462    -11.00457140    -11.02166608
      0.46970869     11.01558871     10.99845051     10.63442109     10.60609718     10.59100815     10.55221515     10.48506969     10.45387704     10.25692456     10.19799048     10.11960438      9.99061849      9.95872244      9.93513050      9.87101832      9.80729161      9.76742082      9.68936715      9.63838249      9.51259691      9.49478523      9.42897429      9.33951468      9.27950175      9.13332974      9.06776344      8.95289385      8.74027787      8.62425471      8.51440156      8.47647191      8.39108656      8.19029323      8.07650487      7.89112100      7.86332964      7.65021465      7.47951572      7.44415699      7.20478623      6.98546371      6.94720642      6.62597211      6.39677144      6.01235804      5.94529499      5.66870791      5.47269310      5.17412519      4.93572432      4.78402956      4.49150611      4.23804144      3.86835912      3.64916083      3.30182150      2.85959912      2.50524398      2.41436418      1.71517823      1.28825777      0.88555373      0.47351546      0.07337666     -0.07337643     -0.47351543     -0.88555445     -1.28825765     -1.71517732     -2.41436439     -2.50524475     -2.85959906     -3.30182181     -3.64916069     -3.86835798     -4.23804154     -4.49150460     -4.78402916     -4.93572640     -5.17412807     -5.47269107     -5.66871026     -5.94529476     -6.01235624     -6.39676759     -6.62597441     -6.94720604     -6.98546346     -7.20478388     -7.44415986     -7.47951557     -7.65021437     -7.86333499     -7.89111661     -8.07650863     -8.19030061     -8.39109425     -8.47645120     -8.51439184     -8.62426319     -8.74028468     -8.95288425     -9.06774567     -9.13334732     -9.27951214     -9.33950694     -9.42897780     -9.49478332     -9.51260928     -9.63837668     -9.68936619     -9.76742366     -9.80728770     -9.87101959     -9.93512962     -9.95872268     -9.99061303    -10.11960181    -10.19798906    -10.25693115    -10.45388119    -10.48506576    -10.55221567    -10.59100892    -10.60609483    -10.63442179    -10.99845054    -11.01558868
      0.47949429     11.00919991     10.99206654     10.63908797     10.61496655     10.60988445     10.56157065     10.46937777     10.44814824     10.27102717     10.19438177     10.13519026      9.99926037      9.96693730      9.91281422      9.87426691      9.81579738      9.76189299      9.68046967      9.60572813      9.54759054      9.45710214      9.40789427      9.28449391      9.24928385      9.20049878      8.98353252      8.93609270      8.80595617      8.67970802      8.54760533      8.50823227      8.42215550      8.20901689      8.13929626      7.87380934      7.83481873      7.64599432      7.50584425      7.39047234      7.14186292      6.93906879      6.87979819      6.60104781      6.37288631      6.05628247      5.97007086      5.76232695      5.53870022      5.20447367      4.93096662      4.79015547      4.46404959      4.13700756      3.84413665      3.65054978      3.31926384      2.86434451      2.49379179      2.41967859      1.79556792      1.28618719      0.82463434      0.45340613      0.11041457     -0.11041434     -0.45340612     -0.82463494     -1.28618708     -1.79556711     -2.41967877     -2.49379240     -2.86434485     -3.31926377     -3.65054958     -3.84413586     -4.13700716     -4.46404974     -4.79015426     -4.93096761     -5.20447631     -5.53869933     -5.76233039     -5.97006902     -6.05628021     -6.37288410     -6.60104823     -6.87980027     -6.93906835     -7.14186020     -7.39047040     -7.50584610     -7.64599958     -7.83481495     -7.87381047     -8.13930574     -8.20901899     -8.42214323     -8.50822472     -8.54760550     -8.67971916     -8.80596398     -8.93608210     -8.98351703     -9.20051247     -9.24927658     -9.28450273     -9.40789738     -9.45709993     -9.54760407     -9.60571804     -9.68047060     -9.76189241     -9.81579497     -9.87426656     -9.91281415     -9.96693841     -9.99925489    -10.13518949    -10.19437946    -10.27103338    -10.44815243    -10.46937369    -10.56157084    -10.60988473    -10.61496480    -10.63908872    -10.99206658    -11.00919988
      0.48927989     11.00370635     10.98661962     10.64434891     10.62695325     10.62016977     10.56641819     10.45551155     10.44279803     10.28675016     10.18929011     10.15206118     10.00208126      9.97211433      9.90361415      9.86487995      9.82598972      9.74412042      9.67974764      9.59638254      9.55679521      9.42705224      9.40064324      9.29281220      9.21119127      9.16320163      8.96208785      8.92077859      8.82243020      8.74066630      8.64946226      8.51039695      8.42297216      8.22986020      8.16366775      7.87279024      7.81137615      7.64327713      7.53807603      7.32338792      7.14662813      6.88343976      6.78354554      6.57126096      6.35688670      6.11584199      6.04454223      5.78376033      5.59056589      5.22691229      4.92795916      4.79580993      4.45224629      4.06731711      3.79581801      3.65030704      3.35557134      2.86987963      2.47380003      2.42365178      1.86203717      1.28446076      0.78052071      0.42920890      0.14778358     -0.14778338     -0.42920891     -0.78052112     -1.28446069     -1.86203658     -2.42365190     -2.47380043     -2.86988010     -3.35557104     -3.65030680     -3.79581787     -4.06731641     -4.45224710     -4.79580869     -4.92795946     -5.22691409     -5.59056645     -5.78376195     -6.04453996     -6.11584054     -6.35688695     -6.57125977     -6.78354395     -6.88344388     -7.14662645     -7.32338387     -7.53807916     -7.64328066     -7.81137734     -7.87278852     -8.16367313     -8.22985794     -8.42296875     -8.51039130     -8.64946850     -8.74066953     -8.82243192     -8.92076512     -8.96208884     -9.16319442     -9.21119398     -9.29282352     -9.40064724     -9.42705125     -9.55678887     -9.59639153     -9.67974808     -9.74411543     -9.82598842     -9.86487905     -9.90361523     -9.97211655    -10.00207598    -10.15206221    -10.18928728    -10.28675482    -10.44280068    -10.45550873    -10.56641813    -10.62016881    -10.62695318    -10.64434950    -10.98661965    -11.00370632
      0.49906549     11.00033450     10.98329650     10.64841623     10.63520248     10.62447875     10.56839591     10.44840245     10.43702967     10.29805712     10.18380795     10.16548001     10.00003112      9.97703641      9.90288215      9.85202898      9.83601613      9.71351351      9.68073417      9.64044733      9.51573149      9.42121998      9.39998223      9.31947103      9.16519445      9.10185050      8.99829529      8.91587204      8.80650215      8.75497552      8.73022117      8.50191198      8.45989902      8.23951528      8.15847049      7.86095902      7.82365563      7.61868220      7.57347737      7.26192886      7.17833121      6.86093963      6.68790698      6.53359576      6.37642494      6.15821425      6.11204211      5.77324417      5.62407768      5.24003561      4.92637496      4.79926850      4.44831917      4.03380331      3.74922389      3.64682909      3.39297392      2.87401010      2.45671821      2.42551144      1.90315322      1.28342852      0.75670846      0.40890931      0.17525782     -0.17525773     -0.40890933     -0.75670862     -1.28342849     -1.90315297     -2.42551149     -2.45671838     -2.87401035     -3.39297371     -3.64682893     -3.74922401     -4.03380291     -4.44831965     -4.79926790     -4.92637500     -5.24003633     -5.62407835     -5.77324444     -6.11204027     -6.15821391     -6.37642700     -6.53359405     -6.68790553     -6.86094234     -7.17833135     -7.26192587     -7.57348055     -7.61868122     -7.82366102     -7.86095463     -8.15847138     -8.23951350     -8.45990092     -8.50191029     -8.73022531     -8.75496981     -8.80650482     -8.91586845     -8.99829703     -9.10184690     -9.16519407     -9.31947512     -9.39998487     -9.42122235     -9.51572455     -9.64045866     -9.68073135     -9.71350770     -9.83601528     -9.85202916     -9.90288266     -9.97703827    -10.00002803    -10.16548166    -10.18380563    -10.29805917    -10.43702994    -10.44840197    -10.56839584    -10.62447831    -10.63520252    -10.64841648    -10.98329651    -11.00033448
      0.50885108     10.99993749     10.98290628     10.64894165     10.63616153     10.62493233     10.56859227     10.44774169     10.43608874     10.29948818     10.18270961     10.16754228      9.99950215      9.97782824      9.90291848      9.84957434      9.83812740      9.70631708      9.68027377      9.64989973      9.50860127      9.42310232      9.40035348      9.32177156      9.15678131      9.09493962      9.00293006      8.91780478      8.80581102      8.75306039      8.74040724      8.49819290      8.46925213      8.24006430      8.15712882      7.85683153      7.82879216      7.61016221      7.58265461      7.25040917      7.18654697      6.85885455      6.67452369      6.52424098      6.38611009      6.15940294      6.12333903      5.77105552      5.62831679      5.24157043      4.92619750      4.79967167      4.44798495      4.03030042      3.74282403      3.64585351      3.39860640      2.87453163      2.45448950      2.42565425      1.90806259      1.28330841      0.75405979      0.40610507      0.17885289     -0.17885295     -0.40610505     -0.75405969     -1.28330843     -1.90806274     -2.42565422     -2.45448940     -2.87453148     -3.39860653     -3.64585361     -3.74282393     -4.03030067     -4.44798465     -4.79967204     -4.92619748     -5.24157000     -5.62831635     -5.77105539     -6.12334035     -6.15940301     -6.38610845     -6.52424234     -6.67452460     -6.85885286     -7.18654657     -7.25041133     -7.58265162     -7.61016392     -7.82878740     -7.85683558     -8.15712838     -8.24006544     -8.46925032     -8.49819424     -8.74040342     -8.75306598     -8.80580880     -8.91780685     -9.00292896     -9.09494177     -9.15678168     -9.32176932     -9.40035172     -9.42310022     -9.50860610     -9.64989018     -9.68027748     -9.70632127     -9.83812807     -9.84957406     -9.90291817     -9.97782699     -9.99950415    -10.16754100    -10.18271128    -10.29948694    -10.43608866    -10.44774191    -10.56859231    -10.62493260    -10.63616151    -10.64894150    -10.98290627    -10.99993750
      0.51863668     11.00262128     10.98554859     10.64558180     10.62961933     10.62164996     10.56712084     10.45297404     10.44131451     10.29024151     10.18789856     10.15595245     10.00180558      9.97344751      9.90311923      9.86145142      9.82859523      9.73729987      9.68010819      9.60713335      9.54617590      9.42257259      9.40036262      9.30130038      9.20056210      9.14402942      8.97236804      8.91495012      8.81844685      8.74922069      8.67397381      8.50889808      8.43018625      8.23380754      8.16337086      7.87093703      7.81180376      7.63914780      7.54666690      7.30682038      7.15321182      6.87518034      6.75627586      6.56271992      6.35714303      6.13090271      6.06395725      5.78196962      5.60101860      5.23116381      4.92743302      4.79692661      4.45075600      4.05577126      3.78237000      3.64974937      3.36593476      2.87114971      2.46869432      2.42433173      1.87518211      1.28412616      0.77259843      0.42326759      0.15611896     -0.15611914     -0.42326757     -0.77259808     -1.28412622     -1.87518263     -2.42433162     -2.46869397     -2.87114927     -3.36593506     -3.64974961     -3.78237002     -4.05577194     -4.45075519     -4.79692775     -4.92743282     -5.23116227     -5.60101785     -5.78196845     -6.06395960     -6.13090386     -6.35714210     -6.56272136     -6.75627784     -6.87517600     -7.15321308     -7.30682443     -7.54666365     -7.63914551     -7.81180099     -7.87093955     -8.16336705     -8.23381006     -8.43018752     -8.50890231     -8.67396791     -8.74922033     -8.81844550     -8.91496075     -8.97236620     -9.14403611     -9.20056083     -9.30129017     -9.40035881     -9.42257271     -9.54618398     -9.60712245     -9.68010827     -9.73730566     -9.82859639     -9.86145206     -9.90311821     -9.97344515    -10.00181058    -10.15595109    -10.18790143    -10.29023741    -10.44131255    -10.45297621    -10.56712092    -10.62165085    -10.62961932    -10.64558128    -10.98554856    -11.00262131
      0.52842228     11.00769245     10.99056798     10.64038815     10.61775243     10.61338972     10.56314835     10.46554149     10.44685072     10.27503460     10.19320564     10.13944267     10.00064771      9.96824194      9.90903602      9.87309521      9.81823559      9.75887844      9.67975093      9.59619491      9.55718028      9.44861901      9.40438243      9.28215790      9.22738861      9.21212088      8.96538471      8.93658983      8.81620283      8.69733191      8.57025086      8.51257656      8.41822088      8.21404227      8.15028461      7.87430325      7.82542703      7.64667333      7.51355203      7.37409519      7.13838908      6.92267213      6.85910376      6.59417395      6.36746097      6.06990247      5.98551921      5.77411061      5.55299803      5.21084493      4.93007302      4.79169568      4.45999471      4.11607811      3.83384483      3.65071537      3.32696470      2.86571644      2.48926939      2.42083472      1.81389311      1.28570811      0.81183820      0.44756972      0.12002078     -0.12002101     -0.44756973     -0.81183764     -1.28570821     -1.81389387     -2.42083455     -2.48926884     -2.86571604     -3.32696485     -3.65071558     -3.83384546     -4.11607862     -4.45999428     -4.79169697     -4.93007225     -5.21084247     -5.55299849     -5.77410748     -5.98552119     -6.06990467     -6.36746264     -6.59417402     -6.85910241     -6.92267142     -7.13839164     -7.37409801     -7.51354975     -7.64666777     -7.82543007     -7.87430274     -8.15027521     -8.21404182     -8.41823163     -8.51258613     -8.57024611     -8.69732216     -8.81619651     -8.93660001     -8.96539806     -9.21210955     -9.22739615     -9.28214855     -9.40437894     -9.44862112     -9.55716668     -9.59620550     -9.67974990     -9.75888017     -9.81823764     -9.87309598     -9.90903560     -9.96824053    -10.00065322    -10.13944295    -10.19320813    -10.27502868    -10.44684672    -10.46554544    -10.56314824    -10.61338992    -10.61775362    -10.64038742    -10.99056794    -11.00769248
      0.53820788     11.01397665     10.99683481     10.63549542     10.60806318     10.59619655     10.55501861     10.48120811     10.45232255     10.26001541     10.19727759     10.12321665      9.99286108      9.96164821      9.92898299      9.87272837      9.80924449      9.76664657      9.68614998      9.63157155      9.52014119      9.48479001      9.42407237      9.31852930      9.28184334      9.15168624      9.04590448      8.94725625      8.75820204      8.63307789      8.52372567      8.46940668      8.41687484      8.19507078      8.09317116      7.87838990      7.86390130      7.64700753      7.48501021      7.43335186      7.18202799      6.97666164      6.93332649      6.61995487      6.39074731      6.02177309      5.94706296      5.69703650      5.49071658      5.18246221      4.93433270      4.78547129      4.48260508      4.21095339      3.86484888      3.64957377      3.30405386      2.86065667      2.50349928      2.41576490      1.73605165      1.28772926      0.86906100      0.46902694      0.08225427     -0.08225450     -0.46902697     -0.86906031     -1.28772938     -1.73605254     -2.41576470     -2.50349854     -2.86065662     -3.30405364     -3.64957392     -3.86484998     -4.21095340     -4.48260611     -4.78547194     -4.93433091     -5.18245930     -5.49071850     -5.69703356     -5.94706369     -6.02177505     -6.39075084     -6.61995296     -6.93332576     -6.97666240     -7.18203069     -7.43335006     -7.48500999     -7.64700599     -7.86389864     -7.87839322     -8.09316519     -8.19506422     -8.41687043     -8.46942402     -8.52373773     -8.63306689     -8.75819389     -8.94726685     -9.04592196     -9.15166932     -9.28183298     -9.31853695     -9.42406934     -9.48479237     -9.52012819     -9.63157867     -9.68615028     -9.76664432     -9.80924808     -9.87272741     -9.92898395     -9.96164779     -9.99286649    -10.12321884    -10.19727926    -10.26000880    -10.45231828    -10.48121215    -10.55501816    -10.59619582    -10.60806551    -10.63549468    -10.99683478    -11.01397669
      0.54799348     11.02023381     11.00312470     10.63162497     10.60113959     10.57444257     10.54248466     10.49563340     10.45937090     10.25017745     10.19929709     10.10986105      9.98700973      9.95300421      9.94328943      9.86391305      9.80147578      9.77037680      9.70189895      9.65274823      9.53225414      9.49336562      9.43303784      9.39702922      9.26933976      9.13338727      9.07567212      8.96712668      8.70017216      8.61616505      8.51050946      8.46143300      8.29659481      8.17666451      8.03546927      7.93583969      7.85007214      7.67154302      7.48042205      7.45531014      7.28293022      7.03318093      6.95351626      6.64485763      6.41376395      5.99106617      5.94549151      5.58339482      5.40833344      5.14596966      4.94100157      4.78086192      4.52949399      4.31946552      3.87015851      3.64786436      3.30320895      2.85686505      2.50622315      2.41011045      1.65130473      1.28980195      0.93842372      0.48481594      0.04914431     -0.04914451     -0.48481597     -0.93842297     -1.28980206     -1.65130565     -2.41011026     -2.50622234     -2.85686538     -3.30320840     -3.64786446     -3.87015957     -4.31946535     -4.52949680     -4.78086150     -4.94099853     -5.14596730     -5.40833442     -5.58339521     -5.94549031     -5.99106754     -6.41376825     -6.64485488     -6.95351657     -7.03318303     -7.28292981     -7.45531015     -7.48041954     -7.67154815     -7.85006164     -7.93584083     -8.03547544     -8.17665691     -8.29658693     -8.46143257     -8.51052655     -8.61616350     -8.70017611     -8.96713086     -9.07565385     -9.13340471     -9.26933273     -9.39703498     -9.43303183     -9.49335493     -9.53225596     -9.65274979     -9.70190188     -9.77037332     -9.80148027     -9.86391120     -9.94328843     -9.95300521     -9.98701564    -10.10986423    -10.19929776    -10.25017145    -10.45936737    -10.49563674    -10.54248407    -10.57444182    -10.60114173    -10.63162436    -11.00312467    -11.02023383
      0.55777907     11.02542839     11.00838384     10.62898833     10.59632000     10.55174220     10.53031115     10.50463387     10.46926197     10.24702297     10.19958423     10.09886984      9.99075196      9.97033600      9.90974856      9.85251610      9.79177031      9.78041116      9.71893563      9.66503459      9.57652809      9.50932736      9.43544972      9.40653055      9.26775925      9.21617607      8.99699801      8.96610665      8.71732871      8.63707425      8.49232095      8.36670877      8.18774939      8.15267816      8.03034564      7.97823438      7.81403448      7.71243008      7.53466418      7.44518730      7.35273501      7.12011184      6.92243853      6.67539550      6.43153417      5.98217879      5.93991646      5.50363123      5.28694119      5.10146267      4.95156857      4.78399015      4.61290504      4.40748520      3.85849852      3.64633349      3.31880804      2.85390042      2.50079522      2.40496392      1.56864356      1.29157534      1.01108609      0.49531306      0.02393308     -0.02393322     -0.49531308     -1.01108538     -1.29157543     -1.56864439     -2.40496376     -2.50079453     -2.85390088     -3.31880741     -3.64633356     -3.85849926     -4.40748589     -4.61290781     -4.78398939     -4.95156436     -5.10146225     -5.28693922     -5.50363487     -5.93991461     -5.98217947     -6.43153781     -6.67539380     -6.92243688     -7.12011738     -7.35273129     -7.44518125     -7.53467154     -7.71243663     -7.81402022     -7.97823004     -8.03036070     -8.15266778     -8.18775260     -8.36670162     -8.49231314     -8.63709181     -8.71734498     -8.96610016     -8.99697931     -9.21619321     -9.26776113     -9.40651914     -9.43544544     -9.50932725     -9.57652903     -9.66503236     -9.71893960     -9.78040785     -9.79177487     -9.85251406     -9.90974847     -9.97033488     -9.99075801    -10.09887256    -10.19958418    -10.24701864    -10.46925973    -10.50463573    -10.53031077    -10.55174188    -10.59632148    -10.62898791    -11.00838382    -11.02542840
      0.56756467     11.02882791     11.01184391     10.62759157     10.59299409     10.53494062     10.52256708     10.50336150     10.48235848     10.24784707     10.19926433     10.09081105      9.99825696      9.97832338      9.87281541      9.84302039      9.79598838      9.77821560      9.72986768      9.68540572      9.59736673      9.55611575      9.41519678      9.36712804      9.29917370      9.27973019      8.94511291      8.91697854      8.76493738      8.70320698      8.40312484      8.27430218      8.22368209      8.08230835      8.01879448      7.99678029      7.79503115      7.72160902      7.64032595      7.42957405      7.36106543      7.20062409      6.88338119      6.71025044      6.44184179      5.98487341      5.92967116      5.46699629      5.14478049      5.04978569      4.96639346      4.82478636      4.70121625      4.45734384      3.84268602      3.64532841      3.33781906      2.85173065      2.49396259      2.40136531      1.50142186      1.29279924      1.07276823      0.50132302      0.00824716     -0.00824723     -0.50132303     -1.07276774     -1.29279929     -1.50142242     -2.40136522     -2.49396220     -2.85173096     -3.33781864     -3.64532844     -3.84268639     -4.45734506     -4.70121618     -4.82478824     -4.96638858     -5.04978790     -5.14477745     -5.46699922     -5.92966999     -5.98487353     -6.44184377     -6.71025041     -6.88337904     -7.20062982     -7.36106602     -7.42956466     -7.64033501     -7.72160868     -7.79502633     -7.99677888     -8.01878406     -8.08232113     -8.22369194     -8.27429292     -8.40311181     -8.70322590     -8.76495279     -8.91696147     -8.94510142     -9.27974497     -9.29918364     -9.36711353     -9.41518840     -9.55611809     -9.59736643     -9.68540332     -9.72987052     -9.77821923     -9.79598535     -9.84301889     -9.87281614     -9.97832268     -9.99826035    -10.09081250    -10.19926411    -10.24784485    -10.48235763    -10.50336184    -10.52256587    -10.53494186    -10.59299478    -10.62759137    -11.01184390    -11.02882792
      0.57735027     11.03000720     11.01304760     10.62718080     10.59169070     10.53324371     10.51164492     10.50059718     10.49296500     10.24872430     10.19907234     10.08778973     10.00157577      9.98053218      9.85253022      9.83918752      9.80689565      9.76935510      9.73303649      9.70022650      9.60061120      9.57734520      9.38845250      9.33900681      9.32908008      9.31631468      8.92487429      8.87334901      8.79203355      8.74599749      8.31260017      8.30062091      8.22239452      8.10344461      8.00928024      7.95046341      7.80069831      7.71071281      7.70633739      7.41946053      7.35542683      7.23958777      6.86240314      6.72960098      6.44507302      5.98656688      5.92548767      5.45667564      5.07266966      4.99530141      4.94410709      4.93221802      4.72488915      4.47331892      3.83548665      3.64498462      3.34625858      2.85090530      2.49104993      2.40007297      1.47326730      1.29326281      1.09912948      0.50328728      0.00278697     -0.00278697     -0.50328728     -1.09912948     -1.29326281     -1.47326730     -2.40007297     -2.49104993     -2.85090530     -3.34625858     -3.64498462     -3.83548665     -4.47331892     -4.72488915     -4.93221802     -4.94410709     -4.99530141     -5.07266966     -5.45667564     -5.92548767     -5.98656688     -6.44507302     -6.72960098     -6.86240314     -7.23958777     -7.35542683     -7.41946053     -7.70633739     -7.71071281     -7.80069831     -7.95046341     -8.00928024     -8.10344461     -8.22239452     -8.30062091     -8.31260017     -8.74599749     -8.79203355     -8.87334901     -8.92487429     -9.31631468     -9.32908008     -9.33900681     -9.38845250     -9.57734520     -9.60061120     -9.70022650     -9.73303649     -9.76935510     -9.80689565     -9.83918752     -9.85253022     -9.98053218    -10.00157577    -10.08778973    -10.19907234    -10.24872430    -10.49296500    -10.50059718    -10.51164492    -10.53324371    -10.59169070    -10.62718080    -11.01304760    -11.03000720
      0.58713587     11.02882792     11.01184390     10.62759137     10.59299478     10.53494186     10.52256587     10.50336184     10.48235763     10.24784485     10.19926411     10.09081250      9.99826035      9.97832268      9.87281614      9.84301889      9.79598535      9.77821923      9.72987052      9.68540332      9.59736643      9.55611809      9.41518840      9.36711353      9.29918364      9.27974497      8.94510142      8.91696147      8.76495279      8.70322590      8.40311181      8.27429292      8.22369194      8.08232113      8.01878406      7.99677888      7.79502633      7.72160868      7.64033501      7.42956466      7.36106602      7.20062982      6.88337904      6.71025041      6.44184377      5.98487353      5.92966999      5.46699922      5.14477745      5.04978790      4.96638858      4.82478824      4.70121618      4.45734506      3.84268639      3.64532844      3.33781864      2.85173096      2.49396220      2.40136522      1.50142242      1.29279929      1.07276774      0.50132303      0.00824723     -0.00824716     -0.50132302     -1.07276823     -1.29279924     -1.50142186     -2.40136531     -2.49396259     -2.85173065     -3.33781906     -3.64532841     -3.84268602     -4.45734384     -4.70121625     -4.82478636     -4.96639346     -5.04978569     -5.14478049     -5.46699629     -5.92967116     -5.98487341     -6.44184179     -6.71025044     -6.88338119     -7.20062409     -7.36106543     -7.42957405     -7.64032595     -7.72160902     -7.79503115     -7.99678029     -8.01879448     -8.08230835     -8.22368209     -8.27430218     -8.40312484     -8.70320698     -8.76493738     -8.91697854     -8.94511291     -9.27973019     -9.29917370     -9.36712804     -9.41519678     -9.55611575     -9.59736673     -9.68540572     -9.72986768     -9.77821560     -9.79598838     -9.84302039     -9.87281541     -9.97832338     -9.99825696    -10.09081105    -10.19926433    -10.24784707    -10.48235848    -10.50336150    -10.52256708    -10.53494062    -10.59299409    -10.62759157    -11.01184391    -11.02882791
      0.59692146     11.02542840     11.00838382     10.62898791     10.59632148     10.55174188     10.53031077     10.50463573     10.46925973     10.24701864     10.19958418     10.09887256      9.99075801      9.97033488      9.90974847      9.85251406      9.79177487      9.78040785      9.71893960      9.66503236      9.57652903      9.50932725      9.43544544      9.40651914      9.26776113      9.21619321      8.99697931      8.96610016      8.71734498      8.63709181      8.49231314      8.36670162      8.18775260      8.15266778      8.03036070      7.97823004      7.81402022      7.71243663      7.53467154      7.44518125      7.35273129      7.12011738      6.92243688      6.67539380      6.43153781      5.98217947      5.93991461      5.50363487      5.28693922      5.10146225      4.95156436      4.78398939      4.61290781      4.40748589      3.85849926      3.64633356      3.31880741      2.85390088      2.50079453      2.40496376      1.56864439      1.29157543      1.01108538      0.49531308      0.02393322     -0.02393308     -0.49531306     -1.01108609     -1.29157534     -1.56864356     -2.40496392     -2.50079522     -2.85390042     -3.31880804     -3.64633349     -3.85849852     -4.40748520     -4.61290504     -4.78399015     -4.95156857     -5.10146267     -5.28694119     -5.50363123     -5.93991646     -5.98217879     -6.43153417     -6.67539550     -6.92243853     -7.12011184     -7.35273501     -7.44518730     -7.53466418     -7.71243008     -7.81403448     -7.97823438     -8.03034564     -8.15267816     -8.18774939     -8.36670877     -8.49232095     -8.63707425     -8.71732871     -8.96610665     -8.99699801     -9.21617607     -9.26775925     -9.40653055     -9.43544972     -9.50932736     -9.57652809     -9.66503459     -9.71893563     -9.78041116     -9.79177031     -9.85251610     -9.90974856     -9.97033600     -9.99075196    -10.09886984    -10.19958423    -10.24702297    -10.46926197    -10.50463387    -10.53031115    -10.55174220    -10.59632000    -10.62898833    -11.00838384    -11.02542839
      0.60670706     11.02023383     11.00312467     10.63162436     10.60114173     10.57444182     10.54248407     10.49563674     10.45936737     10.25017145     10.19929776     10.10986423      9.98701564      9.95300521      9.94328843      9.86391120      9.80148027      9.77037332      9.70190188      9.65274979      9.53225596      9.49335493      9.43303183      9.39703498      9.26933273      9.13340471      9.07565385      8.96713086      8.70017611      8.61616350      8.51052655      8.46143257      8.29658693      8.17665691      8.03547544      7.93584083      7.85006164      7.67154815      7.48041954      7.45531015      7.28292981      7.03318303      6.95351657      6.64485488      6.41376825      5.99106754      5.94549031      5.58339521      5.40833442      5.14596730      4.94099853      4.78086150      4.52949680      4.31946535      3.87015957      3.64786446      3.30320840      2.85686538      2.50622234      2.41011026      1.65130565      1.28980206      0.93842297      0.48481597      0.04914451     -0.04914431     -0.48481594     -0.93842372     -1.28980195     -1.65130473     -2.41011045     -2.50622315     -2.85686505     -3.30320895     -3.64786436     -3.87015851     -4.31946552     -4.52949399     -4.78086192     -4.94100157     -5.14596966     -5.40833344     -5.58339482     -5.94549151     -5.99106617     -6.41376395     -6.64485763     -6.95351626     -7.03318093     -7.28293022     -7.45531014     -7.48042205     -7.67154302     -7.85007214     -7.93583969     -8.03546927     -8.17666451     -8.29659481     -8.46143300     -8.51050946     -8.61616505     -8.70017216     -8.96712668     -9.07567212     -9.13338727     -9.26933976     -9.39702922     -9.43303784     -9.49336562     -9.53225414     -9.65274823     -9.70189895     -9.77037680     -9.80147578     -9.86391305     -9.94328943     -9.95300421     -9.98700973    -10.10986105    -10.19929709    -10.25017745    -10.45937090    -10.49563340    -10.54248466    -10.57444257    -10.60113959    -10.63162497    -11.00312470    -11.02023381
      0.61649266     11.01397669     10.99683478     10.63549468     10.60806551     10.59619582     10.55501816     10.48121215     10.45231828     10.26000880     10.19727926     10.12321884      9.99286649      9.96164779      9.92898395      9.87272741      9.80924808      9.76664432      9.68615028      9.63157867      9.52012819      9.48479237      9.42406934      9.31853695      9.28183298      9.15166932      9.04592196      8.94726685      8.75819389      8.63306689      8.52373773      8.46942402      8.41687043      8.19506422      8.09316519      7.87839322      7.86389864      7.64700599      7.48500999      7.43335006      7.18203069      6.97666240      6.93332576      6.61995296      6.39075084      6.02177505      5.94706369      5.69703356      5.49071850      5.18245930      4.93433091      4.78547194      4.48260611      4.21095340      3.86484998      3.64957392      3.30405364      2.86065662      2.50349854      2.41576470      1.73605254      1.28772938      0.86906031      0.46902697      0.08225450     -0.08225427     -0.46902694     -0.86906100     -1.28772926     -1.73605165     -2.41576490     -2.50349928     -2.86065667     -3.30405386     -3.64957377     -3.86484888     -4.21095339     -4.48260508     -4.78547129     -4.93433270     -5.18246221     -5.49071658     -5.69703650     -5.94706296     -6.02177309     -6.39074731     -6.61995487     -6.93332649     -6.97666164     -7.18202799     -7.43335186     -7.48501021     -7.64700753     -7.86390130     -7.87838990     -8.09317116     -8.19507078     -8.41687484     -8.46940668     -8.52372567     -8.63307789     -8.75820204     -8.94725625     -9.04590448     -9.15168624     -9.28184334     -9.31852930     -9.42407237     -9.48479001     -9.52014119     -9.63157155     -9.68614998     -9.76664657     -9.80924449     -9.87272837     -9.92898299     -9.96164821     -9.99286108    -10.12321665    -10.19727759    -10.26001541    -10.45232255    -10.48120811    -10.55501861    -10.59619655    -10.60806318    -10.63549542    -10.99683481    -11.01397665
      0.62627826     11.00769248     10.99056794     10.64038742     10.61775362     10.61338992     10.56314824     10.46554544     10.44684672     10.27502868     10.19320813     10.13944295     10.00065322      9.96824053      9.90903560      9.87309598      9.81823764      9.75888017      9.67974990      9.59620550      9.55716668      9.44862112      9.40437894      9.28214855      9.22739615      9.21210955      8.96539806      8.93660001      8.81619651      8.69732216      8.57024611      8.51258613      8.41823163      8.21404182      8.15027521      7.87430274      7.82543007      7.64666777      7.51354975      7.37409801      7.13839164      6.92267142      6.85910241      6.59417402      6.36746264      6.06990467      5.98552119      5.77410748      5.55299849      5.21084247      4.93007225      4.79169697      4.45999428      4.11607862      3.83384546      3.65071558      3.32696485      2.86571604      2.48926884      2.42083455      1.81389387      1.28570821      0.81183764      0.44756973      0.12002101     -0.12002078     -0.44756972     -0.81183820     -1.28570811     -1.81389311     -2.42083472     -2.48926939     -2.86571644     -3.32696470     -3.65071537     -3.83384483     -4.11607811     -4.45999471     -4.79169568     -4.93007302     -5.21084493     -5.55299803     -5.77411061     -5.98551921     -6.06990247     -6.36746097     -6.59417395     -6.85910376     -6.92267213     -7.13838908     -7.37409519     -7.51355203     -7.64667333     -7.82542703     -7.87430325     -8.15028461     -8.21404227     -8.41822088     -8.51257656     -8.57025086     -8.69733191     -8.81620283     -8.93658983     -8.96538471     -9.21212088     -9.22738861     -9.28215790     -9.40438243     -9.44861901     -9.55718028     -9.59619491     -9.67975093     -9.75887844     -9.81823559     -9.87309521     -9.90903602     -9.96824194    -10.00064771    -10.13944267    -10.19320564    -10.27503460    -10.44685072    -10.46554149    -10.56314835    -10.61338972    -10.61775243    -10.64038815    -10.99056798    -11.00769245
      0.63606386     11.00262131     10.98554856     10.64558128     10.62961932     10.62165085     10.56712092     10.45297621     10.44131255     10.29023741     10.18790143     10.15595109     10.00181058      9.97344515      9.90311821      9.86145206      9.82859639      9.73730566      9.68010827      9.60712245      9.54618398      9.42257271      9.40035881      9.30129017      9.20056083      9.14403611      8.97236620      8.91496075      8.81844550      8.74922033      8.67396791      8.50890231      8.43018752      8.23381006      8.16336705      7.87093955      7.81180099      7.63914551      7.54666365      7.30682443      7.15321308      6.87517600      6.75627784      6.56272136      6.35714210      6.13090386      6.06395960      5.78196845      5.60101785      5.23116227      4.92743282      4.79692775      4.45075519      4.05577194      3.78237002      3.64974961      3.36593506      2.87114927      2.46869397      2.42433162      1.87518263      1.28412622      0.77259808      0.42326757      0.15611914     -0.15611896     -0.42326759     -0.77259843     -1.28412616     -1.87518211     -2.42433173     -2.46869432     -2.87114971     -3.36593476     -3.64974937     -3.78237000     -4.05577126     -4.45075600     -4.79692661     -4.92743302     -5.23116381     -5.60101860     -5.78196962     -6.06395725     -6.13090271     -6.35714303     -6.56271992     -6.75627586     -6.87518034     -7.15321182     -7.30682038     -7.54666690     -7.63914780     -7.81180376     -7.87093703     -8.16337086     -8.23380754     -8.43018625     -8.50889808     -8.67397381     -8.74922069     -8.81844685     -8.91495012     -8.97236804     -9.14402942     -9.20056210     -9.30130038     -9.40036262     -9.42257259     -9.54617590     -9.60713335     -9.68010819     -9.73729987     -9.82859523     -9.86145142     -9.90311923     -9.97344751    -10.00180558    -10.15595245    -10.18789856    -10.29024151    -10.44131451    -10.45297404    -10.56712084    -10.62164996    -10.62961933    -10.64558180    -10.98554859    -11.00262128
      0.64584945     10.99993750     10.98290627     10.64894150     10.63616151     10.62493260     10.56859231     10.44774191     10.43608866     10.29948694     10.18271128     10.16754100      9.99950415      9.97782699      9.90291817      9.84957406      9.83812807      9.70632127      9.68027748      9.64989018      9.50860610      9.42310022      9.40035172      9.32176932      9.15678168      9.09494177      9.00292896      8.91780685      8.80580880      8.75306598      8.74040342      8.49819424      8.46925032      8.24006544      8.15712838      7.85683558      7.82878740      7.61016392      7.58265162      7.25041133      7.18654657      6.85885286      6.67452460      6.52424234      6.38610845      6.15940301      6.12334035      5.77105539      5.62831635      5.24157000      4.92619748      4.79967204      4.44798465      4.03030067      3.74282393      3.64585361      3.39860653      2.87453148      2.45448940      2.42565422      1.90806274      1.28330843      0.75405969      0.40610505      0.17885295     -0.17885289     -0.40610507     -0.75405979     -1.28330841     -1.90806259     -2.42565425     -2.45448950     -2.87453163     -3.39860640     -3.64585351     -3.74282403     -4.03030042     -4.44798495     -4.79967167     -4.92619750     -5.24157043     -5.62831679     -5.77105552     -6.12333903     -6.15940294     -6.38611009     -6.52424098     -6.67452369     -6.85885455     -7.18654697     -7.25040917     -7.58265461     -7.61016221     -7.82879216     -7.85683153     -8.15712882     -8.24006430     -8.46925213     -8.49819290     -8.74040724     -8.75306039     -8.80581102     -8.91780478     -9.00293006     -9.09493962     -9.15678131     -9.32177156     -9.40035348     -9.42310232     -9.50860127     -9.64989973     -9.68027377     -9.70631708     -9.83812740     -9.84957434     -9.90291848     -9.97782824     -9.99950215    -10.16754228    -10.18270961    -10.29948818    -10.43608874    -10.44774169    -10.56859227    -10.62493233    -10.63616153    -10.64894165    -10.98290628    -10.99993749
      0.65563505     11.00033448     10.98329651     10.64841648     10.63520252     10.62447831     10.56839584     10.44840197     10.43702994     10.29805917     10.18380563     10.16548166     10.00002803      9.97703827      9.90288266      9.85202916      9.83601528      9.71350770      9.68073135      9.64045866      9.51572455      9.42122235      9.39998487      9.31947512      9.16519407      9.10184690      8.99829703      8.91586845      8.80650482      8.75496981      8.73022531      8.50191029      8.45990092      8.23951350      8.15847138      7.86095463      7.82366102      7.61868122      7.57348055      7.26192587      7.17833135      6.86094234      6.68790553      6.53359405      6.37642700      6.15821391      6.11204027      5.77324444      5.62407835      5.24003633      4.92637500      4.79926790      4.44831965      4.03380291      3.74922401      3.64682893      3.39297371      2.87401035      2.45671838      2.42551149      1.90315297      1.28342849      0.75670862      0.40890933      0.17525773     -0.17525782     -0.40890931     -0.75670846     -1.28342852     -1.90315322     -2.42551144     -2.45671821     -2.87401010     -3.39297392     -3.64682909     -3.74922389     -4.03380331     -4.44831917     -4.79926850     -4.92637496     -5.24003561     -5.62407768     -5.77324417     -6.11204211     -6.15821425     -6.37642494     -6.53359576     -6.68790698     -6.86093963     -7.17833121     -7.26192886     -7.57347737     -7.61868220     -7.82365563     -7.86095902     -8.15847049     -8.23951528     -8.45989902     -8.50191198     -8.73022117     -8.75497552     -8.80650215     -8.91587204     -8.99829529     -9.10185050     -9.16519445     -9.31947103     -9.39998223     -9.42121998     -9.51573149     -9.64044733     -9.68073417     -9.71351351     -9.83601613     -9.85202898     -9.90288215     -9.97703641    -10.00003112    -10.16548001    -10.18380795    -10.29805712    -10.43702967    -10.44840245    -10.56839591    -10.62447875    -10.63520248    -10.64841623    -10.98329650    -11.00033450
      0.66542065     11.00370632     10.98661965     10.64434950     10.62695318     10.62016881     10.56641813     10.45550873     10.44280068     10.28675482     10.18928728     10.15206221     10.00207598      9.97211655      9.90361523      9.86487905      9.82598842      9.74411543      9.67974808      9.59639153      9.55678887      9.42705125      9.40064724      9.29282352      9.21119398      9.16319442      8.96208884      8.92076512      8.82243192      8.74066953      8.64946850      8.51039130      8.42296875      8.22985794      8.16367313      7.87278852      7.81137734      7.64328066      7.53807916      7.32338387      7.14662645      6.88344388      6.78354395      6.57125977      6.35688695      6.11584054      6.04453996      5.78376195      5.59056645      5.22691409      4.92795946      4.79580869      4.45224710      4.06731641      3.79581787      3.65030680      3.35557104      2.86988010      2.47380043      2.42365190      1.86203658      1.28446069      0.78052112      0.42920891      0.14778338     -0.14778358     -0.42920890     -0.78052071     -1.28446076     -1.86203717     -2.42365178     -2.47380003     -2.86987963     -3.35557134     -3.65030704     -3.79581801     -4.06731711     -4.45224629     -4.79580993     -4.92795916     -5.22691229     -5.59056589     -5.78376033     -6.04454223     -6.11584199     -6.35688670     -6.57126096     -6.78354554     -6.88343976     -7.14662813     -7.32338792     -7.53807603     -7.64327713     -7.81137615     -7.87279024     -8.16366775     -8.22986020     -8.42297216     -8.51039695     -8.64946226     -8.74066630     -8.82243020     -8.92077859     -8.96208785     -9.16320163     -9.21119127     -9.29281220     -9.40064324     -9.42705224     -9.55679521     -9.59638254     -9.67974764     -9.74412042     -9.82598972     -9.86487995     -9.90361415     -9.97211433    -10.00208126    -10.15206118    -10.18929011    -10.28675016    -10.44279803    -10.45551155    -10.56641819    -10.62016977    -10.62695325    -10.64434891    -10.98661962    -11.00370635
      0.67520625     11.00919988     10.99206658     10.63908872     10.61496480     10.60988473     10.56157084     10.46937369     10.44815243     10.27103338     10.19437946     10.13518949      9.99925489      9.96693841      9.91281415      9.87426656      9.81579497      9.76189241      9.68047060      9.60571804      9.54760407      9.45709993      9.40789738      9.28450273      9.24927658      9.20051247      8.98351703      8.93608210      8.80596398      8.67971916      8.54760550      8.50822472      8.42214323      8.20901899      8.13930574      7.87381047      7.83481495      7.64599958      7.50584610      7.39047040      7.14186020      6.93906835      6.87980027      6.60104823      6.37288410      6.05628021      5.97006902      5.76233039      5.53869933      5.20447631      4.93096761      4.79015426      4.46404974      4.13700716      3.84413586      3.65054958      3.31926377      2.86434485      2.49379240      2.41967877      1.79556711      1.28618708      0.82463494      0.45340612      0.11041434     -0.11041457     -0.45340613     -0.82463434     -1.28618719     -1.79556792     -2.41967859     -2.49379179     -2.86434451     -3.31926384     -3.65054978     -3.84413665     -4.13700756     -4.46404959     -4.79015547     -4.93096662     -5.20447367     -5.53870022     -5.76232695     -5.97007086     -6.05628247     -6.37288631     -6.60104781     -6.87979819     -6.93906879     -7.14186292     -7.39047234     -7.50584425     -7.64599432     -7.83481873     -7.87380934     -8.13929626     -8.20901689     -8.42215550     -8.50823227     -8.54760533     -8.67970802     -8.80595617     -8.93609270     -8.98353252     -9.20049878     -9.24928385     -9.28449391     -9.40789427     -9.45710214     -9.54759054     -9.60572813     -9.68046967     -9.76189299     -9.81579738     -9.87426691     -9.91281422     -9.96693730     -9.99926037    -10.13519026    -10.19438177    -10.27102717    -10.44814824    -10.46937777    -10.56157065    -10.60988445    -10.61496655    -10.63908797    -10.99206654    -11.00919991
      0.68499184     11.01558868     10.99845054     10.63442179     10.60609483     10.59100892     10.55221567     10.48506576     10.45388119     10.25693115     10.19798906     10.11960181      9.99061303      9.95872268      9.93512962      9.87101959      9.80728770      9.76742366      9.68936619      9.63837668      9.51260928      9.49478332      9.42897780      9.33950694      9.27951214      9.13334732      9.06774567      8.95288425      8.74028468      8.62426319      8.51439184      8.47645120      8.39109425      8.19030061      8.07650863      7.89111661      7.86333499      7.65021437      7.47951557      7.44415986      7.20478388      6.98546346      6.94720604      6.62597441      6.39676759      6.01235624      5.94529476      5.66871026      5.47269107      5.17412807      4.93572640      4.78402916      4.49150460      4.23804154      3.86835798      3.64916069      3.30182181      2.85959906      2.50524475      2.41436439      1.71517732      1.28825765      0.88555445      0.47351543      0.07337643     -0.07337666     -0.47351546     -0.88555373     -1.28825777     -1.71517823     -2.41436418     -2.50524398     -2.85959912     -3.30182150     -3.64916083     -3.86835912     -4.23804144     -4.49150611     -4.78402956     -4.93572432     -5.17412519     -5.47269310     -5.66870791     -5.94529499     -6.01235804     -6.39677144     -6.62597211     -6.94720642     -6.98546371     -7.20478623     -7.44415699     -7.47951572     -7.65021465     -7.86332964     -7.89112100     -8.07650487     -8.19029323     -8.39108656     -8.47647191     -8.51440156     -8.62425471     -8.74027787     -8.95289385     -9.06776344     -9.13332974     -9.27950175     -9.33951468     -9.42897429     -9.49478523     -9.51259691     -9.63838249     -9.68936715     -9.76742082     -9.80729161     -9.87101832     -9.93513050     -9.95872244     -9.99061849    -10.11960438    -10.19799048    -10.25692456    -10.45387704    -10.48506969    -10.55221515    -10.59100815    -10.60609718    -10.63442109    -10.99845051    -11.01558871
      0.69477744     11.02166608     11.00457140     10.63084462     10.59977432     10.56873219     10.53908925     10.49861673     10.46153839     10.24881070     10.19948785     10.10691608      9.98714879      9.95821355      9.93597630      9.86113571      9.79935896      9.77213880      9.70643971      9.65598159      9.54441783      9.49171269      9.43085226      9.41142857      9.26685216      9.15483356      9.05596466      8.96959193      8.69724868      8.61523349      8.51714940      8.43884158      8.26409121      8.17308448      8.02787331      7.94955107      7.84267568      7.68169505      7.48816876      7.45314570      7.30692381      7.05417663      6.94777751      6.65180326      6.41883794      5.98672709      5.94525854      5.55869893      5.38201040      5.13553345      4.94321058      4.78048856      4.54675094      4.34467983      3.86837551      3.64744658      3.30598974      2.85606355      2.50537776      2.40873303      1.63004954      1.29028502      0.95670610      0.48790101      0.04201656     -0.04201675     -0.48790104     -0.95670535     -1.29028513     -1.63005045     -2.40873284     -2.50537697     -2.85606394     -3.30598915     -3.64744667     -3.86837651     -4.34467977     -4.54675400     -4.78048790     -4.94320722     -5.13553145     -5.38201062     -5.55870040     -5.94525699     -5.98672834     -6.41884220     -6.65180061     -6.94777727     -7.05417978     -7.30692195     -7.45314550     -7.48816762     -7.68170116     -7.84266346     -7.94955020     -8.02788347     -8.17307737     -8.26408399     -8.43883884     -8.51716099     -8.61523533     -8.69725745     -8.96959365     -9.05594603     -9.15485105     -9.26684708     -9.41143163     -9.43084603     -9.49170369     -9.54441960     -9.65598187     -9.70644310     -9.77213535     -9.79936352     -9.86113375     -9.93597574     -9.95821370     -9.98715489    -10.10691927    -10.19948829    -10.24880504    -10.46153515    -10.49861979    -10.53908868    -10.56873149    -10.59977633    -10.63084405    -11.00457138    -11.02166611
      0.70456304     11.02646826     11.00944070     10.62852999     10.59534760     10.54640791     10.52830502     10.50525747     10.47226295     10.24701750     10.19952314     10.09650209      9.99264253      9.97309149      9.90028058      9.84978485      9.78882601      9.78387029      9.72239988      9.66903166      9.58436235      9.52118371      9.43329740      9.39764487      9.27170914      9.23501026      8.97856970      8.96035264      8.72874278      8.65225293      8.47264338      8.34250998      8.18850985      8.12705160      8.03586597      7.98436803      7.80507634      7.71977672      7.55864003      7.44181911      7.35859907      7.14180388      6.91261420      6.68407148      6.43482726      5.98251983      5.93717907      5.49120659      5.25139973      5.08933224      4.95498425      4.78816290      4.63795203      4.42345668      3.85439386      3.64602485      3.32383214      2.85326556      2.49896218      2.40388289      1.54966643      1.29194044      1.02829752      0.49721190      0.01907981     -0.01907994     -0.49721192     -1.02829684     -1.29194052     -1.54966722     -2.40388275     -2.49896155     -2.85326601     -3.32383154     -3.64602491     -3.85439450     -4.42345764     -4.63795431     -4.78816246     -4.95497982     -5.08933248     -5.25139728     -5.49121040     -5.93717732     -5.98252032     -6.43483054     -6.68407023     -6.91261223     -7.14180988     -7.35859629     -7.44181120     -7.55864892     -7.71978231     -7.80506321     -7.98436415     -8.03587857     -8.12704350     -8.18851498     -8.34250188     -8.47263299     -8.65227239     -8.72875976     -8.96034287     -8.97855212     -9.23502716     -9.27171326     -9.39763233     -9.43329138     -9.52118521     -9.58436291     -9.66902910     -9.72240378     -9.78386709     -9.78883037     -9.84978287     -9.90028067     -9.97309031     -9.99264815    -10.09650454    -10.19952299    -10.24701367    -10.47226106    -10.50525885    -10.52830464    -10.54640787    -10.59534888    -10.62852962    -11.00944068    -11.02646828
      0.71434864     11.02934104     11.01236744     10.62740780     10.59244036     10.53373173     10.51925866     10.50229034     10.48588973     10.24818949     10.19918619     10.08951086      9.99967002      9.97930928      9.86495969      9.84143102      9.79988254      9.77487535      9.73132184      9.69108730      9.59905120      9.56502497      9.40696824      9.35636848      9.31256579      9.29035001      8.93742711      8.90071348      8.77555792      8.71914100      8.37879833      8.25535003      8.24098196      8.08759548      8.00836083      7.98799440      7.79654261      7.71747050      7.66577612      7.42561843      7.35946044      7.21630156      6.87505499      6.71787125      6.44327190      5.98558041      5.92787646      5.46237432      5.11437675      5.03383648      4.96952379      4.84859194      4.71293105      4.46435470      3.83967043      3.64517833      3.34136608      2.85137669      2.49272800      2.40080582      1.48960664      1.29299632      1.08379783      0.50218450      0.00590307     -0.00590313     -0.50218451     -1.08379744     -1.29299636     -1.48960708     -2.40080575     -2.49272770     -2.85137693     -3.34136575     -3.64517836     -3.83967070     -4.46435576     -4.71293053     -4.84859451     -4.96951877     -5.03383907     -5.11437401     -5.46237662     -5.92787556     -5.98558047     -6.44327340     -6.71787144     -6.87505310     -7.21630647     -7.35946147     -7.42561021     -7.66578411     -7.71746923     -7.79653991     -7.98799089     -8.00835252     -8.08760843     -8.24099149     -8.25534268     -8.37878512     -8.71915788     -8.77557121     -8.90069797     -8.93741676     -9.29036440     -9.31257611     -9.35635373     -9.40695980     -9.56502692     -9.59905086     -9.69108522     -9.73132408     -9.77487847     -9.79987978     -9.84142980     -9.86496057     -9.97930879     -9.99967257    -10.08951195    -10.19918600    -10.24818782    -10.48588918    -10.50229054    -10.51925749    -10.53373289    -10.59244087    -10.62740765    -11.01236744    -11.02934105
      0.72413424     11.02993283     11.01297163     10.62720544     10.59177641     10.53324929     10.51282837     10.50080179     10.49187758     10.24865905     10.19908572     10.08798398     10.00136019      9.98039831      9.85410641      9.83946271      9.80592676      9.77006221      9.73285705      9.69908438      9.60046966      9.57592580      9.39149460      9.33568154      9.33473126      9.31020417      8.92647069      8.87696299      8.78999319      8.74244714      8.33086958      8.28320987      8.22649616      8.10100367      8.00898875      7.95569174      7.80009849      7.71099260      7.70170170      7.42021065      7.35603313      7.23676703      6.86394790      6.72815887      6.44487549      5.98645340      5.92575708      5.45729620      5.07718054      4.99998243      4.96193589      4.90747005      4.72374503      4.47232504      3.83596927      3.64500619      3.34569578      2.85095867      2.49124137      2.40015514      1.47515552      1.29323230      1.09735329      0.50316501      0.00314735     -0.00314733     -0.50316501     -1.09735343     -1.29323228     -1.47515536     -2.40015516     -2.49124147     -2.85095859     -3.34569589     -3.64500618     -3.83596918     -4.47232463     -4.72374538     -4.90746682     -4.96194082     -4.99998060     -5.07718145     -5.45729539     -5.92575739     -5.98645338     -6.44487499     -6.72815869     -6.86394867     -7.23676506     -7.35603254     -7.42021395     -7.70169836     -7.71099328     -7.80009903     -7.95569470     -8.00899095     -8.10099761     -8.22650060     -8.28319768     -8.33088239     -8.74243951     -8.78998774     -8.87697017     -8.92647517     -9.31019119     -9.33473088     -9.33568908     -9.39149984     -9.57592507     -9.60046982     -9.69908524     -9.73285627     -9.77006093     -9.80592801     -9.83946318     -9.85410583     -9.98039846    -10.00135935    -10.08798361    -10.19908579    -10.24865960    -10.49187767    -10.50080175    -10.51282887    -10.53324885    -10.59177625    -10.62720549    -11.01297163    -11.02993283
      0.73391983     11.02817463     11.01117785     10.62783615     10.59367457     10.53754134     10.52501006     10.50439666     10.47884868     10.24749394     10.19935213     10.09243538      9.99654733      9.97699947      9.88155277      9.84497193      9.79199706      9.78171186      9.72790088      9.67947834      9.59459453      9.54545594      9.42260752      9.37769596      9.28709612      9.26745962      8.95349877      8.93413827      8.75317668      8.68621163      8.42718448      8.29584217      8.20841907      8.08467971      8.03455485      7.99445578      7.79525772      7.72431137      7.61293990      7.43380429      7.36186366      7.18255134      6.89272575      6.70178812      6.43997183      5.98405588      5.93188559      5.47319630      5.17912693      5.06380223      4.96256788      4.80707692      4.68412621      4.44825653      3.84627519      3.64552039      3.33357175      2.85217065      2.49545931      2.40207127      1.51567179      1.29255534      1.05953444      0.50021025      0.01122790     -0.01122780     -0.50021024     -1.05953501     -1.29255528     -1.51567114     -2.40207137     -2.49545979     -2.85217028     -3.33357224     -3.64552035     -3.84627473     -4.44825527     -4.68412549     -4.80707593     -4.96257264     -5.06380062     -5.17912994     -5.47319289     -5.93188699     -5.98405567     -6.43996938     -6.70178850     -6.89272799     -7.18254521     -7.36186397     -7.43381396     -7.61293033     -7.72430982     -7.79526546     -7.99445855     -8.03455794     -8.08467301     -8.20841055     -8.29585143     -8.42719709     -8.68619169     -8.75316006     -8.93415556     -8.95351083     -9.26744392     -9.28708784     -9.37771001     -9.42261545     -9.54545346     -9.59459464     -9.67948094     -9.72789755     -9.78170798     -9.79200012     -9.84497365     -9.88155226     -9.97700037     -9.99654311    -10.09243358    -10.19935236    -10.24749671    -10.47884987    -10.50439607    -10.52501097    -10.53754045    -10.59367369    -10.62783641    -11.01117786    -11.02817462
      0.74370543     11.02427483     11.00721298     10.62952541     10.59737944     10.55731439     10.53284534     10.50324553     10.46647238     10.24727776     10.19961085     10.10141414      9.98912489      9.96694309      9.91899116      9.85536546      9.79454133      9.77720333      9.71507197      9.66175251      9.56701582      9.49954552      9.43436975      9.41403371      9.26578011      9.19639362      9.01641626      8.96928272      8.70745799      8.62485540      8.50783655      8.39104172      8.20350851      8.16630888      8.02588512      7.97085491      7.82400734      7.70297408      7.51463364      7.44808689      7.34251969      7.09805349      6.93178352      6.66707465      6.42776309      5.98252058      5.94236736      5.51882503      5.32097242      5.11323264      4.94846773      4.78172392      4.58878513      4.38898913      3.86234137      3.64667606      3.31400318      2.85458199      2.50254890      2.40614292      1.58852604      1.29117565      0.99324673      0.49313603      0.02938660     -0.02938644     -0.49313600     -0.99324747     -1.29117556     -1.58852517     -2.40614309     -2.50254963     -2.85458153     -3.31400381     -3.64667599     -3.86234054     -4.38898873     -4.58878207     -4.78172479     -4.94847168     -5.11323366     -5.32097377     -5.51882185     -5.94236923     -5.98251968     -6.42775917     -6.66707675     -6.93178477     -7.09804859     -7.34252360     -7.44809069     -7.51462881     -7.70296722     -7.82402168     -7.97085912     -8.02586966     -8.16631686     -8.20351080     -8.39104770     -8.50783975     -8.62484168     -8.70744314     -8.96928641     -9.01643518     -9.19637631     -9.26578059     -9.41404337     -9.43437182     -9.49954838     -9.56701453     -9.66175416     -9.71506806     -9.77720667     -9.79453672     -9.85536751     -9.91899139     -9.96694395     -9.98911864    -10.10141120    -10.19961077    -10.24728258    -10.46647497    -10.50324321    -10.53284579    -10.55731489    -10.59737777    -10.62952588    -11.00721300    -11.02427481
      0.75349103     11.01873361     11.00161210     10.63248267     10.60264099     10.58008686     10.54587372     10.49233813     10.45738088     10.25197990     10.19899406     10.11294675      9.98754533      9.94979371      9.94712574      9.86652970      9.80346737      9.76908834      9.69741414      9.64887306      9.52027309      9.49725542      9.43373063      9.37939436      9.27260737      9.11168668      9.09515937      8.96327983      8.70937546      8.61758153      8.49989301      8.48224994      8.32901478      8.18087924      8.04672966      7.92104531      7.85592252      7.66262485      7.47588756      7.45581939      7.25682245      7.01372880      6.95661266      6.63830140      6.40835450      5.99688529      5.94521912      5.61062937      5.43194595      5.15588455      4.93903355      4.78164798      4.51469305      4.29288378      3.87086483      3.64829518      3.30149324      2.85771470      2.50654257      2.41151962      1.67267248      1.28929972      0.92036973      0.48139944      0.05677331     -0.05677310     -0.48139941     -0.92037048     -1.28929961     -1.67267156     -2.41151982     -2.50654337     -2.85771445     -3.30149373     -3.64829507     -3.87086372     -4.29288398     -4.51469062     -4.78164814     -4.93903626     -5.15588716     -5.43194438     -5.61063003     -5.94521988     -5.99688379     -6.40835027     -6.63830414     -6.95661185     -7.01372775     -7.25682163     -7.45582076     -7.47588931     -7.66262107     -7.85593120     -7.92104257     -8.04672730     -8.18088711     -8.32902298     -8.48224746     -8.49987300     -8.61758487     -8.70937630     -8.96327348     -9.09517660     -9.11166995     -9.27261598     -9.37938748     -9.43373571     -9.49726660     -9.52027168     -9.64887011     -9.69741181     -9.76909176     -9.80346301     -9.86653141     -9.94712756     -9.94979156     -9.98753959    -10.11294367    -10.19899316    -10.25198617    -10.45738466    -10.49233456    -10.54587431    -10.58008763    -10.60263874    -10.63248332    -11.00161213    -11.01873358
      0.76327663     11.01236185     10.99521955     10.63663344     10.61019079     10.60113121     10.55751800     10.47727452     10.45085918     10.26343467     10.19643289     10.12703398      9.99522312      9.96382141      9.92304546      9.87393763      9.81130113      9.76560490      9.68360096      9.62376366      9.52875287      9.47511783      9.41835780      9.29843766      9.28153396      9.16926898      9.02439564      8.94210084      8.77586569      8.64613943      8.52937887      8.47552585      8.42922430      8.19972890      8.10980461      7.87307942      7.85722111      7.64555206      7.49143986      7.42049125      7.16343890      6.96698457      6.91665942      6.61386313      6.38468975      6.03223522      5.95117918      5.72299335      5.50761929      5.19028703      4.93308403      4.78700422      4.47519114      4.18479212      3.85967885      3.64995542      3.30772153      2.86180137      2.50098799      2.41712810      1.75650012      1.28720401      0.85333841      0.46417017      0.09143743     -0.09143719     -0.46417014     -0.85333908     -1.28720390     -1.75649925     -2.41712830     -2.50098869     -2.86180153     -3.30772165     -3.64995525     -3.85967782     -4.18479198     -4.47519056     -4.78700334     -4.93308553     -5.19028989     -5.50761762     -5.72299669     -5.95117797     -6.03223311     -6.38468660     -6.61386458     -6.91666109     -6.96698346     -7.16343607     -7.42049171     -7.49144063     -7.64555522     -7.85721851     -7.87308027     -8.10981228     -8.19973425     -8.42921823     -8.47551891     -8.52936694     -8.64615161     -8.77587442     -8.94208971     -9.02437856     -9.16928513     -9.28154167     -9.29843238     -9.41836059     -9.47511549     -9.52876604     -9.62375539     -9.68360122     -9.76560636     -9.81129792     -9.87393821     -9.92304463     -9.96382202     -9.99521771    -10.12703224    -10.19643099    -10.26344123    -10.45086350    -10.47727042    -10.55751837    -10.60113188    -10.61018854    -10.63663419    -10.99521958    -11.01236182
      0.77306222     11.00626107     10.98914767     10.64171517     10.62083497     10.61616818     10.56446121     10.46189321     10.44554305     10.27904690     10.19195797     10.14372511     10.00156780      9.96951224      9.90633010      9.87099712      9.82077420      9.75494095      9.67946205      9.58814385      9.56516253      9.44057743      9.40221158      9.28183729      9.21886449      9.20515806      8.95213623      8.93764583      8.82220814      8.71397088      8.59661080      8.51274313      8.41681407      8.21945425      8.15786293      7.87437847      7.81819933      7.64678256      7.52150689      7.35727114      7.13860704      6.90722457      6.83602517      6.58693506      6.36269237      6.08456194      6.00405798      5.78091100      5.56645328      5.21671964      4.92927617      4.79317150      4.45675775      4.09743544      3.82210805      3.65075446      3.33574743      2.86712042      2.48430548      2.42189122      1.83120017      1.28525699      0.80018135      0.44151709      0.12955120     -0.12955098     -0.44151709     -0.80018186     -1.28525690     -1.83119946     -2.42189137     -2.48430599     -2.86712087     -3.33574722     -3.65075424     -3.82210759     -4.09743483     -4.45675838     -4.79317017     -4.92927676     -5.21672190     -5.56645322     -5.78091366     -6.00405592     -6.08455991     -6.36269129     -6.58693455     -6.83602540     -6.90722671     -7.13860471     -7.35726769     -7.52150954     -7.64678788     -7.81819743     -7.87437829     -8.15787146     -8.21945340     -8.41680559     -8.51273439     -8.59661684     -8.71397886     -8.82221261     -8.93763190     -8.95213001     -9.20515054     -9.21887263     -9.28184767     -9.40221541     -9.44057550     -9.56517399     -9.58813515     -9.67946304     -9.75493805     -9.82077246     -9.87099610     -9.90633091     -9.96951395    -10.00156229    -10.14372531    -10.19195533    -10.27905247    -10.44554674    -10.46188949    -10.56446125    -10.61616750    -10.62083437    -10.64171587    -10.98914771    -11.00626103
      0.78284782     11.00168787     10.98462844     10.64669913     10.63190837     10.62285038     10.56767278     10.45096005     10.43978281     10.29334828     10.18649905     10.15954645     10.00130587      9.97475376      9.90291333      9.85808569      9.83116033      9.72972138      9.68047500      9.61841038      9.53531614      9.42022952      9.40004144      9.30915425      9.18837078      9.12692642      8.98246898      8.91298618      8.81348661      8.75413817      8.69619524      8.50714090      8.43934495      8.23663298      8.16200234      7.86831244      7.81437761      7.63348691      7.55543998      7.29083415      7.16095474      6.86887981      6.73022124      6.55357988      6.36045850      6.14380755      6.08187802      5.77919572      5.61021294      5.23479433      4.92699323      4.79788615      4.44965122      4.04642579      3.76963330      3.64894603      3.37600628      2.87228719      2.46399782      2.42486674      1.88654582      1.28384021      0.76598115      0.41773984      0.16364317     -0.16364301     -0.41773986     -0.76598144     -1.28384016     -1.88654538     -2.42486683     -2.46399811     -2.87228758     -3.37600599     -3.64894580     -3.76963338     -4.04642517     -4.44965196     -4.79788516     -4.92699335     -5.23479561     -5.61021377     -5.77919650     -6.08187570     -6.14380667     -6.36046005     -6.55357826     -6.73021920     -6.86888393     -7.16095396     -7.29083027     -7.55544329     -7.63348796     -7.81438173     -7.86830912     -8.16200486     -8.23663047     -8.43934532     -8.50713783     -8.69620062     -8.75413575     -8.81348825     -8.91297832     -8.98247119     -9.12692048     -9.18837116     -9.30916266     -9.40004497     -9.42023045     -9.53530766     -9.61842201     -9.68047422     -9.72971508     -9.83115928     -9.85808536     -9.90291421     -9.97475614    -10.00130130    -10.15954804    -10.18649623    -10.29335176    -10.43978405    -10.45095856    -10.56767270    -10.62284962    -10.63190841    -10.64669957    -10.98462846    -11.00168785
      0.79263342     10.99973724     10.98270951     10.64921016     10.63664390     10.62515749     10.56868887     10.44742379     10.43559054     10.30021732     10.18204789     10.16869295      9.99920519      9.97825370      9.90294263      9.84794874      9.83958377      9.70179315      9.67944698      9.65615278      9.50462537      9.42449257      9.40064312      9.32273122      9.15215243      9.09169786      9.00519993      8.91887684      8.80603872      8.75118171      8.74587482      8.49468194      8.47581641      8.24029109      8.15640364      7.85374640      7.83245960      7.60135415      7.59174324      7.24319853      7.19210536      6.85783941      6.66764478      6.51823771      6.39258682      6.15857466      6.13028127      5.76987053      5.63049316      5.24234382      4.92610857      4.79987517      4.44782514      4.02856696      3.73953311      3.64527110      3.40158241      2.87479719      2.45335197      2.42571466      1.91054692      1.28324797      0.75273574      0.40464885      0.18070351     -0.18070349     -0.40464886     -0.75273577     -1.28324796     -1.91054687     -2.42571467     -2.45335201     -2.87479724     -3.40158236     -3.64527106     -3.73953314     -4.02856687     -4.44782524     -4.79987505     -4.92610858     -5.24234397     -5.63049332     -5.76987057     -6.13028075     -6.15857470     -6.39258746     -6.51823717     -6.66764447     -6.85783998     -7.19210560     -7.24319769     -7.59174583     -7.60135198     -7.83246178     -7.85374448     -8.15640377     -8.24029070     -8.47581732     -8.49468124     -8.74587760     -8.75117818     -8.80603958     -8.91887616     -9.00520030     -9.09169716     -9.15215228     -9.32273191     -9.40064373     -9.42449342     -9.50462361     -9.65615712     -9.67944470     -9.70179164     -9.83958347     -9.84794891     -9.90294273     -9.97825415     -9.99920450    -10.16869345    -10.18204725    -10.30021774    -10.43559055    -10.44742373    -10.56868885    -10.62515740    -10.63664391    -10.64921021    -10.98270952    -10.99973724
      0.80241902     11.00092129     10.98387372     10.64765804     10.63377863     10.62378769     10.56809282     10.44945284     10.43830858     10.29598787     10.18511100     10.16276134     10.00066929      9.97598101      9.90286403      9.85491323      9.83364934      9.72162374      9.68073184      9.62969243      9.52492479      9.41996856      9.39984628      9.31534452      9.17615093      9.11262416      8.99135160      8.91380679      8.80911319      8.75574970      8.71527013      8.50488530      8.44957054      8.23845130      8.16021120      7.86492968      7.81856140      7.62656002      7.56439135      7.27571026      7.16948956      6.86422362      6.70691475      6.54377416      6.36713223      6.15315329      6.09800081      5.77610641      5.61797049      5.23776661      4.92664051      4.79866950      4.44886005      4.03914409      3.75835114      3.64793232      3.38522775      2.87325294      2.45993943      2.42525665      1.89592952      1.28360655      0.76068294      0.41286841      0.17010790     -0.17010803     -0.41286839     -0.76068271     -1.28360659     -1.89592986     -2.42525658     -2.45993920     -2.87325261     -3.38522802     -3.64793252     -3.75835101     -4.03914462     -4.44885942     -4.79867030     -4.92664044     -5.23776561     -5.61796969     -5.77610593     -6.09800297     -6.15315391     -6.36713025     -6.54377591     -6.70691660     -6.86422008     -7.16948986     -7.27571380     -7.56438805     -7.62656007     -7.81855635     -7.86493368     -8.16020964     -8.23845356     -8.44956912     -8.50488753     -8.71526540     -8.75575431     -8.80911090     -8.91381225     -8.99134944     -9.11262906     -9.17615107     -9.31533828     -9.39984309     -9.41996670     -9.52493289     -9.62968064     -9.68073354     -9.72163013     -9.83365030     -9.85491328     -9.90286333     -9.97597879    -10.00067324    -10.16275962    -10.18511366    -10.29598508    -10.43830792    -10.44945374    -10.56809290    -10.62378831    -10.63377858    -10.64765769    -10.98387371    -11.00092131
      0.81220462     11.00492578     10.98782530     10.64304737     10.62398038     10.61836960     10.56554090     10.45851124     10.44420727     10.28299185     10.19064434     10.14795915     10.00202027      9.97080093      9.90460185      9.86815722      9.82336931      9.75001663      9.67949808      9.58795434      9.56525970      9.43323838      9.40111814      9.28558388      9.21813082      9.18376086      8.95335418      8.93008528      8.82405072      8.72870884      8.62343033      8.51172405      8.41838232      8.22492006      8.16212327      7.87390807      7.81346887      7.64578322      7.52969024      7.34027851      7.14158681      6.89404550      6.81056071      6.57930771      6.35897707      6.10005186      6.02421664      5.78374877      5.57900559      5.22208792      4.92857340      4.79454943      4.45421396      4.08117979      3.80926910      3.65063068      3.34538230      2.86852250      2.47908039      2.42283475      1.84730996      1.28483927      0.78972702      0.43535079      0.13886158     -0.13886179     -0.43535078     -0.78972656     -1.28483936     -1.84731061     -2.42283461     -2.47907994     -2.86852203     -3.34538256     -3.65063091     -3.80926939     -4.08118046     -4.45421321     -4.79455074     -4.92857297     -5.22208588     -5.57900530     -5.78374664     -6.02421879     -6.10005362     -6.35897750     -6.57930859     -6.81056155     -6.89404212     -7.14158884     -7.34028237     -7.52968732     -7.64577862     -7.81346930     -7.87390899     -8.16211620     -8.22492178     -8.41838824     -8.51173128     -8.62342399     -8.72870303     -8.82404791     -8.93010136     -8.95335445     -9.18376838     -9.21812579     -9.28557251     -9.40111414     -9.43323997     -9.56525968     -9.58795172     -9.67949729     -9.75002063     -9.82337080     -9.86815828     -9.90460082     -9.97079895    -10.00202571    -10.14795852    -10.19064710    -10.28298671    -10.44420402    -10.45851459    -10.56554091    -10.61837052    -10.62398062    -10.64304672    -10.98782527    -11.00492582
      0.82199021     11.01076303     10.99362370     10.63783401     10.61247497     10.60573715     10.55970069     10.47330598     10.44948138     10.26714017     10.19546007     10.13103471      9.99741184      9.96551393      9.91756358      9.87450528      9.81347842      9.76408489      9.68172528      9.61506050      9.53800028      9.46591847      9.41270995      9.28760370      9.27007469      9.18578343      9.00344438      8.93809734      8.79216820      8.66221899      8.53484903      8.49401619      8.42725795      8.20432642      8.12551134      7.87312022      7.84581936      7.64541181      7.49844417      7.40606066      7.14999695      6.95439004      6.89878129      6.60759181      6.37868795      6.04372958      5.95861457      5.74514487      5.52358080      5.19762494      4.93196830      4.78857805      4.46906337      4.16001378      3.85277539      3.65028762      3.31281201      2.86303378      2.49773287      2.41843821      1.77638515      1.28668775      0.83849757      0.45895480      0.10085253     -0.10085276     -0.45895483     -0.83849693     -1.28668786     -1.77638599     -2.41843802     -2.49773221     -2.86303352     -3.31281198     -3.65028780     -3.85277632     -4.16001405     -4.46906355     -4.78857911     -4.93196707     -5.19762217     -5.52358210     -5.74514135     -5.95861616     -6.04373180     -6.37869066     -6.60759087     -6.89877913     -6.95439109     -7.14999978     -7.40606149     -7.49844284     -7.64540737     -7.84582330     -7.87311868     -8.12550248     -8.20432260     -8.42726989     -8.49401920     -8.53485702     -8.66220694     -8.79215958     -8.93810846     -9.00346088     -9.18576829     -9.27007927     -9.28759718     -9.41270711     -9.46592074     -9.53798696     -9.61506977     -9.68172461     -9.76408439     -9.81348123     -9.87450514     -9.91756410     -9.96551308     -9.99741727    -10.13103597    -10.19546219    -10.26713376    -10.44947709    -10.47331010    -10.55970041    -10.60573660    -10.61247706    -10.63783326    -10.99362366    -11.01076306
      0.83177581     11.01717996     11.00004870     10.63341668     10.60428725     10.58562400     10.54914690     10.48879222     10.45556147     10.25424264     10.19856027     10.11618321      9.98876715      9.95478643      9.94127187      9.86892460      9.80537987      9.76816662      9.69317030      9.64412633      9.51047853      9.50105170      9.43234955      9.35997739      9.27619591      9.11449237      9.08969083      8.95838665      8.72343538      8.61964163      8.50040378      8.48771427      8.36083247      8.18551245      8.06072229      7.90588755      7.86034399      7.65542140      7.47584670      7.45213087      7.23024174      6.99727966      6.95524296      6.63204851      6.40266109      6.00402816      5.94494137      5.63946275      5.45323911      5.16527307      4.93728655      4.78273236      4.50211528      4.26554095      3.87031653      3.64873048      3.30099335      2.85862189      2.50624271      2.41294362      1.69400715      1.28878303      0.90270060      0.47763678      0.06486528     -0.06486550     -0.47763682     -0.90269987     -1.28878314     -1.69400807     -2.41294341     -2.50624192     -2.85862205     -3.30099294     -3.64873061     -3.87031767     -4.26554078     -4.50211727     -4.78273248     -4.93728415     -5.16527028     -5.45324103     -5.63946117     -5.94494109     -6.00402980     -6.40266517     -6.63204594     -6.95524395     -6.99727992     -7.23024348     -7.45212790     -7.47584652     -7.65542351     -7.86033702     -7.90589139     -8.06072131     -8.18550465     -8.36082423     -8.48773511     -8.50041009     -8.61963608     -8.72343090     -8.95839482     -9.08970907     -9.11447397     -9.27618616     -9.35998485     -9.43234534     -9.50104500     -9.51047502     -9.64413073     -9.69317196     -9.76816340     -9.80538404     -9.86892308     -9.94127239     -9.95478648     -9.98877273    -10.11618608    -10.19856143    -10.25423616    -10.45555747    -10.48879599    -10.54914633    -10.58562323    -10.60428957    -10.63341600    -11.00004867    -11.01717999
      0.84156141     11.02301710     11.00593838     10.63014454     10.59852557     10.56300397     10.53582397     10.50119253     10.46390257     10.24786000     10.19958533     10.10409860      9.98788160      9.96289118      9.92780322      9.85826460      9.79705977      9.77442305      9.71087122      9.65886447      9.55616554      9.49349884      9.43070820      9.41796769      9.26555895      9.17587326      9.03617371      8.97038356      8.70021812      8.61736073      8.51668800      8.41521436      8.23225683      8.17015842      8.02465737      7.96139283      7.83384539      7.69242587      7.49924821      7.45068236      7.32718346      7.07595176      6.94035321      6.65920285      6.42351734      5.98392568      5.94422414      5.53712071      5.35282642      5.12460715      4.94569188      4.78069252      4.56656149      4.36798637      3.86570285      3.64704857      3.30965634      2.85530320      2.50411526      2.40740491      1.60906339      1.29074425      0.97504570      0.49066961      0.03542168     -0.03542186     -0.49066963     -0.97504496     -1.29074436     -1.60906428     -2.40740473     -2.50411449     -2.85530364     -3.30965571     -3.64704865     -3.86570377     -4.36798651     -4.56656464     -4.78069170     -4.94568822     -5.12460559     -5.35282582     -5.53712314     -5.94422236     -5.98392678     -6.42352148     -6.65920043     -6.94035244     -7.07595585     -7.32718028     -7.45068071     -7.49924988     -7.69243256     -7.83383181     -7.96138990     -8.02467100     -8.17015164     -8.23225099     -8.41520982     -8.51669187     -8.61736851     -8.70023059     -8.97038262     -9.03615486     -9.17589069     -9.26555610     -9.41796293     -9.43070581     -9.49349263     -9.55616711     -9.65886367     -9.71087494     -9.77441966     -9.79706437     -9.85826258     -9.92780284     -9.96289075     -9.98788784    -10.10410171    -10.19958557    -10.24785475    -10.46389964    -10.50119525    -10.53582345    -10.56300336    -10.59852741    -10.63014402    -11.00593836    -11.02301712
      0.85134701     11.02738607     11.01037462     10.62814751     10.59446268     10.54153504     10.52669924     10.50512068     10.47546744     10.24719825     10.19944191     10.09434355      9.99462676      9.97528293      9.89080227      9.84724779      9.78825637      9.78495765      9.72540155      9.67389032      9.59035660      9.53357379      9.42879794      9.38794598      9.27795682      9.25238593      8.96359152      8.94998111      8.74089560      8.66894758      8.45058349      8.31876571      8.19635633      8.10137784      8.03928525      7.98982469      7.79851352      7.72392591      7.58521574      7.43798164      7.36129432      7.16275886      6.90260290      6.69294868      6.43763626      5.98322142      5.93443503      5.48117235      5.21513862      5.07682876      4.95868616      4.79534202      4.66238006      4.43700086      3.85024670      3.64575304      3.32883361      2.85268547      2.49715298      2.40291437      1.53189080      1.29226801      1.04456972      0.49884181      0.01484110     -0.01484121     -0.49884182     -1.04456908     -1.29226808     -1.53189153     -2.40291425     -2.49715243     -2.85268589     -3.32883305     -3.64575309     -3.85024725     -4.43700203     -4.66238164     -4.79534217     -4.95868154     -5.07682969     -5.21513582     -5.48117607     -5.93443343     -5.98322174     -6.43763914     -6.69294788     -6.90260073     -7.16276507     -7.36129280     -7.43797249     -7.58522529     -7.72392973     -7.79850269     -7.98982132     -8.03929246     -8.10137484     -8.19636317     -8.31875689     -8.45057167     -8.66896771     -8.74091270     -8.94996638     -8.96357744     -9.25240243     -9.27796304     -9.38793258     -9.42879077     -9.53357606     -9.59035679     -9.67388766     -9.72540524     -9.78496077     -9.78825426     -9.84724592     -9.89080255     -9.97528184     -9.99463175    -10.09434569    -10.19944171    -10.24719495    -10.47546591    -10.50512162    -10.52669870    -10.54153541    -10.59446376    -10.62814720    -11.01037461    -11.02738608
      0.86113260     11.02971024     11.01274433     10.62728036     10.59202949     10.53333201     10.51572223     10.50139141     10.48922421     10.24847324     10.19912489     10.08856147     10.00071725      9.97999417      9.85849324      9.84023444      9.80336913      9.77202366      9.73229975      9.69586555      9.59999923      9.57174328      9.39859673      9.34563907      9.32519588      9.30046542      8.93092970      8.88678215      8.78421598      8.73280288      8.35456729      8.26228617      8.23757173      8.09486016      8.00823997      7.96977420      7.79852562      7.71351893      7.68718115      7.42236414      7.35757874      7.22869245      6.86835489      6.72406082      6.44427792      5.98611853      5.92656009      5.45917504      5.09109340      5.01549488      4.97009175      4.87697050      4.72003744      4.46933984      3.83738997      3.64507080      3.34403672      2.85111711      2.49180839      2.40040057      1.48070572      1.29314220      1.09213893      0.50279781      0.00419874     -0.00419878     -0.50279781     -1.09213866     -1.29314223     -1.48070603     -2.40040053     -2.49180819     -2.85111728     -3.34403650     -3.64507082     -3.83739016     -4.46934061     -4.72003686     -4.87697348     -4.97008648     -5.01549751     -5.09109146     -5.45917663     -5.92655947     -5.98611856     -6.44427893     -6.72406109     -6.86835347     -7.22869611     -7.35757974     -7.42235799     -7.68718732     -7.71351762     -7.79852426     -7.96976948     -8.00823541     -8.09487068     -8.23756446     -8.26229789     -8.35455409     -8.73281620     -8.78422597     -8.88676974     -8.93092164     -9.30047963     -9.32520511     -9.34562445     -9.39858901     -9.57174468     -9.59999894     -9.69586398     -9.73230128     -9.77202600     -9.80336695     -9.84023355     -9.85849412     -9.97999386    -10.00071894    -10.08856220    -10.19912475    -10.24847212    -10.48922393    -10.50139152    -10.51572134    -10.53333285    -10.59202982    -10.62728026    -11.01274432    -11.02971024
      0.87091820     11.02971024     11.01274432     10.62728026     10.59202982     10.53333285     10.51572134     10.50139152     10.48922393     10.24847212     10.19912475     10.08856220     10.00071894      9.97999386      9.85849412      9.84023355      9.80336695      9.77202600      9.73230128      9.69586398      9.59999894      9.57174468      9.39858901      9.34562445      9.32520511      9.30047963      8.93092164      8.88676974      8.78422597      8.73281620      8.35455409      8.26229789      8.23756446      8.09487068      8.00823541      7.96976948      7.79852426      7.71351762      7.68718732      7.42235799      7.35757974      7.22869611      6.86835347      6.72406109      6.44427893      5.98611856      5.92655947      5.45917663      5.09109146      5.01549751      4.97008648      4.87697348      4.72003686      4.46934061      3.83739016      3.64507082      3.34403650      2.85111728      2.49180819      2.40040053      1.48070603      1.29314223      1.09213866      0.50279781      0.00419878     -0.00419874     -0.50279781     -1.09213893     -1.29314220     -1.48070572     -2.40040057     -2.49180839     -2.85111711     -3.34403672     -3.64507080     -3.83738997     -4.46933984     -4.72003744     -4.87697050     -4.97009175     -5.01549488     -5.09109340     -5.45917504     -5.92656009     -5.98611853     -6.44427792     -6.72406082     -6.86835489     -7.22869245     -7.35757874     -7.42236414     -7.68718115     -7.71351893     -7.79852562     -7.96977420     -8.00823997     -8.09486016     -8.23757173     -8.26228617     -8.35456729     -8.73280288     -8.78421598     -8.88678215     -8.93092970     -9.30046542     -9.32519588     -9.34563907     -9.39859673     -9.57174328     -9.59999923     -9.69586555     -9.73229975     -9.77202366     -9.80336913     -9.84023444     -9.85849324     -9.97999417    -10.00071725    -10.08856147    -10.19912489    -10.24847324    -10.48922421    -10.50139141    -10.51572223    -10.53333201    -10.59202949    -10.62728036    -11.01274433    -11.02971024
      0.88070380     11.02738608     11.01037461     10.62814720     10.59446376     10.54153541     10.52669870     10.50512162     10.47546591     10.24719495     10.19944171     10.09434569      9.99463175      9.97528184      9.89080255      9.84724592      9.78825426      9.78496077      9.72540524      9.67388766      9.59035679      9.53357606      9.42879077      9.38793258      9.27796304      9.25240243      8.96357744      8.94996638      8.74091270      8.66896771      8.45057167      8.31875689      8.19636317      8.10137484      8.03929246      7.98982132      7.79850269      7.72392973      7.58522529      7.43797249      7.36129280      7.16276507      6.90260073      6.69294788      6.43763914      5.98322174      5.93443343      5.48117607      5.21513582      5.07682969      4.95868154      4.79534217      4.66238164      4.43700203      3.85024725      3.64575309      3.32883305      2.85268589      2.49715243      2.40291425      1.53189153      1.29226808      1.04456908      0.49884182      0.01484121     -0.01484110     -0.49884181     -1.04456972     -1.29226801     -1.53189080     -2.40291437     -2.49715298     -2.85268547     -3.32883361     -3.64575304     -3.85024670     -4.43700086     -4.66238006     -4.79534202     -4.95868616     -5.07682876     -5.21513862     -5.48117235     -5.93443503     -5.98322142     -6.43763626     -6.69294868     -6.90260290     -7.16275886     -7.36129432     -7.43798164     -7.58521574     -7.72392591     -7.79851352     -7.98982469     -8.03928525     -8.10137784     -8.19635633     -8.31876571     -8.45058349     -8.66894758     -8.74089560     -8.94998111     -8.96359152     -9.25238593     -9.27795682     -9.38794598     -9.42879794     -9.53357379     -9.59035660     -9.67389032     -9.72540155     -9.78495765     -9.78825637     -9.84724779     -9.89080227     -9.97528293     -9.99462676    -10.09434355    -10.19944191    -10.24719825    -10.47546744    -10.50512068    -10.52669924    -10.54153504    -10.59446268    -10.62814751    -11.01037462    -11.02738607
      0.89048940     11.02301712     11.00593836     10.63014402     10.59852741     10.56300336     10.53582345     10.50119525     10.46389964     10.24785475     10.19958557     10.10410171      9.98788784      9.96289075      9.92780284      9.85826258      9.79706437      9.77441966      9.71087494      9.65886367      9.55616711      9.49349263      9.43070581      9.41796293      9.26555610      9.17589069      9.03615486      8.97038262      8.70023059      8.61736851      8.51669187      8.41520982      8.23225099      8.17015164      8.02467100      7.96138990      7.83383181      7.69243256      7.49924988      7.45068071      7.32718028      7.07595585      6.94035244      6.65920043      6.42352148      5.98392678      5.94422236      5.53712314      5.35282582      5.12460559      4.94568822      4.78069170      4.56656464      4.36798651      3.86570377      3.64704865      3.30965571      2.85530364      2.50411449      2.40740473      1.60906428      1.29074436      0.97504496      0.49066963      0.03542186     -0.03542168     -0.49066961     -0.97504570     -1.29074425     -1.60906339     -2.40740491     -2.50411526     -2.85530320     -3.30965634     -3.64704857     -3.86570285     -4.36798637     -4.56656149     -4.78069252     -4.94569188     -5.12460715     -5.35282642     -5.53712071     -5.94422414     -5.98392568     -6.42351734     -6.65920285     -6.94035321     -7.07595176     -7.32718346     -7.45068236     -7.49924821     -7.69242587     -7.83384539     -7.96139283     -8.02465737     -8.17015842     -8.23225683     -8.41521436     -8.51668800     -8.61736073     -8.70021812     -8.97038356     -9.03617371     -9.17587326     -9.26555895     -9.41796769     -9.43070820     -9.49349884     -9.55616554     -9.65886447     -9.71087122     -9.77442305     -9.79705977     -9.85826460     -9.92780322     -9.96289118     -9.98788160    -10.10409860    -10.19958533    -10.24786000    -10.46390257    -10.50119253    -10.53582397    -10.56300397    -10.59852557    -10.63014454    -11.00593838    -11.02301710
      0.90027500     11.01717999     11.00004867     10.63341600     10.60428957     10.58562323     10.54914633     10.48879599     10.45555747     10.25423616     10.19856143     10.11618608      9.98877273      9.95478648      9.94127239      9.86892308      9.80538404      9.76816340      9.69317196      9.64413073      9.51047502      9.50104500      9.43234534      9.35998485      9.27618616      9.11447397      9.08970907      8.95839482      8.72343090      8.61963608      8.50041009      8.48773511      8.36082423      8.18550465      8.06072131      7.90589139      7.86033702      7.65542351      7.47584652      7.45212790      7.23024348      6.99727992      6.95524395      6.63204594      6.40266517      6.00402980      5.94494109      5.63946117      5.45324103      5.16527028      4.93728415      4.78273248      4.50211727      4.26554078      3.87031767      3.64873061      3.30099294      2.85862205      2.50624192      2.41294341      1.69400807      1.28878314      0.90269987      0.47763682      0.06486550     -0.06486528     -0.47763678     -0.90270060     -1.28878303     -1.69400715     -2.41294362     -2.50624271     -2.85862189     -3.30099335     -3.64873048     -3.87031653     -4.26554095     -4.50211528     -4.78273236     -4.93728655     -5.16527307     -5.45323911     -5.63946275     -5.94494137     -6.00402816     -6.40266109     -6.63204851     -6.95524296     -6.99727966     -7.23024174     -7.45213087     -7.47584670     -7.65542140     -7.86034399     -7.90588755     -8.06072229     -8.18551245     -8.36083247     -8.48771427     -8.50040378     -8.61964163     -8.72343538     -8.95838665     -9.08969083     -9.11449237     -9.27619591     -9.35997739     -9.43234955     -9.50105170     -9.51047853     -9.64412633     -9.69317030     -9.76816662     -9.80537987     -9.86892460     -9.94127187     -9.95478643     -9.98876715    -10.11618321    -10.19856027    -10.25424264    -10.45556147    -10.48879222    -10.54914690    -10.58562400    -10.60428725    -10.63341668    -11.00004870    -11.01717996
      0.91006059     11.01076306     10.99362366     10.63783326     10.61247706     10.60573660     10.55970041     10.47331010     10.44947709     10.26713376     10.19546219     10.13103597      9.99741727      9.96551308      9.91756410      9.87450514      9.81348123      9.76408439      9.68172461      9.61506977      9.53798696      9.46592074      9.41270711      9.28759718      9.27007927      9.18576829      9.00346088      8.93810846      8.79215958      8.66220694      8.53485702      8.49401920      8.42726989      8.20432260      8.12550248      7.87311868      7.84582330      7.64540737      7.49844284      7.40606149      7.14999978      6.95439109      6.89877913      6.60759087      6.37869066      6.04373180      5.95861616      5.74514135      5.52358210      5.19762217      4.93196707      4.78857911      4.46906355      4.16001405      3.85277632      3.65028780      3.31281198      2.86303352      2.49773221      2.41843802      1.77638599      1.28668786      0.83849693      0.45895483      0.10085276     -0.10085253     -0.45895480     -0.83849757     -1.28668775     -1.77638515     -2.41843821     -2.49773287     -2.86303378     -3.31281201     -3.65028762     -3.85277539     -4.16001378     -4.46906337     -4.78857805     -4.93196830     -5.19762494     -5.52358080     -5.74514487     -5.95861457     -6.04372958     -6.37868795     -6.60759181     -6.89878129     -6.95439004     -7.14999695     -7.40606066     -7.49844417     -7.64541181     -7.84581936     -7.87312022     -8.12551134     -8.20432642     -8.42725795     -8.49401619     -8.53484903     -8.66221899     -8.79216820     -8.93809734     -9.00344438     -9.18578343     -9.27007469     -9.28760370     -9.41270995     -9.46591847     -9.53800028     -9.61506050     -9.68172528     -9.76408489     -9.81347842     -9.87450528     -9.91756358     -9.96551393     -9.99741184    -10.13103471    -10.19546007    -10.26714017    -10.44948138    -10.47330598    -10.55970069    -10.60573715    -10.61247497    -10.63783401    -10.99362370    -11.01076303
      0.91984619     11.00492582     10.98782527     10.64304672     10.62398062     10.61837052     10.56554091     10.45851459     10.44420402     10.28298671     10.19064710     10.14795852     10.00202571      9.97079895      9.90460082      9.86815828      9.82337080      9.75002063      9.67949729      9.58795172      9.56525968      9.43323997      9.40111414      9.28557251      9.21812579      9.18376838      8.95335445      8.93010136      8.82404791      8.72870303      8.62342399      8.51173128      8.41838824      8.22492178      8.16211620      7.87390899      7.81346930      7.64577862      7.52968732      7.34028237      7.14158884      6.89404212      6.81056155      6.57930859      6.35897750      6.10005362      6.02421879      5.78374664      5.57900530      5.22208588      4.92857297      4.79455074      4.45421321      4.08118046      3.80926939      3.65063091      3.34538256      2.86852203      2.47907994      2.42283461      1.84731061      1.28483936      0.78972656      0.43535078      0.13886179     -0.13886158     -0.43535079     -0.78972702     -1.28483927     -1.84730996     -2.42283475     -2.47908039     -2.86852250     -3.34538230     -3.65063068     -3.80926910     -4.08117979     -4.45421396     -4.79454943     -4.92857340     -5.22208792     -5.57900559     -5.78374877     -6.02421664     -6.10005186     -6.35897707     -6.57930771     -6.81056071     -6.89404550     -7.14158681     -7.34027851     -7.52969024     -7.64578322     -7.81346887     -7.87390807     -8.16212327     -8.22492006     -8.41838232     -8.51172405     -8.62343033     -8.72870884     -8.82405072     -8.93008528     -8.95335418     -9.18376086     -9.21813082     -9.28558388     -9.40111814     -9.43323838     -9.56525970     -9.58795434     -9.67949808     -9.75001663     -9.82336931     -9.86815722     -9.90460185     -9.97080093    -10.00202027    -10.14795915    -10.19064434    -10.28299185    -10.44420727    -10.45851124    -10.56554090    -10.61836960    -10.62398038    -10.64304737    -10.98782530    -11.00492578
      0.92963179     11.00092131     10.98387371     10.64765769     10.63377858     10.62378831     10.56809290     10.44945374     10.43830792     10.29598508     10.18511366     10.16275962     10.00067324      9.97597879      9.90286333      9.85491328      9.83365030      9.72163013      9.68073354      9.62968064      9.52493289      9.41996670      9.39984309      9.31533828      9.17615107      9.11262906      8.99134944      8.91381225      8.80911090      8.75575431      8.71526540      8.50488753      8.44956912      8.23845356      8.16020964      7.86493368      7.81855635      7.62656007      7.56438805      7.27571380      7.16948986      6.86422008      6.70691660      6.54377591      6.36713025      6.15315391      6.09800297      5.77610593      5.61796969      5.23776561      4.92664044      4.79867030      4.44885942      4.03914462      3.75835101      3.64793252      3.38522802      2.87325261      2.45993920      2.42525658      1.89592986      1.28360659      0.76068271      0.41286839      0.17010803     -0.17010790     -0.41286841     -0.76068294     -1.28360655     -1.89592952     -2.42525665     -2.45993943     -2.87325294     -3.38522775     -3.64793232     -3.75835114     -4.03914409     -4.44886005     -4.79866950     -4.92664051     -5.23776661     -5.61797049     -5.77610641     -6.09800081     -6.15315329     -6.36713223     -6.54377416     -6.70691475     -6.86422362     -7.16948956     -7.27571026     -7.56439135     -7.62656002     -7.81856140     -7.86492968     -8.16021120     -8.23845130     -8.44957054     -8.50488530     -8.71527013     -8.75574970     -8.80911319     -8.91380679     -8.99135160     -9.11262416     -9.17615093     -9.31534452     -9.39984628     -9.41996856     -9.52492479     -9.62969243     -9.68073184     -9.72162374     -9.83364934     -9.85491323     -9.90286403     -9.97598101    -10.00066929    -10.16276134    -10.18511100    -10.29598787    -10.43830858    -10.44945284    -10.56809282    -10.62378769    -10.63377863    -10.64765804    -10.98387372    -11.00092129
      0.93941739     10.99973724     10.98270952     10.64921021     10.63664391     10.62515740     10.56868885     10.44742373     10.43559055     10.30021774     10.18204725     10.16869345      9.99920450      9.97825415      9.90294273      9.84794891      9.83958347      9.70179164      9.67944470      9.65615712      9.50462361      9.42449342      9.40064373      9.32273191      9.15215228      9.09169716      9.00520030      8.91887616      8.80603958      8.75117818      8.74587760      8.49468124      8.47581732      8.24029070      8.15640377      7.85374448      7.83246178      7.60135198      7.59174583      7.24319769      7.19210560      6.85783998      6.66764447      6.51823717      6.39258746      6.15857470      6.13028075      5.76987057      5.63049332      5.24234397      4.92610858      4.79987505      4.44782524      4.02856687      3.73953314      3.64527106      3.40158236      2.87479724      2.45335201      2.42571467      1.91054687      1.28324796      0.75273577      0.40464886      0.18070349     -0.18070351     -0.40464885     -0.75273574     -1.28324797     -1.91054692     -2.42571466     -2.45335197     -2.87479719     -3.40158241     -3.64527110     -3.73953311     -4.02856696     -4.44782514     -4.79987517     -4.92610857     -5.24234382     -5.63049316     -5.76987053     -6.13028127     -6.15857466     -6.39258682     -6.51823771     -6.66764478     -6.85783941     -7.19210536     -7.24319853     -7.59174324     -7.60135415     -7.83245960     -7.85374640     -8.15640364     -8.24029109     -8.47581641     -8.49468194     -8.74587482     -8.75118171     -8.80603872     -8.91887684     -9.00519993     -9.09169786     -9.15215243     -9.32273122     -9.40064312     -9.42449257     -9.50462537     -9.65615278     -9.67944698     -9.70179315     -9.83958377     -9.84794874     -9.90294263     -9.97825370     -9.99920519    -10.16869295    -10.18204789    -10.30021732    -10.43559054    -10.44742379    -10.56868887    -10.62515749    -10.63664390    -10.64921016    -10.98270951    -10.99973724
      0.94920298     11.00168785     10.98462846     10.64669957     10.63190841     10.62284962     10.56767270     10.45095856     10.43978405     10.29335176     10.18649623     10.15954804     10.00130130      9.97475614      9.90291421      9.85808536      9.83115928      9.72971508      9.68047422      9.61842201      9.53530766      9.42023045      9.40004497      9.30916266      9.18837116      9.12692048      8.98247119      8.91297832      8.81348825      8.75413575      8.69620062      8.50713783      8.43934532      8.23663047      8.16200486      7.86830912      7.81438173      7.63348796      7.55544329      7.29083027      7.16095396      6.86888393      6.73021920      6.55357826      6.36046005      6.14380667      6.08187570      5.77919650      5.61021377      5.23479561      4.92699335      4.79788516      4.44965196      4.04642517      3.76963338      3.64894580      3.37600599      2.87228758      2.46399811      2.42486683      1.88654538      1.28384016      0.76598144      0.41773986      0.16364301     -0.16364317     -0.41773984     -0.76598115     -1.28384021     -1.88654582     -2.42486674     -2.46399782     -2.87228719     -3.37600628     -3.64894603     -3.76963330     -4.04642579     -4.44965122     -4.79788615     -4.92699323     -5.23479433     -5.61021294     -5.77919572     -6.08187802     -6.14380755     -6.36045850     -6.55357988     -6.73022124     -6.86887981     -7.16095474     -7.29083415     -7.55543998     -7.63348691     -7.81437761     -7.86831244     -8.16200234     -8.23663298     -8.43934495     -8.50714090     -8.69619524     -8.75413817     -8.81348661     -8.91298618     -8.98246898     -9.12692642     -9.18837078     -9.30915425     -9.40004144     -9.42022952     -9.53531614     -9.61841038     -9.68047500     -9.72972138     -9.83116033     -9.85808569     -9.90291333     -9.97475376    -10.00130587    -10.15954645    -10.18649905    -10.29334828    -10.43978281    -10.45096005    -10.56767278    -10.62285038    -10.63190837    -10.64669913    -10.98462844    -11.00168787
      0.95898858     11.00626103     10.98914771     10.64171587     10.62083437     10.61616750     10.56446125     10.46188949     10.44554674     10.27905247     10.19195533     10.14372531     10.00156229      9.96951395      9.90633091      9.87099610      9.82077246      9.75493805      9.67946304      9.58813515      9.56517399      9.44057550      9.40221541      9.28184767      9.21887263      9.20515054      8.95213001      8.93763190      8.82221261      8.71397886      8.59661684      8.51273439      8.41680559      8.21945340      8.15787146      7.87437829      7.81819743      7.64678788      7.52150954      7.35726769      7.13860471      6.90722671      6.83602540      6.58693455      6.36269129      6.08455991      6.00405592      5.78091366      5.56645322      5.21672190      4.92927676      4.79317017      4.45675838      4.09743483      3.82210759      3.65075424      3.33574722      2.86712087      2.48430599      2.42189137      1.83119946      1.28525690      0.80018186      0.44151709      0.12955098     -0.12955120     -0.44151709     -0.80018135     -1.28525699     -1.83120017     -2.42189122     -2.48430548     -2.86712042     -3.33574743     -3.65075446     -3.82210805     -4.09743544     -4.45675775     -4.79317150     -4.92927617     -5.21671964     -5.56645328     -5.78091100     -6.00405798     -6.08456194     -6.36269237     -6.58693506     -6.83602517     -6.90722457     -7.13860704     -7.35727114     -7.52150689     -7.64678256     -7.81819933     -7.87437847     -8.15786293     -8.21945425     -8.41681407     -8.51274313     -8.59661080     -8.71397088     -8.82220814     -8.93764583     -8.95213623     -9.20515806     -9.21886449     -9.28183729     -9.40221158     -9.44057743     -9.56516253     -9.58814385     -9.67946205     -9.75494095     -9.82077420     -9.87099712     -9.90633010     -9.96951224    -10.00156780    -10.14372511    -10.19195797    -10.27904690    -10.44554305    -10.46189321    -10.56446121    -10.61616818    -10.62083497    -10.64171517    -10.98914767    -11.00626107
      0.96877418     11.01236182     10.99521958     10.63663419     10.61018854     10.60113188     10.55751837     10.47727042     10.45086350     10.26344123     10.19643099     10.12703224      9.99521771      9.96382202      9.92304463      9.87393821      9.81129792      9.76560636      9.68360122      9.62375539      9.52876604      9.47511549      9.41836059      9.29843238      9.28154167      9.16928513      9.02437856      8.94208971      8.77587442      8.64615161      8.52936694      8.47551891      8.42921823      8.19973425      8.10981228      7.87308027      7.85721851      7.64555522      7.49144063      7.42049171      7.16343607      6.96698346      6.91666109      6.61386458      6.38468660      6.03223311      5.95117797      5.72299669      5.50761762      5.19028989      4.93308553      4.78700334      4.47519056      4.18479198      3.85967782      3.64995525      3.30772165      2.86180153      2.50098869      2.41712830      1.75649925      1.28720390      0.85333908      0.46417014      0.09143719     -0.09143743     -0.46417017     -0.85333841     -1.28720401     -1.75650012     -2.41712810     -2.50098799     -2.86180137     -3.30772153     -3.64995542     -3.85967885     -4.18479212     -4.47519114     -4.78700422     -4.93308403     -5.19028703     -5.50761929     -5.72299335     -5.95117918     -6.03223522     -6.38468975     -6.61386313     -6.91665942     -6.96698457     -7.16343890     -7.42049125     -7.49143986     -7.64555206     -7.85722111     -7.87307942     -8.10980461     -8.19972890     -8.42922430     -8.47552585     -8.52937887     -8.64613943     -8.77586569     -8.94210084     -9.02439564     -9.16926898     -9.28153396     -9.29843766     -9.41835780     -9.47511783     -9.52875287     -9.62376366     -9.68360096     -9.76560490     -9.81130113     -9.87393763     -9.92304546     -9.96382141     -9.99522312    -10.12703398    -10.19643289    -10.26343467    -10.45085918    -10.47727452    -10.55751800    -10.60113121    -10.61019079    -10.63663344    -10.99521955    -11.01236185
      0.97855978     11.01873358     11.00161213     10.63248332     10.60263874     10.58008763     10.54587431     10.49233456     10.45738466     10.25198617     10.19899316     10.11294367      9.98753959      9.94979156      9.94712756      9.86653141      9.80346301      9.76909176      9.69741181      9.64887011      9.52027168      9.49726660      9.43373571      9.37938748      9.27261598      9.11166995      9.09517660      8.96327348      8.70937630      8.61758487      8.49987300      8.48224746      8.32902298      8.18088711      8.04672730      7.92104257      7.85593120      7.66262107      7.47588931      7.45582076      7.25682163      7.01372775      6.95661185      6.63830414      6.40835027      5.99688379      5.94521988      5.61063003      5.43194438      5.15588716      4.93903626      4.78164814      4.51469062      4.29288398      3.87086372      3.64829507      3.30149373      2.85771445      2.50654337      2.41151982      1.67267156      1.28929961      0.92037048      0.48139941      0.05677310     -0.05677331     -0.48139944     -0.92036973     -1.28929972     -1.67267248     -2.41151962     -2.50654257     -2.85771470     -3.30149324     -3.64829518     -3.87086483     -4.29288378     -4.51469305     -4.78164798     -4.93903355     -5.15588455     -5.43194595     -5.61062937     -5.94521912     -5.99688529     -6.40835450     -6.63830140     -6.95661266     -7.01372880     -7.25682245     -7.45581939     -7.47588756     -7.66262485     -7.85592252     -7.92104531     -8.04672966     -8.18087924     -8.32901478     -8.48224994     -8.49989301     -8.61758153     -8.70937546     -8.96327983     -9.09515937     -9.11168668     -9.27260737     -9.37939436     -9.43373063     -9.49725542     -9.52027309     -9.64887306     -9.69741414     -9.76908834     -9.80346737     -9.86652970     -9.94712574     -9.94979371     -9.98754533    -10.11294675    -10.19899406    -10.25197990    -10.45738088    -10.49233813    -10.54587372    -10.58008686    -10.60264099    -10.63248267    -11.00161210    -11.01873361
      0.98834538     11.02427481     11.00721300     10.62952588     10.59737777     10.55731489     10.53284579     10.50324321     10.46647497     10.24728258     10.19961077     10.10141120      9.98911864      9.96694395      9.91899139      9.85536751      9.79453672      9.77720667      9.71506806      9.66175416      9.56701453      9.49954838      9.43437182      9.41404337      9.26578059      9.19637631      9.01643518      8.96928641      8.70744314      8.62484168      8.50783975      8.39104770      8.20351080      8.16631686      8.02586966      7.97085912      7.82402168      7.70296722      7.51462881      7.44809069      7.34252360      7.09804859      6.93178477      6.66707675      6.42775917      5.98251968      5.94236923      5.51882185      5.32097377      5.11323366      4.94847168      4.78172479      4.58878207      4.38898873      3.86234054      3.64667599      3.31400381      2.85458153      2.50254963      2.40614309      1.58852517      1.29117556      0.99324747      0.49313600      0.02938644     -0.02938660     -0.49313603     -0.99324673     -1.29117565     -1.58852604     -2.40614292     -2.50254890     -2.85458199     -3.31400318     -3.64667606     -3.86234137     -4.38898913     -4.58878513     -4.78172392     -4.94846773     -5.11323264     -5.32097242     -5.51882503     -5.94236736     -5.98252058     -6.42776309     -6.66707465     -6.93178352     -7.09805349     -7.34251969     -7.44808689     -7.51463364     -7.70297408     -7.82400734     -7.97085491     -8.02588512     -8.16630888     -8.20350851     -8.39104172     -8.50783655     -8.62485540     -8.70745799     -8.96928272     -9.01641626     -9.19639362     -9.26578011     -9.41403371     -9.43436975     -9.49954552     -9.56701582     -9.66175251     -9.71507197     -9.77720333     -9.79454133     -9.85536546     -9.91899116     -9.96694309     -9.98912489    -10.10141414    -10.19961085    -10.24727776    -10.46647238    -10.50324553    -10.53284534    -10.55731439    -10.59737944    -10.62952541    -11.00721298    -11.02427483
      0.99813097     11.02817462     11.01117786     10.62783641     10.59367369     10.53754045     10.52501097     10.50439607     10.47884987     10.24749671     10.19935236     10.09243358      9.99654311      9.97700037      9.88155226      9.84497365      9.79200012      9.78170798      9.72789755      9.67948094      9.59459464      9.54545346      9.42261545      9.37771001      9.28708784      9.26744392      8.95351083      8.93415556      8.75316006      8.68619169      8.42719709      8.29585143      8.20841055      8.08467301      8.03455794      7.99445855      7.79526546      7.72430982      7.61293033      7.43381396      7.36186397      7.18254521      6.89272799      6.70178850      6.43996938      5.98405567      5.93188699      5.47319289      5.17912994      5.06380062      4.96257264      4.80707593      4.68412549      4.44825527      3.84627473      3.64552035      3.33357224      2.85217028      2.49545979      2.40207137      1.51567114      1.29255528      1.05953501      0.50021024      0.01122780     -0.01122790     -0.50021025     -1.05953444     -1.29255534     -1.51567179     -2.40207127     -2.49545931     -2.85217065     -3.33357175     -3.64552039     -3.84627519     -4.44825653     -4.68412621     -4.80707692     -4.96256788     -5.06380223     -5.17912693     -5.47319630     -5.93188559     -5.98405588     -6.43997183     -6.70178812     -6.89272575     -7.18255134     -7.36186366     -7.43380429     -7.61293990     -7.72431137     -7.79525772     -7.99445578     -8.03455485     -8.08467971     -8.20841907     -8.29584217     -8.42718448     -8.68621163     -8.75317668     -8.93413827     -8.95349877     -9.26745962     -9.28709612     -9.37769596     -9.42260752     -9.54545594     -9.59459453     -9.67947834     -9.72790088     -9.78171186     -9.79199706     -9.84497193     -9.88155277     -9.97699947     -9.99654733    -10.09243538    -10.19935213    -10.24749394    -10.47884868    -10.50439666    -10.52501006    -10.53754134    -10.59367457    -10.62783615    -11.01117785    -11.02817463
      1.00791657     11.02993283     11.01297163     10.62720549     10.59177625     10.53324885     10.51282887     10.50080175     10.49187767     10.24865960     10.19908579     10.08798361     10.00135935      9.98039846      9.85410583      9.83946318      9.80592801      9.77006093      9.73285627      9.69908524      9.60046982      9.57592507      9.39149984      9.33568908      9.33473088      9.31019119      8.92647517      8.87697017      8.78998774      8.74243951      8.33088239      8.28319768      8.22650060      8.10099761      8.00899095      7.95569470      7.80009903      7.71099328      7.70169836      7.42021395      7.35603254      7.23676506      6.86394867      6.72815869      6.44487499      5.98645338      5.92575739      5.45729539      5.07718145      4.99998060      4.96194082      4.90746682      4.72374538      4.47232463      3.83596918      3.64500618      3.34569589      2.85095859      2.49124147      2.40015516      1.47515536      1.29323228      1.09735343      0.50316501      0.00314733     -0.00314735     -0.50316501     -1.09735329     -1.29323230     -1.47515552     -2.40015514     -2.49124137     -2.85095867     -3.34569578     -3.64500619     -3.83596927     -4.47232504     -4.72374503     -4.90747005     -4.96193589     -4.99998243     -5.07718054     -5.45729620     -5.92575708     -5.98645340     -6.44487549     -6.72815887     -6.86394790     -7.23676703     -7.35603313     -7.42021065     -7.70170170     -7.71099260     -7.80009849     -7.95569174     -8.00898875     -8.10100367     -8.22649616     -8.28320987     -8.33086958     -8.74244714     -8.78999319     -8.87696299     -8.92647069     -9.31020417     -9.33473126     -9.33568154     -9.39149460     -9.57592580     -9.60046966     -9.69908438     -9.73285705     -9.77006221     -9.80592676     -9.83946271     -9.85410641     -9.98039831    -10.00136019    -10.08798398    -10.19908572    -10.24865905    -10.49187758    -10.50080179    -10.51282837    -10.53324929    -10.59177641    -10.62720544    -11.01297163    -11.02993283
      1.01770217     11.02934105     11.01236744     10.62740765     10.59244087     10.53373289     10.51925749     10.50229054     10.48588918     10.24818782     10.19918600     10.08951195      9.99967257      9.97930879      9.86496057      9.84142980      9.79987978      9.77487847      9.73132408      9.69108522      9.59905086      9.56502692      9.40695980      9.35635373      9.31257611      9.29036440      8.93741676      8.90069797      8.77557121      8.71915788      8.37878512      8.25534268      8.24099149      8.08760843      8.00835252      7.98799089      7.79653991      7.71746923      7.66578411      7.42561021      7.35946147      7.21630647      6.87505310      6.71787144      6.44327340      5.98558047      5.92787556      5.46237662      5.11437401      5.03383907      4.96951877      4.84859451      4.71293053      4.46435576      3.83967070      3.64517836      3.34136575      2.85137693      2.49272770      2.40080575      1.48960708      1.29299636      1.08379744      0.50218451      0.00590313     -0.00590307     -0.50218450     -1.08379783     -1.29299632     -1.48960664     -2.40080582     -2.49272800     -2.85137669     -3.34136608     -3.64517833     -3.83967043     -4.46435470     -4.71293105     -4.84859194     -4.96952379     -5.03383648     -5.11437675     -5.46237432     -5.92787646     -5.98558041     -6.44327190     -6.71787125     -6.87505499     -7.21630156     -7.35946044     -7.42561843     -7.66577612     -7.71747050     -7.79654261     -7.98799440     -8.00836083     -8.08759548     -8.24098196     -8.25535003     -8.37879833     -8.71914100     -8.77555792     -8.90071348     -8.93742711     -9.29035001     -9.31256579     -9.35636848     -9.40696824     -9.56502497     -9.59905120     -9.69108730     -9.73132184     -9.77487535     -9.79988254     -9.84143102     -9.86495969     -9.97930928     -9.99967002    -10.08951086    -10.19918619    -10.24818949    -10.48588973    -10.50229034    -10.51925866    -10.53373173    -10.59244036    -10.62740780    -11.01236744    -11.02934104
      1.02748777     11.02646828     11.00944068     10.62852962     10.59534888     10.54640787     10.52830464     10.50525885     10.47226106     10.24701367     10.19952299     10.09650454      9.99264815      9.97309031      9.90028067      9.84978287      9.78883037      9.78386709      9.72240378      9.66902910      9.58436291      9.52118521      9.43329138      9.39763233      9.27171326      9.23502716      8.97855212      8.96034287      8.72875976      8.65227239      8.47263299      8.34250188      8.18851498      8.12704350      8.03587857      7.98436415      7.80506321      7.71978231      7.55864892      7.44181120      7.35859629      7.14180988      6.91261223      6.68407023      6.43483054      5.98252032      5.93717732      5.49121040      5.25139728      5.08933248      4.95497982      4.78816246      4.63795431      4.42345764      3.85439450      3.64602491      3.32383154      2.85326601      2.49896155      2.40388275      1.54966722      1.29194052      1.02829684      0.49721192      0.01907994     -0.01907981     -0.49721190     -1.02829752     -1.29194044     -1.54966643     -2.40388289     -2.49896218     -2.85326556     -3.32383214     -3.64602485     -3.85439386     -4.42345668     -4.63795203     -4.78816290     -4.95498425     -5.08933224     -5.25139973     -5.49120659     -5.93717907     -5.98251983     -6.43482726     -6.68407148     -6.91261420     -7.14180388     -7.35859907     -7.44181911     -7.55864003     -7.71977672     -7.80507634     -7.98436803     -8.03586597     -8.12705160     -8.18850985     -8.34250998     -8.47264338     -8.65225293     -8.72874278     -8.96035264     -8.97856970     -9.23501026     -9.27170914     -9.39764487     -9.43329740     -9.52118371     -9.58436235     -9.66903166     -9.72239988     -9.78387029     -9.78882601     -9.84978485     -9.90028058     -9.97309149     -9.99264253    -10.09650209    -10.19952314    -10.24701750    -10.47226295    -10.50525747    -10.52830502    -10.54640791    -10.59534760    -10.62852999    -11.00944070    -11.02646826
      1.03727336     11.02166611     11.00457138     10.63084405     10.59977633     10.56873149     10.53908868     10.49861979     10.46153515     10.24880504     10.19948829     10.10691927      9.98715489      9.95821370      9.93597574      9.86113375      9.79936352      9.77213535      9.70644310      9.65598187      9.54441960      9.49170369      9.43084603      9.41143163      9.26684708      9.15485105      9.05594603      8.96959365      8.69725745      8.61523533      8.51716099      8.43883884      8.26408399      8.17307737      8.02788347      7.94955020      7.84266346      7.68170116      7.48816762      7.45314550      7.30692195      7.05417978      6.94777727      6.65180061      6.41884220      5.98672834      5.94525699      5.55870040      5.38201062      5.13553145      4.94320722      4.78048790      4.54675400      4.34467977      3.86837651      3.64744667      3.30598915      2.85606394      2.50537697      2.40873284      1.63005045      1.29028513      0.95670535      0.48790104      0.04201675     -0.04201656     -0.48790101     -0.95670610     -1.29028502     -1.63004954     -2.40873303     -2.50537776     -2.85606355     -3.30598974     -3.64744658     -3.86837551     -4.34467983     -4.54675094     -4.78048856     -4.94321058     -5.13553345     -5.38201040     -5.55869893     -5.94525854     -5.98672709     -6.41883794     -6.65180326     -6.94777751     -7.05417663     -7.30692381     -7.45314570     -7.48816876     -7.68169505     -7.84267568     -7.94955107     -8.02787331     -8.17308448     -8.26409121     -8.43884158     -8.51714940     -8.61523349     -8.69724868     -8.96959193     -9.05596466     -9.15483356     -9.26685216     -9.41142857     -9.43085226     -9.49171269     -9.54441783     -9.65598159     -9.70643971     -9.77213880     -9.79935896     -9.86113571     -9.93597630     -9.95821355     -9.98714879    -10.10691608    -10.19948785    -10.24881070    -10.46153839    -10.49861673    -10.53908925    -10.56873219    -10.59977432    -10.63084462    -11.00457140    -11.02166608
      1.04705896     11.01558871     10.99845051     10.63442109     10.60609718     10.59100815     10.55221515     10.48506969     10.45387704     10.25692456     10.19799048     10.11960438      9.99061849      9.95872244      9.93513050      9.87101832      9.80729161      9.76742082      9.68936715      9.63838249      9.51259691      9.49478523      9.42897429      9.33951468      9.27950175      9.13332974      9.06776344      8.95289385      8.74027787      8.62425471      8.51440156      8.47647191      8.39108656      8.19029323      8.07650487      7.89112100      7.86332964      7.65021465      7.47951572      7.44415699      7.20478623      6.98546371      6.94720642      6.62597211      6.39677144      6.01235804      5.94529499      5.66870791      5.47269310      5.17412519      4.93572432      4.78402956      4.49150611      4.23804144      3.86835912      3.64916083      3.30182150      2.85959912      2.50524398      2.41436418      1.71517823      1.28825777      0.88555373      0.47351546      0.07337666     -0.07337643     -0.47351543     -0.88555445     -1.28825765     -1.71517732     -2.41436439     -2.50524475     -2.85959906     -3.30182181     -3.64916069     -3.86835798     -4.23804154     -4.49150460     -4.78402916     -4.93572640     -5.17412807     -5.47269107     -5.66871026     -5.94529476     -6.01235624     -6.39676759     -6.62597441     -6.94720604     -6.98546346     -7.20478388     -7.44415986     -7.47951557     -7.65021437     -7.86333499     -7.89111661     -8.07650863     -8.19030061     -8.39109425     -8.47645120     -8.51439184     -8.62426319     -8.74028468     -8.95288425     -9.06774567     -9.13334732     -9.27951214     -9.33950694     -9.42897780     -9.49478332     -9.51260928     -9.63837668     -9.68936619     -9.76742366     -9.80728770     -9.87101959     -9.93512962     -9.95872268     -9.99061303    -10.11960181    -10.19798906    -10.25693115    -10.45388119    -10.48506576    -10.55221567    -10.59100892    -10.60609483    -10.63442179    -10.99845054    -11.01558868
      1.05684456     11.00919991     10.99206654     10.63908797     10.61496655     10.60988445     10.56157065     10.46937777     10.44814824     10.27102717     10.19438177     10.13519026      9.99926037      9.96693730      9.91281422      9.87426691      9.81579738      9.76189299      9.68046967      9.60572813      9.54759054      9.45710214      9.40789427      9.28449391      9.24928385      9.20049878      8.98353252      8.93609270      8.80595617      8.67970802      8.54760533      8.50823227      8.42215550      8.20901689      8.13929626      7.87380934      7.83481873      7.64599432      7.50584425      7.39047234      7.14186292      6.93906879      6.87979819      6.60104781      6.37288631      6.05628247      5.97007086      5.76232695      5.53870022      5.20447367      4.93096662      4.79015547      4.46404959      4.13700756      3.84413665      3.65054978      3.31926384      2.86434451      2.49379179      2.41967859      1.79556792      1.28618719      0.82463434      0.45340613      0.11041457     -0.11041434     -0.45340612     -0.82463494     -1.28618708     -1.79556711     -2.41967877     -2.49379240     -2.86434485     -3.31926377     -3.65054958     -3.84413586     -4.13700716     -4.46404974     -4.79015426     -4.93096761     -5.20447631     -5.53869933     -5.76233039     -5.97006902     -6.05628021     -6.37288410     -6.60104823     -6.87980027     -6.93906835     -7.14186020     -7.39047040     -7.50584610     -7.64599958     -7.83481495     -7.87381047     -8.13930574     -8.20901899     -8.42214323     -8.50822472     -8.54760550     -8.67971916     -8.80596398     -8.93608210     -8.98351703     -9.20051247     -9.24927658     -9.28450273     -9.40789738     -9.45709993     -9.54760407     -9.60571804     -9.68047060     -9.76189241     -9.81579497     -9.87426656     -9.91281415     -9.96693841     -9.99925489    -10.13518949    -10.19437946    -10.27103338    -10.44815243    -10.46937369    -10.56157084    -10.60988473    -10.61496480    -10.63908872    -10.99206658    -11.00919988
      1.06663016     11.00370635     10.98661962     10.64434891     10.62695325     10.62016977     10.56641819     10.45551155     10.44279803     10.28675016     10.18929011     10.15206118     10.00208126      9.97211433      9.90361415      9.86487995      9.82598972      9.74412042      9.67974764      9.59638254      9.55679521      9.42705224      9.40064324      9.29281220      9.21119127      9.16320163      8.96208785      8.92077859      8.82243020      8.74066630      8.64946226      8.51039695      8.42297216      8.22986020      8.16366775      7.87279024      7.81137615      7.64327713      7.53807603      7.32338792      7.14662813      6.88343976      6.78354554      6.57126096      6.35688670      6.11584199      6.04454223      5.78376033      5.59056589      5.22691229      4.92795916      4.79580993      4.45224629      4.06731711      3.79581801      3.65030704      3.35557134      2.86987963      2.47380003      2.42365178      1.86203717      1.28446076      0.78052071      0.42920890      0.14778358     -0.14778338     -0.42920891     -0.78052112     -1.28446069     -1.86203658     -2.42365190     -2.47380043     -2.86988010     -3.35557104     -3.65030680     -3.79581787     -4.06731641     -4.45224710     -4.79580869     -4.92795946     -5.22691409     -5.59056645     -5.78376195     -6.04453996     -6.11584054     -6.35688695     -6.57125977     -6.78354395     -6.88344388     -7.14662645     -7.32338387     -7.53807916     -7.64328066     -7.81137734     -7.87278852     -8.16367313     -8.22985794     -8.42296875     -8.51039130     -8.64946850     -8.74066953     -8.82243192     -8.92076512     -8.96208884     -9.16319442     -9.21119398     -9.29282352     -9.40064724     -9.42705125     -9.55678887     -9.59639153     -9.67974808     -9.74411543     -9.82598842     -9.86487905     -9.90361523     -9.97211655    -10.00207598    -10.15206221    -10.18928728    -10.28675482    -10.44280068    -10.45550873    -10.56641813    -10.62016881    -10.62695318    -10.64434950    -10.98661965    -11.00370632
      1.07641576     11.00033450     10.98329650     10.64841623     10.63520248     10.62447875     10.56839591     10.44840245     10.43702967     10.29805712     10.18380795     10.16548001     10.00003112      9.97703641      9.90288215      9.85202898      9.83601613      9.71351351      9.68073417      9.64044733      9.51573149      9.42121998      9.39998223      9.31947103      9.16519445      9.10185050      8.99829529      8.91587204      8.80650215      8.75497552      8.73022117      8.50191198      8.45989902      8.23951528      8.15847049      7.86095902      7.82365563      7.61868220      7.57347737      7.26192886      7.17833121      6.86093963      6.68790698      6.53359576      6.37642494      6.15821425      6.11204211      5.77324417      5.62407768      5.24003561      4.92637496      4.79926850      4.44831917      4.03380331      3.74922389      3.64682909      3.39297392      2.87401010      2.45671821      2.42551144      1.90315322      1.28342852      0.75670846      0.40890931      0.17525782     -0.17525773     -0.40890933     -0.75670862     -1.28342849     -1.90315297     -2.42551149     -2.45671838     -2.87401035     -3.39297371     -3.64682893     -3.74922401     -4.03380291     -4.44831965     -4.79926790     -4.92637500     -5.24003633     -5.62407835     -5.77324444     -6.11204027     -6.15821391     -6.37642700     -6.53359405     -6.68790553     -6.86094234     -7.17833135     -7.26192587     -7.57348055     -7.61868122     -7.82366102     -7.86095463     -8.15847138     -8.23951350     -8.45990092     -8.50191029     -8.73022531     -8.75496981     -8.80650482     -8.91586845     -8.99829703     -9.10184690     -9.16519407     -9.31947512     -9.39998487     -9.42122235     -9.51572455     -9.64045866     -9.68073135     -9.71350770     -9.83601528     -9.85202916     -9.90288266     -9.97703827    -10.00002803    -10.16548166    -10.18380563    -10.29805917    -10.43702994    -10.44840197    -10.56839584    -10.62447831    -10.63520252    -10.64841648    -10.98329651    -11.00033448
      1.08620135     10.99993749     10.98290628     10.64894165     10.63616153     10.62493233     10.56859227     10.44774169     10.43608874     10.29948818     10.18270961     10.16754228      9.99950215      9.97782824      9.90291848      9.84957434      9.83812740      9.70631708      9.68027377      9.64989973      9.50860127      9.42310232      9.40035348      9.32177156      9.15678131      9.09493962      9.00293006      8.91780478      8.80581102      8.75306039      8.74040724      8.49819290      8.46925213      8.24006430      8.15712882      7.85683153      7.82879216      7.61016221      7.58265461      7.25040917      7.18654697      6.85885455      6.67452369      6.52424098      6.38611009      6.15940294      6.12333903      5.77105552      5.62831679      5.24157043      4.92619750      4.79967167      4.44798495      4.03030042      3.74282403      3.64585351      3.39860640      2.87453163      2.45448950      2.42565425      1.90806259      1.28330841      0.75405979      0.40610507      0.17885289     -0.17885295     -0.40610505     -0.75405969     -1.28330843     -1.90806274     -2.42565422     -2.45448940     -2.87453148     -3.39860653     -3.64585361     -3.74282393     -4.03030067     -4.44798465     -4.79967204     -4.92619748     -5.24157000     -5.62831635     -5.77105539     -6.12334035     -6.15940301     -6.38610845     -6.52424234     -6.67452460     -6.85885286     -7.18654657     -7.25041133     -7.58265162     -7.61016392     -7.82878740     -7.85683558     -8.15712838     -8.24006544     -8.46925032     -8.49819424     -8.74040342     -8.75306598     -8.80580880     -8.91780685     -9.00292896     -9.09494177     -9.15678168     -9.32176932     -9.40035172     -9.42310022     -9.50860610     -9.64989018     -9.68027748     -9.70632127     -9.83812807     -9.84957406     -9.90291817     -9.97782699     -9.99950415    -10.16754100    -10.18271128    -10.29948694    -10.43608866    -10.44774191    -10.56859231    -10.62493260    -10.63616151    -10.64894150    -10.98290627    -10.99993750
      1.09598695     11.00262128     10.98554859     10.64558180     10.62961933     10.62164996     10.56712084     10.45297404     10.44131451     10.29024151     10.18789856     10.15595245     10.00180558      9.97344751      9.90311923      9.86145142      9.82859523      9.73729987      9.68010819      9.60713335      9.54617590      9.42257259      9.40036262      9.30130038      9.20056210      9.14402942      8.97236804      8.91495012      8.81844685      8.74922069      8.67397381      8.50889808      8.43018625      8.23380754      8.16337086      7.87093703      7.81180376      7.63914780      7.54666690      7.30682038      7.15321182      6.87518034      6.75627586      6.56271992      6.35714303      6.13090271      6.06395725      5.78196962      5.60101860      5.23116381      4.92743302      4.79692661      4.45075600      4.05577126      3.78237000      3.64974937      3.36593476      2.87114971      2.46869432      2.42433173      1.87518211      1.28412616      0.77259843      0.42326759      0.15611896     -0.15611914     -0.42326757     -0.77259808     -1.28412622     -1.87518263     -2.42433162     -2.46869397     -2.87114927     -3.36593506     -3.64974961     -3.78237002     -4.05577194     -4.45075519     -4.79692775     -4.92743282     -5.23116227     -5.60101785     -5.78196845     -6.06395960     -6.13090386     -6.35714210     -6.56272136     -6.75627784     -6.87517600     -7.15321308     -7.30682443     -7.54666365     -7.63914551     -7.81180099     -7.87093955     -8.16336705     -8.23381006     -8.43018752     -8.50890231     -8.67396791     -8.74922033     -8.81844550     -8.91496075     -8.97236620     -9.14403611     -9.20056083     -9.30129017     -9.40035881     -9.42257271     -9.54618398     -9.60712245     -9.68010827     -9.73730566     -9.82859639     -9.86145206     -9.90311821     -9.97344515    -10.00181058    -10.15595109    -10.18790143    -10.29023741    -10.44131255    -10.45297621    -10.56712092    -10.62165085    -10.62961932    -10.64558128    -10.98554856    -11.00262131
      1.10577255     11.00769245     10.99056798     10.64038815     10.61775243     10.61338972     10.56314835     10.46554149     10.44685072     10.27503460     10.19320564     10.13944267     10.00064771      9.96824194      9.90903602      9.87309521      9.81823559      9.75887844      9.67975093      9.59619491      9.55718028      9.44861901      9.40438243      9.28215790      9.22738861      9.21212088      8.96538471      8.93658983      8.81620283      8.69733191      8.57025086      8.51257656      8.41822088      8.21404227      8.15028461      7.87430325      7.82542703      7.64667333      7.51355203      7.37409519      7.13838908      6.92267213      6.85910376      6.59417395      6.36746097      6.06990247      5.98551921      5.77411061      5.55299803      5.21084493      4.93007302      4.79169568      4.45999471      4.11607811      3.83384483      3.65071537      3.32696470      2.86571644      2.48926939      2.42083472      1.81389311      1.28570811      0.81183820      0.44756972      0.12002078     -0.12002101     -0.44756973     -0.81183764     -1.28570821     -1.81389387     -2.42083455     -2.48926884     -2.86571604     -3.32696485     -3.65071558     -3.83384546     -4.11607862     -4.45999428     -4.79169697     -4.93007225     -5.21084247     -5.55299849     -5.77410748     -5.98552119     -6.06990467     -6.36746264     -6.59417402     -6.85910241     -6.92267142     -7.13839164     -7.37409801     -7.51354975     -7.64666777     -7.82543007     -7.87430274     -8.15027521     -8.21404182     -8.41823163     -8.51258613     -8.57024611     -8.69732216     -8.81619651     -8.93660001     -8.96539806     -9.21210955     -9.22739615     -9.28214855     -9.40437894     -9.44862112     -9.55716668     -9.59620550     -9.67974990     -9.75888017     -9.81823764     -9.87309598     -9.90903560     -9.96824053    -10.00065322    -10.13944295    -10.19320813    -10.27502868    -10.44684672    -10.46554544    -10.56314824    -10.61338992    -10.61775362    -10.64038742    -10.99056794    -11.00769248
      1.11555815     11.01397665     10.99683481     10.63549542     10.60806318     10.59619655     10.55501861     10.48120811     10.45232255     10.26001541     10.19727759     10.12321665      9.99286108      9.96164821      9.92898299      9.87272837      9.80924449      9.76664657      9.68614998      9.63157155      9.52014119      9.48479001      9.42407237      9.31852930      9.28184334      9.15168624      9.04590448      8.94725625      8.75820204      8.63307789      8.52372567      8.46940668      8.41687484      8.19507078      8.09317116      7.87838990      7.86390130      7.64700753      7.48501021      7.43335186      7.18202799      6.97666164      6.93332649      6.61995487      6.39074731      6.02177309      5.94706296      5.69703650      5.49071658      5.18246221      4.93433270      4.78547129      4.48260508      4.21095339      3.86484888      3.64957377      3.30405386      2.86065667      2.50349928      2.41576490      1.73605165      1.28772926      0.86906100      0.46902694      0.08225427     -0.08225450     -0.46902697     -0.86906031     -1.28772938     -1.73605254     -2.41576470     -2.50349854     -2.86065662     -3.30405364     -3.64957392     -3.86484998     -4.21095340     -4.48260611     -4.78547194     -4.93433091     -5.18245930     -5.49071850     -5.69703356     -5.94706369     -6.02177505     -6.39075084     -6.61995296     -6.93332576     -6.97666240     -7.18203069     -7.43335006     -7.48500999     -7.64700599     -7.86389864     -7.87839322     -8.09316519     -8.19506422     -8.41687043     -8.46942402     -8.52373773     -8.63306689     -8.75819389     -8.94726685     -9.04592196     -9.15166932     -9.28183298     -9.31853695     -9.42406934     -9.48479237     -9.52012819     -9.63157867     -9.68615028     -9.76664432     -9.80924808     -9.87272741     -9.92898395     -9.96164779     -9.99286649    -10.12321884    -10.19727926    -10.26000880    -10.45231828    -10.48121215    -10.55501816    -10.59619582    -10.60806551    -10.63549468    -10.99683478    -11.01397669
      1.12534375     11.02023381     11.00312470     10.63162497     10.60113959     10.57444257     10.54248466     10.49563340     10.45937090     10.25017745     10.19929709     10.10986105      9.98700973      9.95300421      9.94328943      9.86391305      9.80147578      9.77037680      9.70189895      9.65274823      9.53225414      9.49336562      9.43303784      9.39702922      9.26933976      9.13338727      9.07567212      8.96712668      8.70017216      8.61616505      8.51050946      8.46143300      8.29659481      8.17666451      8.03546927      7.93583969      7.85007214      7.67154302      7.48042205      7.45531014      7.28293022      7.03318093      6.95351626      6.64485763      6.41376395      5.99106617      5.94549151      5.58339482      5.40833344      5.14596966      4.94100157      4.78086192      4.52949399      4.31946552      3.87015851      3.64786436      3.30320895      2.85686505      2.50622315      2.41011045      1.65130473      1.28980195      0.93842372      0.48481594      0.04914431     -0.04914451     -0.48481597     -0.93842297     -1.28980206     -1.65130565     -2.41011026     -2.50622234     -2.85686538     -3.30320840     -3.64786446     -3.87015957     -4.31946535     -4.52949680     -4.78086150     -4.94099853     -5.14596730     -5.40833442     -5.58339521     -5.94549031     -5.99106754     -6.41376825     -6.64485488     -6.95351657     -7.03318303     -7.28292981     -7.45531015     -7.48041954     -7.67154815     -7.85006164     -7.93584083     -8.03547544     -8.17665691     -8.29658693     -8.46143257     -8.51052655     -8.61616350     -8.70017611     -8.96713086     -9.07565385     -9.13340471     -9.26933273     -9.39703498     -9.43303183     -9.49335493     -9.53225596     -9.65274979     -9.70190188     -9.77037332     -9.80148027     -9.86391120     -9.94328843     -9.95300521     -9.98701564    -10.10986423    -10.19929776    -10.25017145    -10.45936737    -10.49563674    -10.54248407    -10.57444182    -10.60114173    -10.63162436    -11.00312467    -11.02023383
      1.13512934     11.02542839     11.00838384     10.62898833     10.59632000     10.55174220     10.53031115     10.50463387     10.46926197     10.24702297     10.19958423     10.09886984      9.99075196      9.97033600      9.90974856      9.85251610      9.79177031      9.78041116      9.71893563      9.66503459      9.57652809      9.50932736      9.43544972      9.40653055      9.26775925      9.21617607      8.99699801      8.96610665      8.71732871      8.63707425      8.49232095      8.36670877      8.18774939      8.15267816      8.03034564      7.97823438      7.81403448      7.71243008      7.53466418      7.44518730      7.35273501      7.12011184      6.92243853      6.67539550      6.43153417      5.98217879      5.93991646      5.50363123      5.28694119      5.10146267      4.95156857      4.78399015      4.61290504      4.40748520      3.85849852      3.64633349      3.31880804      2.85390042      2.50079522      2.40496392      1.56864356      1.29157534      1.01108609      0.49531306      0.02393308     -0.02393322     -0.49531308     -1.01108538     -1.29157543     -1.56864439     -2.40496376     -2.50079453     -2.85390088     -3.31880741     -3.64633356     -3.85849926     -4.40748589     -4.61290781     -4.78398939     -4.95156436     -5.10146225     -5.28693922     -5.50363487     -5.93991461     -5.98217947     -6.43153781     -6.67539380     -6.92243688     -7.12011738     -7.35273129     -7.44518125     -7.53467154     -7.71243663     -7.81402022     -7.97823004     -8.03036070     -8.15266778     -8.18775260     -8.36670162     -8.49231314     -8.63709181     -8.71734498     -8.96610016     -8.99697931     -9.21619321     -9.26776113     -9.40651914     -9.43544544     -9.50932725     -9.57652903     -9.66503236     -9.71893960     -9.78040785     -9.79177487     -9.85251406     -9.90974847     -9.97033488     -9.99075801    -10.09887256    -10.19958418    -10.24701864    -10.46925973    -10.50463573    -10.53031077    -10.55174188    -10.59632148    -10.62898791    -11.00838382    -11.02542840
      1.14491494     11.02882791     11.01184391     10.62759157     10.59299409     10.53494062     10.52256708     10.50336150     10.48235848     10.24784707     10.19926433     10.09081105      9.99825696      9.97832338      9.87281541      9.84302039      9.79598838      9.77821560      9.72986768      9.68540572      9.59736673      9.55611575      9.41519678      9.36712804      9.29917370      9.27973019      8.94511291      8.91697854      8.76493738      8.70320698      8.40312484      8.27430218      8.22368209      8.08230835      8.01879448      7.99678029      7.79503115      7.72160902      7.64032595      7.42957405      7.36106543      7.20062409      6.88338119      6.71025044      6.44184179      5.98487341      5.92967116      5.46699629      5.14478049      5.04978569      4.96639346      4.82478636      4.70121625      4.45734384      3.84268602      3.64532841      3.33781906      2.85173065      2.49396259      2.40136531      1.50142186      1.29279924      1.07276823      0.50132302      0.00824716     -0.00824723     -0.50132303     -1.07276774     -1.29279929     -1.50142242     -2.40136522     -2.49396220     -2.85173096     -3.33781864     -3.64532844     -3.84268639     -4.45734506     -4.70121618     -4.82478824     -4.96638858     -5.04978790     -5.14477745     -5.46699922     -5.92966999     -5.98487353     -6.44184377     -6.71025041     -6.88337904     -7.20062982     -7.36106602     -7.42956466     -7.64033501     -7.72160868     -7.79502633     -7.99677888     -8.01878406     -8.08232113     -8.22369194     -8.27429292     -8.40311181     -8.70322590     -8.76495279     -8.91696147     -8.94510142     -9.27974497     -9.29918364     -9.36711353     -9.41518840     -9.55611809     -9.59736643     -9.68540332     -9.72987052     -9.77821923     -9.79598535     -9.84301889     -9.87281614     -9.97832268     -9.99826035    -10.09081250    -10.19926411    -10.24784485    -10.48235763    -10.50336184    -10.52256587    -10.53494186    -10.59299478    -10.62759137    -11.01184390    -11.02882792
      1.15470054     11.03000720     11.01304760     10.62718080     10.59169070     10.53324371     10.51164492     10.50059718     10.49296500     10.24872430     10.19907234     10.08778973     10.00157577      9.98053218      9.85253022      9.83918752      9.80689565      9.76935510      9.73303649      9.70022650      9.60061120      9.57734520      9.38845250      9.33900681      9.32908008      9.31631468      8.92487429      8.87334901      8.79203355      8.74599749      8.31260017      8.30062091      8.22239452      8.10344461      8.00928024      7.95046341      7.80069831      7.71071281      7.70633739      7.41946053      7.35542683      7.23958777      6.86240314      6.72960098      6.44507302      5.98656688      5.92548767      5.45667564      5.07266966      4.99530141      4.94410709      4.93221802      4.72488915      4.47331892      3.83548665      3.64498462      3.34625858      2.85090530      2.49104993      2.40007297      1.47326730      1.29326281      1.09912948      0.50328728      0.00278697     -0.00278697     -0.50328728     -1.09912948     -1.29326281     -1.47326730     -2.40007297     -2.49104993     -2.85090530     -3.34625858     -3.64498462     -3.83548665     -4.47331892     -4.72488915     -4.93221802     -4.94410709     -4.99530141     -5.07266966     -5.45667564     -5.92548767     -5.98656688     -6.44507302     -6.72960098     -6.86240314     -7.23958777     -7.35542683     -7.41946053     -7.70633739     -7.71071281     -7.80069831     -7.95046341     -8.00928024     -8.10344461     -8.22239452     -8.30062091     -8.31260017     -8.74599749     -8.79203355     -8.87334901     -8.92487429     -9.31631468     -9.32908008     -9.33900681     -9.38845250     -9.57734520     -9.60061120     -9.70022650     -9.73303649     -9.76935510     -9.80689565     -9.83918752     -9.85253022     -9.98053218    -10.00157577    -10.08778973    -10.19907234    -10.24872430    -10.49296500    -10.50059718    -10.51164492    -10.53324371    -10.59169070    -10.62718080    -11.01304760    -11.03000720
      1.16450446     11.02882367     11.01183923     10.62758858     10.59301543     10.53496154     10.52259313     10.50337430     10.48230329     10.24779261     10.19926055     10.09085466      9.99831620      9.97830987      9.87291242      9.84285969      9.79630877      9.77823094      9.72942179      9.68564400      9.59731681      9.55603667      9.41527386      9.36666917      9.29912942      9.28020854      8.94482715      8.91677936      8.76513030      8.70361629      8.40305341      8.27405194      8.22379138      8.08361702      8.01590768      7.99828710      7.79716371      7.71837592      7.64180192      7.42893038      7.36144852      7.20058696      6.88340562      6.71017638      6.44188287      5.98488052      5.92964542      5.46712458      5.14459207      5.05072112      4.96584236      4.82451534      4.70127535      4.45728503      3.84271895      3.64533053      3.33777832      2.85174595      2.49396090      2.40136715      1.50153378      1.29280253      1.07266096      0.50131649      0.00827362     -0.00827000     -0.50131598     -1.07268406     -1.29280020     -1.50150750     -2.40137123     -2.49397917     -2.85173120     -3.33779781     -3.64532892     -3.84270168     -4.45722669     -4.70128309     -4.82442252     -4.96606024     -5.05063637     -5.14472825     -5.46698720     -5.92970000     -5.98487518     -6.44179003     -6.71017703     -6.88350779     -7.20031773     -7.36141748     -7.42937350     -7.64137984     -7.71838709     -7.79739196     -7.99841584     -8.01629944     -8.08304996     -8.22334875     -8.27446573     -8.40367237     -8.70272368     -8.76440458     -8.91757933     -8.94537220     -9.27950075     -9.29868101     -9.36732892     -9.41568743     -9.55592201     -9.59732970     -9.68576594     -9.72927587     -9.77807752     -9.79643882     -9.84292966     -9.87287889     -9.97834319     -9.99815551    -10.09078597    -10.19927097    -10.24789728    -10.48234396    -10.50335724    -10.52265107    -10.53490263    -10.59298303    -10.62759814    -11.01183960    -11.02882335
      1.17430838     11.02541071     11.00836521     10.62900118     10.59638408     10.55148418     10.53073774     10.50479874     10.46888894     10.24698815     10.19966374     10.09882921      9.99028786      9.97092533      9.90983684      9.85036658      9.80478916      9.77098898      9.71231958      9.67099807      9.57525573      9.50576205      9.44539878      9.40071624      9.26403757      9.21983784      8.99513827      8.96740742      8.71502338      8.64037265      8.49347177      8.36462717      8.18153825      8.16067419      8.02629830      7.97436477      7.83884571      7.68574945      7.55184395      7.42357754      7.36628046      7.11879884      6.92300587      6.67467107      6.43189423      5.98306110      5.93888164      5.50494934      5.28304620      5.10874229      4.94845815      4.78036819      4.61671584      4.40601123      3.85852096      3.64634075      3.31862717      2.85423044      2.50062513      2.40493349      1.56899678      1.29170164      1.01063809      0.49532014      0.02411934     -0.02411245     -0.49531905     -1.01067166     -1.29169734     -1.56895735     -2.40494099     -2.50065703     -2.85420893     -3.31865654     -3.64633763     -3.85848659     -4.40596162     -4.61663816     -4.78036369     -4.94861315     -5.10884086     -5.28309858     -5.50478849     -5.93895322     -5.98304053     -6.43173620     -6.67472771     -6.92309484     -7.11854782     -7.36643470     -7.42378239     -7.55161261     -7.68555229     -7.83939506     -7.97447164     -8.02577558     -8.16084763     -8.18163224     -8.36487962     -8.49390787     -8.63953913     -8.71425321     -8.96759991     -8.99612889     -9.21899855     -9.26398434     -9.40103334     -9.44595170     -9.50563860     -9.57518196     -9.67119387     -9.71205163     -9.77105334     -9.80467749     -9.85045668     -9.90984571     -9.97100087     -9.98998334    -10.09869587    -10.19966937    -10.24719248    -10.46899401    -10.50471144    -10.53075573    -10.55149855    -10.59631438    -10.62902126    -11.00836602    -11.02540998
      1.18411230     11.02018350     11.00307318     10.63175724     10.60147824     10.57354654     10.54301387     10.49758000     10.45709915     10.25034587     10.20047009     10.10862743      9.98385387      9.95715319      9.94334056      9.85742444      9.82897888      9.74616040      9.69011515      9.66617629      9.52669461      9.48294381      9.45641991      9.39692226      9.25518744      9.14955361      9.06641148      8.96692872      8.67456624      8.65178486      8.51919385      8.44602186      8.28546386      8.17320982      8.02817434      7.95949956      7.87459518      7.63546781      7.52144512      7.36674261      7.34089971      7.02598946      6.95912188      6.64043853      6.41645530      5.99923444      5.93572011      5.59078663      5.39278112      5.16662590      4.93376102      4.76979512      4.54368388      4.31305986      3.86954209      3.64788247      3.30206353      2.86031167      2.50412566      2.40976583      1.65238442      1.29057074      0.93670484      0.48512615      0.04991880     -0.04990937     -0.48512436     -0.93674077     -1.29056519     -1.65234081     -2.40977600     -2.50416140     -2.86029910     -3.30208784     -3.64787734     -3.86949432     -4.31301610     -4.54367441     -4.76973766     -4.93384119     -5.16685276     -5.39267893     -5.59078467     -5.93571094     -5.99921819     -6.41632113     -6.64045999     -6.95915869     -7.02591483     -7.34063832     -7.36700618     -7.52158675     -7.63538267     -7.87440888     -7.96003373     -8.02793226     -8.17339804     -8.28580153     -8.44579682     -8.51884499     -8.65196977     -8.67411275     -8.96661187     -9.06730060     -9.14882827     -9.25540211     -9.39694794     -9.45642613     -9.48360337     -9.52652741     -9.66606571     -9.69005959     -9.74620792     -9.82885082     -9.85749604     -9.94335770     -9.95722938     -9.98351714    -10.10844589    -10.20046008    -10.25062674    -10.45724889    -10.49744640    -10.54302942    -10.57358271    -10.60137879    -10.63178763    -11.00307451    -11.02018227
      1.19391622     11.01383000     10.99668470     10.63592737     10.61037120     10.59358249     10.55428017     10.48959474     10.44327014     10.25994254     10.20391179     10.11731693      9.98786943      9.96204223      9.94044910      9.86346319      9.84534840      9.72010954      9.68738031      9.63470289      9.52461318      9.46666464      9.42902271      9.37135828      9.23757400      9.16865659      9.04199710      8.93847322      8.73533528      8.67967473      8.54843741      8.44869569      8.36920875      8.18216641      8.07697848      8.01703631      7.81641741      7.63882222      7.48385618      7.34074722      7.24255563      6.98874142      6.93063631      6.60668762      6.39894331      6.04602508      5.91319728      5.71497964      5.46379742      5.21847408      4.92277643      4.76768525      4.50697280      4.20098538      3.86046240      3.64960618      3.29847113      2.87762416      2.49281896      2.41424788      1.74002904      1.29008419      0.86341483      0.47070461      0.08462313     -0.08461226     -0.47070205     -0.86344915     -1.29007825     -1.73998624     -2.41426106     -2.49284584     -2.87763746     -3.29847592     -3.64959770     -3.86041410     -4.20092886     -4.50707430     -4.76756069     -4.92279866     -5.21868322     -5.46374630     -5.71507170     -5.91310512     -6.04597197     -6.39891631     -6.60655386     -6.93069568     -6.98882749     -7.24224009     -7.34074726     -7.48427039     -7.63887371     -7.81605252     -8.01709033     -8.07754653     -8.18231012     -8.36889921     -8.44844264     -8.54821320     -8.67982917     -8.73563383     -8.93786227     -9.04162679     -9.16923747     -9.23752956     -9.37176661     -9.42894930     -9.46642844     -9.52522808     -9.63437449     -9.68744826     -9.72012052     -9.84526197     -9.86341975     -9.94044709     -9.96206566     -9.98765397    -10.11711265    -10.20389942    -10.26025056    -10.44339430    -10.48950348    -10.55426228    -10.59360786    -10.61028251    -10.63596590    -10.99668653    -11.01382826
      1.20372015     11.00727050     10.99012745     10.64111365     10.62520671     10.60786098     10.55861788     10.48714542     10.42321318     10.27352323     10.21418374     10.12330586      9.99838065      9.97177231      9.92841455      9.86177450      9.84995269      9.70113377      9.67118700      9.61071010      9.55303586      9.41923751      9.39638535      9.36260612      9.25268195      9.16989422      8.97021653      8.90132285      8.80592120      8.74910354      8.60291861      8.45203578      8.37335472      8.20525843      8.14066196      8.05353697      7.77835406      7.65654354      7.46453637      7.26680298      7.16114841      7.00879025      6.84050684      6.57846823      6.37343535      6.12662290      5.88758131      5.82625508      5.52053200      5.25829402      4.91455523      4.77463536      4.48844580      4.10941043      3.81606280      3.65064639      3.30967592      2.91575463      2.45888480      2.41499210      1.82694940      1.29070147      0.79719251      0.45256009      0.12605065     -0.12603982     -0.45255677     -0.79722266     -1.29069598     -1.82691079     -2.41501451     -2.45889117     -2.91579851     -3.30965340     -3.65063195     -3.81602987     -4.10935501     -4.48859610     -4.77449755     -4.91454372     -5.25838323     -5.52067629     -5.82623939     -5.88754579     -6.12654165     -6.37342355     -6.57828551     -6.84061113     -7.00893210     -7.16094926     -7.26654963     -7.46505941     -7.65642535     -7.77845322     -8.05334669     -8.14067925     -8.20577858     -8.37271982     -8.45211718     -8.60323945     -8.74922490     -8.80569932     -8.90095204     -8.96995977     -9.16975615     -9.25323409     -9.36290614     -9.39630473     -9.41915353     -9.55327798     -9.61073192     -9.67126941     -9.70097662     -9.84995260     -9.86157172     -9.92837013     -9.97182845     -9.99826058    -10.12310040    -10.21419284    -10.27380624    -10.42326024    -10.48714578    -10.55854682    -10.60785800    -10.62516312    -10.64115893    -10.99012958    -11.00726843
      1.21352407     11.00152874     10.98439421     10.64675737     10.64045375     10.61736421     10.55630762     10.49073983     10.39712787     10.28694007     10.23309576     10.12644444     10.00667051      9.98213178      9.92209868      9.85517387      9.84234597      9.68235436      9.64907205      9.61858244      9.55333842      9.39894012      9.37332252      9.32004651      9.31238317      9.11159117      8.97166399      8.87559320      8.82074758      8.78931599      8.66077907      8.46336644      8.36444498      8.30372311      8.10298460      8.08925514      7.78726744      7.67581299      7.43042502      7.19533158      7.09585800      7.01331854      6.75247047      6.58189150      6.32526878      6.23525060      5.91216472      5.86528590      5.55954685      5.28721747      4.90804229      4.79084746      4.47633018      4.05784888      3.73790273      3.64755265      3.32970575      2.97499483      2.43147496      2.38412937      1.91063102      1.29241561      0.74219988      0.43237143      0.17005555     -0.17004658     -0.43236758     -0.74222362     -1.29241128     -1.91059922     -2.38415847     -2.43146582     -2.97505873     -3.32965823     -3.64752446     -3.73789429     -4.05781736     -4.47645426     -4.79075233     -4.90801908     -5.28720222     -5.55975256     -5.86521623     -5.91223375     -6.23517462     -6.32509413     -6.58192832     -6.75250430     -7.01309106     -7.09621873     -7.19510128     -7.43044108     -7.67594398     -7.78769205     -8.08886915     -8.10247382     -8.30454070     -8.36386295     -8.46390881     -8.66125770     -8.78827913     -8.82023174     -8.87574004     -8.97217394     -9.11140188     -9.31269263     -9.31999231     -9.37310581     -9.39929689     -9.55322304     -9.61895277     -9.64930916     -9.68199122     -9.84225495     -9.85507015     -9.92201105     -9.98224012    -10.00657039    -10.12627180    -10.23313045    -10.28716047    -10.39711711    -10.49080492    -10.55619825    -10.61735982    -10.64041604    -10.64681422    -10.98439620    -11.00152675
      1.22332799     10.99747773     10.98032338     10.65383356     10.64910335     10.62306681     10.55006782     10.49824136     10.36798286     10.29703886     10.25762679     10.12824197     10.01747803      9.98275859      9.92060457      9.85377501      9.82606072      9.66405693      9.65227177      9.61040973      9.54335511      9.42434830      9.36207987      9.31677626      9.26008257      9.07748183      9.03442691      8.94058706      8.74966078      8.74278684      8.68770658      8.49323153      8.41631976      8.34920803      8.12862544      8.03511489      7.80884388      7.71956256      7.36785653      7.15917125      7.09726342      6.93658781      6.67374981      6.62444104      6.38840759      6.21570619      5.95557676      5.89098150      5.56581733      5.30951524      4.90253144      4.81050264      4.46732251      4.03617821      3.67878468      3.61576546      3.34770145      3.04369347      2.42933463      2.31576324      1.98759924      1.29465249      0.70204557      0.41400011      0.20917860     -0.20917326     -0.41399635     -0.70206073     -1.29464977     -1.98757680     -2.31577967     -2.42933197     -3.04375688     -3.34764540     -3.61572402     -3.67880023     -4.03617549     -4.46738702     -4.81046297     -4.90251430     -5.30946730     -5.56589333     -5.89125026     -5.95552117     -6.21534916     -6.38841694     -6.62468366     -6.67370754     -6.93606147     -7.09800578     -7.15903912     -7.36746488     -7.72002642     -7.80917986     -8.03434269     -8.12848470     -8.34876317     -8.41707007     -8.49398983     -8.68814445     -8.74162744     -8.74912121     -8.94069042     -9.03500698     -9.07745309     -9.25972327     -9.31653571     -9.36234218     -9.42474802     -9.54314564     -9.61059379     -9.65270271     -9.66364846     -9.82596204     -9.85373614     -9.92054884     -9.98279338    -10.01743752    -10.12813379    -10.25768423    -10.29716150    -10.36795085    -10.49832589    -10.54995553    -10.62306681    -10.64908682    -10.65386625    -10.98032476    -10.99747632
      1.23313191     10.99553400     10.97834659     10.65889866     10.65205511     10.62538467     10.54357176     10.50579784     10.34253358     10.30170426     10.28102816     10.12933238     10.02639967      9.97551862      9.92472488      9.85160277      9.81705930      9.66053155      9.65695857      9.59063292      9.52556902      9.46749403      9.37056540      9.26837048      9.22814007      9.08406534      9.07438445      8.98745475      8.71396695      8.69846493      8.64619872      8.52345581      8.50214905      8.35172835      8.15113499      7.98248539      7.82164238      7.76504983      7.31183309      7.14618229      7.12308623      6.83101514      6.71323906      6.58631126      6.49920960      6.13491611      5.98109376      5.93597501      5.55319020      5.32482982      4.89852201      4.82402500      4.46254260      4.02966444      3.66936951      3.56603904      3.35135867      3.09770369      2.42936447      2.25739862      2.04460597      1.29636250      0.68052410      0.40358942      0.23235661     -0.23235528     -0.40358752     -0.68052913     -1.29636160     -2.04459735     -2.25740483     -2.42936383     -3.09773305     -3.35133202     -3.56602364     -3.66937301     -4.02967103     -4.46255720     -4.82401764     -4.89851860     -5.32480698     -5.55318483     -5.93622927     -5.98108117     -6.13463892     -6.49925656     -6.58631723     -6.71342276     -6.83069070     -7.12342880     -7.14618549     -7.31153930     -7.76538767     -7.82171771     -7.98211446     -8.15106010     -8.35157724     -8.50255709     -8.52384326     -8.64624593     -8.69822546     -8.71345872     -8.98748967     -9.07443835     -9.08432940     -9.22804039     -9.26810298     -9.37069273     -9.46776550     -9.52538192     -9.59065114     -9.65668266     -9.66083486     -9.81705543     -9.85155863     -9.92473374     -9.97549966    -10.02639376    -10.12929601    -10.28110979    -10.30167919    -10.34252737    -10.50584294    -10.54351602    -10.62538556    -10.65205503    -10.65890476    -10.97834706    -10.99553351
      1.24293583     10.99550363     10.97831766     10.65900863     10.65202035     10.62545574     10.54361660     10.50568191     10.34231553     10.30231274     10.28075555     10.12935320     10.02629916      9.97596120      9.92406221      9.85245321      9.81602597      9.66338667      9.65436666      9.59163805      9.52360462      9.46932585      9.36967147      9.27137810      9.22274295      9.09183694      9.06812728      8.98828110      8.71766049      8.69748878      8.63804026      8.52416774      8.51107536      8.34801919      8.15107035      7.98236476      7.82028881      7.76651473      7.31137322      7.14615148      7.12523646      6.82475493      6.71972904      6.57815255      6.50490929      6.13289851      5.98788639      5.93146937      5.55370550      5.32455025      4.89858740      4.82415088      4.46238774      4.02945718      3.66932487      3.56505537      3.35271305      3.09722235      2.42936726      2.25718314      2.04510475      1.29632315      0.68043805      0.40318523      0.23273147     -0.23273219     -0.40318740     -0.68043364     -1.29632399     -2.04511106     -2.25717914     -2.42936791     -3.09719630     -3.35273192     -3.56507674     -3.66932264     -4.02944346     -4.46238045     -4.82415564     -4.89858562     -5.32457605     -5.55372842     -5.93122763     -5.98783845     -6.13320820     -6.50487481     -6.57807641     -6.71972126     -6.82492186     -7.12496398     -7.14612173     -7.31165988     -7.76617966     -7.82022924     -7.98270968     -8.15116745     -8.34808254     -8.51087941     -8.52384144     -8.63763137     -8.69767820     -8.71837509     -8.98825353     -9.06796792     -9.09171187     -9.22275897     -9.27168851     -9.36953578     -9.46910665     -9.52370410     -9.59169188     -9.65452738     -9.66320646     -9.81594227     -9.85257052     -9.92401607     -9.97600513    -10.02630028    -10.12939295    -10.28060619    -10.30243607    -10.34228957    -10.50564229    -10.54366839    -10.62545419    -10.65201861    -10.65900452    -10.97831724    -10.99550407
      1.25273975     10.99670610     10.97956792     10.65629546     10.64850052     10.62485753     10.55159171     10.49508428     10.36613421     10.30318089     10.25503926     10.13006733     10.01509048      9.98943971      9.90926180      9.86809553      9.80904076      9.67354725      9.64692892      9.62693918      9.52394114      9.44118789      9.35135267      9.32719318      9.22181636      9.08253987      9.03555985      8.95249496      8.78167533      8.72974087      8.62825524      8.52432745      8.49978503      8.29428751      8.12323115      8.03630633      7.79148804      7.73463086      7.36846148      7.15783396      7.13617443      6.86559615      6.71003827      6.56425758      6.43008536      6.19911396      6.01212030      5.85900259      5.57876775      5.30449874      4.90408861      4.81388348      4.46304122      4.03033099      3.67500337      3.60035410      3.37122322      3.03560255      2.42935021      2.31306399      1.99791044      1.29371533      0.69914142      0.40556683      0.21735982     -0.21736081     -0.40557203     -0.69913171     -1.29371744     -1.99791959     -2.31306028     -2.42935266     -3.03555849     -3.37123753     -3.60042212     -3.67500468     -4.03027794     -4.46303579     -4.81389372     -4.90407225     -5.30457849     -5.57882679     -5.85870907     -6.01191032     -6.19962537     -6.43003110     -6.56420397     -6.71014255     -6.86553830     -7.13602438     -7.15773297     -7.36886202     -7.73411736     -7.79131835     -8.03690197     -8.12343643     -8.29431584     -8.49917931     -8.52431285     -8.62749904     -8.73014245     -8.78271444     -8.95242338     -9.03550239     -9.08208190     -9.22209279     -9.32709110     -9.35150547     -9.44091685     -9.52389151     -9.62708488     -9.64708852     -9.67339936     -9.80879122     -9.86840209     -9.90913293     -9.98953410    -10.01506375    -10.13020990    -10.25480670    -10.30330599    -10.36608134    -10.49503648    -10.55167823    -10.62485105    -10.64849704    -10.65628530    -10.97956695    -10.99670710
      1.26254368     10.99827056     10.98119346     10.65298443     10.64254214     10.62477760     10.56078394     10.47895304     10.39445874     10.30197003     10.22624250     10.13729910     10.00392071      9.99151013      9.89682999      9.88179510      9.80499764      9.67772453      9.66978061      9.65285632      9.50569783      9.43682458      9.37496697      9.31511122      9.22620297      9.04876331      9.02899143      8.90194910      8.84423668      8.76598921      8.63789611      8.53629795      8.47824878      8.24972029      8.10080687      8.04408085      7.75420164      7.70502673      7.45015200      7.19695554      7.16638874      6.85889209      6.71403358      6.52654879      6.36794456      6.25017381      6.04455259      5.79991080      5.61082437      5.27460777      4.91352649      4.80413561      4.45871520      4.03001922      3.69716654      3.63325621      3.38965659      2.95519884      2.42989731      2.38052266      1.94922644      1.28899410      0.72600065      0.40578352      0.19826100     -0.19826171     -0.40578854     -0.72599117     -1.28899651     -1.94923330     -2.38051904     -2.42990421     -2.95516254     -3.38965441     -3.63331039     -3.69720738     -4.02993904     -4.45871914     -4.80414599     -4.91349812     -5.27471335     -5.61083827     -5.79976364     -6.04432388     -6.25031462     -6.36813498     -6.52685274     -6.71373051     -6.85876235     -7.16679305     -7.19664336     -7.45027880     -7.70477832     -7.75403888     -8.04409000     -8.10123991     -8.24998185     -8.47777100     -8.53601463     -8.63766573     -8.76619765     -8.84470801     -8.90219716     -9.02920054     -9.04837967     -9.22592572     -9.31509461     -9.37505853     -9.43689347     -9.50553961     -9.65304099     -9.66991986     -9.67753165     -9.80476654     -9.88208286     -9.89668285     -9.99175911    -10.00369808    -10.13756304    -10.22596411    -10.30204316    -10.39439873    -10.47894373    -10.56085290    -10.62476343    -10.64254800    -10.65296870    -10.98119246    -10.99827158
      1.27234760     10.99942337     10.98238700     10.65009941     10.63780927     10.62511756     10.56712299     10.45956143     10.42153091     10.30066002     10.19775249     10.15507909     10.00156515      9.97952781      9.90252506      9.86551354      9.82016424      9.69827609      9.67465972      9.65957732      9.49767255      9.44211078      9.38364899      9.32257960      9.18045077      9.06687876      9.01263920      8.91144226      8.81571735      8.78417817      8.69684964      8.50924871      8.47233771      8.23995835      8.14556285      7.92893186      7.77772422      7.65153543      7.53631557      7.23433236      7.18667943      6.85656338      6.68264349      6.51475891      6.38249719      6.20378921      6.09291565      5.77356947      5.62817073      5.24934891      4.92315408      4.80035088      4.45061267      4.02881986      3.72944754      3.64374343      3.39977454      2.89196148      2.44094198      2.42321519      1.91818825      1.28451060      0.74712030      0.40480846      0.18440910     -0.18440941     -0.40481098     -0.74711537     -1.28451201     -1.91819138     -2.42320479     -2.44095613     -2.89194312     -3.39977009     -3.64376029     -3.72949186     -4.02876433     -4.45061822     -4.80035663     -4.92313369     -5.24941483     -5.62812959     -5.77356594     -6.09278832     -6.20369231     -6.38267298     -6.51522963     -6.68216692     -6.85655001     -7.18696096     -7.23417305     -7.53622930     -7.65144084     -7.77790653     -7.92871066     -8.14570583     -8.24026124     -8.47216092     -8.50892463     -8.69699111     -8.78401333     -8.81569260     -8.91187356     -9.01254084     -9.06725818     -9.17988006     -9.32253092     -9.38401545     -9.44177089     -9.49782080     -9.65955947     -9.67470838     -9.69824251     -9.82005495     -9.86559850     -9.90249547     -9.97971671    -10.00140034    -10.15540134    -10.19744442    -10.30068854    -10.42147354    -10.45958974    -10.56715573    -10.62510144    -10.63782342    -10.65008695    -10.98238646    -10.99942391
      1.28215152     10.99967963     10.98265108     10.64934111     10.63682915     10.62517550     10.56853007     10.44983101     10.43287003     10.30035588     10.18483950     10.16618346      9.99945944      9.97840946      9.90294201      9.85253841      9.83469069      9.70095927      9.67861588      9.65745513      9.50324141      9.42807499      9.39738791      9.32288808      9.15585895      9.08743338      9.00626811      8.91827527      8.80641752      8.76475557      8.73163265      8.49628180      8.47573547      8.24029536      8.15514361      7.87185550      7.81667150      7.61561514      7.57691519      7.24130226      7.19225069      6.85755194      6.66866499      6.51702523      6.39224305      6.16801730      6.12241769      5.77009376      5.63050696      5.24325174      4.92574654      4.79994272      4.44814107      4.02839388      3.73801160      3.64504844      3.40172009      2.87679976      2.45167127      2.42555235      1.91167999      1.28338739      0.75195010      0.40450535      0.18133009     -0.18132999     -0.40450449     -0.75195180     -1.28338689     -1.91167893     -2.42555499     -2.45166712     -2.87680616     -3.40172182     -3.64504323     -3.73799461     -4.02841435     -4.44813887     -4.79994069     -4.92575411     -5.24322806     -5.63052637     -5.77008808     -6.12246436     -6.16805251     -6.39219500     -6.51680738     -6.66887495     -6.85755266     -7.19214424     -7.24136279     -7.57697905     -7.61562763     -7.81641350     -7.87211675     -8.15510536     -8.24017232     -8.47576084     -8.49643612     -8.73140870     -8.76503946     -8.80637581     -8.91812981     -9.00630277     -9.08715740     -9.15619442     -9.32292483     -9.39706947     -9.42838310     -9.50316479     -9.65748412     -9.67857119     -9.70098644     -9.83475323     -9.85248171     -9.90295493     -9.97832781     -9.99952997    -10.16593354    -10.18508310    -10.30034660    -10.43291020    -10.44980043    -10.56851892    -10.62518232    -10.63682268    -10.64934592    -10.98265127    -10.99967944
      1.29195544     10.99893786     10.98188324     10.65138310     10.63980247     10.62493759     10.56452274     10.46959416     10.40829367     10.30128804     10.21155650     10.14529187     10.00321997      9.98436770      9.90003868      9.87589649      9.80937205      9.68943918      9.67275806      9.65854521      9.49642899      9.44606733      9.37651260      9.31891460      9.20683361      9.04888313      9.02362327      8.90074380      8.83949151      8.77940372      8.66419837      8.52428811      8.47254796      8.24237255      8.12718270      7.98814959      7.75512551      7.68264584      7.49367553      7.21903478      7.17790003      6.85612882      6.70050518      6.51739392      6.36889906      6.23700524      6.06619796      5.78265163      5.62195689      5.26052268      4.91869317      4.80157485      4.45461926      4.02936049      3.71448978      3.64046237      3.39578894      2.91940450      2.43177956      2.40890592      1.93091650      1.28651588      0.73807472      0.40530985      0.19025026     -0.19024975     -0.40530589     -0.73808234     -1.28651380     -1.93091140     -2.40891513     -2.43176604     -2.91943291     -3.39579396     -3.64042976     -3.71443593     -4.02943663     -4.45461301     -4.80156622     -4.91872074     -5.26042806     -5.62198261     -5.78271021     -6.06638884     -6.23708806     -6.36860970     -6.51694240     -6.70098765     -6.85618713     -7.17752005     -7.21926646     -7.49369288     -7.68280552     -7.75512218     -7.98827450     -8.12689223     -8.24202992     -8.47289126     -8.52466031     -8.66419039     -8.77934520     -8.83956811     -8.90012772     -9.02369846     -9.04873395     -9.20736230     -9.31887410     -9.37633863     -9.44613261     -9.49644801     -9.65840935     -9.67283287     -9.68944191     -9.80954632     -9.87575792     -9.90008246     -9.98414454    -10.00342040    -10.14498507    -10.21185465    -10.30123845    -10.40835424    -10.46958272    -10.56447039    -10.62495505    -10.63979006    -10.65139905    -10.98188406    -10.99893702
      1.30175936     10.99749756     10.98038870     10.65464106     10.64562035     10.62471217     10.55644113     10.48747629     10.38017871     10.30278990     10.24043294     10.13264454     10.00708719      9.99464507      9.90059700      9.87806203      9.80526708      9.67616605      9.65057051      9.64771899      9.51663744      9.43227845      9.36648585      9.32079204      9.22934055      9.06509600      9.02888182      8.92594498      8.81886252      8.74911443      8.62486710      8.53627958      8.48708725      8.26682001      8.09173607      8.06918321      7.77064361      7.71904803      7.40793219      7.17284427      7.15328927      6.86423986      6.71618148      6.54337996      6.39303086      6.23281095      6.02659395      5.82557479      5.59558873      5.29001432      4.90844013      4.80836490      4.46169655      4.03028459      3.68316211      3.61975562      3.38133960      2.99520983      2.42946594      2.34723047      1.97211376      1.29151846      0.71241817      0.40596470      0.20763373     -0.20763285     -0.40595921     -0.71242842     -1.29151605     -1.97210547     -2.34723330     -2.42946190     -2.99525168     -3.38133492     -3.61968382     -3.68314581     -4.03035532     -4.46169710     -4.80835395     -4.90846408     -5.28991509     -5.59554084     -5.82580927     -6.02682991     -6.23240167     -6.39302233     -6.54325798     -6.71624959     -6.86439156     -7.15302223     -7.17316560     -7.40764551     -7.71945155     -7.77084279     -8.06862196     -8.09161290     -8.26669572     -8.48765561     -8.53636636     -8.62542933     -8.74878364     -8.81797352     -8.92597088     -9.02879766     -9.06556743     -9.22924367     -9.32105480     -9.36620538     -9.43240069     -9.51677468     -9.64761605     -9.65032865     -9.67634073     -9.80552625     -9.87772133     -9.90076620     -9.99447652    -10.00721000    -10.13243958    -10.24068892    -10.30269095    -10.38023606    -10.48750680    -10.55635992    -10.62472220    -10.64562060    -10.65465437    -10.98038975    -10.99749648
      1.31156328     10.99600526     10.97883736     10.65781075     10.65071207     10.62514119     10.54713237     10.50130241     10.35288608     10.30329172     10.26866477     10.12942569     10.02197617      9.98222066      9.91768648      9.85892408      9.81309781      9.66858716      9.64961998      9.60646035      9.52584876      9.45529076      9.35970419      9.30308710      9.21718693      9.09238279      9.04960762      8.97412200      8.74605959      8.71169500      8.63539588      8.51444919      8.51004687      8.32583499      8.14194488      8.00612809      7.80889820      7.75115641      7.33556710      7.15001475      7.12510576      6.85287993      6.70640674      6.58072562      6.46851015      6.16363276      5.99911842      5.89604504      5.56385737      5.31664768      4.90071020      4.81966657      4.46300795      4.02993635      3.67106239      3.58037666      3.36075122      3.07154075      2.42934556      2.28141992      2.02389480      1.29535461      0.68793699      0.40453064      0.22621904     -0.22621806     -0.40452659     -0.68794474     -1.29535305     -2.02388591     -2.28142458     -2.42934414     -3.07158103     -3.36072934     -3.58032980     -3.67106511     -4.02996888     -4.46301639     -4.81965842     -4.90071826     -5.31659430     -5.56380990     -5.89635181     -5.99926514     -6.16315441     -6.46856293     -6.58087248     -6.70627088     -6.85279188     -7.12546047     -7.15004077     -7.33514984     -7.75166173     -7.80901727     -8.00558930     -8.14176137     -8.32580278     -8.51043492     -8.51470690     -8.63613234     -8.71132610     -8.74501925     -8.97417639     -9.04976204     -9.09271472     -9.21697404     -9.30277275     -9.35990330     -9.45558088     -9.52580173     -9.60634344     -9.64948301     -9.66873761     -9.81328852     -9.85868447     -9.91777986     -9.98214474    -10.02198025    -10.12933913    -10.26886961    -10.30314793    -10.35293070    -10.50135663    -10.54705273    -10.62514489    -10.65071563    -10.65781792    -10.97883811    -10.99600449
      1.32136721     10.99531390     10.97812075     10.65949270     10.65242945     10.62560494     10.54233433     10.50722087     10.33780499     10.30152301     10.28622212     10.12945919     10.02772794      9.97362453      9.92625144      9.85067692      9.81652097      9.65910613      9.65877042      9.58645937      9.52116375      9.47595436      9.37280410      9.25201685      9.23249668      9.08431563      9.08200114      8.99340976      8.70934418      8.69237175      8.63334577      8.52842010      8.51677398      8.35427562      8.15398351      7.97357765      7.82375435      7.77286625      7.30243872      7.14506145      7.12731038      6.80221826      6.73788370      6.56289820      6.52923476      6.11972001      5.98250665      5.94804839      5.55027950      5.32726772      4.89786879      4.82588819      4.46201232      4.02916878      3.66882370      3.55907373      3.34999715      3.10653172      2.42938066      2.24755748      2.05387680      1.29663119      0.67777480      0.40246119      0.23525364     -0.23525364     -0.40246119     -0.67777480     -1.29663119     -2.05387680     -2.24755748     -2.42938066     -3.10653172     -3.34999715     -3.55907373     -3.66882370     -4.02916878     -4.46201232     -4.82588819     -4.89786879     -5.32726772     -5.55027950     -5.94804840     -5.98250665     -6.11972001     -6.52923476     -6.56289820     -6.73788370     -6.80221826     -7.12731038     -7.14506145     -7.30243872     -7.77286625     -7.82375435     -7.97357765     -8.15398351     -8.35427562     -8.51677398     -8.52842010     -8.63334578     -8.69237174     -8.70934419     -8.99340976     -9.08200114     -9.08431563     -9.23249668     -9.25201685     -9.37280410     -9.47595436     -9.52116375     -9.58645937     -9.65876985     -9.65910670     -9.81652097     -9.85067692     -9.92625144     -9.97362453    -10.02772794    -10.12945919    -10.28622212    -10.30152301    -10.33780500    -10.50722087    -10.54233433    -10.62560494    -10.65242945    -10.65949270    -10.97812075    -10.99531390
      1.33117113     10.99623943     10.97906904     10.65701853     10.65096419     10.62459576     10.54641725     10.50247133     10.35390768     10.30028177     10.27025106     10.12883198     10.02272309      9.97934858      9.92214307      9.85287767      9.82003903      9.65970513      9.65689721      9.60003947      9.53457995      9.44789194      9.36649037      9.29276086      9.23756796      9.07380434      9.06377828      8.96933734      8.72324851      8.71609313      8.67473124      8.51096901      8.46475564      8.34870138      8.14233754      8.00441163      7.81690250      7.74533976      7.33562127      7.15049326      7.11201866      6.88198917      6.67628072      6.61964726      6.44741704      6.17145414      5.97102197      5.91390779      5.55978532      5.31839214      4.90020692      4.81861022      4.46434223      4.03169273      3.67164866      3.58675309      3.35162592      3.07482335      2.42932381      2.28267359      2.02036228      1.29564907      0.68872960      0.40743237      0.22346454     -0.22346776     -0.40743551     -0.68871940     -1.29565089     -2.02037860     -2.28266185     -2.42932524     -3.07477190     -3.35167310     -3.58678153     -3.67163978     -4.03168728     -4.46430566     -4.81863015     -4.90021704     -5.31843246     -5.55976629     -5.91357334     -5.97107152     -6.17182564     -6.44737702     -6.61957654     -6.67613288     -6.88244352     -7.11140166     -7.15055925     -7.33604655     -7.74485528     -7.81669639     -8.00504498     -8.14245644     -8.34902493     -8.46408909     -8.51031658     -8.67448885     -8.71652612     -8.72417726     -8.96926914     -9.06338004     -9.07368253     -9.23786289     -9.29306794     -9.36626763     -9.44750961     -9.53481699     -9.59994238     -9.65685247     -9.65971339     -9.82009302     -9.85292035     -9.92216210     -9.97935172    -10.02274139    -10.12890415    -10.27017878    -10.30022884    -10.35393335    -10.50239733    -10.54651101    -10.62459481    -10.65096827    -10.65700285    -10.97906809    -10.99624039
      1.34097505     10.99925031     10.98211344     10.65008517     10.64587435     10.62067727     10.55337780     10.49425852     10.38265954     10.29271285     10.24501833     10.12728271     10.01163665      9.98413248      9.92055574      9.85429154      9.83389262      9.67195133      9.64737978      9.61888858      9.54918366      9.40616119      9.36180716      9.32962010      9.28740258      9.09017961      9.00233779      8.90538091      8.78986771      8.76617078      8.68073620      8.47717070      8.37150312      8.34574418      8.11131450      8.06700244      7.79886730      7.69550553      7.40077666      7.17315987      7.08856733      6.98442579      6.71052346      6.60014182      6.33276181      6.25179856      5.93604485      5.87412237      5.56698150      5.29898098      4.90515426      4.80074832      4.47150586      4.04433683      3.70012518      3.63856363      3.33974298      3.00936621      2.42966595      2.35110348      1.95033271      1.29352203      0.72005607      0.42259931      0.19085452     -0.19086186     -0.42260324     -0.72003637     -1.29352560     -1.95036019     -2.35108182     -2.42967086     -3.00929933     -3.33979804     -3.63860481     -3.70011555     -4.04435282     -4.47141057     -4.80081428     -4.90517627     -5.29902175     -5.56683104     -5.87400781     -5.93605927     -6.25205304     -6.33282455     -6.59998372     -6.71053212     -6.98494220     -7.08785520     -7.17334575     -7.40101214     -7.69517186     -7.79845037     -8.06781433     -8.11146199     -8.34573844     -8.37125359     -8.47645255     -8.68027996     -8.76734486     -8.79040979     -8.90522237     -9.00173956     -9.09029922     -9.28774400     -9.32945324     -9.36181150     -9.40577964     -9.54934595     -9.61861844     -9.64698562     -9.67237146     -9.83400859     -9.85434595     -9.92063695     -9.98405180    -10.01170934    -10.12742551    -10.24497267    -10.29253598    -10.38268576    -10.49417777    -10.55349409    -10.62067920    -10.64591159    -10.65002889    -10.98211169    -10.99925207
      1.35077897     11.00423346     10.98710094     10.64393898     10.63321377     10.61309419     10.55804049     10.48833506     10.41078584     10.28074522     10.22268030     10.12495698     10.00246636      9.97749092      9.92463418      9.85731818      9.84838815      9.69197035      9.65926273      9.61266929      9.55566979      9.40517401      9.38387985      9.34527426      9.28627438      9.13928960      8.95577406      8.88419609      8.81660832      8.78660811      8.63405963      8.45604257      8.36780674      8.25218939      8.12747700      8.07165303      7.77905987      7.66356946      7.45227625      7.22681767      7.12520705      7.01609610      6.79614014      6.57454508      6.35137633      6.17998995      5.88873384      5.85807766      5.54365440      5.27386202      4.91112282      4.78168385      4.48209934      4.07875657      3.77945631      3.65013280      3.31913460      2.94327585      2.43974374      2.40755128      1.86930183      1.29143915      0.76809429      0.44254131      0.14809083     -0.14810097     -0.44254493     -0.76806707     -1.29144413     -1.86933733     -2.40751829     -2.43975284     -2.94321997     -3.31917064     -3.65015239     -3.77947843     -4.07880235     -4.48195476     -4.78180512     -4.91114271     -5.27383266     -5.54344890     -5.85826991     -5.88859299     -6.18006202     -6.35146840     -6.57463817     -6.79606481     -7.01601791     -7.12523924     -7.22707797     -7.45196812     -7.66363372     -7.77873263     -8.07186895     -8.12794890     -8.25138910     -8.36841346     -8.45575871     -8.63360385     -8.78685769     -8.81720787     -8.88434602     -8.95559845     -9.13950157     -9.28566763     -9.34539641     -9.38390165     -9.40504589     -9.55568069     -9.61237451     -9.65912519     -9.69223905     -9.84839958     -9.85751433     -9.92470759     -9.97739571    -10.00257617    -10.12515108    -10.22265772    -10.28048952    -10.41077209    -10.48829689    -10.55813418    -10.61310007    -10.63324916    -10.64388912    -10.98709882    -11.00423556
      1.36058289     11.01051013     10.99336643     10.63847497     10.61716473     10.60148648     10.55736747     10.48748942     10.43420093     10.26679580     10.20795707     10.12050098      9.99316302      9.96680086      9.93354396      9.86414011      9.84873710      9.70967832      9.68167093      9.61898562      9.54230991      9.43928071      9.41446384      9.36758636      9.22778322      9.18998844      9.00388272      8.91866279      8.77588131      8.70954852      8.57371108      8.44844975      8.37697910      8.18573407      8.11954988      8.03575045      7.79099733      7.64885330      7.47304803      7.30753535      7.19942358      6.99936014      6.88554953      6.59038719      6.38835615      6.08155857      5.89917922      5.77531953      5.49348791      5.24013140      4.91839252      4.76975192      4.49654022      4.15057484      3.84334372      3.65029790      3.30244710      2.89378658      2.47848182      2.41558469      1.78371875      1.29023646      0.82916532      0.46202733      0.10468514     -0.10469620     -0.46203028     -0.82913280     -1.29024227     -1.78375982     -2.41556860     -2.47846348     -2.89375748     -3.30245557     -3.65030889     -3.84338578     -4.15063363     -4.49640387     -4.76989148     -4.91839012     -5.23997707     -5.49344149     -5.77524749     -5.89927696     -6.08163310     -6.38834816     -6.59057966     -6.88544567     -6.99924340     -7.19970001     -7.30770913     -7.47248965     -7.64888019     -7.79117842     -8.03588260     -8.11889586     -8.18565755     -8.37762041     -8.44845389     -8.57366937     -8.70933154     -8.77572559     -8.91924799     -9.00428862     -9.18965524     -9.22764569     -9.36707746     -9.41457684     -9.43948816     -9.54182131     -9.61921489     -9.68161565     -9.70973050     -9.84877607     -9.86427575     -9.93356060     -9.96677946     -9.99331460    -10.12070894    -10.20796079    -10.26649466    -10.43411439    -10.48753500    -10.55741175    -10.60147791    -10.61722868    -10.63843312    -10.99336441    -11.01051207
      1.37038681     11.01709304     10.99996320     10.63371496     10.60510891     10.58414167     10.54930411     10.49302558     10.45092005     10.25471648     10.20159736     10.11303788      9.98385254      9.95508657      9.94859922      9.86068667      9.83869426      9.73276550      9.68862991      9.65188185      9.50673774      9.49477016      9.44147478      9.38258235      9.25027333      9.14218532      9.07240410      8.95477651      8.69249083      8.66776739      8.52591279      8.45588384      8.33605587      8.17809184      8.04399490      7.99110681      7.84750681      7.63131886      7.50295845      7.35983257      7.28994924      6.98441249      6.96869234      6.62361996      6.40782099      6.01882266      5.92598524      5.65129474      5.43110997      5.19406503      4.92790203      4.76767983      4.52196752      4.25672437      3.86846488      3.64875003      3.29832843      2.86687206      2.50113371      2.41218676      1.69603685      1.29020383      0.89953081      0.47842855      0.06625004     -0.06626036     -0.47843072     -0.89949533     -1.29020968     -1.69608054     -2.41217529     -2.50110089     -2.86687334     -3.29831237     -3.64875661     -3.86851511     -4.25677487     -4.52191792     -4.76777489     -4.92785378     -5.19382807     -5.43122021     -5.65122866     -5.92604278     -6.01885190     -6.40790512     -6.62366934     -6.96872044     -6.98433199     -7.29026730     -7.35964533     -7.50272940     -7.63128972     -7.84790491     -7.99064976     -8.04389939     -8.17787484     -8.33593163     -8.45636643     -8.52619815     -8.66784946     -8.69220928     -8.95528532     -9.07232249     -9.14208390     -9.25012946     -9.38240859     -9.44150812     -9.49484681     -9.50620211     -9.65219150     -9.68855026     -9.73273100     -9.83881457     -9.86065341     -9.94861995     -9.95500213     -9.98414577    -10.11323366    -10.20161172    -10.25441491    -10.45077236    -10.49314925    -10.54930110    -10.58410624    -10.60521062    -10.63368019    -10.99996161    -11.01709453
      1.38019073     11.02298612     11.00590833     10.63022146     10.59857064     10.56251954     10.53641493     10.50176817     10.46306860     10.24816560     10.19994185     10.10355751      9.98598769      9.96487527      9.92783549      9.85413777      9.81693347      9.75924820      9.69929039      9.67043509      9.55317270      9.47907177      9.46286196      9.40488756      9.25818786      9.18219898      9.03407498      8.97130050      8.69112073      8.62945945      8.51879666      8.40974248      8.22737349      8.17139241      8.02299687      7.95498372      7.87050144      7.65631599      7.53339658      7.38983521      7.36738375      7.07253120      6.94226690      6.65730905      6.42446290      5.98732509      5.94030033      5.54069370      5.34394650      5.13805962      4.94073067      4.77363744      4.57494526      4.36429276      3.86552452      3.64705630      3.30923532      2.85648005      2.50345685      2.40728882      1.60961362      1.29109130      0.97419778      0.49075535      0.03581207     -0.03582034     -0.49075678     -0.97416236     -1.29109632     -1.60965593     -2.40727992     -2.50342150     -2.85649941     -3.30920649     -3.64706031     -3.86556655     -4.36433466     -4.57500403     -4.77365955     -4.94061394     -5.13788170     -5.34397810     -5.54078764     -5.94025890     -5.98734376     -6.42462318     -6.65725151     -6.94220366     -7.07270630     -7.36715506     -7.38992534     -7.53336738     -7.65649949     -7.87010840     -7.95487381     -8.02340024     -8.17133683     -8.22695116     -8.40967282     -8.51879745     -8.62981010     -8.69177241     -8.97136706     -9.03308198     -9.18303518     -9.25806442     -9.40479760     -9.46218024     -9.47915832     -9.55330099     -9.67028647     -9.69954751     -9.75918810     -9.81705742     -9.85405163     -9.92781336     -9.96479588     -9.98632743    -10.10371803    -10.19994397    -10.24791830    -10.46293558    -10.50188855    -10.53639530    -10.56248983    -10.59865775    -10.63019605    -11.00590727    -11.02298709
      1.38999466     11.02737593     11.01036486     10.62816166     10.59444923     10.54143405     10.52692536     10.50510173     10.47540172     10.24728761     10.19946020     10.09428920      9.99436759      9.97542217      9.89092092      9.84655981      9.79497399      9.77983052      9.72262930      9.67599837      9.58998376      9.53276750      9.43112766      9.38693083      9.27625616      9.25329125      8.96306774      8.95146890      8.73974193      8.66891064      8.45149387      8.31843433      8.19532762      8.10646855      8.03206586      7.99110247      7.81044488      7.70999935      7.59062040      7.43379591      7.36441200      7.16207157      6.90286038      6.69274187      6.43760739      5.98334003      5.93433554      5.48138642      5.21400322      5.07999517      4.95733259      4.79400465      4.66339826      4.43655189      3.85027026      3.64575490      3.32877548      2.85273686      2.49715421      2.40291877      1.53207115      1.29229478      1.04437122      0.49883138      0.01491250     -0.01491782     -0.49883217     -1.04434146     -1.29229816     -1.53210552     -2.40291286     -2.49712823     -2.85275651     -3.32874939     -3.64575725     -3.85029618     -4.43661197     -4.66344954     -4.79403151     -4.95714239     -5.07999158     -5.21389191     -5.48155876     -5.93426378     -5.98335304     -6.43773986     -6.69271094     -6.90275473     -7.16236007     -7.36435982     -7.43337095     -7.59103804     -7.71012909     -7.80999317     -7.99088091     -8.03244250     -8.10637927     -8.19559821     -8.31806468     -8.45091463     -8.66986343     -8.74054483     -8.95083814     -8.96234324     -9.25410600     -9.27650021     -9.38638957     -9.43068457     -9.53290247     -9.59000216     -9.67583345     -9.72284554     -9.77983702     -9.79500223     -9.84647436     -9.89093202     -9.97536620     -9.99460661    -10.09439125    -10.19944994    -10.24713180    -10.47532903    -10.50514730    -10.52689771    -10.54145266    -10.59449998    -10.62814694    -11.01036428    -11.02737644
      1.39979858     11.02970905     11.01274328     10.62728303     10.59202311     10.53331288     10.51575611     10.50139167     10.48921895     10.24849805     10.19912823     10.08854743     10.00067466      9.97999961      9.85849527      9.84025382      9.80341367      9.77198316      9.73224569      9.69589633      9.60000307      9.57168906      9.39881054      9.34600089      9.32494496      9.30010508      8.93113541      8.88711570      8.78395501      8.73245301      8.35496363      8.26193035      8.23779625      8.09460572      8.00831306      7.96995505      7.79861078      7.71338603      7.68709594      7.42250825      7.35756952      7.22856786      6.86840910      6.72403479      6.44425191      5.98611634      5.92657812      5.45914817      5.09119347      5.01555052      4.97018865      4.87678868      4.72003414      4.46930658      3.83739274      3.64507072      3.34403361      2.85111412      2.49181576      2.40040281      1.48072592      1.29314125      1.09211954      0.50279586      0.00420316     -0.00420499     -0.50279611     -1.09210660     -1.29314244     -1.48074048     -2.40040072     -2.49180635     -2.85112199     -3.34402320     -3.64507155     -3.83740137     -4.46934310     -4.72000673     -4.87692914     -4.96994228     -5.01567174     -5.09110241     -5.45922302     -5.92654903     -5.98611774     -6.44429913     -6.72404734     -6.86834201     -7.22874038     -7.35761703     -7.42221828     -7.68738616     -7.71332555     -7.79854614     -7.96973045     -8.00810067     -8.09510148     -8.23745077     -8.26248550     -8.35434127     -8.73308144     -8.78442669     -8.88653040     -8.93075516     -9.30077607     -9.32537649     -9.34531513     -9.39844574     -9.57175504     -9.59998960     -9.69582157     -9.73231881     -9.77209321     -9.80331097     -9.84021216     -9.85853644     -9.97998475    -10.00075480    -10.08858192    -10.19912180    -10.24844555    -10.48920557    -10.50139659    -10.51571409    -10.53335269    -10.59203871    -10.62727835    -11.01274310    -11.02970921
      1.40960250     11.02970921     11.01274310     10.62727835     10.59203871     10.53335269     10.51571409     10.50139659     10.48920557     10.24844555     10.19912180     10.08858192     10.00075480      9.97998475      9.85853644      9.84021216      9.80331097      9.77209321      9.73231881      9.69582157      9.59998960      9.57175504      9.39844574      9.34531513      9.32537649      9.30077607      8.93075516      8.88653040      8.78442669      8.73308144      8.35434127      8.26248550      8.23745077      8.09510148      8.00810067      7.96973045      7.79854614      7.71332555      7.68738616      7.42221828      7.35761703      7.22874038      6.86834201      6.72404734      6.44429913      5.98611774      5.92654903      5.45922302      5.09110241      5.01567174      4.96994228      4.87692914      4.72000673      4.46934310      3.83740137      3.64507155      3.34402320      2.85112199      2.49180635      2.40040072      1.48074048      1.29314244      1.09210660      0.50279611      0.00420499     -0.00420316     -0.50279586     -1.09211954     -1.29314125     -1.48072592     -2.40040281     -2.49181576     -2.85111412     -3.34403361     -3.64507072     -3.83739274     -4.46930658     -4.72003414     -4.87678868     -4.97018865     -5.01555052     -5.09119347     -5.45914817     -5.92657812     -5.98611634     -6.44425191     -6.72403479     -6.86840910     -7.22856786     -7.35756952     -7.42250825     -7.68709594     -7.71338603     -7.79861078     -7.96995505     -8.00831306     -8.09460572     -8.23779625     -8.26193035     -8.35496363     -8.73245301     -8.78395501     -8.88711570     -8.93113541     -9.30010508     -9.32494496     -9.34600089     -9.39881054     -9.57168906     -9.60000307     -9.69589633     -9.73224569     -9.77198316     -9.80341367     -9.84025382     -9.85849527     -9.97999961    -10.00067466    -10.08854743    -10.19912823    -10.24849805    -10.48921895    -10.50139167    -10.51575611    -10.53331288    -10.59202311    -10.62728303    -11.01274328    -11.02970905
      1.41940642     11.02737644     11.01036428     10.62814694     10.59449998     10.54145266     10.52689771     10.50514730     10.47532903     10.24713180     10.19944994     10.09439125      9.99460661      9.97536620      9.89093202      9.84647436      9.79500223      9.77983702      9.72284554      9.67583345      9.59000216      9.53290247      9.43068457      9.38638957      9.27650021      9.25410600      8.96234324      8.95083814      8.74054483      8.66986343      8.45091463      8.31806468      8.19559821      8.10637927      8.03244250      7.99088091      7.80999317      7.71012909      7.59103804      7.43337095      7.36435982      7.16236007      6.90275473      6.69271094      6.43773986      5.98335304      5.93426378      5.48155876      5.21389191      5.07999158      4.95714239      4.79403151      4.66344954      4.43661197      3.85029618      3.64575725      3.32874939      2.85275651      2.49712823      2.40291286      1.53210552      1.29229816      1.04434146      0.49883217      0.01491782     -0.01491250     -0.49883138     -1.04437122     -1.29229478     -1.53207115     -2.40291877     -2.49715421     -2.85273686     -3.32877548     -3.64575490     -3.85027026     -4.43655189     -4.66339826     -4.79400465     -4.95733259     -5.07999517     -5.21400322     -5.48138642     -5.93433554     -5.98334003     -6.43760739     -6.69274187     -6.90286038     -7.16207157     -7.36441200     -7.43379591     -7.59062040     -7.70999935     -7.81044488     -7.99110247     -8.03206586     -8.10646855     -8.19532762     -8.31843433     -8.45149387     -8.66891064     -8.73974193     -8.95146890     -8.96306774     -9.25329125     -9.27625616     -9.38693083     -9.43112766     -9.53276750     -9.58998376     -9.67599837     -9.72262930     -9.77983052     -9.79497399     -9.84655981     -9.89092092     -9.97542217     -9.99436759    -10.09428920    -10.19946020    -10.24728761    -10.47540172    -10.50510173    -10.52692536    -10.54143405    -10.59444923    -10.62816166    -11.01036486    -11.02737593
      1.42921034     11.02298709     11.00590727     10.63019605     10.59865775     10.56248983     10.53639530     10.50188855     10.46293558     10.24791830     10.19994397     10.10371803      9.98632743      9.96479588      9.92781336      9.85405163      9.81705742      9.75918810      9.69954751      9.67028647      9.55330099      9.47915832      9.46218024      9.40479760      9.25806442      9.18303518      9.03308198      8.97136706      8.69177241      8.62981010      8.51879745      8.40967282      8.22695116      8.17133683      8.02340024      7.95487381      7.87010840      7.65649949      7.53336738      7.38992534      7.36715506      7.07270630      6.94220366      6.65725151      6.42462318      5.98734376      5.94025890      5.54078764      5.34397810      5.13788170      4.94061394      4.77365955      4.57500403      4.36433466      3.86556655      3.64706031      3.30920649      2.85649941      2.50342150      2.40727992      1.60965593      1.29109632      0.97416236      0.49075678      0.03582034     -0.03581207     -0.49075535     -0.97419778     -1.29109130     -1.60961362     -2.40728882     -2.50345685     -2.85648005     -3.30923532     -3.64705630     -3.86552452     -4.36429276     -4.57494526     -4.77363744     -4.94073067     -5.13805962     -5.34394650     -5.54069370     -5.94030033     -5.98732509     -6.42446290     -6.65730905     -6.94226690     -7.07253120     -7.36738375     -7.38983521     -7.53339658     -7.65631599     -7.87050144     -7.95498372     -8.02299687     -8.17139241     -8.22737349     -8.40974248     -8.51879666     -8.62945945     -8.69112073     -8.97130050     -9.03407498     -9.18219898     -9.25818786     -9.40488756     -9.46286196     -9.47907177     -9.55317270     -9.67043509     -9.69929039     -9.75924820     -9.81693347     -9.85413777     -9.92783549     -9.96487527     -9.98598769    -10.10355751    -10.19994185    -10.24816560    -10.46306860    -10.50176817    -10.53641493    -10.56251954    -10.59857064    -10.63022146    -11.00590833    -11.02298612
      1.43901426     11.01709453     10.99996161     10.63368019     10.60521062     10.58410624     10.54930110     10.49314925     10.45077236     10.25441491     10.20161172     10.11323366      9.98414577      9.95500213      9.94861995      9.86065341      9.83881457      9.73273100      9.68855026      9.65219150      9.50620211      9.49484681      9.44150812      9.38240859      9.25012946      9.14208390      9.07232249      8.95528532      8.69220928      8.66784946      8.52619815      8.45636643      8.33593163      8.17787484      8.04389939      7.99064976      7.84790491      7.63128972      7.50272940      7.35964533      7.29026730      6.98433199      6.96872044      6.62366934      6.40790512      6.01885190      5.92604278      5.65122866      5.43122021      5.19382807      4.92785378      4.76777489      4.52191792      4.25677487      3.86851511      3.64875661      3.29831237      2.86687334      2.50110089      2.41217529      1.69608054      1.29020968      0.89949533      0.47843072      0.06626036     -0.06625004     -0.47842855     -0.89953081     -1.29020383     -1.69603685     -2.41218676     -2.50113371     -2.86687206     -3.29832843     -3.64875003     -3.86846488     -4.25672437     -4.52196752     -4.76767983     -4.92790203     -5.19406503     -5.43110997     -5.65129474     -5.92598524     -6.01882266     -6.40782099     -6.62361996     -6.96869234     -6.98441249     -7.28994924     -7.35983257     -7.50295845     -7.63131886     -7.84750681     -7.99110681     -8.04399490     -8.17809184     -8.33605587     -8.45588384     -8.52591279     -8.66776739     -8.69249083     -8.95477651     -9.07240410     -9.14218532     -9.25027333     -9.38258235     -9.44147478     -9.49477016     -9.50673774     -9.65188185     -9.68862991     -9.73276550     -9.83869426     -9.86068667     -9.94859922     -9.95508657     -9.98385254    -10.11303788    -10.20159736    -10.25471648    -10.45092005    -10.49302558    -10.54930411    -10.58414167    -10.60510891    -10.63371496    -10.99996320    -11.01709304
      1.44881819     11.01051207     10.99336441     10.63843312     10.61722868     10.60147791     10.55741175     10.48753500     10.43411439     10.26649466     10.20796079     10.12070894      9.99331460      9.96677946      9.93356060      9.86427575      9.84877607      9.70973050      9.68161565      9.61921489      9.54182131      9.43948816      9.41457684      9.36707746      9.22764569      9.18965524      9.00428862      8.91924799      8.77572559      8.70933154      8.57366937      8.44845389      8.37762041      8.18565755      8.11889586      8.03588260      7.79117842      7.64888019      7.47248965      7.30770913      7.19970001      6.99924340      6.88544567      6.59057966      6.38834816      6.08163310      5.89927696      5.77524749      5.49344149      5.23997707      4.91839012      4.76989148      4.49640387      4.15063363      3.84338578      3.65030889      3.30245557      2.89375748      2.47846348      2.41556860      1.78375982      1.29024227      0.82913280      0.46203028      0.10469620     -0.10468514     -0.46202733     -0.82916532     -1.29023646     -1.78371875     -2.41558469     -2.47848182     -2.89378658     -3.30244710     -3.65029790     -3.84334372     -4.15057484     -4.49654022     -4.76975192     -4.91839252     -5.24013140     -5.49348791     -5.77531953     -5.89917922     -6.08155857     -6.38835615     -6.59038719     -6.88554953     -6.99936014     -7.19942358     -7.30753535     -7.47304803     -7.64885330     -7.79099733     -8.03575045     -8.11954988     -8.18573407     -8.37697910     -8.44844975     -8.57371108     -8.70954852     -8.77588131     -8.91866279     -9.00388272     -9.18998844     -9.22778322     -9.36758636     -9.41446384     -9.43928071     -9.54230991     -9.61898562     -9.68167093     -9.70967832     -9.84873710     -9.86414011     -9.93354396     -9.96680086     -9.99316302    -10.12050098    -10.20795707    -10.26679580    -10.43420093    -10.48748942    -10.55736747    -10.60148648    -10.61716473    -10.63847497    -10.99336643    -11.01051013
      1.45862211     11.00423556     10.98709882     10.64388912     10.63324916     10.61310007     10.55813418     10.48829689     10.41077209     10.28048952     10.22265772     10.12515108     10.00257617      9.97739571      9.92470759      9.85751433      9.84839958      9.69223905      9.65912519      9.61237451      9.55568069      9.40504589      9.38390165      9.34539641      9.28566763      9.13950157      8.95559845      8.88434602      8.81720787      8.78685769      8.63360385      8.45575871      8.36841346      8.25138910      8.12794890      8.07186895      7.77873263      7.66363372      7.45196812      7.22707797      7.12523924      7.01601791      6.79606481      6.57463817      6.35146840      6.18006202      5.88859299      5.85826991      5.54344890      5.27383266      4.91114271      4.78180512      4.48195476      4.07880235      3.77947843      3.65015239      3.31917064      2.94321997      2.43975284      2.40751829      1.86933733      1.29144413      0.76806707      0.44254493      0.14810097     -0.14809083     -0.44254131     -0.76809429     -1.29143915     -1.86930183     -2.40755128     -2.43974374     -2.94327585     -3.31913460     -3.65013280     -3.77945631     -4.07875657     -4.48209934     -4.78168385     -4.91112282     -5.27386202     -5.54365440     -5.85807766     -5.88873384     -6.17998995     -6.35137633     -6.57454508     -6.79614014     -7.01609610     -7.12520705     -7.22681767     -7.45227625     -7.66356946     -7.77905987     -8.07165303     -8.12747700     -8.25218939     -8.36780674     -8.45604257     -8.63405963     -8.78660811     -8.81660832     -8.88419609     -8.95577406     -9.13928960     -9.28627438     -9.34527426     -9.38387985     -9.40517401     -9.55566979     -9.61266929     -9.65926273     -9.69197035     -9.84838815     -9.85731818     -9.92463418     -9.97749092    -10.00246636    -10.12495698    -10.22268030    -10.28074522    -10.41078584    -10.48833506    -10.55804049    -10.61309419    -10.63321377    -10.64393898    -10.98710094    -11.00423346
      1.46842603     10.99925207     10.98211169     10.65002889     10.64591159     10.62067920     10.55349409     10.49417777     10.38268576     10.29253598     10.24497267     10.12742551     10.01170934      9.98405180      9.92063695      9.85434595      9.83400859      9.67237146      9.64698562      9.61861844      9.54934595      9.40577964      9.36181150      9.32945324      9.28774400      9.09029922      9.00173956      8.90522237      8.79040979      8.76734486      8.68027996      8.47645255      8.37125359      8.34573844      8.11146199      8.06781433      7.79845037      7.69517186      7.40101214      7.17334575      7.08785520      6.98494220      6.71053212      6.59998372      6.33282455      6.25205304      5.93605927      5.87400781      5.56683104      5.29902175      4.90517627      4.80081428      4.47141057      4.04435282      3.70011555      3.63860481      3.33979804      3.00929933      2.42967086      2.35108182      1.95036019      1.29352560      0.72003637      0.42260324      0.19086186     -0.19085452     -0.42259931     -0.72005607     -1.29352203     -1.95033271     -2.35110348     -2.42966595     -3.00936621     -3.33974298     -3.63856363     -3.70012518     -4.04433683     -4.47150586     -4.80074832     -4.90515426     -5.29898098     -5.56698150     -5.87412237     -5.93604485     -6.25179856     -6.33276181     -6.60014182     -6.71052346     -6.98442579     -7.08856733     -7.17315987     -7.40077666     -7.69550553     -7.79886730     -8.06700244     -8.11131450     -8.34574418     -8.37150312     -8.47717070     -8.68073620     -8.76617078     -8.78986771     -8.90538091     -9.00233779     -9.09017961     -9.28740258     -9.32962010     -9.36180716     -9.40616119     -9.54918366     -9.61888858     -9.64737978     -9.67195133     -9.83389262     -9.85429154     -9.92055574     -9.98413248    -10.01163665    -10.12728271    -10.24501833    -10.29271285    -10.38265954    -10.49425852    -10.55337780    -10.62067727    -10.64587435    -10.65008517    -10.98211344    -10.99925031
      1.47822995     10.99624039     10.97906809     10.65700285     10.65096827     10.62459481     10.54651101     10.50239733     10.35393335     10.30022884     10.27017878     10.12890415     10.02274139      9.97935172      9.92216210      9.85292035      9.82009302      9.65971339      9.65685247      9.59994238      9.53481699      9.44750961      9.36626763      9.29306794      9.23786289      9.07368253      9.06338004      8.96926914      8.72417726      8.71652612      8.67448885      8.51031658      8.46408909      8.34902493      8.14245644      8.00504498      7.81669639      7.74485528      7.33604655      7.15055925      7.11140166      6.88244352      6.67613288      6.61957654      6.44737702      6.17182564      5.97107152      5.91357334      5.55976629      5.31843246      4.90021704      4.81863015      4.46430566      4.03168728      3.67163978      3.58678153      3.35167310      3.07477190      2.42932524      2.28266185      2.02037860      1.29565089      0.68871940      0.40743551      0.22346776     -0.22346454     -0.40743237     -0.68872960     -1.29564907     -2.02036228     -2.28267359     -2.42932381     -3.07482335     -3.35162592     -3.58675309     -3.67164866     -4.03169273     -4.46434223     -4.81861022     -4.90020692     -5.31839214     -5.55978532     -5.91390779     -5.97102197     -6.17145414     -6.44741704     -6.61964726     -6.67628072     -6.88198917     -7.11201866     -7.15049326     -7.33562127     -7.74533976     -7.81690250     -8.00441163     -8.14233754     -8.34870138     -8.46475564     -8.51096901     -8.67473124     -8.71609313     -8.72324851     -8.96933734     -9.06377828     -9.07380434     -9.23756796     -9.29276086     -9.36649037     -9.44789194     -9.53457995     -9.60003947     -9.65689721     -9.65970513     -9.82003903     -9.85287767     -9.92214307     -9.97934858    -10.02272309    -10.12883198    -10.27025106    -10.30028177    -10.35390768    -10.50247133    -10.54641725    -10.62459576    -10.65096419    -10.65701853    -10.97906904    -10.99623943
      1.48803387     10.99531390     10.97812075     10.65949270     10.65242945     10.62560494     10.54233433     10.50722087     10.33780500     10.30152301     10.28622212     10.12945919     10.02772794      9.97362453      9.92625144      9.85067692      9.81652097      9.65910670      9.65876985      9.58645937      9.52116375      9.47595436      9.37280410      9.25201685      9.23249668      9.08431563      9.08200114      8.99340976      8.70934419      8.69237174      8.63334578      8.52842010      8.51677398      8.35427562      8.15398351      7.97357765      7.82375435      7.77286625      7.30243872      7.14506145      7.12731038      6.80221826      6.73788370      6.56289820      6.52923476      6.11972001      5.98250665      5.94804840      5.55027950      5.32726772      4.89786879      4.82588819      4.46201232      4.02916878      3.66882370      3.55907373      3.34999715      3.10653172      2.42938066      2.24755748      2.05387680      1.29663119      0.67777480      0.40246119      0.23525364     -0.23525364     -0.40246119     -0.67777480     -1.29663119     -2.05387680     -2.24755748     -2.42938066     -3.10653172     -3.34999715     -3.55907373     -3.66882370     -4.02916878     -4.46201232     -4.82588819     -4.89786879     -5.32726772     -5.55027950     -5.94804839     -5.98250665     -6.11972001     -6.52923476     -6.56289820     -6.73788370     -6.80221826     -7.12731038     -7.14506145     -7.30243872     -7.77286625     -7.82375435     -7.97357765     -8.15398351     -8.35427562     -8.51677398     -8.52842010     -8.63334577     -8.69237175     -8.70934418     -8.99340976     -9.08200114     -9.08431563     -9.23249668     -9.25201685     -9.37280410     -9.47595436     -9.52116375     -9.58645937     -9.65877042     -9.65910613     -9.81652097     -9.85067692     -9.92625144     -9.97362453    -10.02772794    -10.12945919    -10.28622212    -10.30152301    -10.33780499    -10.50722087    -10.54233433    -10.62560494    -10.65242945    -10.65949270    -10.97812075    -10.99531390
      1.49783779     10.99600449     10.97883811     10.65781792     10.65071563     10.62514489     10.54705273     10.50135663     10.35293070     10.30314793     10.26886961     10.12933913     10.02198025      9.98214474      9.91777986      9.85868447      9.81328852      9.66873761      9.64948301      9.60634344      9.52580173      9.45558088      9.35990330      9.30277275      9.21697404      9.09271472      9.04976204      8.97417639      8.74501925      8.71132610      8.63613234      8.51470690      8.51043492      8.32580278      8.14176137      8.00558930      7.80901727      7.75166173      7.33514984      7.15004077      7.12546047      6.85279188      6.70627088      6.58087248      6.46856293      6.16315441      5.99926514      5.89635181      5.56380990      5.31659430      4.90071826      4.81965842      4.46301639      4.02996888      3.67106511      3.58032980      3.36072934      3.07158103      2.42934414      2.28142458      2.02388591      1.29535305      0.68794474      0.40452659      0.22621806     -0.22621904     -0.40453064     -0.68793699     -1.29535461     -2.02389480     -2.28141992     -2.42934556     -3.07154075     -3.36075122     -3.58037666     -3.67106239     -4.02993635     -4.46300795     -4.81966657     -4.90071020     -5.31664768     -5.56385737     -5.89604504     -5.99911842     -6.16363276     -6.46851015     -6.58072562     -6.70640674     -6.85287993     -7.12510576     -7.15001475     -7.33556710     -7.75115641     -7.80889820     -8.00612809     -8.14194488     -8.32583499     -8.51004687     -8.51444919     -8.63539588     -8.71169500     -8.74605959     -8.97412200     -9.04960762     -9.09238279     -9.21718693     -9.30308710     -9.35970419     -9.45529076     -9.52584876     -9.60646035     -9.64961998     -9.66858716     -9.81309781     -9.85892408     -9.91768648     -9.98222066    -10.02197617    -10.12942569    -10.26866477    -10.30329172    -10.35288608    -10.50130241    -10.54713237    -10.62514119    -10.65071207    -10.65781075    -10.97883736    -10.99600526
      1.50764171     10.99749648     10.98038975     10.65465437     10.64562060     10.62472220     10.55635992     10.48750680     10.38023606     10.30269095     10.24068892     10.13243958     10.00721000      9.99447652      9.90076620      9.87772133      9.80552625      9.67634073      9.65032865      9.64761605      9.51677468      9.43240069      9.36620538      9.32105480      9.22924367      9.06556743      9.02879766      8.92597088      8.81797352      8.74878364      8.62542933      8.53636636      8.48765561      8.26669572      8.09161290      8.06862196      7.77084279      7.71945155      7.40764551      7.17316560      7.15302223      6.86439156      6.71624959      6.54325798      6.39302233      6.23240167      6.02682991      5.82580927      5.59554084      5.28991509      4.90846408      4.80835395      4.46169710      4.03035532      3.68314581      3.61968382      3.38133492      2.99525168      2.42946190      2.34723330      1.97210547      1.29151605      0.71242842      0.40595921      0.20763285     -0.20763373     -0.40596470     -0.71241817     -1.29151846     -1.97211376     -2.34723047     -2.42946594     -2.99520983     -3.38133960     -3.61975562     -3.68316211     -4.03028459     -4.46169655     -4.80836490     -4.90844013     -5.29001432     -5.59558873     -5.82557479     -6.02659395     -6.23281095     -6.39303086     -6.54337996     -6.71618148     -6.86423986     -7.15328927     -7.17284427     -7.40793219     -7.71904803     -7.77064361     -8.06918321     -8.09173607     -8.26682001     -8.48708725     -8.53627958     -8.62486710     -8.74911443     -8.81886252     -8.92594498     -9.02888182     -9.06509600     -9.22934055     -9.32079204     -9.36648585     -9.43227845     -9.51663744     -9.64771899     -9.65057051     -9.67616605     -9.80526708     -9.87806203     -9.90059700     -9.99464507    -10.00708719    -10.13264454    -10.24043294    -10.30278990    -10.38017871    -10.48747629    -10.55644113    -10.62471217    -10.64562035    -10.65464106    -10.98038870    -10.99749756
      1.51744564     10.99893702     10.98188406     10.65139905     10.63979006     10.62495505     10.56447039     10.46958272     10.40835424     10.30123845     10.21185465     10.14498507     10.00342040      9.98414454      9.90008246      9.87575792      9.80954632      9.68944191      9.67283287      9.65840935      9.49644801      9.44613261      9.37633863      9.31887410      9.20736230      9.04873395      9.02369846      8.90012772      8.83956811      8.77934520      8.66419039      8.52466031      8.47289126      8.24202992      8.12689223      7.98827450      7.75512218      7.68280552      7.49369288      7.21926646      7.17752005      6.85618713      6.70098765      6.51694240      6.36860970      6.23708806      6.06638884      5.78271021      5.62198261      5.26042806      4.91872074      4.80156622      4.45461301      4.02943663      3.71443593      3.64042976      3.39579396      2.91943291      2.43176604      2.40891513      1.93091140      1.28651380      0.73808234      0.40530589      0.19024975     -0.19025026     -0.40530985     -0.73807472     -1.28651588     -1.93091650     -2.40890592     -2.43177956     -2.91940450     -3.39578894     -3.64046237     -3.71448978     -4.02936049     -4.45461926     -4.80157485     -4.91869317     -5.26052268     -5.62195689     -5.78265163     -6.06619796     -6.23700524     -6.36889906     -6.51739392     -6.70050518     -6.85612882     -7.17790003     -7.21903478     -7.49367553     -7.68264584     -7.75512551     -7.98814959     -8.12718270     -8.24237255     -8.47254796     -8.52428811     -8.66419837     -8.77940372     -8.83949151     -8.90074380     -9.02362327     -9.04888313     -9.20683361     -9.31891460     -9.37651260     -9.44606733     -9.49642899     -9.65854521     -9.67275806     -9.68943918     -9.80937205     -9.87589649     -9.90003868     -9.98436770    -10.00321997    -10.14529187    -10.21155650    -10.30128804    -10.40829367    -10.46959416    -10.56452274    -10.62493759    -10.63980247    -10.65138310    -10.98188324    -10.99893786
      1.52724956     10.99967944     10.98265127     10.64934592     10.63682268     10.62518232     10.56851892     10.44980043     10.43291020     10.30034660     10.18508310     10.16593354      9.99952997      9.97832781      9.90295493      9.85248171      9.83475323      9.70098644      9.67857119      9.65748412      9.50316479      9.42838310      9.39706947      9.32292483      9.15619442      9.08715740      9.00630277      8.91812981      8.80637581      8.76503946      8.73140870      8.49643612      8.47576084      8.24017232      8.15510536      7.87211675      7.81641350      7.61562763      7.57697905      7.24136279      7.19214424      6.85755266      6.66887495      6.51680738      6.39219500      6.16805251      6.12246436      5.77008808      5.63052637      5.24322806      4.92575411      4.79994069      4.44813887      4.02841435      3.73799461      3.64504323      3.40172182      2.87680616      2.45166712      2.42555499      1.91167893      1.28338689      0.75195180      0.40450449      0.18132999     -0.18133009     -0.40450535     -0.75195010     -1.28338739     -1.91167999     -2.42555235     -2.45167127     -2.87679976     -3.40172009     -3.64504844     -3.73801160     -4.02839388     -4.44814107     -4.79994272     -4.92574654     -5.24325174     -5.63050696     -5.77009376     -6.12241769     -6.16801730     -6.39224305     -6.51702523     -6.66866499     -6.85755194     -7.19225069     -7.24130226     -7.57691519     -7.61561514     -7.81667150     -7.87185550     -8.15514361     -8.24029536     -8.47573547     -8.49628180     -8.73163265     -8.76475557     -8.80641752     -8.91827527     -9.00626811     -9.08743338     -9.15585895     -9.32288808     -9.39738791     -9.42807499     -9.50324141     -9.65745513     -9.67861588     -9.70095927     -9.83469069     -9.85253841     -9.90294201     -9.97840946     -9.99945944    -10.16618346    -10.18483950    -10.30035588    -10.43287003    -10.44983101    -10.56853007    -10.62517550    -10.63682915    -10.64934111    -10.98265108    -10.99967963
      1.53705348     10.99942391     10.98238646     10.65008695     10.63782342     10.62510144     10.56715573     10.45958974     10.42147354     10.30068854     10.19744442     10.15540134     10.00140034      9.97971671      9.90249547      9.86559850      9.82005495      9.69824251      9.67470838      9.65955947      9.49782080      9.44177089      9.38401545      9.32253092      9.17988006      9.06725818      9.01254084      8.91187356      8.81569260      8.78401333      8.69699111      8.50892463      8.47216092      8.24026124      8.14570583      7.92871066      7.77790653      7.65144084      7.53622930      7.23417305      7.18696096      6.85655001      6.68216692      6.51522963      6.38267298      6.20369231      6.09278832      5.77356594      5.62812959      5.24941483      4.92313369      4.80035663      4.45061822      4.02876433      3.72949186      3.64376029      3.39977009      2.89194312      2.44095613      2.42320479      1.91819138      1.28451201      0.74711537      0.40481098      0.18440941     -0.18440910     -0.40480846     -0.74712030     -1.28451060     -1.91818825     -2.42321519     -2.44094198     -2.89196148     -3.39977454     -3.64374343     -3.72944754     -4.02881986     -4.45061267     -4.80035088     -4.92315408     -5.24934891     -5.62817073     -5.77356947     -6.09291565     -6.20378921     -6.38249719     -6.51475891     -6.68264349     -6.85656338     -7.18667943     -7.23433236     -7.53631557     -7.65153543     -7.77772422     -7.92893186     -8.14556285     -8.23995835     -8.47233771     -8.50924871     -8.69684964     -8.78417817     -8.81571735     -8.91144226     -9.01263920     -9.06687876     -9.18045077     -9.32257960     -9.38364899     -9.44211078     -9.49767255     -9.65957732     -9.67465972     -9.69827609     -9.82016424     -9.86551354     -9.90252506     -9.97952781    -10.00156515    -10.15507909    -10.19775249    -10.30066002    -10.42153091    -10.45956143    -10.56712299    -10.62511756    -10.63780927    -10.65009941    -10.98238700    -10.99942337
      1.54685740     10.99827158     10.98119246     10.65296870     10.64254800     10.62476343     10.56085290     10.47894373     10.39439873     10.30204316     10.22596411     10.13756304     10.00369808      9.99175911      9.89668285      9.88208286      9.80476654      9.67753165      9.66991986      9.65304099      9.50553961      9.43689347      9.37505853      9.31509461      9.22592572      9.04837967      9.02920054      8.90219716      8.84470801      8.76619765      8.63766573      8.53601463      8.47777100      8.24998185      8.10123991      8.04409000      7.75403888      7.70477832      7.45027880      7.19664336      7.16679305      6.85876235      6.71373051      6.52685274      6.36813498      6.25031462      6.04432388      5.79976364      5.61083827      5.27471335      4.91349812      4.80414599      4.45871914      4.02993904      3.69720738      3.63331039      3.38965441      2.95516254      2.42990421      2.38051904      1.94923330      1.28899651      0.72599117      0.40578854      0.19826171     -0.19826100     -0.40578352     -0.72600065     -1.28899410     -1.94922644     -2.38052266     -2.42989731     -2.95519884     -3.38965659     -3.63325621     -3.69716654     -4.03001922     -4.45871520     -4.80413561     -4.91352649     -5.27460777     -5.61082437     -5.79991080     -6.04455259     -6.25017381     -6.36794456     -6.52654879     -6.71403358     -6.85889209     -7.16638874     -7.19695554     -7.45015200     -7.70502673     -7.75420164     -8.04408085     -8.10080687     -8.24972029     -8.47824878     -8.53629795     -8.63789611     -8.76598921     -8.84423668     -8.90194910     -9.02899143     -9.04876331     -9.22620297     -9.31511122     -9.37496697     -9.43682458     -9.50569783     -9.65285632     -9.66978061     -9.67772453     -9.80499764     -9.88179510     -9.89682999     -9.99151013    -10.00392071    -10.13729910    -10.22624250    -10.30197003    -10.39445874    -10.47895304    -10.56078394    -10.62477760    -10.64254214    -10.65298443    -10.98119346    -10.99827056
      1.55666132     10.99670710     10.97956695     10.65628530     10.64849704     10.62485105     10.55167823     10.49503648     10.36608134     10.30330599     10.25480670     10.13020990     10.01506375      9.98953410      9.90913293      9.86840209      9.80879122      9.67339936      9.64708852      9.62708488      9.52389151      9.44091685      9.35150547      9.32709110      9.22209279      9.08208190      9.03550239      8.95242338      8.78271444      8.73014245      8.62749904      8.52431285      8.49917931      8.29431584      8.12343643      8.03690197      7.79131835      7.73411736      7.36886202      7.15773297      7.13602438      6.86553830      6.71014255      6.56420397      6.43003110      6.19962537      6.01191032      5.85870907      5.57882679      5.30457849      4.90407225      4.81389372      4.46303579      4.03027794      3.67500468      3.60042212      3.37123753      3.03555849      2.42935266      2.31306028      1.99791959      1.29371744      0.69913171      0.40557203      0.21736081     -0.21735982     -0.40556683     -0.69914142     -1.29371533     -1.99791044     -2.31306399     -2.42935021     -3.03560255     -3.37122322     -3.60035410     -3.67500337     -4.03033099     -4.46304122     -4.81388348     -4.90408861     -5.30449874     -5.57876775     -5.85900259     -6.01212030     -6.19911396     -6.43008536     -6.56425758     -6.71003827     -6.86559615     -7.13617443     -7.15783396     -7.36846148     -7.73463086     -7.79148804     -8.03630633     -8.12323115     -8.29428751     -8.49978503     -8.52432745     -8.62825524     -8.72974087     -8.78167533     -8.95249496     -9.03555985     -9.08253987     -9.22181636     -9.32719318     -9.35135267     -9.44118789     -9.52394114     -9.62693918     -9.64692892     -9.67354725     -9.80904076     -9.86809553     -9.90926180     -9.98943971    -10.01509048    -10.13006733    -10.25503926    -10.30318089    -10.36613421    -10.49508428    -10.55159171    -10.62485753    -10.64850052    -10.65629546    -10.97956792    -10.99670610
      1.56646524     10.99550407     10.97831724     10.65900452     10.65201861     10.62545419     10.54366839     10.50564229     10.34228957     10.30243607     10.28060619     10.12939295     10.02630028      9.97600513      9.92401607      9.85257052      9.81594227      9.66320646      9.65452738      9.59169188      9.52370410      9.46910665      9.36953578      9.27168851      9.22275897      9.09171187      9.06796792      8.98825353      8.71837509      8.69767820      8.63763137      8.52384144      8.51087941      8.34808254      8.15116745      7.98270968      7.82022924      7.76617966      7.31165988      7.14612173      7.12496398      6.82492186      6.71972126      6.57807641      6.50487481      6.13320820      5.98783845      5.93122763      5.55372842      5.32457605      4.89858562      4.82415564      4.46238045      4.02944346      3.66932264      3.56507674      3.35273192      3.09719630      2.42936791      2.25717914      2.04511106      1.29632399      0.68043364      0.40318740      0.23273219     -0.23273147     -0.40318523     -0.68043805     -1.29632315     -2.04510475     -2.25718314     -2.42936726     -3.09722235     -3.35271305     -3.56505537     -3.66932487     -4.02945718     -4.46238774     -4.82415088     -4.89858740     -5.32455025     -5.55370550     -5.93146937     -5.98788639     -6.13289851     -6.50490929     -6.57815255     -6.71972904     -6.82475493     -7.12523646     -7.14615148     -7.31137322     -7.76651473     -7.82028881     -7.98236476     -8.15107035     -8.34801919     -8.51107536     -8.52416774     -8.63804026     -8.69748878     -8.71766049     -8.98828110     -9.06812728     -9.09183694     -9.22274295     -9.27137810     -9.36967147     -9.46932585     -9.52360462     -9.59163805     -9.65436666     -9.66338667     -9.81602597     -9.85245321     -9.92406221     -9.97596120    -10.02629916    -10.12935320    -10.28075555    -10.30231274    -10.34231553    -10.50568191    -10.54361660    -10.62545574    -10.65202035    -10.65900863    -10.97831766    -10.99550363
      1.57626917     10.99553351     10.97834706     10.65890476     10.65205503     10.62538556     10.54351602     10.50584294     10.34252737     10.30167919     10.28110979     10.12929601     10.02639376      9.97549966      9.92473374      9.85155863      9.81705543      9.66083486      9.65668266      9.59065114      9.52538192      9.46776550      9.37069273      9.26810298      9.22804039      9.08432940      9.07443835      8.98748967      8.71345872      8.69822546      8.64624593      8.52384326      8.50255709      8.35157724      8.15106010      7.98211446      7.82171771      7.76538767      7.31153930      7.14618549      7.12342880      6.83069070      6.71342276      6.58631723      6.49925656      6.13463892      5.98108117      5.93622927      5.55318483      5.32480698      4.89851860      4.82401764      4.46255720      4.02967103      3.66937301      3.56602364      3.35133202      3.09773305      2.42936383      2.25740483      2.04459735      1.29636160      0.68052913      0.40358752      0.23235528     -0.23235661     -0.40358942     -0.68052410     -1.29636250     -2.04460597     -2.25739862     -2.42936447     -3.09770369     -3.35135867     -3.56603904     -3.66936951     -4.02966444     -4.46254260     -4.82402500     -4.89852201     -5.32482982     -5.55319020     -5.93597501     -5.98109376     -6.13491611     -6.49920960     -6.58631126     -6.71323906     -6.83101514     -7.12308623     -7.14618229     -7.31183309     -7.76504983     -7.82164238     -7.98248539     -8.15113499     -8.35172835     -8.50214905     -8.52345581     -8.64619872     -8.69846493     -8.71396695     -8.98745475     -9.07438445     -9.08406534     -9.22814007     -9.26837048     -9.37056540     -9.46749403     -9.52556902     -9.59063292     -9.65695857     -9.66053155     -9.81705930     -9.85160277     -9.92472488     -9.97551862    -10.02639967    -10.12933238    -10.28102816    -10.30170426    -10.34253358    -10.50579784    -10.54357176    -10.62538467    -10.65205511    -10.65889866    -10.97834659    -10.99553400
      1.58607309     10.99747632     10.98032476     10.65386625     10.64908682     10.62306681     10.54995553     10.49832589     10.36795085     10.29716150     10.25768423     10.12813379     10.01743752      9.98279338      9.92054884      9.85373614      9.82596204      9.66364846      9.65270271      9.61059379      9.54314564      9.42474802      9.36234218      9.31653571      9.25972327      9.07745309      9.03500698      8.94069042      8.74912121      8.74162744      8.68814445      8.49398983      8.41707007      8.34876317      8.12848470      8.03434269      7.80917986      7.72002642      7.36746488      7.15903912      7.09800578      6.93606147      6.67370754      6.62468366      6.38841694      6.21534916      5.95552117      5.89125026      5.56589333      5.30946730      4.90251430      4.81046297      4.46738702      4.03617549      3.67880023      3.61572402      3.34764540      3.04375688      2.42933197      2.31577967      1.98757680      1.29464977      0.70206073      0.41399635      0.20917326     -0.20917860     -0.41400011     -0.70204557     -1.29465249     -1.98759924     -2.31576324     -2.42933463     -3.04369347     -3.34770145     -3.61576546     -3.67878468     -4.03617821     -4.46732251     -4.81050264     -4.90253144     -5.30951524     -5.56581733     -5.89098150     -5.95557676     -6.21570619     -6.38840759     -6.62444104     -6.67374981     -6.93658781     -7.09726342     -7.15917125     -7.36785653     -7.71956256     -7.80884388     -8.03511489     -8.12862544     -8.34920803     -8.41631976     -8.49323153     -8.68770658     -8.74278684     -8.74966078     -8.94058706     -9.03442691     -9.07748183     -9.26008257     -9.31677626     -9.36207987     -9.42434830     -9.54335511     -9.61040973     -9.65227177     -9.66405693     -9.82606072     -9.85377501     -9.92060457     -9.98275859    -10.01747803    -10.12824197    -10.25762679    -10.29703886    -10.36798286    -10.49824136    -10.55006782    -10.62306681    -10.64910335    -10.65383356    -10.98032338    -10.99747773
      1.59587701     11.00152675     10.98439620     10.64681422     10.64041604     10.61735982     10.55619825     10.49080492     10.39711711     10.28716047     10.23313045     10.12627180     10.00657039      9.98224012      9.92201105      9.85507015      9.84225495      9.68199122      9.64930916      9.61895277      9.55322304      9.39929689      9.37310581      9.31999231      9.31269263      9.11140188      8.97217394      8.87574004      8.82023174      8.78827913      8.66125770      8.46390881      8.36386295      8.30454070      8.10247382      8.08886915      7.78769205      7.67594398      7.43044108      7.19510128      7.09621873      7.01309106      6.75250430      6.58192832      6.32509413      6.23517462      5.91223375      5.86521623      5.55975256      5.28720222      4.90801908      4.79075233      4.47645426      4.05781736      3.73789429      3.64752446      3.32965823      2.97505873      2.43146582      2.38415847      1.91059922      1.29241128      0.74222362      0.43236758      0.17004658     -0.17005555     -0.43237143     -0.74219988     -1.29241561     -1.91063102     -2.38412937     -2.43147496     -2.97499483     -3.32970575     -3.64755265     -3.73790273     -4.05784888     -4.47633018     -4.79084746     -4.90804229     -5.28721747     -5.55954685     -5.86528590     -5.91216472     -6.23525060     -6.32526878     -6.58189150     -6.75247047     -7.01331854     -7.09585800     -7.19533158     -7.43042502     -7.67581299     -7.78726744     -8.08925514     -8.10298460     -8.30372311     -8.36444498     -8.46336644     -8.66077907     -8.78931599     -8.82074758     -8.87559320     -8.97166399     -9.11159117     -9.31238317     -9.32004651     -9.37332252     -9.39894012     -9.55333842     -9.61858244     -9.64907205     -9.68235436     -9.84234597     -9.85517387     -9.92209868     -9.98213178    -10.00667051    -10.12644444    -10.23309576    -10.28694007    -10.39712787    -10.49073983    -10.55630762    -10.61736421    -10.64045375    -10.64675737    -10.98439421    -11.00152874
      1.60568093     11.00726843     10.99012958     10.64115893     10.62516312     10.60785800     10.55854682     10.48714578     10.42326024     10.27380624     10.21419284     10.12310040      9.99826058      9.97182845      9.92837013      9.86157172      9.84995260      9.70097662      9.67126941      9.61073192      9.55327798      9.41915353      9.39630473      9.36290614      9.25323409      9.16975615      8.96995977      8.90095204      8.80569932      8.74922490      8.60323945      8.45211718      8.37271982      8.20577858      8.14067925      8.05334669      7.77845322      7.65642535      7.46505941      7.26654963      7.16094926      7.00893210      6.84061113      6.57828551      6.37342355      6.12654165      5.88754579      5.82623939      5.52067629      5.25838323      4.91454372      4.77449755      4.48859610      4.10935501      3.81602987      3.65063195      3.30965340      2.91579851      2.45889117      2.41501451      1.82691079      1.29069598      0.79722266      0.45255677      0.12603982     -0.12605065     -0.45256009     -0.79719251     -1.29070147     -1.82694940     -2.41499210     -2.45888480     -2.91575463     -3.30967592     -3.65064639     -3.81606280     -4.10941043     -4.48844580     -4.77463536     -4.91455523     -5.25829402     -5.52053200     -5.82625508     -5.88758131     -6.12662290     -6.37343535     -6.57846823     -6.84050684     -7.00879025     -7.16114841     -7.26680298     -7.46453637     -7.65654354     -7.77835406     -8.05353697     -8.14066196     -8.20525843     -8.37335472     -8.45203578     -8.60291861     -8.74910354     -8.80592120     -8.90132285     -8.97021653     -9.16989422     -9.25268195     -9.36260612     -9.39638535     -9.41923751     -9.55303586     -9.61071010     -9.67118700     -9.70113377     -9.84995269     -9.86177450     -9.92841455     -9.97177231     -9.99838065    -10.12330586    -10.21418374    -10.27352323    -10.42321318    -10.48714542    -10.55861788    -10.60786098    -10.62520671    -10.64111365    -10.99012745    -11.00727050
      1.61548485     11.01382826     10.99668653     10.63596590     10.61028251     10.59360786     10.55426228     10.48950348     10.44339430     10.26025056     10.20389942     10.11711265      9.98765397      9.96206566      9.94044709      9.86341975      9.84526197      9.72012052      9.68744826      9.63437449      9.52522808      9.46642844      9.42894930      9.37176661      9.23752956      9.16923747      9.04162679      8.93786227      8.73563383      8.67982917      8.54821320      8.44844264      8.36889921      8.18231012      8.07754653      8.01709033      7.81605252      7.63887371      7.48427039      7.34074726      7.24224009      6.98882749      6.93069568      6.60655386      6.39891631      6.04597197      5.91310512      5.71507170      5.46374630      5.21868322      4.92279866      4.76756069      4.50707430      4.20092886      3.86041410      3.64959770      3.29847592      2.87763746      2.49284584      2.41426106      1.73998624      1.29007825      0.86344915      0.47070205      0.08461226     -0.08462313     -0.47070461     -0.86341483     -1.29008419     -1.74002904     -2.41424788     -2.49281896     -2.87762416     -3.29847113     -3.64960618     -3.86046240     -4.20098538     -4.50697280     -4.76768525     -4.92277643     -5.21847408     -5.46379742     -5.71497964     -5.91319728     -6.04602508     -6.39894331     -6.60668762     -6.93063631     -6.98874142     -7.24255563     -7.34074722     -7.48385618     -7.63882222     -7.81641741     -8.01703631     -8.07697848     -8.18216641     -8.36920875     -8.44869569     -8.54843741     -8.67967473     -8.73533528     -8.93847322     -9.04199710     -9.16865659     -9.23757400     -9.37135828     -9.42902271     -9.46666464     -9.52461318     -9.63470289     -9.68738031     -9.72010954     -9.84534840     -9.86346319     -9.94044910     -9.96204223     -9.98786943    -10.11731693    -10.20391179    -10.25994254    -10.44327014    -10.48959474    -10.55428017    -10.59358249    -10.61037120    -10.63592737    -10.99668470    -11.01383000
      1.62528877     11.02018227     11.00307451     10.63178763     10.60137879     10.57358271     10.54302942     10.49744640     10.45724889     10.25062674     10.20046008     10.10844589      9.98351714      9.95722938      9.94335770      9.85749604      9.82885082      9.74620792      9.69005959      9.66606571      9.52652741      9.48360337      9.45642613      9.39694794      9.25540211      9.14882827      9.06730060      8.96661187      8.67411275      8.65196977      8.51884499      8.44579682      8.28580153      8.17339804      8.02793226      7.96003373      7.87440888      7.63538267      7.52158675      7.36700618      7.34063832      7.02591483      6.95915869      6.64045999      6.41632113      5.99921819      5.93571094      5.59078467      5.39267893      5.16685276      4.93384119      4.76973766      4.54367441      4.31301610      3.86949432      3.64787734      3.30208784      2.86029910      2.50416140      2.40977600      1.65234081      1.29056519      0.93674077      0.48512436      0.04990937     -0.04991880     -0.48512615     -0.93670484     -1.29057074     -1.65238442     -2.40976583     -2.50412566     -2.86031167     -3.30206353     -3.64788247     -3.86954209     -4.31305986     -4.54368388     -4.76979512     -4.93376102     -5.16662590     -5.39278112     -5.59078663     -5.93572011     -5.99923444     -6.41645530     -6.64043853     -6.95912188     -7.02598946     -7.34089971     -7.36674261     -7.52144512     -7.63546781     -7.87459518     -7.95949956     -8.02817434     -8.17320982     -8.28546386     -8.44602186     -8.51919385     -8.65178486     -8.67456624     -8.96692872     -9.06641148     -9.14955361     -9.25518744     -9.39692226     -9.45641991     -9.48294381     -9.52669461     -9.66617629     -9.69011515     -9.74616040     -9.82897888     -9.85742444     -9.94334056     -9.95715319     -9.98385387    -10.10862743    -10.20047009    -10.25034587    -10.45709915    -10.49758000    -10.54301387    -10.57354654    -10.60147824    -10.63175724    -11.00307318    -11.02018350
      1.63509270     11.02540998     11.00836602     10.62902126     10.59631438     10.55149855     10.53075573     10.50471144     10.46899401     10.24719248     10.19966937     10.09869587      9.98998334      9.97100087      9.90984571      9.85045668      9.80467749      9.77105334      9.71205163      9.67119387      9.57518196      9.50563860      9.44595170      9.40103334      9.26398434      9.21899855      8.99612889      8.96759991      8.71425321      8.63953913      8.49390787      8.36487962      8.18163224      8.16084763      8.02577558      7.97447164      7.83939506      7.68555229      7.55161261      7.42378239      7.36643470      7.11854782      6.92309484      6.67472771      6.43173620      5.98304053      5.93895322      5.50478849      5.28309858      5.10884086      4.94861315      4.78036369      4.61663816      4.40596162      3.85848659      3.64633763      3.31865654      2.85420893      2.50065703      2.40494099      1.56895735      1.29169734      1.01067166      0.49531905      0.02411245     -0.02411934     -0.49532014     -1.01063809     -1.29170164     -1.56899678     -2.40493349     -2.50062513     -2.85423044     -3.31862717     -3.64634075     -3.85852096     -4.40601123     -4.61671584     -4.78036819     -4.94845815     -5.10874229     -5.28304620     -5.50494934     -5.93888164     -5.98306110     -6.43189423     -6.67467107     -6.92300587     -7.11879884     -7.36628046     -7.42357754     -7.55184395     -7.68574945     -7.83884571     -7.97436477     -8.02629830     -8.16067419     -8.18153825     -8.36462717     -8.49347177     -8.64037265     -8.71502338     -8.96740742     -8.99513827     -9.21983784     -9.26403757     -9.40071624     -9.44539878     -9.50576205     -9.57525573     -9.67099807     -9.71231958     -9.77098898     -9.80478916     -9.85036658     -9.90983684     -9.97092533     -9.99028786    -10.09882921    -10.19966374    -10.24698815    -10.46888894    -10.50479874    -10.53073774    -10.55148418    -10.59638408    -10.62900118    -11.00836521    -11.02541071
      1.64489662     11.02882335     11.01183960     10.62759814     10.59298303     10.53490263     10.52265107     10.50335724     10.48234396     10.24789728     10.19927097     10.09078597      9.99815551      9.97834319      9.87287889      9.84292966      9.79643882      9.77807752      9.72927587      9.68576594      9.59732970      9.55592201      9.41568743      9.36732892      9.29868101      9.27950075      8.94537220      8.91757933      8.76440458      8.70272368      8.40367237      8.27446573      8.22334875      8.08304996      8.01629944      7.99841584      7.79739196      7.71838709      7.64137984      7.42937350      7.36141748      7.20031773      6.88350779      6.71017703      6.44179003      5.98487518      5.92970000      5.46698720      5.14472825      5.05063637      4.96606024      4.82442252      4.70128309      4.45722669      3.84270168      3.64532892      3.33779781      2.85173120      2.49397917      2.40137123      1.50150750      1.29280020      1.07268406      0.50131598      0.00827000     -0.00827362     -0.50131649     -1.07266096     -1.29280253     -1.50153378     -2.40136715     -2.49396090     -2.85174595     -3.33777832     -3.64533053     -3.84271895     -4.45728503     -4.70127535     -4.82451534     -4.96584236     -5.05072112     -5.14459207     -5.46712458     -5.92964542     -5.98488052     -6.44188287     -6.71017638     -6.88340562     -7.20058696     -7.36144852     -7.42893038     -7.64180192     -7.71837592     -7.79716371     -7.99828710     -8.01590768     -8.08361702     -8.22379138     -8.27405194     -8.40305341     -8.70361629     -8.76513030     -8.91677936     -8.94482715     -9.28020854     -9.29912942     -9.36666917     -9.41527386     -9.55603667     -9.59731681     -9.68564400     -9.72942179     -9.77823094     -9.79630877     -9.84285969     -9.87291242     -9.97830987     -9.99831620    -10.09085466    -10.19926055    -10.24779261    -10.48230329    -10.50337430    -10.52259313    -10.53496154    -10.59301543    -10.62758858    -11.01183923    -11.02882367
      1.65470054     11.03000720     11.01304760     10.62718080     10.59169070     10.53324371     10.51164492     10.50059718     10.49296500     10.24872430     10.19907234     10.08778973     10.00157577      9.98053218      9.85253022      9.83918752      9.80689565      9.76935510      9.73303649      9.70022650      9.60061120      9.57734520      9.38845250      9.33900681      9.32908008      9.31631468      8.92487429      8.87334901      8.79203355      8.74599749      8.31260017      8.30062091      8.22239452      8.10344461      8.00928024      7.95046341      7.80069831      7.71071281      7.70633739      7.41946053      7.35542683      7.23958777      6.86240314      6.72960098      6.44507302      5.98656688      5.92548767      5.45667564      5.07266966      4.99530141      4.94410709      4.93221802      4.72488915      4.47331892      3.83548665      3.64498462      3.34625858      2.85090530      2.49104993      2.40007297      1.47326730      1.29326281      1.09912948      0.50328728      0.00278697     -0.00278697     -0.50328728     -1.09912948     -1.29326281     -1.47326730     -2.40007297     -2.49104993     -2.85090530     -3.34625858     -3.64498462     -3.83548665     -4.47331892     -4.72488915     -4.93221802     -4.94410709     -4.99530141     -5.07266966     -5.45667564     -5.92548767     -5.98656688     -6.44507302     -6.72960098     -6.86240314     -7.23958777     -7.35542683     -7.41946053     -7.70633739     -7.71071281     -7.80069831     -7.95046341     -8.00928024     -8.10344461     -8.22239452     -8.30062091     -8.31260017     -8.74599749     -8.79203355     -8.87334901     -8.92487429     -9.31631468     -9.32908008     -9.33900681     -9.38845250     -9.57734520     -9.60061120     -9.70022650     -9.73303649     -9.76935510     -9.80689565     -9.83918752     -9.85253022     -9.98053218    -10.00157577    -10.08778973    -10.19907234    -10.24872430    -10.49296500    -10.50059718    -10.51164492    -10.53324371    -10.59169070    -10.62718080    -11.01304760    -11.03000720
      1.66450446     11.02882367     11.01183923     10.62758858     10.59301543     10.53496154     10.52259313     10.50337430     10.48230329     10.24779261     10.19926055     10.09085466      9.99831620      9.97830987      9.87291242      9.84285969      9.79630877      9.77823094      9.72942179      9.68564400      9.59731681      9.55603667      9.41527386      9.36666917      9.29912942      9.28020854      8.94482715      8.91677936      8.76513030      8.70361629      8.40305341      8.27405194      8.22379138      8.08361702      8.01590768      7.99828710      7.79716371      7.71837592      7.64180192      7.42893038      7.36144852      7.20058696      6.88340562      6.71017638      6.44188287      5.98488052      5.92964542      5.46712458      5.14459207      5.05072112      4.96584236      4.82451534      4.70127535      4.45728503      3.84271895      3.64533053      3.33777832      2.85174595      2.49396090      2.40136715      1.50153378      1.29280253      1.07266096      0.50131649      0.00827362     -0.00827000     -0.50131598     -1.07268406     -1.29280020     -1.50150750     -2.40137123     -2.49397917     -2.85173120     -3.33779781     -3.64532892     -3.84270168     -4.45722669     -4.70128309     -4.82442252     -4.96606024     -5.05063637     -5.14472825     -5.46698720     -5.92970000     -5.98487518     -6.44179003     -6.71017703     -6.88350779     -7.20031773     -7.36141748     -7.42937350     -7.64137984     -7.71838709     -7.79739196     -7.99841584     -8.01629944     -8.08304996     -8.22334875     -8.27446573     -8.40367237     -8.70272368     -8.76440458     -8.91757933     -8.94537220     -9.27950075     -9.29868101     -9.36732892     -9.41568743     -9.55592201     -9.59732970     -9.68576594     -9.72927587     -9.77807752     -9.79643882     -9.84292966     -9.87287889     -9.97834319     -9.99815551    -10.09078597    -10.19927097    -10.24789728    -10.48234396    -10.50335724    -10.52265107    -10.53490263    -10.59298303    -10.62759814    -11.01183960    -11.02882335
      1.67430838     11.02541071     11.00836521     10.62900118     10.59638408     10.55148418     10.53073774     10.50479874     10.46888894     10.24698815     10.19966374     10.09882921      9.99028786      9.97092533      9.90983684      9.85036658      9.80478916      9.77098898      9.71231958      9.67099807      9.57525573      9.50576205      9.44539878      9.40071624      9.26403757      9.21983784      8.99513827      8.96740742      8.71502338      8.64037265      8.49347177      8.36462717      8.18153825      8.16067419      8.02629830      7.97436477      7.83884571      7.68574945      7.55184395      7.42357754      7.36628046      7.11879884      6.92300587      6.67467107      6.43189423      5.98306110      5.93888164      5.50494934      5.28304620      5.10874229      4.94845815      4.78036819      4.61671584      4.40601123      3.85852096      3.64634075      3.31862717      2.85423044      2.50062513      2.40493349      1.56899678      1.29170164      1.01063809      0.49532014      0.02411934     -0.02411245     -0.49531905     -1.01067166     -1.29169734     -1.56895735     -2.40494099     -2.50065703     -2.85420893     -3.31865654     -3.64633763     -3.85848659     -4.40596162     -4.61663816     -4.78036369     -4.94861315     -5.10884086     -5.28309858     -5.50478849     -5.93895322     -5.98304053     -6.43173620     -6.67472771     -6.92309484     -7.11854782     -7.36643470     -7.42378239     -7.55161261     -7.68555229     -7.83939506     -7.97447164     -8.02577558     -8.16084763     -8.18163224     -8.36487962     -8.49390787     -8.63953913     -8.71425321     -8.96759991     -8.99612889     -9.21899855     -9.26398434     -9.40103334     -9.44595170     -9.50563860     -9.57518196     -9.67119387     -9.71205163     -9.77105334     -9.80467749     -9.85045668     -9.90984571     -9.97100087     -9.98998334    -10.09869587    -10.19966937    -10.24719248    -10.46899401    -10.50471144    -10.53075573    -10.55149855    -10.59631438    -10.62902126    -11.00836602    -11.02540998
      1.68411230     11.02018350     11.00307318     10.63175724     10.60147824     10.57354654     10.54301387     10.49758000     10.45709915     10.25034587     10.20047009     10.10862743      9.98385387      9.95715319      9.94334056      9.85742444      9.82897888      9.74616040      9.69011515      9.66617629      9.52669461      9.48294381      9.45641991      9.39692226      9.25518744      9.14955361      9.06641148      8.96692872      8.67456624      8.65178486      8.51919385      8.44602186      8.28546386      8.17320982      8.02817434      7.95949956      7.87459518      7.63546781      7.52144512      7.36674261      7.34089971      7.02598946      6.95912188      6.64043853      6.41645530      5.99923444      5.93572011      5.59078663      5.39278112      5.16662590      4.93376102      4.76979512      4.54368388      4.31305986      3.86954209      3.64788247      3.30206353      2.86031167      2.50412566      2.40976583      1.65238442      1.29057074      0.93670484      0.48512615      0.04991880     -0.04990937     -0.48512436     -0.93674077     -1.29056519     -1.65234081     -2.40977600     -2.50416140     -2.86029910     -3.30208784     -3.64787734     -3.86949432     -4.31301610     -4.54367441     -4.76973766     -4.93384119     -5.16685276     -5.39267893     -5.59078467     -5.93571094     -5.99921819     -6.41632113     -6.64045999     -6.95915869     -7.02591483     -7.34063832     -7.36700618     -7.52158675     -7.63538267     -7.87440888     -7.96003373     -8.02793226     -8.17339804     -8.28580153     -8.44579682     -8.51884499     -8.65196977     -8.67411275     -8.96661187     -9.06730060     -9.14882827     -9.25540211     -9.39694794     -9.45642613     -9.48360337     -9.52652741     -9.66606571     -9.69005959     -9.74620792     -9.82885082     -9.85749604     -9.94335770     -9.95722938     -9.98351714    -10.10844589    -10.20046008    -10.25062674    -10.45724889    -10.49744640    -10.54302942    -10.57358271    -10.60137879    -10.63178763    -11.00307451    -11.02018227
      1.69391622     11.01383000     10.99668470     10.63592737     10.61037120     10.59358249     10.55428017     10.48959474     10.44327014     10.25994254     10.20391179     10.11731693      9.98786943      9.96204223      9.94044910      9.86346319      9.84534840      9.72010954      9.68738031      9.63470289      9.52461318      9.46666464      9.42902271      9.37135828      9.23757400      9.16865659      9.04199710      8.93847322      8.73533528      8.67967473      8.54843741      8.44869569      8.36920875      8.18216641      8.07697848      8.01703631      7.81641741      7.63882222      7.48385618      7.34074722      7.24255563      6.98874142      6.93063631      6.60668762      6.39894331      6.04602508      5.91319728      5.71497964      5.46379742      5.21847408      4.92277643      4.76768525      4.50697280      4.20098538      3.86046240      3.64960618      3.29847113      2.87762416      2.49281896      2.41424788      1.74002904      1.29008419      0.86341483      0.47070461      0.08462313     -0.08461226     -0.47070205     -0.86344915     -1.29007825     -1.73998624     -2.41426106     -2.49284584     -2.87763746     -3.29847592     -3.64959770     -3.86041410     -4.20092886     -4.50707430     -4.76756069     -4.92279866     -5.21868322     -5.46374630     -5.71507170     -5.91310512     -6.04597197     -6.39891631     -6.60655386     -6.93069568     -6.98882749     -7.24224009     -7.34074726     -7.48427039     -7.63887371     -7.81605252     -8.01709033     -8.07754653     -8.18231012     -8.36889921     -8.44844264     -8.54821320     -8.67982917     -8.73563383     -8.93786227     -9.04162679     -9.16923747     -9.23752956     -9.37176661     -9.42894930     -9.46642844     -9.52522808     -9.63437449     -9.68744826     -9.72012052     -9.84526197     -9.86341975     -9.94044709     -9.96206566     -9.98765397    -10.11711265    -10.20389942    -10.26025056    -10.44339430    -10.48950348    -10.55426228    -10.59360786    -10.61028251    -10.63596590    -10.99668653    -11.01382826
      1.70372015     11.00727050     10.99012745     10.64111365     10.62520671     10.60786098     10.55861788     10.48714542     10.42321318     10.27352323     10.21418374     10.12330586      9.99838065      9.97177231      9.92841455      9.86177450      9.84995269      9.70113377      9.67118700      9.61071010      9.55303586      9.41923751      9.39638535      9.36260612      9.25268195      9.16989422      8.97021653      8.90132285      8.80592120      8.74910354      8.60291861      8.45203578      8.37335472      8.20525843      8.14066196      8.05353697      7.77835406      7.65654354      7.46453637      7.26680298      7.16114841      7.00879025      6.84050684      6.57846823      6.37343535      6.12662290      5.88758131      5.82625508      5.52053200      5.25829402      4.91455523      4.77463536      4.48844580      4.10941043      3.81606280      3.65064639      3.30967592      2.91575463      2.45888480      2.41499210      1.82694940      1.29070147      0.79719251      0.45256009      0.12605065     -0.12603982     -0.45255677     -0.79722266     -1.29069598     -1.82691079     -2.41501451     -2.45889117     -2.91579851     -3.30965340     -3.65063195     -3.81602987     -4.10935501     -4.48859610     -4.77449755     -4.91454372     -5.25838323     -5.52067629     -5.82623939     -5.88754579     -6.12654165     -6.37342355     -6.57828551     -6.84061113     -7.00893210     -7.16094926     -7.26654963     -7.46505941     -7.65642535     -7.77845322     -8.05334669     -8.14067925     -8.20577858     -8.37271982     -8.45211718     -8.60323945     -8.74922490     -8.80569932     -8.90095204     -8.96995977     -9.16975615     -9.25323409     -9.36290614     -9.39630473     -9.41915353     -9.55327798     -9.61073192     -9.67126941     -9.70097662     -9.84995260     -9.86157172     -9.92837013     -9.97182845     -9.99826058    -10.12310040    -10.21419284    -10.27380624    -10.42326024    -10.48714578    -10.55854682    -10.60785800    -10.62516312    -10.64115893    -10.99012958    -11.00726843
      1.71352407     11.00152874     10.98439421     10.64675737     10.64045375     10.61736421     10.55630762     10.49073983     10.39712787     10.28694007     10.23309576     10.12644444     10.00667051      9.98213178      9.92209868      9.85517387      9.84234597      9.68235436      9.64907205      9.61858244      9.55333842      9.39894012      9.37332252      9.32004651      9.31238317      9.11159117      8.97166399      8.87559320      8.82074758      8.78931599      8.66077907      8.46336644      8.36444498      8.30372311      8.10298460      8.08925514      7.78726744      7.67581299      7.43042502      7.19533158      7.09585800      7.01331854      6.75247047      6.58189150      6.32526878      6.23525060      5.91216472      5.86528590      5.55954685      5.28721747      4.90804229      4.79084746      4.47633018      4.05784888      3.73790273      3.64755265      3.32970575      2.97499483      2.43147496      2.38412937      1.91063102      1.29241561      0.74219988      0.43237143      0.17005555     -0.17004658     -0.43236758     -0.74222362     -1.29241128     -1.91059922     -2.38415847     -2.43146582     -2.97505873     -3.32965823     -3.64752446     -3.73789429     -4.05781736     -4.47645426     -4.79075233     -4.90801908     -5.28720222     -5.55975256     -5.86521623     -5.91223375     -6.23517462     -6.32509413     -6.58192832     -6.75250430     -7.01309106     -7.09621873     -7.19510128     -7.43044108     -7.67594398     -7.78769205     -8.08886915     -8.10247382     -8.30454070     -8.36386295     -8.46390881     -8.66125770     -8.78827913     -8.82023174     -8.87574004     -8.97217394     -9.11140188     -9.31269263     -9.31999231     -9.37310581     -9.39929689     -9.55322304     -9.61895277     -9.64930916     -9.68199122     -9.84225495     -9.85507015     -9.92201105     -9.98224012    -10.00657039    -10.12627180    -10.23313045    -10.28716047    -10.39711711    -10.49080492    -10.55619825    -10.61735982    -10.64041604    -10.64681422    -10.98439620    -11.00152675
      1.72332799     10.99747773     10.98032338     10.65383356     10.64910335     10.62306681     10.55006782     10.49824136     10.36798286     10.29703886     10.25762679     10.12824197     10.01747803      9.98275859      9.92060457      9.85377501      9.82606072      9.66405693      9.65227177      9.61040973      9.54335511      9.42434830      9.36207987      9.31677626      9.26008257      9.07748183      9.03442691      8.94058706      8.74966078      8.74278684      8.68770658      8.49323153      8.41631976      8.34920803      8.12862544      8.03511489      7.80884388      7.71956256      7.36785653      7.15917125      7.09726342      6.93658781      6.67374981      6.62444104      6.38840759      6.21570619      5.95557676      5.89098150      5.56581733      5.30951524      4.90253144      4.81050264      4.46732251      4.03617821      3.67878468      3.61576546      3.34770145      3.04369347      2.42933463      2.31576324      1.98759924      1.29465249      0.70204557      0.41400011      0.20917860     -0.20917326     -0.41399635     -0.70206073     -1.29464977     -1.98757680     -2.31577967     -2.42933197     -3.04375688     -3.34764540     -3.61572402     -3.67880023     -4.03617549     -4.46738702     -4.81046297     -4.90251430     -5.30946730     -5.56589333     -5.89125026     -5.95552117     -6.21534916     -6.38841694     -6.62468366     -6.67370754     -6.93606147     -7.09800578     -7.15903912     -7.36746488     -7.72002642     -7.80917986     -8.03434269     -8.12848470     -8.34876317     -8.41707007     -8.49398983     -8.68814445     -8.74162744     -8.74912121     -8.94069042     -9.03500698     -9.07745309     -9.25972327     -9.31653571     -9.36234218     -9.42474802     -9.54314564     -9.61059379     -9.65270271     -9.66364846     -9.82596204     -9.85373614     -9.92054884     -9.98279338    -10.01743752    -10.12813379    -10.25768423    -10.29716150    -10.36795085    -10.49832589    -10.54995553    -10.62306681    -10.64908682    -10.65386625    -10.98032476    -10.99747632
      1.73313191     10.99553400     10.97834659     10.65889866     10.65205511     10.62538467     10.54357176     10.50579784     10.34253358     10.30170426     10.28102816     10.12933238     10.02639967      9.97551862      9.92472488      9.85160277      9.81705930      9.66053155      9.65695857      9.59063292      9.52556902      9.46749403      9.37056540      9.26837048      9.22814007      9.08406534      9.07438445      8.98745475      8.71396695      8.69846493      8.64619872      8.52345581      8.50214905      8.35172835      8.15113499      7.98248539      7.82164238      7.76504983      7.31183309      7.14618229      7.12308623      6.83101514      6.71323906      6.58631126      6.49920960      6.13491611      5.98109376      5.93597501      5.55319020      5.32482982      4.89852201      4.82402500      4.46254260      4.02966444      3.66936951      3.56603904      3.35135867      3.09770369      2.42936447      2.25739862      2.04460597      1.29636250      0.68052410      0.40358942      0.23235661     -0.23235528     -0.40358752     -0.68052913     -1.29636160     -2.04459735     -2.25740483     -2.42936383     -3.09773305     -3.35133202     -3.56602364     -3.66937301     -4.02967103     -4.46255720     -4.82401764     -4.89851860     -5.32480698     -5.55318483     -5.93622927     -5.98108117     -6.13463892     -6.49925656     -6.58631723     -6.71342276     -6.83069070     -7.12342880     -7.14618549     -7.31153930     -7.76538767     -7.82171771     -7.98211446     -8.15106010     -8.35157724     -8.50255709     -8.52384326     -8.64624593     -8.69822546     -8.71345872     -8.98748967     -9.07443835     -9.08432940     -9.22804039     -9.26810298     -9.37069273     -9.46776550     -9.52538192     -9.59065114     -9.65668266     -9.66083486     -9.81705543     -9.85155863     -9.92473374     -9.97549966    -10.02639376    -10.12929601    -10.28110979    -10.30167919    -10.34252737    -10.50584294    -10.54351602    -10.62538556    -10.65205503    -10.65890476    -10.97834706    -10.99553351
      1.74293583     10.99550363     10.97831766     10.65900863     10.65202035     10.62545574     10.54361660     10.50568191     10.34231553     10.30231274     10.28075555     10.12935320     10.02629916      9.97596120      9.92406221      9.85245321      9.81602597      9.66338667      9.65436666      9.59163805      9.52360462      9.46932585      9.36967147      9.27137810      9.22274295      9.09183694      9.06812728      8.98828110      8.71766049      8.69748878      8.63804026      8.52416774      8.51107536      8.34801919      8.15107035      7.98236476      7.82028881      7.76651473      7.31137322      7.14615148      7.12523646      6.82475493      6.71972904      6.57815255      6.50490929      6.13289851      5.98788639      5.93146937      5.55370550      5.32455025      4.89858740      4.82415088      4.46238774      4.02945718      3.66932487      3.56505537      3.35271305      3.09722235      2.42936726      2.25718314      2.04510475      1.29632315      0.68043805      0.40318523      0.23273147     -0.23273219     -0.40318740     -0.68043364     -1.29632399     -2.04511106     -2.25717914     -2.42936791     -3.09719630     -3.35273192     -3.56507674     -3.66932264     -4.02944346     -4.46238045     -4.82415564     -4.89858562     -5.32457605     -5.55372842     -5.93122763     -5.98783845     -6.13320820     -6.50487481     -6.57807641     -6.71972126     -6.82492186     -7.12496398     -7.14612173     -7.31165988     -7.76617966     -7.82022924     -7.98270968     -8.15116745     -8.34808254     -8.51087941     -8.52384144     -8.63763137     -8.69767820     -8.71837509     -8.98825353     -9.06796792     -9.09171187     -9.22275897     -9.27168851     -9.36953578     -9.46910665     -9.52370410     -9.59169188     -9.65452738     -9.66320646     -9.81594227     -9.85257052     -9.92401607     -9.97600513    -10.02630028    -10.12939295    -10.28060619    -10.30243607    -10.34228957    -10.50564229    -10.54366839    -10.62545419    -10.65201861    -10.65900452    -10.97831724    -10.99550407
      1.75273975     10.99670610     10.97956792     10.65629546     10.64850052     10.62485753     10.55159171     10.49508428     10.36613421     10.30318089     10.25503926     10.13006733     10.01509048      9.98943971      9.90926180      9.86809553      9.80904076      9.67354725      9.64692892      9.62693918      9.52394114      9.44118789      9.35135267      9.32719318      9.22181636      9.08253987      9.03555985      8.95249496      8.78167533      8.72974087      8.62825524      8.52432745      8.49978503      8.29428751      8.12323115      8.03630633      7.79148804      7.73463086      7.36846148      7.15783396      7.13617443      6.86559615      6.71003827      6.56425758      6.43008536      6.19911396      6.01212030      5.85900259      5.57876775      5.30449874      4.90408861      4.81388348      4.46304122      4.03033099      3.67500337      3.60035410      3.37122322      3.03560255      2.42935021      2.31306399      1.99791044      1.29371533      0.69914142      0.40556683      0.21735982     -0.21736081     -0.40557203     -0.69913171     -1.29371744     -1.99791959     -2.31306028     -2.42935266     -3.03555849     -3.37123753     -3.60042212     -3.67500468     -4.03027794     -4.46303579     -4.81389372     -4.90407225     -5.30457849     -5.57882679     -5.85870907     -6.01191032     -6.19962537     -6.43003110     -6.56420397     -6.71014255     -6.86553830     -7.13602438     -7.15773297     -7.36886202     -7.73411736     -7.79131835     -8.03690197     -8.12343643     -8.29431584     -8.49917931     -8.52431285     -8.62749904     -8.73014245     -8.78271444     -8.95242338     -9.03550239     -9.08208190     -9.22209279     -9.32709110     -9.35150547     -9.44091685     -9.52389151     -9.62708488     -9.64708852     -9.67339936     -9.80879122     -9.86840209     -9.90913293     -9.98953410    -10.01506375    -10.13020990    -10.25480670    -10.30330599    -10.36608134    -10.49503648    -10.55167823    -10.62485105    -10.64849704    -10.65628530    -10.97956695    -10.99670710
      1.76254368     10.99827056     10.98119346     10.65298443     10.64254214     10.62477760     10.56078394     10.47895304     10.39445874     10.30197003     10.22624250     10.13729910     10.00392071      9.99151013      9.89682999      9.88179510      9.80499764      9.67772453      9.66978061      9.65285632      9.50569783      9.43682458      9.37496697      9.31511122      9.22620297      9.04876331      9.02899143      8.90194910      8.84423668      8.76598921      8.63789611      8.53629795      8.47824878      8.24972029      8.10080687      8.04408085      7.75420164      7.70502673      7.45015200      7.19695554      7.16638874      6.85889209      6.71403358      6.52654879      6.36794456      6.25017381      6.04455259      5.79991080      5.61082437      5.27460777      4.91352649      4.80413561      4.45871520      4.03001922      3.69716654      3.63325621      3.38965659      2.95519884      2.42989731      2.38052266      1.94922644      1.28899410      0.72600065      0.40578352      0.19826100     -0.19826171     -0.40578854     -0.72599117     -1.28899651     -1.94923330     -2.38051904     -2.42990421     -2.95516254     -3.38965441     -3.63331039     -3.69720738     -4.02993904     -4.45871914     -4.80414599     -4.91349812     -5.27471335     -5.61083827     -5.79976364     -6.04432388     -6.25031462     -6.36813498     -6.52685274     -6.71373051     -6.85876235     -7.16679305     -7.19664336     -7.45027880     -7.70477832     -7.75403888     -8.04409000     -8.10123991     -8.24998185     -8.47777100     -8.53601463     -8.63766573     -8.76619765     -8.84470801     -8.90219716     -9.02920054     -9.04837967     -9.22592572     -9.31509461     -9.37505853     -9.43689347     -9.50553961     -9.65304099     -9.66991986     -9.67753165     -9.80476654     -9.88208286     -9.89668285     -9.99175911    -10.00369808    -10.13756304    -10.22596411    -10.30204316    -10.39439873    -10.47894373    -10.56085290    -10.62476343    -10.64254800    -10.65296870    -10.98119246    -10.99827158
      1.77234760     10.99942337     10.98238700     10.65009941     10.63780927     10.62511756     10.56712299     10.45956143     10.42153091     10.30066002     10.19775249     10.15507909     10.00156515      9.97952781      9.90252506      9.86551354      9.82016424      9.69827609      9.67465972      9.65957732      9.49767255      9.44211078      9.38364899      9.32257960      9.18045077      9.06687876      9.01263920      8.91144226      8.81571735      8.78417817      8.69684964      8.50924871      8.47233771      8.23995835      8.14556285      7.92893186      7.77772422      7.65153543      7.53631557      7.23433236      7.18667943      6.85656338      6.68264349      6.51475891      6.38249719      6.20378921      6.09291565      5.77356947      5.62817073      5.24934891      4.92315408      4.80035088      4.45061267      4.02881986      3.72944754      3.64374343      3.39977454      2.89196148      2.44094198      2.42321519      1.91818825      1.28451060      0.74712030      0.40480846      0.18440910     -0.18440941     -0.40481098     -0.74711537     -1.28451201     -1.91819138     -2.42320479     -2.44095613     -2.89194312     -3.39977009     -3.64376029     -3.72949186     -4.02876433     -4.45061822     -4.80035663     -4.92313369     -5.24941483     -5.62812959     -5.77356594     -6.09278832     -6.20369231     -6.38267298     -6.51522963     -6.68216692     -6.85655001     -7.18696096     -7.23417305     -7.53622930     -7.65144084     -7.77790653     -7.92871066     -8.14570583     -8.24026124     -8.47216092     -8.50892463     -8.69699111     -8.78401333     -8.81569260     -8.91187356     -9.01254084     -9.06725818     -9.17988006     -9.32253092     -9.38401545     -9.44177089     -9.49782080     -9.65955947     -9.67470838     -9.69824251     -9.82005495     -9.86559850     -9.90249547     -9.97971671    -10.00140034    -10.15540134    -10.19744442    -10.30068854    -10.42147354    -10.45958974    -10.56715573    -10.62510144    -10.63782342    -10.65008695    -10.98238646    -10.99942391
      1.78215152     10.99967963     10.98265108     10.64934111     10.63682915     10.62517550     10.56853007     10.44983101     10.43287003     10.30035588     10.18483950     10.16618346      9.99945944      9.97840946      9.90294201      9.85253841      9.83469069      9.70095927      9.67861588      9.65745513      9.50324141      9.42807499      9.39738791      9.32288808      9.15585895      9.08743338      9.00626811      8.91827527      8.80641752      8.76475557      8.73163265      8.49628180      8.47573547      8.24029536      8.15514361      7.87185550      7.81667150      7.61561514      7.57691519      7.24130226      7.19225069      6.85755194      6.66866499      6.51702523      6.39224305      6.16801730      6.12241769      5.77009376      5.63050696      5.24325174      4.92574654      4.79994272      4.44814107      4.02839388      3.73801160      3.64504844      3.40172009      2.87679976      2.45167127      2.42555235      1.91167999      1.28338739      0.75195010      0.40450535      0.18133009     -0.18132999     -0.40450449     -0.75195180     -1.28338689     -1.91167893     -2.42555499     -2.45166712     -2.87680616     -3.40172182     -3.64504323     -3.73799461     -4.02841435     -4.44813887     -4.79994069     -4.92575411     -5.24322806     -5.63052637     -5.77008808     -6.12246436     -6.16805251     -6.39219500     -6.51680738     -6.66887495     -6.85755266     -7.19214424     -7.24136279     -7.57697905     -7.61562763     -7.81641350     -7.87211675     -8.15510536     -8.24017232     -8.47576084     -8.49643612     -8.73140870     -8.76503946     -8.80637581     -8.91812981     -9.00630277     -9.08715740     -9.15619442     -9.32292483     -9.39706947     -9.42838310     -9.50316479     -9.65748412     -9.67857119     -9.70098644     -9.83475323     -9.85248171     -9.90295493     -9.97832781     -9.99952997    -10.16593354    -10.18508310    -10.30034660    -10.43291020    -10.44980043    -10.56851892    -10.62518232    -10.63682268    -10.64934592    -10.98265127    -10.99967944
      1.79195544     10.99893786     10.98188324     10.65138310     10.63980247     10.62493759     10.56452274     10.46959416     10.40829367     10.30128804     10.21155650     10.14529187     10.00321997      9.98436770      9.90003868      9.87589649      9.80937205      9.68943918      9.67275806      9.65854521      9.49642899      9.44606733      9.37651260      9.31891460      9.20683361      9.04888313      9.02362327      8.90074380      8.83949151      8.77940372      8.66419837      8.52428811      8.47254796      8.24237255      8.12718270      7.98814959      7.75512551      7.68264584      7.49367553      7.21903478      7.17790003      6.85612882      6.70050518      6.51739392      6.36889906      6.23700524      6.06619796      5.78265163      5.62195689      5.26052268      4.91869317      4.80157485      4.45461926      4.02936049      3.71448978      3.64046237      3.39578894      2.91940450      2.43177956      2.40890592      1.93091650      1.28651588      0.73807472      0.40530985      0.19025026     -0.19024975     -0.40530589     -0.73808234     -1.28651380     -1.93091140     -2.40891513     -2.43176604     -2.91943291     -3.39579396     -3.64042976     -3.71443593     -4.02943663     -4.45461301     -4.80156622     -4.91872074     -5.26042806     -5.62198261     -5.78271021     -6.06638884     -6.23708806     -6.36860970     -6.51694240     -6.70098765     -6.85618713     -7.17752005     -7.21926646     -7.49369288     -7.68280552     -7.75512218     -7.98827450     -8.12689223     -8.24202992     -8.47289126     -8.52466031     -8.66419039     -8.77934520     -8.83956811     -8.90012772     -9.02369846     -9.04873395     -9.20736230     -9.31887410     -9.37633863     -9.44613261     -9.49644801     -9.65840935     -9.67283287     -9.68944191     -9.80954632     -9.87575792     -9.90008246     -9.98414454    -10.00342040    -10.14498507    -10.21185465    -10.30123845    -10.40835424    -10.46958272    -10.56447039    -10.62495505    -10.63979006    -10.65139905    -10.98188406    -10.99893702
      1.80175936     10.99749756     10.98038870     10.65464106     10.64562035     10.62471217     10.55644113     10.48747629     10.38017871     10.30278990     10.24043294     10.13264454     10.00708719      9.99464507      9.90059700      9.87806203      9.80526708      9.67616605      9.65057051      9.64771899      9.51663744      9.43227845      9.36648585      9.32079204      9.22934055      9.06509600      9.02888182      8.92594498      8.81886252      8.74911443      8.62486710      8.53627958      8.48708725      8.26682001      8.09173607      8.06918321      7.77064361      7.71904803      7.40793219      7.17284427      7.15328927      6.86423986      6.71618148      6.54337996      6.39303086      6.23281095      6.02659395      5.82557479      5.59558873      5.29001432      4.90844013      4.80836490      4.46169655      4.03028459      3.68316211      3.61975562      3.38133960      2.99520983      2.42946594      2.34723047      1.97211376      1.29151846      0.71241817      0.40596470      0.20763373     -0.20763285     -0.40595921     -0.71242842     -1.29151605     -1.97210547     -2.34723330     -2.42946190     -2.99525168     -3.38133492     -3.61968382     -3.68314581     -4.03035532     -4.46169710     -4.80835395     -4.90846408     -5.28991509     -5.59554084     -5.82580927     -6.02682991     -6.23240167     -6.39302233     -6.54325798     -6.71624959     -6.86439156     -7.15302223     -7.17316560     -7.40764551     -7.71945155     -7.77084279     -8.06862196     -8.09161290     -8.26669572     -8.48765561     -8.53636636     -8.62542933     -8.74878364     -8.81797352     -8.92597088     -9.02879766     -9.06556743     -9.22924367     -9.32105480     -9.36620538     -9.43240069     -9.51677468     -9.64761605     -9.65032865     -9.67634073     -9.80552625     -9.87772133     -9.90076620     -9.99447652    -10.00721000    -10.13243958    -10.24068892    -10.30269095    -10.38023606    -10.48750680    -10.55635992    -10.62472220    -10.64562060    -10.65465437    -10.98038975    -10.99749648
      1.81156328     10.99600526     10.97883736     10.65781075     10.65071207     10.62514119     10.54713237     10.50130241     10.35288608     10.30329172     10.26866477     10.12942569     10.02197617      9.98222066      9.91768648      9.85892408      9.81309781      9.66858716      9.64961998      9.60646035      9.52584876      9.45529076      9.35970419      9.30308710      9.21718693      9.09238279      9.04960762      8.97412200      8.74605959      8.71169500      8.63539588      8.51444919      8.51004687      8.32583499      8.14194488      8.00612809      7.80889820      7.75115641      7.33556710      7.15001475      7.12510576      6.85287993      6.70640674      6.58072562      6.46851015      6.16363276      5.99911842      5.89604504      5.56385737      5.31664768      4.90071020      4.81966657      4.46300795      4.02993635      3.67106239      3.58037666      3.36075122      3.07154075      2.42934556      2.28141992      2.02389480      1.29535461      0.68793699      0.40453064      0.22621904     -0.22621806     -0.40452659     -0.68794474     -1.29535305     -2.02388591     -2.28142458     -2.42934414     -3.07158103     -3.36072934     -3.58032980     -3.67106511     -4.02996888     -4.46301639     -4.81965842     -4.90071826     -5.31659430     -5.56380990     -5.89635181     -5.99926514     -6.16315441     -6.46856293     -6.58087248     -6.70627088     -6.85279188     -7.12546047     -7.15004077     -7.33514984     -7.75166173     -7.80901727     -8.00558930     -8.14176137     -8.32580278     -8.51043492     -8.51470690     -8.63613234     -8.71132610     -8.74501925     -8.97417639     -9.04976204     -9.09271472     -9.21697404     -9.30277275     -9.35990330     -9.45558088     -9.52580173     -9.60634344     -9.64948301     -9.66873761     -9.81328852     -9.85868447     -9.91777986     -9.98214474    -10.02198025    -10.12933913    -10.26886961    -10.30314793    -10.35293070    -10.50135663    -10.54705273    -10.62514489    -10.65071563    -10.65781792    -10.97883811    -10.99600449
      1.82136721     10.99531390     10.97812075     10.65949270     10.65242945     10.62560494     10.54233433     10.50722087     10.33780499     10.30152301     10.28622212     10.12945919     10.02772794      9.97362453      9.92625144      9.85067692      9.81652097      9.65910613      9.65877042      9.58645937      9.52116375      9.47595436      9.37280410      9.25201685      9.23249668      9.08431563      9.08200114      8.99340976      8.70934418      8.69237175      8.63334577      8.52842010      8.51677398      8.35427562      8.15398351      7.97357765      7.82375435      7.77286625      7.30243872      7.14506145      7.12731038      6.80221826      6.73788370      6.56289820      6.52923476      6.11972001      5.98250665      5.94804839      5.55027950      5.32726772      4.89786879      4.82588819      4.46201232      4.02916878      3.66882370      3.55907373      3.34999715      3.10653172      2.42938066      2.24755748      2.05387680      1.29663119      0.67777480      0.40246119      0.23525364     -0.23525364     -0.40246119     -0.67777480     -1.29663119     -2.05387680     -2.24755748     -2.42938066     -3.10653172     -3.34999715     -3.55907373     -3.66882370     -4.02916878     -4.46201232     -4.82588819     -4.89786879     -5.32726772     -5.55027950     -5.94804840     -5.98250665     -6.11972001     -6.52923476     -6.56289820     -6.73788370     -6.80221826     -7.12731038     -7.14506145     -7.30243872     -7.77286625     -7.82375435     -7.97357765     -8.15398351     -8.35427562     -8.51677398     -8.52842010     -8.63334578     -8.69237174     -8.70934419     -8.99340976     -9.08200114     -9.08431563     -9.23249668     -9.25201685     -9.37280410     -9.47595436     -9.52116375     -9.58645937     -9.65876985     -9.65910670     -9.81652097     -9.85067692     -9.92625144     -9.97362453    -10.02772794    -10.12945919    -10.28622212    -10.30152301    -10.33780500    -10.50722087    -10.54233433    -10.62560494    -10.65242945    -10.65949270    -10.97812075    -10.99531390
      1.83117113     10.99623943     10.97906904     10.65701853     10.65096419     10.62459576     10.54641725     10.50247133     10.35390768     10.30028177     10.27025106     10.12883198     10.02272309      9.97934858      9.92214307      9.85287767      9.82003903      9.65970513      9.65689721      9.60003947      9.53457995      9.44789194      9.36649037      9.29276086      9.23756796      9.07380434      9.06377828      8.96933734      8.72324851      8.71609313      8.67473124      8.51096901      8.46475564      8.34870138      8.14233754      8.00441163      7.81690250      7.74533976      7.33562127      7.15049326      7.11201866      6.88198917      6.67628072      6.61964726      6.44741704      6.17145414      5.97102197      5.91390779      5.55978532      5.31839214      4.90020692      4.81861022      4.46434223      4.03169273      3.67164866      3.58675309      3.35162592      3.07482335      2.42932381      2.28267359      2.02036228      1.29564907      0.68872960      0.40743237      0.22346454     -0.22346776     -0.40743551     -0.68871940     -1.29565089     -2.02037860     -2.28266185     -2.42932524     -3.07477190     -3.35167310     -3.58678153     -3.67163978     -4.03168728     -4.46430566     -4.81863015     -4.90021704     -5.31843246     -5.55976629     -5.91357334     -5.97107152     -6.17182564     -6.44737702     -6.61957654     -6.67613288     -6.88244352     -7.11140166     -7.15055925     -7.33604655     -7.74485528     -7.81669639     -8.00504498     -8.14245644     -8.34902493     -8.46408909     -8.51031658     -8.67448885     -8.71652612     -8.72417726     -8.96926914     -9.06338004     -9.07368253     -9.23786289     -9.29306794     -9.36626763     -9.44750961     -9.53481699     -9.59994238     -9.65685247     -9.65971339     -9.82009302     -9.85292035     -9.92216210     -9.97935172    -10.02274139    -10.12890415    -10.27017878    -10.30022884    -10.35393335    -10.50239733    -10.54651101    -10.62459481    -10.65096827    -10.65700285    -10.97906809    -10.99624039
      1.84097505     10.99925031     10.98211344     10.65008517     10.64587435     10.62067727     10.55337780     10.49425852     10.38265954     10.29271285     10.24501833     10.12728271     10.01163665      9.98413248      9.92055574      9.85429154      9.83389262      9.67195133      9.64737978      9.61888858      9.54918366      9.40616119      9.36180716      9.32962010      9.28740258      9.09017961      9.00233779      8.90538091      8.78986771      8.76617078      8.68073620      8.47717070      8.37150312      8.34574418      8.11131450      8.06700244      7.79886730      7.69550553      7.40077666      7.17315987      7.08856733      6.98442579      6.71052346      6.60014182      6.33276181      6.25179856      5.93604485      5.87412237      5.56698150      5.29898098      4.90515426      4.80074832      4.47150586      4.04433683      3.70012518      3.63856363      3.33974298      3.00936621      2.42966595      2.35110348      1.95033271      1.29352203      0.72005607      0.42259931      0.19085452     -0.19086186     -0.42260324     -0.72003637     -1.29352560     -1.95036019     -2.35108182     -2.42967086     -3.00929933     -3.33979804     -3.63860481     -3.70011555     -4.04435282     -4.47141057     -4.80081428     -4.90517627     -5.29902175     -5.56683104     -5.87400781     -5.93605927     -6.25205304     -6.33282455     -6.59998372     -6.71053212     -6.98494220     -7.08785520     -7.17334575     -7.40101214     -7.69517186     -7.79845037     -8.06781433     -8.11146199     -8.34573844     -8.37125359     -8.47645255     -8.68027996     -8.76734486     -8.79040979     -8.90522237     -9.00173956     -9.09029922     -9.28774400     -9.32945324     -9.36181150     -9.40577964     -9.54934595     -9.61861844     -9.64698562     -9.67237146     -9.83400859     -9.85434595     -9.92063695     -9.98405180    -10.01170934    -10.12742551    -10.24497267    -10.29253598    -10.38268576    -10.49417777    -10.55349409    -10.62067920    -10.64591159    -10.65002889    -10.98211169    -10.99925207
      1.85077897     11.00423346     10.98710094     10.64393898     10.63321377     10.61309419     10.55804049     10.48833506     10.41078584     10.28074522     10.22268030     10.12495698     10.00246636      9.97749092      9.92463418      9.85731818      9.84838815      9.69197035      9.65926273      9.61266929      9.55566979      9.40517401      9.38387985      9.34527426      9.28627438      9.13928960      8.95577406      8.88419609      8.81660832      8.78660811      8.63405963      8.45604257      8.36780674      8.25218939      8.12747700      8.07165303      7.77905987      7.66356946      7.45227625      7.22681767      7.12520705      7.01609610      6.79614014      6.57454508      6.35137633      6.17998995      5.88873384      5.85807766      5.54365440      5.27386202      4.91112282      4.78168385      4.48209934      4.07875657      3.77945631      3.65013280      3.31913460      2.94327585      2.43974374      2.40755128      1.86930183      1.29143915      0.76809429      0.44254131      0.14809083     -0.14810097     -0.44254493     -0.76806707     -1.29144413     -1.86933733     -2.40751829     -2.43975284     -2.94321997     -3.31917064     -3.65015239     -3.77947843     -4.07880235     -4.48195476     -4.78180512     -4.91114271     -5.27383266     -5.54344890     -5.85826991     -5.88859299     -6.18006202     -6.35146840     -6.57463817     -6.79606481     -7.01601791     -7.12523924     -7.22707797     -7.45196812     -7.66363372     -7.77873263     -8.07186895     -8.12794890     -8.25138910     -8.36841346     -8.45575871     -8.63360385     -8.78685769     -8.81720787     -8.88434602     -8.95559845     -9.13950157     -9.28566763     -9.34539641     -9.38390165     -9.40504589     -9.55568069     -9.61237451     -9.65912519     -9.69223905     -9.84839958     -9.85751433     -9.92470759     -9.97739571    -10.00257617    -10.12515108    -10.22265772    -10.28048952    -10.41077209    -10.48829689    -10.55813418    -10.61310007    -10.63324916    -10.64388912    -10.98709882    -11.00423556
      1.86058289     11.01051013     10.99336643     10.63847497     10.61716473     10.60148648     10.55736747     10.48748942     10.43420093     10.26679580     10.20795707     10.12050098      9.99316302      9.96680086      9.93354396      9.86414011      9.84873710      9.70967832      9.68167093      9.61898562      9.54230991      9.43928071      9.41446384      9.36758636      9.22778322      9.18998844      9.00388272      8.91866279      8.77588131      8.70954852      8.57371108      8.44844975      8.37697910      8.18573407      8.11954988      8.03575045      7.79099733      7.64885330      7.47304803      7.30753535      7.19942358      6.99936014      6.88554953      6.59038719      6.38835615      6.08155857      5.89917922      5.77531953      5.49348791      5.24013140      4.91839252      4.76975192      4.49654022      4.15057484      3.84334372      3.65029790      3.30244710      2.89378658      2.47848182      2.41558469      1.78371875      1.29023646      0.82916532      0.46202733      0.10468514     -0.10469620     -0.46203028     -0.82913280     -1.29024227     -1.78375982     -2.41556860     -2.47846348     -2.89375748     -3.30245557     -3.65030889     -3.84338578     -4.15063363     -4.49640387     -4.76989148     -4.91839012     -5.23997707     -5.49344149     -5.77524749     -5.89927696     -6.08163310     -6.38834816     -6.59057966     -6.88544567     -6.99924340     -7.19970001     -7.30770913     -7.47248965     -7.64888019     -7.79117842     -8.03588260     -8.11889586     -8.18565755     -8.37762041     -8.44845389     -8.57366937     -8.70933154     -8.77572559     -8.91924799     -9.00428862     -9.18965524     -9.22764569     -9.36707746     -9.41457684     -9.43948816     -9.54182131     -9.61921489     -9.68161565     -9.70973050     -9.84877607     -9.86427575     -9.93356060     -9.96677946     -9.99331460    -10.12070894    -10.20796079    -10.26649466    -10.43411439    -10.48753500    -10.55741175    -10.60147791    -10.61722868    -10.63843312    -10.99336441    -11.01051207
      1.87038681     11.01709304     10.99996320     10.63371496     10.60510891     10.58414167     10.54930411     10.49302558     10.45092005     10.25471648     10.20159736     10.11303788      9.98385254      9.95508657      9.94859922      9.86068667      9.83869426      9.73276550      9.68862991      9.65188185      9.50673774      9.49477016      9.44147478      9.38258235      9.25027333      9.14218532      9.07240410      8.95477651      8.69249083      8.66776739      8.52591279      8.45588384      8.33605587      8.17809184      8.04399490      7.99110681      7.84750681      7.63131886      7.50295845      7.35983257      7.28994924      6.98441249      6.96869234      6.62361996      6.40782099      6.01882266      5.92598524      5.65129474      5.43110997      5.19406503      4.92790203      4.76767983      4.52196752      4.25672437      3.86846488      3.64875003      3.29832843      2.86687206      2.50113371      2.41218676      1.69603685      1.29020383      0.89953081      0.47842855      0.06625004     -0.06626036     -0.47843072     -0.89949533     -1.29020968     -1.69608054     -2.41217529     -2.50110089     -2.86687334     -3.29831237     -3.64875661     -3.86851511     -4.25677487     -4.52191792     -4.76777489     -4.92785378     -5.19382807     -5.43122021     -5.65122866     -5.92604278     -6.01885190     -6.40790512     -6.62366934     -6.96872044     -6.98433199     -7.29026730     -7.35964533     -7.50272940     -7.63128972     -7.84790491     -7.99064976     -8.04389939     -8.17787484     -8.33593163     -8.45636643     -8.52619815     -8.66784946     -8.69220928     -8.95528532     -9.07232249     -9.14208390     -9.25012946     -9.38240859     -9.44150812     -9.49484681     -9.50620211     -9.65219150     -9.68855026     -9.73273100     -9.83881457     -9.86065341     -9.94861995     -9.95500213     -9.98414577    -10.11323366    -10.20161172    -10.25441491    -10.45077236    -10.49314925    -10.54930110    -10.58410624    -10.60521062    -10.63368019    -10.99996161    -11.01709453
      1.88019073     11.02298612     11.00590833     10.63022146     10.59857064     10.56251954     10.53641493     10.50176817     10.46306860     10.24816560     10.19994185     10.10355751      9.98598769      9.96487527      9.92783549      9.85413777      9.81693347      9.75924820      9.69929039      9.67043509      9.55317270      9.47907177      9.46286196      9.40488756      9.25818786      9.18219898      9.03407498      8.97130050      8.69112073      8.62945945      8.51879666      8.40974248      8.22737349      8.17139241      8.02299687      7.95498372      7.87050144      7.65631599      7.53339658      7.38983521      7.36738375      7.07253120      6.94226690      6.65730905      6.42446290      5.98732509      5.94030033      5.54069370      5.34394650      5.13805962      4.94073067      4.77363744      4.57494526      4.36429276      3.86552452      3.64705630      3.30923532      2.85648005      2.50345685      2.40728882      1.60961362      1.29109130      0.97419778      0.49075535      0.03581207     -0.03582034     -0.49075678     -0.97416236     -1.29109632     -1.60965593     -2.40727992     -2.50342150     -2.85649941     -3.30920649     -3.64706031     -3.86556655     -4.36433466     -4.57500403     -4.77365955     -4.94061394     -5.13788170     -5.34397810     -5.54078764     -5.94025890     -5.98734376     -6.42462318     -6.65725151     -6.94220366     -7.07270630     -7.36715506     -7.38992534     -7.53336738     -7.65649949     -7.87010840     -7.95487381     -8.02340024     -8.17133683     -8.22695116     -8.40967282     -8.51879745     -8.62981010     -8.69177241     -8.97136706     -9.03308198     -9.18303518     -9.25806442     -9.40479760     -9.46218024     -9.47915832     -9.55330099     -9.67028647     -9.69954751     -9.75918810     -9.81705742     -9.85405163     -9.92781336     -9.96479588     -9.98632743    -10.10371803    -10.19994397    -10.24791830    -10.46293558    -10.50188855    -10.53639530    -10.56248983    -10.59865775    -10.63019605    -11.00590727    -11.02298709
      1.88999466     11.02737593     11.01036486     10.62816166     10.59444923     10.54143405     10.52692536     10.50510173     10.47540172     10.24728761     10.19946020     10.09428920      9.99436759      9.97542217      9.89092092      9.84655981      9.79497399      9.77983052      9.72262930      9.67599837      9.58998376      9.53276750      9.43112766      9.38693083      9.27625616      9.25329125      8.96306774      8.95146890      8.73974193      8.66891064      8.45149387      8.31843433      8.19532762      8.10646855      8.03206586      7.99110247      7.81044488      7.70999935      7.59062040      7.43379591      7.36441200      7.16207157      6.90286038      6.69274187      6.43760739      5.98334003      5.93433554      5.48138642      5.21400322      5.07999517      4.95733259      4.79400465      4.66339826      4.43655189      3.85027026      3.64575490      3.32877548      2.85273686      2.49715421      2.40291877      1.53207115      1.29229478      1.04437122      0.49883138      0.01491250     -0.01491782     -0.49883217     -1.04434146     -1.29229816     -1.53210552     -2.40291286     -2.49712823     -2.85275651     -3.32874939     -3.64575725     -3.85029618     -4.43661197     -4.66344954     -4.79403151     -4.95714239     -5.07999158     -5.21389191     -5.48155876     -5.93426378     -5.98335304     -6.43773986     -6.69271094     -6.90275473     -7.16236007     -7.36435982     -7.43337095     -7.59103804     -7.71012909     -7.80999317     -7.99088091     -8.03244250     -8.10637927     -8.19559821     -8.31806468     -8.45091463     -8.66986343     -8.74054483     -8.95083814     -8.96234324     -9.25410600     -9.27650021     -9.38638957     -9.43068457     -9.53290247     -9.59000216     -9.67583345     -9.72284554     -9.77983702     -9.79500223     -9.84647436     -9.89093202     -9.97536620     -9.99460661    -10.09439125    -10.19944994    -10.24713180    -10.47532903    -10.50514730    -10.52689771    -10.54145266    -10.59449998    -10.62814694    -11.01036428    -11.02737644
      1.89979858     11.02970905     11.01274328     10.62728303     10.59202311     10.53331288     10.51575611     10.50139167     10.48921895     10.24849805     10.19912823     10.08854743     10.00067466      9.97999961      9.85849527      9.84025382      9.80341367      9.77198316      9.73224569      9.69589633      9.60000307      9.57168906      9.39881054      9.34600089      9.32494496      9.30010508      8.93113541      8.88711570      8.78395501      8.73245301      8.35496363      8.26193035      8.23779625      8.09460572      8.00831306      7.96995505      7.79861078      7.71338603      7.68709594      7.42250825      7.35756952      7.22856786      6.86840910      6.72403479      6.44425191      5.98611634      5.92657812      5.45914817      5.09119347      5.01555052      4.97018865      4.87678868      4.72003414      4.46930658      3.83739274      3.64507072      3.34403361      2.85111412      2.49181576      2.40040281      1.48072592      1.29314125      1.09211954      0.50279586      0.00420316     -0.00420499     -0.50279611     -1.09210660     -1.29314244     -1.48074048     -2.40040072     -2.49180635     -2.85112199     -3.34402320     -3.64507155     -3.83740137     -4.46934310     -4.72000673     -4.87692914     -4.96994228     -5.01567174     -5.09110241     -5.45922302     -5.92654903     -5.98611774     -6.44429913     -6.72404734     -6.86834201     -7.22874038     -7.35761703     -7.42221828     -7.68738616     -7.71332555     -7.79854614     -7.96973045     -8.00810067     -8.09510148     -8.23745077     -8.26248550     -8.35434127     -8.73308144     -8.78442669     -8.88653040     -8.93075516     -9.30077607     -9.32537649     -9.34531513     -9.39844574     -9.57175504     -9.59998960     -9.69582157     -9.73231881     -9.77209321     -9.80331097     -9.84021216     -9.85853644     -9.97998475    -10.00075480    -10.08858192    -10.19912180    -10.24844555    -10.48920557    -10.50139659    -10.51571409    -10.53335269    -10.59203871    -10.62727835    -11.01274310    -11.02970921
      1.90960250     11.02970921     11.01274310     10.62727835     10.59203871     10.53335269     10.51571409     10.50139659     10.48920557     10.24844555     10.19912180     10.08858192     10.00075480      9.97998475      9.85853644      9.84021216      9.80331097      9.77209321      9.73231881      9.69582157      9.59998960      9.57175504      9.39844574      9.34531513      9.32537649      9.30077607      8.93075516      8.88653040      8.78442669      8.73308144      8.35434127      8.26248550      8.23745077      8.09510148      8.00810067      7.96973045      7.79854614      7.71332555      7.68738616      7.42221828      7.35761703      7.22874038      6.86834201      6.72404734      6.44429913      5.98611774      5.92654903      5.45922302      5.09110241      5.01567174      4.96994228      4.87692914      4.72000673      4.46934310      3.83740137      3.64507155      3.34402320      2.85112199      2.49180635      2.40040072      1.48074048      1.29314244      1.09210660      0.50279611      0.00420499     -0.00420316     -0.50279586     -1.09211954     -1.29314125     -1.48072592     -2.40040281     -2.49181576     -2.85111412     -3.34403361     -3.64507072     -3.83739274     -4.46930658     -4.72003414     -4.87678868     -4.97018865     -5.01555052     -5.09119347     -5.45914817     -5.92657812     -5.98611634     -6.44425191     -6.72403479     -6.86840910     -7.22856786     -7.35756952     -7.42250825     -7.68709594     -7.71338603     -7.79861078     -7.96995505     -8.00831306     -8.09460572     -8.23779625     -8.26193035     -8.35496363     -8.73245301     -8.78395501     -8.88711570     -8.93113541     -9.30010508     -9.32494496     -9.34600089     -9.39881054     -9.57168906     -9.60000307     -9.69589633     -9.73224569     -9.77198316     -9.80341367     -9.84025382     -9.85849527     -9.97999961    -10.00067466    -10.08854743    -10.19912823    -10.24849805    -10.48921895    -10.50139167    -10.51575611    -10.53331288    -10.59202311    -10.62728303    -11.01274328    -11.02970905
      1.91940642     11.02737644     11.01036428     10.62814694     10.59449998     10.54145266     10.52689771     10.50514730     10.47532903     10.24713180     10.19944994     10.09439125      9.99460661      9.97536620      9.89093202      9.84647436      9.79500223      9.77983702      9.72284554      9.67583345      9.59000216      9.53290247      9.43068457      9.38638957      9.27650021      9.25410600      8.96234324      8.95083814      8.74054483      8.66986343      8.45091463      8.31806468      8.19559821      8.10637927      8.03244250      7.99088091      7.80999317      7.71012909      7.59103804      7.43337095      7.36435982      7.16236007      6.90275473      6.69271094      6.43773986      5.98335304      5.93426378      5.48155876      5.21389191      5.07999158      4.95714239      4.79403151      4.66344954      4.43661197      3.85029618      3.64575725      3.32874939      2.85275651      2.49712823      2.40291286      1.53210552      1.29229816      1.04434146      0.49883217      0.01491782     -0.01491250     -0.49883138     -1.04437122     -1.29229478     -1.53207115     -2.40291877     -2.49715421     -2.85273686     -3.32877548     -3.64575490     -3.85027026     -4.43655189     -4.66339826     -4.79400465     -4.95733259     -5.07999517     -5.21400322     -5.48138642     -5.93433554     -5.98334003     -6.43760739     -6.69274187     -6.90286038     -7.16207157     -7.36441200     -7.43379591     -7.59062040     -7.70999935     -7.81044488     -7.99110247     -8.03206586     -8.10646855     -8.19532762     -8.31843433     -8.45149387     -8.66891064     -8.73974193     -8.95146890     -8.96306774     -9.25329125     -9.27625616     -9.38693083     -9.43112766     -9.53276750     -9.58998376     -9.67599837     -9.72262930     -9.77983052     -9.79497399     -9.84655981     -9.89092092     -9.97542217     -9.99436759    -10.09428920    -10.19946020    -10.24728761    -10.47540172    -10.50510173    -10.52692536    -10.54143405    -10.59444923    -10.62816166    -11.01036486    -11.02737593
      1.92921034     11.02298709     11.00590727     10.63019605     10.59865775     10.56248983     10.53639530     10.50188855     10.46293558     10.24791830     10.19994397     10.10371803      9.98632743      9.96479588      9.92781336      9.85405163      9.81705742      9.75918810      9.69954751      9.67028647      9.55330099      9.47915832      9.46218024      9.40479760      9.25806442      9.18303518      9.03308198      8.97136706      8.69177241      8.62981010      8.51879745      8.40967282      8.22695116      8.17133683      8.02340024      7.95487381      7.87010840      7.65649949      7.53336738      7.38992534      7.36715506      7.07270630      6.94220366      6.65725151      6.42462318      5.98734376      5.94025890      5.54078764      5.34397810      5.13788170      4.94061394      4.77365955      4.57500403      4.36433466      3.86556655      3.64706031      3.30920649      2.85649941      2.50342150      2.40727992      1.60965593      1.29109632      0.97416236      0.49075678      0.03582034     -0.03581207     -0.49075535     -0.97419778     -1.29109130     -1.60961362     -2.40728882     -2.50345685     -2.85648005     -3.30923532     -3.64705630     -3.86552452     -4.36429276     -4.57494526     -4.77363744     -4.94073067     -5.13805962     -5.34394650     -5.54069370     -5.94030033     -5.98732509     -6.42446290     -6.65730905     -6.94226690     -7.07253120     -7.36738375     -7.38983521     -7.53339658     -7.65631599     -7.87050144     -7.95498372     -8.02299687     -8.17139241     -8.22737349     -8.40974248     -8.51879666     -8.62945945     -8.69112073     -8.97130050     -9.03407498     -9.18219898     -9.25818786     -9.40488756     -9.46286196     -9.47907177     -9.55317270     -9.67043509     -9.69929039     -9.75924820     -9.81693347     -9.85413777     -9.92783549     -9.96487527     -9.98598769    -10.10355751    -10.19994185    -10.24816560    -10.46306860    -10.50176817    -10.53641493    -10.56251954    -10.59857064    -10.63022146    -11.00590833    -11.02298612
      1.93901426     11.01709453     10.99996161     10.63368019     10.60521062     10.58410624     10.54930110     10.49314925     10.45077236     10.25441491     10.20161172     10.11323366      9.98414577      9.95500213      9.94861995      9.86065341      9.83881457      9.73273100      9.68855026      9.65219150      9.50620211      9.49484681      9.44150812      9.38240859      9.25012946      9.14208390      9.07232249      8.95528532      8.69220928      8.66784946      8.52619815      8.45636643      8.33593163      8.17787484      8.04389939      7.99064976      7.84790491      7.63128972      7.50272940      7.35964533      7.29026730      6.98433199      6.96872044      6.62366934      6.40790512      6.01885190      5.92604278      5.65122866      5.43122021      5.19382807      4.92785378      4.76777489      4.52191792      4.25677487      3.86851511      3.64875661      3.29831237      2.86687334      2.50110089      2.41217529      1.69608054      1.29020968      0.89949533      0.47843072      0.06626036     -0.06625004     -0.47842855     -0.89953081     -1.29020383     -1.69603685     -2.41218676     -2.50113371     -2.86687206     -3.29832843     -3.64875003     -3.86846488     -4.25672437     -4.52196752     -4.76767983     -4.92790203     -5.19406503     -5.43110997     -5.65129474     -5.92598524     -6.01882266     -6.40782099     -6.62361996     -6.96869234     -6.98441249     -7.28994924     -7.35983257     -7.50295845     -7.63131886     -7.84750681     -7.99110681     -8.04399490     -8.17809184     -8.33605587     -8.45588384     -8.52591279     -8.66776739     -8.69249083     -8.95477651     -9.07240410     -9.14218532     -9.25027333     -9.38258235     -9.44147478     -9.49477016     -9.50673774     -9.65188185     -9.68862991     -9.73276550     -9.83869426     -9.86068667     -9.94859922     -9.95508657     -9.98385254    -10.11303788    -10.20159736    -10.25471648    -10.45092005    -10.49302558    -10.54930411    -10.58414167    -10.60510891    -10.63371496    -10.99996320    -11.01709304
      1.94881819     11.01051207     10.99336441     10.63843312     10.61722868     10.60147791     10.55741175     10.48753500     10.43411439     10.26649466     10.20796079     10.12070894      9.99331460      9.96677946      9.93356060      9.86427575      9.84877607      9.70973050      9.68161565      9.61921489      9.54182131      9.43948816      9.41457684      9.36707746      9.22764569      9.18965524      9.00428862      8.91924799      8.77572559      8.70933154      8.57366937      8.44845389      8.37762041      8.18565755      8.11889586      8.03588260      7.79117842      7.64888019      7.47248965      7.30770913      7.19970001      6.99924340      6.88544567      6.59057966      6.38834816      6.08163310      5.89927696      5.77524749      5.49344149      5.23997707      4.91839012      4.76989148      4.49640387      4.15063363      3.84338578      3.65030889      3.30245557      2.89375748      2.47846348      2.41556860      1.78375982      1.29024227      0.82913280      0.46203028      0.10469620     -0.10468514     -0.46202733     -0.82916532     -1.29023646     -1.78371875     -2.41558469     -2.47848182     -2.89378658     -3.30244710     -3.65029790     -3.84334372     -4.15057484     -4.49654022     -4.76975192     -4.91839252     -5.24013140     -5.49348791     -5.77531953     -5.89917922     -6.08155857     -6.38835615     -6.59038719     -6.88554953     -6.99936014     -7.19942358     -7.30753535     -7.47304803     -7.64885330     -7.79099733     -8.03575045     -8.11954988     -8.18573407     -8.37697910     -8.44844975     -8.57371108     -8.70954852     -8.77588131     -8.91866279     -9.00388272     -9.18998844     -9.22778322     -9.36758636     -9.41446384     -9.43928071     -9.54230991     -9.61898562     -9.68167093     -9.70967832     -9.84873710     -9.86414011     -9.93354396     -9.96680086     -9.99316302    -10.12050098    -10.20795707    -10.26679580    -10.43420093    -10.48748942    -10.55736747    -10.60148648    -10.61716473    -10.63847497    -10.99336643    -11.01051013
      1.95862211     11.00423556     10.98709882     10.64388912     10.63324916     10.61310007     10.55813418     10.48829689     10.41077209     10.28048952     10.22265772     10.12515108     10.00257617      9.97739571      9.92470759      9.85751433      9.84839958      9.69223905      9.65912519      9.61237451      9.55568069      9.40504589      9.38390165      9.34539641      9.28566763      9.13950157      8.95559845      8.88434602      8.81720787      8.78685769      8.63360385      8.45575871      8.36841346      8.25138910      8.12794890      8.07186895      7.77873263      7.66363372      7.45196812      7.22707797      7.12523924      7.01601791      6.79606481      6.57463817      6.35146840      6.18006202      5.88859299      5.85826991      5.54344890      5.27383266      4.91114271      4.78180512      4.48195476      4.07880235      3.77947843      3.65015239      3.31917064      2.94321997      2.43975284      2.40751829      1.86933733      1.29144413      0.76806707      0.44254493      0.14810097     -0.14809083     -0.44254131     -0.76809429     -1.29143915     -1.86930183     -2.40755128     -2.43974374     -2.94327585     -3.31913460     -3.65013280     -3.77945631     -4.07875657     -4.48209934     -4.78168385     -4.91112282     -5.27386202     -5.54365440     -5.85807766     -5.88873384     -6.17998995     -6.35137633     -6.57454508     -6.79614014     -7.01609610     -7.12520705     -7.22681767     -7.45227625     -7.66356946     -7.77905987     -8.07165303     -8.12747700     -8.25218939     -8.36780674     -8.45604257     -8.63405963     -8.78660811     -8.81660832     -8.88419609     -8.95577406     -9.13928960     -9.28627438     -9.34527426     -9.38387985     -9.40517401     -9.55566979     -9.61266929     -9.65926273     -9.69197035     -9.84838815     -9.85731818     -9.92463418     -9.97749092    -10.00246636    -10.12495698    -10.22268030    -10.28074522    -10.41078584    -10.48833506    -10.55804049    -10.61309419    -10.63321377    -10.64393898    -10.98710094    -11.00423346
      1.96842603     10.99925207     10.98211169     10.65002889     10.64591159     10.62067920     10.55349409     10.49417777     10.38268576     10.29253598     10.24497267     10.12742551     10.01170934      9.98405180      9.92063695      9.85434595      9.83400859      9.67237146      9.64698562      9.61861844      9.54934595      9.40577964      9.36181150      9.32945324      9.28774400      9.09029922      9.00173956      8.90522237      8.79040979      8.76734486      8.68027996      8.47645255      8.37125359      8.34573844      8.11146199      8.06781433      7.79845037      7.69517186      7.40101214      7.17334575      7.08785520      6.98494220      6.71053212      6.59998372      6.33282455      6.25205304      5.93605927      5.87400781      5.56683104      5.29902175      4.90517627      4.80081428      4.47141057      4.04435282      3.70011555      3.63860481      3.33979804      3.00929933      2.42967086      2.35108182      1.95036019      1.29352560      0.72003637      0.42260324      0.19086186     -0.19085452     -0.42259931     -0.72005607     -1.29352203     -1.95033271     -2.35110348     -2.42966595     -3.00936621     -3.33974298     -3.63856363     -3.70012518     -4.04433683     -4.47150586     -4.80074832     -4.90515426     -5.29898098     -5.56698150     -5.87412237     -5.93604485     -6.25179856     -6.33276181     -6.60014182     -6.71052346     -6.98442579     -7.08856733     -7.17315987     -7.40077666     -7.69550553     -7.79886730     -8.06700244     -8.11131450     -8.34574418     -8.37150312     -8.47717070     -8.68073620     -8.76617078     -8.78986771     -8.90538091     -9.00233779     -9.09017961     -9.28740258     -9.32962010     -9.36180716     -9.40616119     -9.54918366     -9.61888858     -9.64737978     -9.67195133     -9.83389262     -9.85429154     -9.92055574     -9.98413248    -10.01163665    -10.12728271    -10.24501833    -10.29271285    -10.38265954    -10.49425852    -10.55337780    -10.62067727    -10.64587435    -10.65008517    -10.98211344    -10.99925031
      1.97822995     10.99624039     10.97906809     10.65700285     10.65096827     10.62459481     10.54651101     10.50239733     10.35393335     10.30022884     10.27017878     10.12890415     10.02274139      9.97935172      9.92216210      9.85292035      9.82009302      9.65971339      9.65685247      9.59994238      9.53481699      9.44750961      9.36626763      9.29306794      9.23786289      9.07368253      9.06338004      8.96926914      8.72417726      8.71652612      8.67448885      8.51031658      8.46408909      8.34902493      8.14245644      8.00504498      7.81669639      7.74485528      7.33604655      7.15055925      7.11140166      6.88244352      6.67613288      6.61957654      6.44737702      6.17182564      5.97107152      5.91357334      5.55976629      5.31843246      4.90021704      4.81863015      4.46430566      4.03168728      3.67163978      3.58678153      3.35167310      3.07477190      2.42932524      2.28266185      2.02037860      1.29565089      0.68871940      0.40743551      0.22346776     -0.22346454     -0.40743237     -0.68872960     -1.29564907     -2.02036228     -2.28267359     -2.42932381     -3.07482335     -3.35162592     -3.58675309     -3.67164866     -4.03169273     -4.46434223     -4.81861022     -4.90020692     -5.31839214     -5.55978532     -5.91390779     -5.97102197     -6.17145414     -6.44741704     -6.61964726     -6.67628072     -6.88198917     -7.11201866     -7.15049326     -7.33562127     -7.74533976     -7.81690250     -8.00441163     -8.14233754     -8.34870138     -8.46475564     -8.51096901     -8.67473124     -8.71609313     -8.72324851     -8.96933734     -9.06377828     -9.07380434     -9.23756796     -9.29276086     -9.36649037     -9.44789194     -9.53457995     -9.60003947     -9.65689721     -9.65970513     -9.82003903     -9.85287767     -9.92214307     -9.97934858    -10.02272309    -10.12883198    -10.27025106    -10.30028177    -10.35390768    -10.50247133    -10.54641725    -10.62459576    -10.65096419    -10.65701853    -10.97906904    -10.99623943
      1.98803387     10.99531390     10.97812075     10.65949270     10.65242945     10.62560494     10.54233433     10.50722087     10.33780500     10.30152301     10.28622212     10.12945919     10.02772794      9.97362453      9.92625144      9.85067692      9.81652097      9.65910670      9.65876985      9.58645937      9.52116375      9.47595436      9.37280410      9.25201685      9.23249668      9.08431563      9.08200114      8.99340976      8.70934419      8.69237174      8.63334578      8.52842010      8.51677398      8.35427562      8.15398351      7.97357765      7.82375435      7.77286625      7.30243872      7.14506145      7.12731038      6.80221826      6.73788370      6.56289820      6.52923476      6.11972001      5.98250665      5.94804840      5.55027950      5.32726772      4.89786879      4.82588819      4.46201232      4.02916878      3.66882370      3.55907373      3.34999715      3.10653172      2.42938066      2.24755748      2.05387680      1.29663119      0.67777480      0.40246119      0.23525364     -0.23525364     -0.40246119     -0.67777480     -1.29663119     -2.05387680     -2.24755748     -2.42938066     -3.10653172     -3.34999715     -3.55907373     -3.66882370     -4.02916878     -4.46201232     -4.82588819     -4.89786879     -5.32726772     -5.55027950     -5.94804839     -5.98250665     -6.11972001     -6.52923476     -6.56289820     -6.73788370     -6.80221826     -7.12731038     -7.14506145     -7.30243872     -7.77286625     -7.82375435     -7.97357765     -8.15398351     -8.35427562     -8.51677398     -8.52842010     -8.63334577     -8.69237175     -8.70934418     -8.99340976     -9.08200114     -9.08431563     -9.23249668     -9.25201685     -9.37280410     -9.47595436     -9.52116375     -9.58645937     -9.65877042     -9.65910613     -9.81652097     -9.85067692     -9.92625144     -9.97362453    -10.02772794    -10.12945919    -10.28622212    -10.30152301    -10.33780499    -10.50722087    -10.54233433    -10.62560494    -10.65242945    -10.65949270    -10.97812075    -10.99531390
      1.99783779     10.99600449     10.97883811     10.65781792     10.65071563     10.62514489     10.54705273     10.50135663     10.35293070     10.30314793     10.26886961     10.12933913     10.02198025      9.98214474      9.91777986      9.85868447      9.81328852      9.66873761      9.64948301      9.60634344      9.52580173      9.45558088      9.35990330      9.30277275      9.21697404      9.09271472      9.04976204      8.97417639      8.74501925      8.71132610      8.63613234      8.51470690      8.51043492      8.32580278      8.14176137      8.00558930      7.80901727      7.75166173      7.33514984      7.15004077      7.12546047      6.85279188      6.70627088      6.58087248      6.46856293      6.16315441      5.99926514      5.89635181      5.56380990      5.31659430      4.90071826      4.81965842      4.46301639      4.02996888      3.67106511      3.58032980      3.36072934      3.07158103      2.42934414      2.28142458      2.02388591      1.29535305      0.68794474      0.40452659      0.22621806     -0.22621904     -0.40453064     -0.68793699     -1.29535461     -2.02389480     -2.28141992     -2.42934556     -3.07154075     -3.36075122     -3.58037666     -3.67106239     -4.02993635     -4.46300795     -4.81966657     -4.90071020     -5.31664768     -5.56385737     -5.89604504     -5.99911842     -6.16363276     -6.46851015     -6.58072562     -6.70640674     -6.85287993     -7.12510576     -7.15001475     -7.33556710     -7.75115641     -7.80889820     -8.00612809     -8.14194488     -8.32583499     -8.51004687     -8.51444919     -8.63539588     -8.71169500     -8.74605959     -8.97412200     -9.04960762     -9.09238279     -9.21718693     -9.30308710     -9.35970419     -9.45529076     -9.52584876     -9.60646035     -9.64961998     -9.66858716     -9.81309781     -9.85892408     -9.91768648     -9.98222066    -10.02197617    -10.12942569    -10.26866477    -10.30329172    -10.35288608    -10.50130241    -10.54713237    -10.62514119    -10.65071207    -10.65781075    -10.97883736    -10.99600526
      2.00764171     10.99749648     10.98038975     10.65465437     10.64562060     10.62472220     10.55635992     10.48750680     10.38023606     10.30269095     10.24068892     10.13243958     10.00721000      9.99447652      9.90076620      9.87772133      9.80552625      9.67634073      9.65032865      9.64761605      9.51677468      9.43240069      9.36620538      9.32105480      9.22924367      9.06556743      9.02879766      8.92597088      8.81797352      8.74878364      8.62542933      8.53636636      8.48765561      8.26669572      8.09161290      8.06862196      7.77084279      7.71945155      7.40764551      7.17316560      7.15302223      6.86439156      6.71624959      6.54325798      6.39302233      6.23240167      6.02682991      5.82580927      5.59554084      5.28991509      4.90846408      4.80835395      4.46169710      4.03035532      3.68314581      3.61968382      3.38133492      2.99525168      2.42946190      2.34723330      1.97210547      1.29151605      0.71242842      0.40595921      0.20763285     -0.20763373     -0.40596470     -0.71241817     -1.29151846     -1.97211376     -2.34723047     -2.42946594     -2.99520983     -3.38133960     -3.61975562     -3.68316211     -4.03028459     -4.46169655     -4.80836490     -4.90844013     -5.29001432     -5.59558873     -5.82557479     -6.02659395     -6.23281095     -6.39303086     -6.54337996     -6.71618148     -6.86423986     -7.15328927     -7.17284427     -7.40793219     -7.71904803     -7.77064361     -8.06918321     -8.09173607     -8.26682001     -8.48708725     -8.53627958     -8.62486710     -8.74911443     -8.81886252     -8.92594498     -9.02888182     -9.06509600     -9.22934055     -9.32079204     -9.36648585     -9.43227845     -9.51663744     -9.64771899     -9.65057051     -9.67616605     -9.80526708     -9.87806203     -9.90059700     -9.99464507    -10.00708719    -10.13264454    -10.24043294    -10.30278990    -10.38017871    -10.48747629    -10.55644113    -10.62471217    -10.64562035    -10.65464106    -10.98038870    -10.99749756
      2.01744564     10.99893702     10.98188406     10.65139905     10.63979006     10.62495505     10.56447039     10.46958272     10.40835424     10.30123845     10.21185465     10.14498507     10.00342040      9.98414454      9.90008246      9.87575792      9.80954632      9.68944191      9.67283287      9.65840935      9.49644801      9.44613261      9.37633863      9.31887410      9.20736230      9.04873395      9.02369846      8.90012772      8.83956811      8.77934520      8.66419039      8.52466031      8.47289126      8.24202992      8.12689223      7.98827450      7.75512218      7.68280552      7.49369288      7.21926646      7.17752005      6.85618713      6.70098765      6.51694240      6.36860970      6.23708806      6.06638884      5.78271021      5.62198261      5.26042806      4.91872074      4.80156622      4.45461301      4.02943663      3.71443593      3.64042976      3.39579396      2.91943291      2.43176604      2.40891513      1.93091140      1.28651380      0.73808234      0.40530589      0.19024975     -0.19025026     -0.40530985     -0.73807472     -1.28651588     -1.93091650     -2.40890592     -2.43177956     -2.91940450     -3.39578894     -3.64046237     -3.71448978     -4.02936049     -4.45461926     -4.80157485     -4.91869317     -5.26052268     -5.62195689     -5.78265163     -6.06619796     -6.23700524     -6.36889906     -6.51739392     -6.70050518     -6.85612882     -7.17790003     -7.21903478     -7.49367553     -7.68264584     -7.75512551     -7.98814959     -8.12718270     -8.24237255     -8.47254796     -8.52428811     -8.66419837     -8.77940372     -8.83949151     -8.90074380     -9.02362327     -9.04888313     -9.20683361     -9.31891460     -9.37651260     -9.44606733     -9.49642899     -9.65854521     -9.67275806     -9.68943918     -9.80937205     -9.87589649     -9.90003868     -9.98436770    -10.00321997    -10.14529187    -10.21155650    -10.30128804    -10.40829367    -10.46959416    -10.56452274    -10.62493759    -10.63980247    -10.65138310    -10.98188324    -10.99893786
      2.02724956     10.99967944     10.98265127     10.64934592     10.63682268     10.62518232     10.56851892     10.44980043     10.43291020     10.30034660     10.18508310     10.16593354      9.99952997      9.97832781      9.90295493      9.85248171      9.83475323      9.70098644      9.67857119      9.65748412      9.50316479      9.42838310      9.39706947      9.32292483      9.15619442      9.08715740      9.00630277      8.91812981      8.80637581      8.76503946      8.73140870      8.49643612      8.47576084      8.24017232      8.15510536      7.87211675      7.81641350      7.61562763      7.57697905      7.24136279      7.19214424      6.85755266      6.66887495      6.51680738      6.39219500      6.16805251      6.12246436      5.77008808      5.63052637      5.24322806      4.92575411      4.79994069      4.44813887      4.02841435      3.73799461      3.64504323      3.40172182      2.87680616      2.45166712      2.42555499      1.91167893      1.28338689      0.75195180      0.40450449      0.18132999     -0.18133009     -0.40450535     -0.75195010     -1.28338739     -1.91167999     -2.42555235     -2.45167127     -2.87679976     -3.40172009     -3.64504844     -3.73801160     -4.02839388     -4.44814107     -4.79994272     -4.92574654     -5.24325174     -5.63050696     -5.77009376     -6.12241769     -6.16801730     -6.39224305     -6.51702523     -6.66866499     -6.85755194     -7.19225069     -7.24130226     -7.57691519     -7.61561514     -7.81667150     -7.87185550     -8.15514361     -8.24029536     -8.47573547     -8.49628180     -8.73163265     -8.76475557     -8.80641752     -8.91827527     -9.00626811     -9.08743338     -9.15585895     -9.32288808     -9.39738791     -9.42807499     -9.50324141     -9.65745513     -9.67861588     -9.70095927     -9.83469069     -9.85253841     -9.90294201     -9.97840946     -9.99945944    -10.16618346    -10.18483950    -10.30035588    -10.43287003    -10.44983101    -10.56853007    -10.62517550    -10.63682915    -10.64934111    -10.98265108    -10.99967963
      2.03705348     10.99942391     10.98238646     10.65008695     10.63782342     10.62510144     10.56715573     10.45958974     10.42147354     10.30068854     10.19744442     10.15540134     10.00140034      9.97971671      9.90249547      9.86559850      9.82005495      9.69824251      9.67470838      9.65955947      9.49782080      9.44177089      9.38401545      9.32253092      9.17988006      9.06725818      9.01254084      8.91187356      8.81569260      8.78401333      8.69699111      8.50892463      8.47216092      8.24026124      8.14570583      7.92871066      7.77790653      7.65144084      7.53622930      7.23417305      7.18696096      6.85655001      6.68216692      6.51522963      6.38267298      6.20369231      6.09278832      5.77356594      5.62812959      5.24941483      4.92313369      4.80035663      4.45061822      4.02876433      3.72949186      3.64376029      3.39977009      2.89194312      2.44095613      2.42320479      1.91819138      1.28451201      0.74711537      0.40481098      0.18440941     -0.18440910     -0.40480846     -0.74712030     -1.28451060     -1.91818825     -2.42321519     -2.44094198     -2.89196148     -3.39977454     -3.64374343     -3.72944754     -4.02881986     -4.45061267     -4.80035088     -4.92315408     -5.24934891     -5.62817073     -5.77356947     -6.09291565     -6.20378921     -6.38249719     -6.51475891     -6.68264349     -6.85656338     -7.18667943     -7.23433236     -7.53631557     -7.65153543     -7.77772422     -7.92893186     -8.14556285     -8.23995835     -8.47233771     -8.50924871     -8.69684964     -8.78417817     -8.81571735     -8.91144226     -9.01263920     -9.06687876     -9.18045077     -9.32257960     -9.38364899     -9.44211078     -9.49767255     -9.65957732     -9.67465972     -9.69827609     -9.82016424     -9.86551354     -9.90252506     -9.97952781    -10.00156515    -10.15507909    -10.19775249    -10.30066002    -10.42153091    -10.45956143    -10.56712299    -10.62511756    -10.63780927    -10.65009941    -10.98238700    -10.99942337
      2.04685740     10.99827158     10.98119246     10.65296870     10.64254800     10.62476343     10.56085290     10.47894373     10.39439873     10.30204316     10.22596411     10.13756304     10.00369808      9.99175911      9.89668285      9.88208286      9.80476654      9.67753165      9.66991986      9.65304099      9.50553961      9.43689347      9.37505853      9.31509461      9.22592572      9.04837967      9.02920054      8.90219716      8.84470801      8.76619765      8.63766573      8.53601463      8.47777100      8.24998185      8.10123991      8.04409000      7.75403888      7.70477832      7.45027880      7.19664336      7.16679305      6.85876235      6.71373051      6.52685274      6.36813498      6.25031462      6.04432388      5.79976364      5.61083827      5.27471335      4.91349812      4.80414599      4.45871914      4.02993904      3.69720738      3.63331039      3.38965441      2.95516254      2.42990421      2.38051904      1.94923330      1.28899651      0.72599117      0.40578854      0.19826171     -0.19826100     -0.40578352     -0.72600065     -1.28899410     -1.94922644     -2.38052266     -2.42989731     -2.95519884     -3.38965659     -3.63325621     -3.69716654     -4.03001922     -4.45871520     -4.80413561     -4.91352649     -5.27460777     -5.61082437     -5.79991080     -6.04455259     -6.25017381     -6.36794456     -6.52654879     -6.71403358     -6.85889209     -7.16638874     -7.19695554     -7.45015200     -7.70502673     -7.75420164     -8.04408085     -8.10080687     -8.24972029     -8.47824878     -8.53629795     -8.63789611     -8.76598921     -8.84423668     -8.90194910     -9.02899143     -9.04876331     -9.22620297     -9.31511122     -9.37496697     -9.43682458     -9.50569783     -9.65285632     -9.66978061     -9.67772453     -9.80499764     -9.88179510     -9.89682999     -9.99151013    -10.00392071    -10.13729910    -10.22624250    -10.30197003    -10.39445874    -10.47895304    -10.56078394    -10.62477760    -10.64254214    -10.65298443    -10.98119346    -10.99827056
      2.05666132     10.99670710     10.97956695     10.65628530     10.64849704     10.62485105     10.55167823     10.49503648     10.36608134     10.30330599     10.25480670     10.13020990     10.01506375      9.98953410      9.90913293      9.86840209      9.80879122      9.67339936      9.64708852      9.62708488      9.52389151      9.44091685      9.35150547      9.32709110      9.22209279      9.08208190      9.03550239      8.95242338      8.78271444      8.73014245      8.62749904      8.52431285      8.49917931      8.29431584      8.12343643      8.03690197      7.79131835      7.73411736      7.36886202      7.15773297      7.13602438      6.86553830      6.71014255      6.56420397      6.43003110      6.19962537      6.01191032      5.85870907      5.57882679      5.30457849      4.90407225      4.81389372      4.46303579      4.03027794      3.67500468      3.60042212      3.37123753      3.03555849      2.42935266      2.31306028      1.99791959      1.29371744      0.69913171      0.40557203      0.21736081     -0.21735982     -0.40556683     -0.69914142     -1.29371533     -1.99791044     -2.31306399     -2.42935021     -3.03560255     -3.37122322     -3.60035410     -3.67500337     -4.03033099     -4.46304122     -4.81388348     -4.90408861     -5.30449874     -5.57876775     -5.85900259     -6.01212030     -6.19911396     -6.43008536     -6.56425758     -6.71003827     -6.86559615     -7.13617443     -7.15783396     -7.36846148     -7.73463086     -7.79148804     -8.03630633     -8.12323115     -8.29428751     -8.49978503     -8.52432745     -8.62825524     -8.72974087     -8.78167533     -8.95249496     -9.03555985     -9.08253987     -9.22181636     -9.32719318     -9.35135267     -9.44118789     -9.52394114     -9.62693918     -9.64692892     -9.67354725     -9.80904076     -9.86809553     -9.90926180     -9.98943971    -10.01509048    -10.13006733    -10.25503926    -10.30318089    -10.36613421    -10.49508428    -10.55159171    -10.62485753    -10.64850052    -10.65629546    -10.97956792    -10.99670610
      2.06646524     10.99550407     10.97831724     10.65900452     10.65201861     10.62545419     10.54366839     10.50564229     10.34228957     10.30243607     10.28060619     10.12939295     10.02630028      9.97600513      9.92401607      9.85257052      9.81594227      9.66320646      9.65452738      9.59169188      9.52370410      9.46910665      9.36953578      9.27168851      9.22275897      9.09171187      9.06796792      8.98825353      8.71837509      8.69767820      8.63763137      8.52384144      8.51087941      8.34808254      8.15116745      7.98270968      7.82022924      7.76617966      7.31165988      7.14612173      7.12496398      6.82492186      6.71972126      6.57807641      6.50487481      6.13320820      5.98783845      5.93122763      5.55372842      5.32457605      4.89858562      4.82415564      4.46238045      4.02944346      3.66932264      3.56507674      3.35273192      3.09719630      2.42936791      2.25717914      2.04511106      1.29632399      0.68043364      0.40318740      0.23273219     -0.23273147     -0.40318523     -0.68043805     -1.29632315     -2.04510475     -2.25718314     -2.42936726     -3.09722235     -3.35271305     -3.56505537     -3.66932487     -4.02945718     -4.46238774     -4.82415088     -4.89858740     -5.32455025     -5.55370550     -5.93146937     -5.98788639     -6.13289851     -6.50490929     -6.57815255     -6.71972904     -6.82475493     -7.12523646     -7.14615148     -7.31137322     -7.76651473     -7.82028881     -7.98236476     -8.15107035     -8.34801919     -8.51107536     -8.52416774     -8.63804026     -8.69748878     -8.71766049     -8.98828110     -9.06812728     -9.09183694     -9.22274295     -9.27137810     -9.36967147     -9.46932585     -9.52360462     -9.59163805     -9.65436666     -9.66338667     -9.81602597     -9.85245321     -9.92406221     -9.97596120    -10.02629916    -10.12935320    -10.28075555    -10.30231274    -10.34231553    -10.50568191    -10.54361660    -10.62545574    -10.65202035    -10.65900863    -10.97831766    -10.99550363
      2.07626917     10.99553351     10.97834706     10.65890476     10.65205503     10.62538556     10.54351602     10.50584294     10.34252737     10.30167919     10.28110979     10.12929601     10.02639376      9.97549966      9.92473374      9.85155863      9.81705543      9.66083486      9.65668266      9.59065114      9.52538192      9.46776550      9.37069273      9.26810298      9.22804039      9.08432940      9.07443835      8.98748967      8.71345872      8.69822546      8.64624593      8.52384326      8.50255709      8.35157724      8.15106010      7.98211446      7.82171771      7.76538767      7.31153930      7.14618549      7.12342880      6.83069070      6.71342276      6.58631723      6.49925656      6.13463892      5.98108117      5.93622927      5.55318483      5.32480698      4.89851860      4.82401764      4.46255720      4.02967103      3.66937301      3.56602364      3.35133202      3.09773305      2.42936383      2.25740483      2.04459735      1.29636160      0.68052913      0.40358752      0.23235528     -0.23235661     -0.40358942     -0.68052410     -1.29636250     -2.04460597     -2.25739862     -2.42936447     -3.09770369     -3.35135867     -3.56603904     -3.66936951     -4.02966444     -4.46254260     -4.82402500     -4.89852201     -5.32482982     -5.55319020     -5.93597501     -5.98109376     -6.13491611     -6.49920960     -6.58631126     -6.71323906     -6.83101514     -7.12308623     -7.14618229     -7.31183309     -7.76504983     -7.82164238     -7.98248539     -8.15113499     -8.35172835     -8.50214905     -8.52345581     -8.64619872     -8.69846493     -8.71396695     -8.98745475     -9.07438445     -9.08406534     -9.22814007     -9.26837048     -9.37056540     -9.46749403     -9.52556902     -9.59063292     -9.65695857     -9.66053155     -9.81705930     -9.85160277     -9.92472488     -9.97551862    -10.02639967    -10.12933238    -10.28102816    -10.30170426    -10.34253358    -10.50579784    -10.54357176    -10.62538467    -10.65205511    -10.65889866    -10.97834659    -10.99553400
      2.08607309     10.99747632     10.98032476     10.65386625     10.64908682     10.62306681     10.54995553     10.49832589     10.36795085     10.29716150     10.25768423     10.12813379     10.01743752      9.98279338      9.92054884      9.85373614      9.82596204      9.66364846      9.65270271      9.61059379      9.54314564      9.42474802      9.36234218      9.31653571      9.25972327      9.07745309      9.03500698      8.94069042      8.74912121      8.74162744      8.68814445      8.49398983      8.41707007      8.34876317      8.12848470      8.03434269      7.80917986      7.72002642      7.36746488      7.15903912      7.09800578      6.93606147      6.67370754      6.62468366      6.38841694      6.21534916      5.95552117      5.89125026      5.56589333      5.30946730      4.90251430      4.81046297      4.46738702      4.03617549      3.67880023      3.61572402      3.34764540      3.04375688      2.42933197      2.31577967      1.98757680      1.29464977      0.70206073      0.41399635      0.20917326     -0.20917860     -0.41400011     -0.70204557     -1.29465249     -1.98759924     -2.31576324     -2.42933463     -3.04369347     -3.34770145     -3.61576546     -3.67878468     -4.03617821     -4.46732251     -4.81050264     -4.90253144     -5.30951524     -5.56581733     -5.89098150     -5.95557676     -6.21570619     -6.38840759     -6.62444104     -6.67374981     -6.93658781     -7.09726342     -7.15917125     -7.36785653     -7.71956256     -7.80884388     -8.03511489     -8.12862544     -8.34920803     -8.41631976     -8.49323153     -8.68770658     -8.74278684     -8.74966078     -8.94058706     -9.03442691     -9.07748183     -9.26008257     -9.31677626     -9.36207987     -9.42434830     -9.54335511     -9.61040973     -9.65227177     -9.66405693     -9.82606072     -9.85377501     -9.92060457     -9.98275859    -10.01747803    -10.12824197    -10.25762679    -10.29703886    -10.36798286    -10.49824136    -10.55006782    -10.62306681    -10.64910335    -10.65383356    -10.98032338    -10.99747773
      2.09587701     11.00152675     10.98439620     10.64681422     10.64041604     10.61735982     10.55619825     10.49080492     10.39711711     10.28716047     10.23313045     10.12627180     10.00657039      9.98224012      9.92201105      9.85507015      9.84225495      9.68199122      9.64930916      9.61895277      9.55322304      9.39929689      9.37310581      9.31999231      9.31269263      9.11140188      8.97217394      8.87574004      8.82023174      8.78827913      8.66125770      8.46390881      8.36386295      8.30454070      8.10247382      8.08886915      7.78769205      7.67594398      7.43044108      7.19510128      7.09621873      7.01309106      6.75250430      6.58192832      6.32509413      6.23517462      5.91223375      5.86521623      5.55975256      5.28720222      4.90801908      4.79075233      4.47645426      4.05781736      3.73789429      3.64752446      3.32965823      2.97505873      2.43146582      2.38415847      1.91059922      1.29241128      0.74222362      0.43236758      0.17004658     -0.17005555     -0.43237143     -0.74219988     -1.29241561     -1.91063102     -2.38412937     -2.43147496     -2.97499483     -3.32970575     -3.64755265     -3.73790273     -4.05784888     -4.47633018     -4.79084746     -4.90804229     -5.28721747     -5.55954685     -5.86528590     -5.91216472     -6.23525060     -6.32526878     -6.58189150     -6.75247047     -7.01331854     -7.09585800     -7.19533158     -7.43042502     -7.67581299     -7.78726744     -8.08925514     -8.10298460     -8.30372311     -8.36444498     -8.46336644     -8.66077907     -8.78931599     -8.82074758     -8.87559320     -8.97166399     -9.11159117     -9.31238317     -9.32004651     -9.37332252     -9.39894012     -9.55333842     -9.61858244     -9.64907205     -9.68235436     -9.84234597     -9.85517387     -9.92209868     -9.98213178    -10.00667051    -10.12644444    -10.23309576    -10.28694007    -10.39712787    -10.49073983    -10.55630762    -10.61736421    -10.64045375    -10.64675737    -10.98439421    -11.00152874
      2.10568093     11.00726843     10.99012958     10.64115893     10.62516312     10.60785800     10.55854682     10.48714578     10.42326024     10.27380624     10.21419284     10.12310040      9.99826058      9.97182845      9.92837013      9.86157172      9.84995260      9.70097662      9.67126941      9.61073192      9.55327798      9.41915353      9.39630473      9.36290614      9.25323409      9.16975615      8.96995977      8.90095204      8.80569932      8.74922490      8.60323945      8.45211718      8.37271982      8.20577858      8.14067925      8.05334669      7.77845322      7.65642535      7.46505941      7.26654963      7.16094926      7.00893210      6.84061113      6.57828551      6.37342355      6.12654165      5.88754579      5.82623939      5.52067629      5.25838323      4.91454372      4.77449755      4.48859610      4.10935501      3.81602987      3.65063195      3.30965340      2.91579851      2.45889117      2.41501451      1.82691079      1.29069598      0.79722266      0.45255677      0.12603982     -0.12605065     -0.45256009     -0.79719251     -1.29070147     -1.82694940     -2.41499210     -2.45888480     -2.91575463     -3.30967592     -3.65064639     -3.81606280     -4.10941043     -4.48844580     -4.77463536     -4.91455523     -5.25829402     -5.52053200     -5.82625508     -5.88758131     -6.12662290     -6.37343535     -6.57846823     -6.84050684     -7.00879025     -7.16114841     -7.26680298     -7.46453637     -7.65654354     -7.77835406     -8.05353697     -8.14066196     -8.20525843     -8.37335472     -8.45203578     -8.60291861     -8.74910354     -8.80592120     -8.90132285     -8.97021653     -9.16989422     -9.25268195     -9.36260612     -9.39638535     -9.41923751     -9.55303586     -9.61071010     -9.67118700     -9.70113377     -9.84995269     -9.86177450     -9.92841455     -9.97177231     -9.99838065    -10.12330586    -10.21418374    -10.27352323    -10.42321318    -10.48714542    -10.55861788    -10.60786098    -10.62520671    -10.64111365    -10.99012745    -11.00727050
      2.11548485     11.01382826     10.99668653     10.63596590     10.61028251     10.59360786     10.55426228     10.48950348     10.44339430     10.26025056     10.20389942     10.11711265      9.98765397      9.96206566      9.94044709      9.86341975      9.84526197      9.72012052      9.68744826      9.63437449      9.52522808      9.46642844      9.42894930      9.37176661      9.23752956      9.16923747      9.04162679      8.93786227      8.73563383      8.67982917      8.54821320      8.44844264      8.36889921      8.18231012      8.07754653      8.01709033      7.81605252      7.63887371      7.48427039      7.34074726      7.24224009      6.98882749      6.93069568      6.60655386      6.39891631      6.04597197      5.91310512      5.71507170      5.46374630      5.21868322      4.92279866      4.76756069      4.50707430      4.20092886      3.86041410      3.64959770      3.29847592      2.87763746      2.49284584      2.41426106      1.73998624      1.29007825      0.86344915      0.47070205      0.08461226     -0.08462313     -0.47070461     -0.86341483     -1.29008419     -1.74002904     -2.41424788     -2.49281896     -2.87762416     -3.29847113     -3.64960618     -3.86046240     -4.20098538     -4.50697280     -4.76768525     -4.92277643     -5.21847408     -5.46379742     -5.71497964     -5.91319728     -6.04602508     -6.39894331     -6.60668762     -6.93063631     -6.98874142     -7.24255563     -7.34074722     -7.48385618     -7.63882222     -7.81641741     -8.01703631     -8.07697848     -8.18216641     -8.36920875     -8.44869569     -8.54843741     -8.67967473     -8.73533528     -8.93847322     -9.04199710     -9.16865659     -9.23757400     -9.37135828     -9.42902271     -9.46666464     -9.52461318     -9.63470289     -9.68738031     -9.72010954     -9.84534840     -9.86346319     -9.94044910     -9.96204223     -9.98786943    -10.11731693    -10.20391179    -10.25994254    -10.44327014    -10.48959474    -10.55428017    -10.59358249    -10.61037120    -10.63592737    -10.99668470    -11.01383000
      2.12528877     11.02018227     11.00307451     10.63178763     10.60137879     10.57358271     10.54302942     10.49744640     10.45724889     10.25062674     10.20046008     10.10844589      9.98351714      9.95722938      9.94335770      9.85749604      9.82885082      9.74620792      9.69005959      9.66606571      9.52652741      9.48360337      9.45642613      9.39694794      9.25540211      9.14882827      9.06730060      8.96661187      8.67411275      8.65196977      8.51884499      8.44579682      8.28580153      8.17339804      8.02793226      7.96003373      7.87440888      7.63538267      7.52158675      7.36700618      7.34063832      7.02591483      6.95915869      6.64045999      6.41632113      5.99921819      5.93571094      5.59078467      5.39267893      5.16685276      4.93384119      4.76973766      4.54367441      4.31301610      3.86949432      3.64787734      3.30208784      2.86029910      2.50416140      2.40977600      1.65234081      1.29056519      0.93674077      0.48512436      0.04990937     -0.04991880     -0.48512615     -0.93670484     -1.29057074     -1.65238442     -2.40976583     -2.50412566     -2.86031167     -3.30206353     -3.64788247     -3.86954209     -4.31305986     -4.54368388     -4.76979512     -4.93376102     -5.16662590     -5.39278112     -5.59078663     -5.93572011     -5.99923444     -6.41645530     -6.64043853     -6.95912188     -7.02598946     -7.34089971     -7.36674261     -7.52144512     -7.63546781     -7.87459518     -7.95949956     -8.02817434     -8.17320982     -8.28546386     -8.44602186     -8.51919385     -8.65178486     -8.67456624     -8.96692872     -9.06641148     -9.14955361     -9.25518744     -9.39692226     -9.45641991     -9.48294381     -9.52669461     -9.66617629     -9.69011515     -9.74616040     -9.82897888     -9.85742444     -9.94334056     -9.95715319     -9.98385387    -10.10862743    -10.20047009    -10.25034587    -10.45709915    -10.49758000    -10.54301387    -10.57354654    -10.60147824    -10.63175724    -11.00307318    -11.02018350
      2.13509270     11.02540998     11.00836602     10.62902126     10.59631438     10.55149855     10.53075573     10.50471144     10.46899401     10.24719248     10.19966937     10.09869587      9.98998334      9.97100087      9.90984571      9.85045668      9.80467749      9.77105334      9.71205163      9.67119387      9.57518196      9.50563860      9.44595170      9.40103334      9.26398434      9.21899855      8.99612889      8.96759991      8.71425321      8.63953913      8.49390787      8.36487962      8.18163224      8.16084763      8.02577558      7.97447164      7.83939506      7.68555229      7.55161261      7.42378239      7.36643470      7.11854782      6.92309484      6.67472771      6.43173620      5.98304053      5.93895322      5.50478849      5.28309858      5.10884086      4.94861315      4.78036369      4.61663816      4.40596162      3.85848659      3.64633763      3.31865654      2.85420893      2.50065703      2.40494099      1.56895735      1.29169734      1.01067166      0.49531905      0.02411245     -0.02411934     -0.49532014     -1.01063809     -1.29170164     -1.56899678     -2.40493349     -2.50062513     -2.85423044     -3.31862717     -3.64634075     -3.85852096     -4.40601123     -4.61671584     -4.78036819     -4.94845815     -5.10874229     -5.28304620     -5.50494934     -5.93888164     -5.98306110     -6.43189423     -6.67467107     -6.92300587     -7.11879884     -7.36628046     -7.42357754     -7.55184395     -7.68574945     -7.83884571     -7.97436477     -8.02629830     -8.16067419     -8.18153825     -8.36462717     -8.49347177     -8.64037265     -8.71502338     -8.96740742     -8.99513827     -9.21983784     -9.26403757     -9.40071624     -9.44539878     -9.50576205     -9.57525573     -9.67099807     -9.71231958     -9.77098898     -9.80478916     -9.85036658     -9.90983684     -9.97092533     -9.99028786    -10.09882921    -10.19966374    -10.24698815    -10.46888894    -10.50479874    -10.53073774    -10.55148418    -10.59638408    -10.62900118    -11.00836521    -11.02541071
      2.14489662     11.02882335     11.01183960     10.62759814     10.59298303     10.53490263     10.52265107     10.50335724     10.48234396     10.24789728     10.19927097     10.09078597      9.99815551      9.97834319      9.87287889      9.84292966      9.79643882      9.77807752      9.72927587      9.68576594      9.59732970      9.55592201      9.41568743      9.36732892      9.29868101      9.27950075      8.94537220      8.91757933      8.76440458      8.70272368      8.40367237      8.27446573      8.22334875      8.08304996      8.01629944      7.99841584      7.79739196      7.71838709      7.64137984      7.42937350      7.36141748      7.20031773      6.88350779      6.71017703      6.44179003      5.98487518      5.92970000      5.46698720      5.14472825      5.05063637      4.96606024      4.82442252      4.70128309      4.45722669      3.84270168      3.64532892      3.33779781      2.85173120      2.49397917      2.40137123      1.50150750      1.29280020      1.07268406      0.50131598      0.00827000     -0.00827362     -0.50131649     -1.07266096     -1.29280253     -1.50153378     -2.40136715     -2.49396090     -2.85174595     -3.33777832     -3.64533053     -3.84271895     -4.45728503     -4.70127535     -4.82451534     -4.96584236     -5.05072112     -5.14459207     -5.46712458     -5.92964542     -5.98488052     -6.44188287     -6.71017638     -6.88340562     -7.20058696     -7.36144852     -7.42893038     -7.64180192     -7.71837592     -7.79716371     -7.99828710     -8.01590768     -8.08361702     -8.22379138     -8.27405194     -8.40305341     -8.70361629     -8.76513030     -8.91677936     -8.94482715     -9.28020854     -9.29912942     -9.36666917     -9.41527386     -9.55603667     -9.59731681     -9.68564400     -9.72942179     -9.77823094     -9.79630877     -9.84285969     -9.87291242     -9.97830987     -9.99831620    -10.09085466    -10.19926055    -10.24779261    -10.48230329    -10.50337430    -10.52259313    -10.53496154    -10.59301543    -10.62758858    -11.01183923    -11.02882367
      2.15470054     11.03000720     11.01304760     10.62718080     10.59169070     10.53324371     10.51164492     10.50059718     10.49296500     10.24872430     10.19907234     10.08778973     10.00157577      9.98053218      9.85253022      9.83918752      9.80689565      9.76935510      9.73303649      9.70022650      9.60061120      9.57734520      9.38845250      9.33900681      9.32908008      9.31631468      8.92487429      8.87334901      8.79203355      8.74599749      8.31260017      8.30062091      8.22239452      8.10344461      8.00928024      7.95046341      7.80069831      7.71071281      7.70633739      7.41946053      7.35542683      7.23958777      6.86240314      6.72960098      6.44507302      5.98656688      5.92548767      5.45667564      5.07266966      4.99530141      4.94410709      4.93221802      4.72488915      4.47331892      3.83548665      3.64498462      3.34625858      2.85090530      2.49104993      2.40007297      1.47326730      1.29326281      1.09912948      0.50328728      0.00278697     -0.00278697     -0.50328728     -1.09912948     -1.29326281     -1.47326730     -2.40007297     -2.49104993     -2.85090530     -3.34625858     -3.64498462     -3.83548665     -4.47331892     -4.72488915     -4.93221802     -4.94410709     -4.99530141     -5.07266966     -5.45667564     -5.92548767     -5.98656688     -6.44507302     -6.72960098     -6.86240314     -7.23958777     -7.35542683     -7.41946053     -7.70633739     -7.71071281     -7.80069831     -7.95046341     -8.00928024     -8.10344461     -8.22239452     -8.30062091     -8.31260017     -8.74599749     -8.79203355     -8.87334901     -8.92487429     -9.31631468     -9.32908008     -9.33900681     -9.38845250     -9.57734520     -9.60061120     -9.70022650     -9.73303649     -9.76935510     -9.80689565     -9.83918752     -9.85253022     -9.98053218    -10.00157577    -10.08778973    -10.19907234    -10.24872430    -10.49296500    -10.50059718    -10.51164492    -10.53324371    -10.59169070    -10.62718080    -11.01304760    -11.03000720
      2.16470054     11.02877634     11.01179095     10.62760585     10.59306595     10.53511099     10.52282907     10.50346193     10.48201791     10.24776321     10.19926743     10.09097383      9.99818894      9.97821775      9.87358668      9.84299032      9.79604928      9.77847959      9.72923746      9.68520262      9.59713574      9.55523270      9.41592945      9.36750841      9.29805594      9.27933236      8.94546526      8.91815054      8.76421252      8.70229001      8.40500319      8.27569980      8.22245950      8.08354224      8.01713069      7.99833085      7.79731591      7.71839960      7.63975514      7.42921027      7.36158810      7.19921094      6.88412581      6.70951965      6.44175073      5.98481948      5.92980655      5.46756504      5.14721064      5.05195480      4.96552215      4.82284412      4.70012290      4.45662963      3.84298824      3.64534442      3.33746040      2.85177894      2.49407166      2.40141840      1.50259420      1.29278508      1.07167314      0.50123655      0.00848996     -0.00848627     -0.50123603     -1.07169658     -1.29278270     -1.50256752     -2.40142256     -2.49409026     -2.85176394     -3.33748021     -3.64534279     -3.84297062     -4.45657084     -4.70012856     -4.82275403     -4.96573905     -5.05187299     -5.14734674     -5.46742560     -5.92986202     -5.98481390     -6.44165614     -6.70952131     -6.88422866     -7.19893958     -7.36155938     -7.42965598     -7.63933066     -7.71840561     -7.79755333     -7.99846912     -8.01750008     -8.08298832     -8.22202154     -8.27611419     -8.40562139     -8.70139197     -8.76348091     -8.91895333     -8.94601326     -9.27862104     -9.29761294     -9.36816526     -9.41634350     -9.55511664     -9.59714805     -9.68532621     -9.72908861     -9.77832690     -9.79617805     -9.84306115     -9.87355396     -9.97825192     -9.99802504    -10.09090378    -10.19927793    -10.24786996    -10.48205980    -10.50344410    -10.52288652    -10.53505263    -10.59303284    -10.62761561    -11.01179133    -11.02877601
      2.17470054     11.02523274     11.00818447     10.62908373     10.59655078     10.55234667     10.53112440     10.50465000     10.46839788     10.24701613     10.19968240     10.09920986      9.98994354      9.97049815      9.91132990      9.85067295      9.80573598      9.77011215      9.71134178      9.67084521      9.57373740      9.50353797      9.44664542      9.40147524      9.26336229      9.21692719      8.99817435      8.96805413      8.71303822      8.63855221      8.49636872      8.36834395      8.18186807      8.16444520      8.02582257      7.97273931      7.84150126      7.68342131      7.54964184      7.42175840      7.36639892      7.11517592      6.92459954      6.67324879      6.43135927      5.98318054      5.93916339      5.50731171      5.28830538      5.11106440      4.94779554      4.77966259      4.61306679      4.40308829      3.85915287      3.64639367      3.31782466      2.85437579      2.50089083      2.40511147      1.57213812      1.29165237      1.00779379      0.49499405      0.02496450     -0.02495749     -0.49499293     -1.00782757     -1.29164801     -1.57209839     -2.40511910     -2.50092311     -2.85435429     -3.31785414     -3.64639048     -3.85911784     -4.40303959     -4.61298909     -4.77965783     -4.94794752     -5.11117012     -5.28835174     -5.50715425     -5.93923377     -5.98315968     -6.43120009     -6.67330664     -6.92468665     -7.11492977     -7.36656081     -7.42193783     -7.54943300     -7.68322234     -7.84205076     -7.97283526     -8.02530591     -8.16456025     -8.18204314     -8.36858446     -8.49678327     -8.63774102     -8.71227445     -8.96822649     -8.99916671     -9.21608742     -9.26332421     -9.40177171     -9.44720994     -9.50341674     -9.57365897     -9.67104143     -9.71107133     -9.77017716     -9.80562247     -9.85076302     -9.91134012     -9.97057470     -9.98963487    -10.09907417    -10.19968750    -10.24722414    -10.46850542    -10.50455948    -10.53114250    -10.55236275    -10.59647958    -10.62910424    -11.00818530    -11.02523200
      2.18470054     11.01982586     11.00271235     10.63196934     10.60186859     10.57485055     10.54380863     10.49703228     10.45637958     10.25074816     10.20056522     10.10920128      9.98371640      9.95616586      9.94496404      9.85781609      9.83030149      9.74455159      9.68960139      9.66496022      9.52333400      9.48532740      9.45435650      9.39533654      9.25482264      9.14647935      9.06937590      8.96587861      8.67321394      8.65592669      8.51890146      8.44902145      8.29208576      8.17368622      8.02935929      7.96260641      7.87236502      7.63405155      7.51958975      7.36627782      7.33482477      7.02043800      6.96093292      6.63843570      6.41544248      6.00119358      5.93479151      5.59761695      5.39785511      5.16999423      4.93300411      4.76945924      4.54061754      4.30646110      3.86972185      3.64798584      3.30141830      2.86092615      2.50399266      2.41006357      1.65759388      1.29051716      0.93220667      0.48437860      0.05176503     -0.05175548     -0.48437676     -0.93224259     -1.29051156     -1.65755020     -2.41007389     -2.50402822     -2.86091472     -3.30144180     -3.64798055     -3.86967358     -4.30641665     -4.54061504     -4.76939715     -4.93308017     -5.17022443     -5.39774807     -5.59762512     -5.93477612     -6.00117666     -6.41531327     -6.63845026     -6.96096635     -7.02037692     -7.33455148     -7.36653952     -7.51973868     -7.63398205     -7.87212907     -7.96316738     -8.02914345     -8.17388342     -8.29240677     -8.44875196     -8.51855048     -8.65615285     -8.67278682     -8.96553488     -9.07022091     -9.14579968     -9.25503824     -9.39536954     -9.45435694     -9.48599032     -9.52316521     -9.66481237     -9.68957528     -9.74459760     -9.83017340     -9.85788475     -9.94497597     -9.95624487     -9.98338260    -10.10901767    -10.20055442    -10.25103223    -10.45653019    -10.49689861    -10.54382314    -10.57488704    -10.60176822    -10.63200028    -11.00271370    -11.01982460
      2.19470054     11.01329941     10.99615310     10.63631295     10.61135765     10.59495859     10.55491257     10.48915513     10.44192347     10.26093564     10.20442788     10.11790996      9.98869479      9.96287062      9.93923763      9.86378094      9.84608079      9.71827284      9.68682714      9.63197182      9.52760351      9.46204203      9.42695321      9.37029247      9.23497153      9.17350008      9.03607675      8.93547489      8.74213335      8.68335642      8.55228662      8.44795019      8.37218422      8.18267951      8.08360219      8.02033982      7.81176248      7.64045479      7.48151456      7.33633601      7.23536073      6.99046202      6.92341976      6.60399579      6.39741130      6.05112345      5.91098023      5.72501521      5.46869887      5.22213340      4.92203188      4.76787467      4.50504156      4.19244858      3.85838396      3.64973261      3.29886152      2.87982100      2.49093483      2.41452509      1.74705031      1.29008958      0.85779357      0.46937745      0.08772945     -0.08771853     -0.46937482     -0.85782763     -1.29008364     -1.74700774     -2.41453862     -2.49096051     -2.87983681     -3.29886430     -3.64972377     -3.85833639     -4.19239138     -4.50514996     -4.76774663     -4.92205052     -5.22233518     -5.46866172     -5.72510736     -5.91088463     -6.05106637     -6.39739229     -6.60384971     -6.92348977     -6.99055132     -7.23504923     -7.33630346     -7.48195992     -7.64049962     -7.81141728     -8.02034800     -8.08421699     -8.18280487     -8.37179674     -8.44775413     -8.55209148     -8.68353466     -8.74242005     -8.93485797     -9.03568624     -9.17410063     -9.23490311     -9.37073104     -9.42687372     -9.46180471     -9.52820454     -9.63165084     -9.68689088     -9.71827718     -9.84600175     -9.86372262     -9.93923424     -9.96289036     -9.98849165    -10.11770476    -10.20441648    -10.26124341    -10.44204224    -10.48907063    -10.55489071    -10.59498147    -10.61127248    -10.63635203    -10.99615497    -11.01329764
      2.20470054     11.00664290     10.98950117     10.64166316     10.62684220     10.60899131     10.55864579     10.48725953     10.42083848     10.27493753     10.21570296     10.12373045      9.99927900      9.97287433      9.92757356      9.86094516      9.84992169      9.69942952      9.66879870      9.61026225      9.55422626      9.41600244      9.39311116      9.36047960      9.25928255      9.16394500      8.96498461      8.89810041      8.80976399      8.75738919      8.60910191      8.45267006      8.37229197      8.21315079      8.14010313      8.05713982      7.77747943      7.65782807      7.46261224      7.25849185      7.15378681      7.01052006      6.83157177      6.57691051      6.36965521      6.13672436      5.88610882      5.83474853      5.52552721      5.26160544      4.91384279      4.77588652      4.48705675      4.10243937      3.80940110      3.65063697      3.31142887      2.92083752      2.45467542      2.41436037      1.83549932      1.29082854      0.79112784      0.45059050      0.13042705     -0.13041632     -0.45058712     -0.79115745     -1.29082314     -1.83546128     -2.41438479     -2.45467872     -2.92088406     -3.31140356     -3.65062167     -3.80937021     -4.10238539     -4.48720737     -4.77575096     -4.91382917     -5.26168184     -5.52568774     -5.83470122     -5.88610189     -6.13664394     -6.36963145     -6.57673996     -6.83167207     -7.01066035     -7.15361060     -7.25823253     -7.46310463     -7.65770547     -7.77763319     -8.05694351     -8.13998152     -8.21376493     -8.37166693     -8.45278064     -8.60946163     -8.75747362     -8.80943777     -8.89778704     -8.96479066     -9.16377847     -9.25985691     -9.36069081     -9.39306195     -9.41595108     -9.55440953     -9.61034681     -9.66889008     -9.69924960     -9.84992620     -9.86073505     -9.92752283     -9.97293898     -9.99916217    -10.12352647    -10.21571480    -10.27521575    -10.42087823    -10.48726825    -10.55856975    -10.60898716    -10.62680124    -10.64170922    -10.98950330    -11.00664081
      2.21470054     11.00093982     10.98380470     10.64748339     10.64196292     10.61824610     10.55570900     10.49148644     10.39371746     10.28837138     10.23583791     10.12670058     10.00777276      9.98289979      9.92163432      9.85490749      9.84042273      9.67991044      9.64759718      9.61952961      9.55250561      9.39936164      9.37013225      9.32147453      9.30928649      9.10577407      8.97823120      8.88032239      8.81623402      8.78487047      8.66630171      8.46603246      8.36391894      8.31599641      8.10018863      8.08928883      7.78987363      7.67983659      7.42395412      7.18920630      7.09158680      7.00920493      6.74220671      6.58531523      6.32093617      6.24589183      5.91827679      5.86668448      5.56213108      5.29017763      4.90733498      4.79319756      4.47508392      4.05401738      3.72801943      3.64626617      3.33222986      2.98307692      2.43075664      2.37669394      1.92033313      1.29267349      0.73652568      0.42996463      0.17519961     -0.17519099     -0.42996075     -0.73654849     -1.29266933     -1.92030231     -2.37672101     -2.43074870     -2.98314204     -3.33218008     -3.64623510     -3.72801504     -4.05398961     -4.47520159     -4.79310941     -4.90731167     -5.29015448     -5.56232758     -5.86665928     -5.91832189     -6.24579578     -6.32076286     -6.58538324     -6.74223020     -7.00887937     -7.09206331     -7.18898579     -7.42390299     -7.68001992     -7.79030451     -8.08861083     -8.09994377     -8.31677562     -8.36337777     -8.46662804     -8.66677653     -8.78377342     -8.81569221     -8.88050428     -8.97877694     -9.10559828     -9.30908077     -9.32187196     -9.36991494     -9.39973360     -9.55237766     -9.61988569     -9.64787104     -9.67952929     -9.84032035     -9.85482008     -9.92154633     -9.98300494    -10.00767756    -10.12653445    -10.23587529    -10.28858214    -10.39370216    -10.49155632    -10.55559710    -10.61824228    -10.64192388    -10.64754189    -10.98380665    -11.00093787
      2.22470054     10.99707665     10.97991741     10.65483073     10.64971987     10.62357705     10.54905938     10.49942489     10.36392671     10.29807611     10.26119965     10.12844542     10.01905743      9.98195408      9.92088483      9.85358219      9.82413434      9.66230388      9.65391387      9.60753780      9.54120090      9.43073281      9.36317312      9.31057880      9.25307904      9.07546282      9.04325847      8.94950104      8.73920167      8.73638633      8.68655242      8.49815222      8.43012725      8.34892004      8.13293152      8.02624123      7.81134011      7.72676907      7.35857458      7.15627389      7.10110421      6.92161451      6.66740108      6.62919877      6.40524765      6.20341461      5.96032081      5.89694569      5.56444462      5.31219868      4.90184126      4.81298988      4.46635956      4.03460809      3.67588332      3.60750033      3.34927041      3.05290763      2.42931768      2.30607071      1.99735270      1.29495167      0.69782280      0.41191982      0.21365230     -0.21364755     -0.41191618     -0.69783660     -1.29494920     -1.99733184     -2.30608584     -2.42931543     -3.05296864     -3.34921571     -3.60746221     -3.67589725     -4.03460828     -4.46641578     -4.81295649     -4.90182595     -5.31215158     -5.56450183     -5.89724446     -5.96026192     -6.20304607     -6.40526756     -6.62943162     -6.66737712     -6.92110366     -7.10182526     -7.15615889     -7.35815969     -7.72725148     -7.81164335     -8.02549688     -8.13279531     -8.34849689     -8.43087110     -8.49889614     -8.68697018     -8.73530668     -8.73862313     -8.94959311     -9.04381505     -9.07546207     -9.25272744     -9.31030251     -9.36343634     -9.43113366     -9.54097987     -9.60769909     -9.65432281     -9.66192317     -9.82404593     -9.85354364     -9.92083884     -9.98197675    -10.01902430    -10.12834729    -10.26126090    -10.29818101    -10.36389508    -10.49950807    -10.54895061    -10.62357742    -10.64970807    -10.65485754    -10.97991868    -10.99707536
      2.23470054     10.99541376     10.97822325     10.65922352     10.65225419     10.62550799     10.54293501     10.50653144     10.34006402     10.30174262     10.28361148     10.12940640     10.02710413      9.97456884      9.92546594      9.85117890      9.81669544      9.66036988      9.65732907      9.58850886      9.52329297      9.47189559      9.37166250      9.26121913      9.22878919      9.08593140      9.07675604      8.99069549      8.71179216      8.69520049      8.63925210      8.52607391      8.51005439      8.35287272      8.15268239      7.97784907      7.82267965      7.76918107      7.30690381      7.14553605      7.12536912      6.81728813      6.72473259      6.57602320      6.51292641      6.12695848      5.98239340      5.94173864      5.55169138      5.32611244      4.89817923      4.82502679      4.46224765      4.02937890      3.66906406      3.56225686      3.35077501      3.10234166      2.42937322      2.25221351      2.04950798      1.29650374      0.67904434      0.40295867      0.23393166     -0.23393082     -0.40295733     -0.67904773     -1.29650314     -2.04950213     -2.25221771     -2.42937280     -3.10236204     -3.35075679     -3.56224589     -3.66906628     -4.02938423     -4.46225676     -4.82502221     -4.89817740     -5.32609648     -5.55168495     -5.94193067     -5.98238733     -6.12675013     -6.51296671     -6.57602324     -6.72488910     -6.81703431     -7.12560014     -7.14555047     -7.30669105     -7.76942693     -7.82272480     -7.97758884     -8.15262805     -8.35277529     -8.51033542     -8.52634502     -8.63929372     -8.69503845     -8.71142154     -8.99071877     -9.07680718     -9.08609982     -9.22876576     -9.26098915     -9.37175225     -9.47209652     -9.52315303     -9.58851255     -9.65706494     -9.66065356     -9.81670098     -9.85114147     -9.92547703     -9.97455177    -10.02710069    -10.12938150    -10.28368495    -10.30170383    -10.34006374    -10.50656326    -10.54289578    -10.62550867    -10.65225444    -10.65922739    -10.97822356    -10.99541343
      2.24470054     10.99565372     10.97847351     10.65863977     10.65165874     10.62535197     10.54465802     10.50440386     10.34566251     10.30270542     10.27688233     10.12931069     10.02507331      9.97786520      9.92219574      9.85418735      9.81532546      9.66527173      9.65250910      9.59599246      9.52471332      9.46478105      9.36683787      9.28240707      9.21937162      9.09339559      9.06142126      8.98416051      8.72564306      8.70162894      8.63861184      8.52086940      8.50967389      8.34184419      8.14854703      7.98942474      7.81710094      7.76178185      7.31852453      7.14718201      7.12448012      6.83603116      6.71255859      6.58191562      6.49222740      6.14253841      5.99172274      5.91977786      5.55663078      5.32225220      4.89919830      4.82278211      4.46262747      4.02963920      3.66977783      3.56970619      3.35509330      3.08959851      2.42935848      2.26464069      2.03845398      1.29605252      0.68263086      0.40365679      0.23075947     -0.23076032     -0.40365970     -0.68262510     -1.29605363     -2.03846159     -2.26463614     -2.42935938     -3.08956588     -3.35511503     -3.56973657     -3.66977515     -4.02961915     -4.46261915     -4.82278824     -4.89919467     -5.32228781     -5.55666319     -5.91949942     -5.99163695     -6.14292621     -6.49218595     -6.58180073     -6.71261245     -6.83618331     -7.12414832     -7.14715431     -7.31887796     -7.76136465     -7.81701926     -7.98985828     -8.14867893     -8.34190240     -8.50946861     -8.52047411     -8.63804165     -8.70189547     -8.72653415     -8.98412357     -9.06124960     -9.09319619     -9.21946057     -9.28274041     -9.36666412     -9.46452442     -9.52480382     -9.59607159     -9.65265546     -9.66510494     -9.81520027     -9.85435348     -9.92213116     -9.97792331    -10.02507354    -10.12936631    -10.27670612    -10.30284492    -10.34562809    -10.50435594    -10.54472280    -10.62534971    -10.65165626    -10.65863450    -10.97847296    -10.99565429
      2.25470054     10.99701772     10.97989204     10.65564723     10.64740537     10.62478066     10.55350904     10.49218588     10.37172239     10.30302952     10.24932672     10.13076560     10.01186857      9.99196483      9.90571358      9.87212451      9.80741790      9.67496555      9.64702035      9.63594009      9.52170688      9.43652411      9.35569468      9.32722149      9.22517476      9.07620686      9.03190222      8.94221786      8.79666437      8.73744377      8.62583875      8.52992547      8.49472071      8.28218168      8.11225045      8.04936944      7.78335855      7.72822586      7.38358559      7.16271489      7.14293116      6.86631341      6.71302876      6.55569663      6.41473586      6.21326931      6.01772023      5.84500889      5.58544722      5.29886597      4.90573273      4.81156780      4.46269834      4.03038595      3.67761420      3.60850186      3.37542363      3.01969987      2.42937544      2.32663260      1.98737931      1.29289270      0.70430459      0.40580389      0.21349932     -0.21350028     -0.40580931     -0.70429449     -1.29289497     -1.98738821     -2.32662933     -2.42937844     -3.01965617     -3.37543397     -3.60857419     -3.67761981     -4.03032520     -4.46269477     -4.81157849     -4.90571310     -5.29895471     -5.58550482     -5.84473444     -6.01749567     -6.21375801     -6.41469515     -6.55570947     -6.71307647     -6.86620519     -7.14294519     -7.16252896     -7.38394950     -7.72774493     -7.78317326     -8.04996060     -8.11243486     -8.28223716     -8.49412277     -8.52990517     -8.62513368     -8.73782597     -8.79766087     -8.94215231     -9.03189788     -9.07573286     -9.22541109     -9.32692136     -9.35602781     -9.43629313     -9.52161828     -9.63608308     -9.64720118     -9.67481031     -9.80715935     -9.87244640     -9.90557052     -9.99207454    -10.01181879    -10.13093277    -10.24908463    -10.30314439    -10.37166746    -10.49214416    -10.55359453    -10.62477285    -10.64740278    -10.65563580    -10.97989102    -10.99701877
      2.26470054     10.99858183     10.98151619     10.65226666     10.64126127     10.62484822     10.56251608     10.47492359     10.40063474     10.30163856     10.21989653     10.14033928     10.00381061      9.98818544      9.89793002      9.87996930      9.80626727      9.68189661      9.67290108      9.65545832      9.50083132      9.44158376      9.37553072      9.31606537      9.21954339      9.04525685      9.02860519      8.89747304      8.84695651      8.77247914      8.64825332      8.53211864      8.47533309      8.24540920      8.11302017      8.02035926      7.75178876      7.69662577      7.46931282      7.20745145      7.17146938      6.85720892      6.70945536      6.52137627      6.36509517      6.24829567      6.05360070      5.79125635      5.61634474      5.26811505      4.91584081      4.80280819      4.45698829      4.02978242      3.70468880      3.63706217      3.39262935      2.93870198      2.43037765      2.39396720      1.94053386      1.28787256      0.73159917      0.40559295      0.19451598     -0.19451660     -0.40559756     -0.73159039     -1.28787487     -1.94053997     -2.39396200     -2.43038676     -2.93866888     -3.39262543     -3.63710632     -3.70473796     -4.02970209     -4.45699359     -4.80281794     -4.91581206     -5.26821807     -5.61634018     -5.79115014     -6.05338507     -6.24830863     -6.36536234     -6.52175284     -6.70905797     -6.85711065     -7.17187248     -7.20717665     -7.46937028     -7.69642588     -7.75168580     -8.02030439     -8.11339550     -8.24571789     -8.47490955     -8.53177671     -8.64814473     -8.77262511     -8.84711560     -8.89795696     -9.02872031     -9.04507533     -9.21912650     -9.31610982     -9.37562353     -9.44164151     -9.50070877     -9.65563670     -9.67287089     -9.68184944     -9.80605838     -9.88017527     -9.89784549     -9.98842059    -10.00359826    -10.14062474    -10.21960891    -10.30170102    -10.40057417    -10.47492367    -10.56257817    -10.62483233    -10.64127021    -10.65225046    -10.98151525    -10.99858279
      2.27470054     10.99957719     10.98254582     10.64965384     10.63720861     10.62516076     10.56796042     10.45467815     10.42739040     10.30047165     10.19130002     10.16041657     10.00046806      9.97864412      9.90287902      9.85951919      9.82696307      9.70014050      9.67672315      9.65854306      9.50059741      9.43571375      9.38994733      9.32297518      9.16755853      9.07733314      9.00884572      8.91546978      8.80863295      8.77839941      8.71339898      8.50234064      8.47369611      8.23995890      8.15132748      7.90087802      7.79478715      7.63469911      7.55610649      7.23865500      7.18988863      6.85709692      6.67480634      6.51559404      6.38821124      6.18605385      6.10709579      5.77136043      5.62967098      5.24569577      4.92469242      4.80008521      4.44915776      4.02858509      3.73453284      3.64455424      3.40095609      2.88292580      2.44705280      2.42488336      1.91426292      1.28384135      0.75001694      0.40462899      0.18255986     -0.18256007     -0.40463073     -0.75001352     -1.28384235     -1.91426506     -2.42487726     -2.44706175     -2.88291298     -3.40095277     -3.64456518     -3.73456568     -4.02854498     -4.44916196     -4.80008926     -4.92467764     -5.24574267     -5.62963621     -5.77136623     -6.10700562     -6.18598240     -6.38831992     -6.51598205     -6.67442467     -6.85709246     -7.19009478     -7.23853845     -7.55602098     -7.63464237     -7.79502394     -7.90062611     -8.15141396     -8.24019091     -8.47360062     -8.50208003     -8.71358442     -8.77812652     -8.80868477     -8.91576611     -9.00877570     -9.07772069     -9.16704604     -9.32291718     -9.39034451     -9.43533450     -9.50073309     -9.65850164     -9.67679006     -9.70010100     -9.82687876     -9.85958940     -9.90285540     -9.97879295    -10.00033921    -10.16072790    -10.19100028    -10.30049076    -10.42733753    -10.45471137    -10.56798297    -10.62514812    -10.63722026    -10.64964460    -10.98254545    -10.99957757
      2.28470054     10.99957757     10.98254545     10.64964460     10.63722026     10.62514812     10.56798297     10.45471137     10.42733753     10.30049076     10.19100028     10.16072790     10.00033921      9.97879295      9.90285540      9.85958940      9.82687876      9.70010100      9.67679006      9.65850164      9.50073309      9.43533450      9.39034451      9.32291718      9.16704604      9.07772069      9.00877570      8.91576611      8.80868477      8.77812652      8.71358442      8.50208003      8.47360062      8.24019091      8.15141396      7.90062611      7.79502394      7.63464237      7.55602098      7.23853845      7.19009478      6.85709246      6.67442467      6.51598205      6.38831992      6.18598240      6.10700562      5.77136623      5.62963621      5.24574267      4.92467764      4.80008926      4.44916196      4.02854498      3.73456568      3.64456518      3.40095277      2.88291298      2.44706175      2.42487726      1.91426506      1.28384235      0.75001352      0.40463073      0.18256007     -0.18255986     -0.40462899     -0.75001694     -1.28384135     -1.91426292     -2.42488336     -2.44705280     -2.88292580     -3.40095609     -3.64455424     -3.73453284     -4.02858509     -4.44915776     -4.80008521     -4.92469242     -5.24569577     -5.62967098     -5.77136043     -6.10709579     -6.18605385     -6.38821124     -6.51559404     -6.67480634     -6.85709692     -7.18988863     -7.23865500     -7.55610649     -7.63469911     -7.79478715     -7.90087802     -8.15132748     -8.23995890     -8.47369611     -8.50234064     -8.71339898     -8.77839941     -8.80863295     -8.91546978     -9.00884572     -9.07733314     -9.16755853     -9.32297518     -9.38994733     -9.43571375     -9.50059741     -9.65854306     -9.67672315     -9.70014050     -9.82696307     -9.85951919     -9.90287902     -9.97864412    -10.00046806    -10.16041657    -10.19130002    -10.30047165    -10.42739040    -10.45467815    -10.56796042    -10.62516076    -10.63720861    -10.64965384    -10.98254582    -10.99957719
      2.29470054     10.99858279     10.98151525     10.65225046     10.64127021     10.62483233     10.56257817     10.47492367     10.40057417     10.30170102     10.21960891     10.14062474     10.00359826      9.98842059      9.89784549      9.88017527      9.80605838      9.68184944      9.67287089      9.65563670      9.50070877      9.44164151      9.37562353      9.31610982      9.21912650      9.04507533      9.02872031      8.89795696      8.84711560      8.77262511      8.64814473      8.53177671      8.47490955      8.24571789      8.11339550      8.02030439      7.75168580      7.69642588      7.46937028      7.20717665      7.17187248      6.85711065      6.70905797      6.52175284      6.36536234      6.24830863      6.05338507      5.79115014      5.61634018      5.26821807      4.91581206      4.80281794      4.45699359      4.02970209      3.70473796      3.63710632      3.39262543      2.93866888      2.43038676      2.39396200      1.94053997      1.28787487      0.73159039      0.40559756      0.19451660     -0.19451598     -0.40559295     -0.73159917     -1.28787256     -1.94053386     -2.39396720     -2.43037765     -2.93870198     -3.39262935     -3.63706217     -3.70468880     -4.02978242     -4.45698829     -4.80280819     -4.91584081     -5.26811505     -5.61634474     -5.79125635     -6.05360070     -6.24829567     -6.36509517     -6.52137627     -6.70945536     -6.85720892     -7.17146938     -7.20745145     -7.46931282     -7.69662577     -7.75178876     -8.02035926     -8.11302017     -8.24540920     -8.47533309     -8.53211864     -8.64825332     -8.77247914     -8.84695651     -8.89747304     -9.02860519     -9.04525685     -9.21954339     -9.31606537     -9.37553072     -9.44158376     -9.50083132     -9.65545832     -9.67290108     -9.68189661     -9.80626727     -9.87996930     -9.89793002     -9.98818544    -10.00381061    -10.14033928    -10.21989653    -10.30163856    -10.40063474    -10.47492359    -10.56251608    -10.62484822    -10.64126127    -10.65226666    -10.98151619    -10.99858183
      2.30470054     10.99701877     10.97989102     10.65563580     10.64740278     10.62477285     10.55359453     10.49214416     10.37166746     10.30314439     10.24908463     10.13093277     10.01181879      9.99207454      9.90557052      9.87244640      9.80715935      9.67481031      9.64720118      9.63608308      9.52161828      9.43629313      9.35602781      9.32692136      9.22541109      9.07573286      9.03189788      8.94215231      8.79766087      8.73782597      8.62513368      8.52990517      8.49412277      8.28223716      8.11243486      8.04996060      7.78317326      7.72774493      7.38394950      7.16252896      7.14294519      6.86620519      6.71307647      6.55570947      6.41469515      6.21375801      6.01749567      5.84473444      5.58550482      5.29895471      4.90571310      4.81157849      4.46269477      4.03032520      3.67761981      3.60857419      3.37543397      3.01965617      2.42937844      2.32662933      1.98738821      1.29289497      0.70429449      0.40580931      0.21350028     -0.21349932     -0.40580389     -0.70430459     -1.29289270     -1.98737931     -2.32663260     -2.42937544     -3.01969987     -3.37542363     -3.60850186     -3.67761420     -4.03038595     -4.46269834     -4.81156780     -4.90573273     -5.29886597     -5.58544722     -5.84500889     -6.01772023     -6.21326931     -6.41473586     -6.55569663     -6.71302876     -6.86631341     -7.14293116     -7.16271489     -7.38358559     -7.72822586     -7.78335855     -8.04936944     -8.11225045     -8.28218168     -8.49472071     -8.52992547     -8.62583875     -8.73744377     -8.79666437     -8.94221786     -9.03190222     -9.07620686     -9.22517476     -9.32722149     -9.35569468     -9.43652411     -9.52170688     -9.63594009     -9.64702035     -9.67496555     -9.80741790     -9.87212451     -9.90571358     -9.99196483    -10.01186857    -10.13076560    -10.24932672    -10.30302952    -10.37172239    -10.49218588    -10.55350904    -10.62478066    -10.64740537    -10.65564723    -10.97989204    -10.99701772
      2.31470054     10.99565429     10.97847296     10.65863450     10.65165626     10.62534971     10.54472280     10.50435594     10.34562809     10.30284492     10.27670612     10.12936631     10.02507354      9.97792331      9.92213116      9.85435348      9.81520027      9.66510494      9.65265546      9.59607159      9.52480382      9.46452442      9.36666412      9.28274041      9.21946057      9.09319619      9.06124960      8.98412357      8.72653415      8.70189547      8.63804165      8.52047411      8.50946861      8.34190240      8.14867893      7.98985828      7.81701926      7.76136465      7.31887796      7.14715431      7.12414832      6.83618331      6.71261245      6.58180073      6.49218595      6.14292621      5.99163695      5.91949942      5.55666319      5.32228781      4.89919467      4.82278824      4.46261915      4.02961915      3.66977515      3.56973657      3.35511503      3.08956588      2.42935938      2.26463614      2.03846159      1.29605363      0.68262510      0.40365970      0.23076032     -0.23075947     -0.40365679     -0.68263086     -1.29605252     -2.03845398     -2.26464069     -2.42935848     -3.08959851     -3.35509330     -3.56970619     -3.66977783     -4.02963920     -4.46262747     -4.82278211     -4.89919830     -5.32225220     -5.55663078     -5.91977786     -5.99172274     -6.14253841     -6.49222740     -6.58191562     -6.71255859     -6.83603116     -7.12448012     -7.14718201     -7.31852453     -7.76178185     -7.81710094     -7.98942474     -8.14854703     -8.34184419     -8.50967389     -8.52086940     -8.63861184     -8.70162894     -8.72564306     -8.98416051     -9.06142126     -9.09339559     -9.21937162     -9.28240707     -9.36683787     -9.46478105     -9.52471332     -9.59599246     -9.65250910     -9.66527173     -9.81532546     -9.85418735     -9.92219574     -9.97786520    -10.02507331    -10.12931069    -10.27688233    -10.30270542    -10.34566251    -10.50440386    -10.54465802    -10.62535197    -10.65165874    -10.65863977    -10.97847351    -10.99565372
      2.32470054     10.99541343     10.97822356     10.65922739     10.65225444     10.62550867     10.54289578     10.50656326     10.34006374     10.30170383     10.28368495     10.12938150     10.02710069      9.97455177      9.92547703      9.85114147      9.81670098      9.66065356      9.65706494      9.58851255      9.52315303      9.47209652      9.37175225      9.26098915      9.22876576      9.08609982      9.07680718      8.99071877      8.71142154      8.69503845      8.63929372      8.52634502      8.51033542      8.35277529      8.15262805      7.97758884      7.82272480      7.76942693      7.30669105      7.14555047      7.12560014      6.81703431      6.72488910      6.57602324      6.51296671      6.12675013      5.98238733      5.94193067      5.55168495      5.32609648      4.89817740      4.82502221      4.46225676      4.02938423      3.66906628      3.56224589      3.35075679      3.10236204      2.42937280      2.25221771      2.04950213      1.29650314      0.67904773      0.40295733      0.23393082     -0.23393166     -0.40295867     -0.67904434     -1.29650374     -2.04950798     -2.25221351     -2.42937322     -3.10234166     -3.35077501     -3.56225686     -3.66906406     -4.02937890     -4.46224765     -4.82502679     -4.89817923     -5.32611244     -5.55169138     -5.94173864     -5.98239340     -6.12695848     -6.51292641     -6.57602320     -6.72473259     -6.81728813     -7.12536912     -7.14553605     -7.30690381     -7.76918107     -7.82267965     -7.97784907     -8.15268239     -8.35287272     -8.51005439     -8.52607391     -8.63925210     -8.69520049     -8.71179216     -8.99069549     -9.07675604     -9.08593140     -9.22878919     -9.26121913     -9.37166250     -9.47189559     -9.52329297     -9.58850886     -9.65732907     -9.66036988     -9.81669544     -9.85117890     -9.92546594     -9.97456884    -10.02710413    -10.12940640    -10.28361148    -10.30174262    -10.34006402    -10.50653144    -10.54293501    -10.62550799    -10.65225419    -10.65922352    -10.97822325    -10.99541376
      2.33470054     10.99707536     10.97991868     10.65485754     10.64970807     10.62357742     10.54895061     10.49950807     10.36389508     10.29818101     10.26126090     10.12834729     10.01902430      9.98197675      9.92083884      9.85354364      9.82404593      9.66192317      9.65432281      9.60769909      9.54097987      9.43113366      9.36343634      9.31030251      9.25272744      9.07546207      9.04381505      8.94959311      8.73862313      8.73530668      8.68697018      8.49889614      8.43087110      8.34849689      8.13279531      8.02549688      7.81164335      7.72725148      7.35815969      7.15615889      7.10182526      6.92110366      6.66737712      6.62943162      6.40526756      6.20304607      5.96026192      5.89724446      5.56450183      5.31215158      4.90182595      4.81295649      4.46641578      4.03460828      3.67589725      3.60746221      3.34921571      3.05296864      2.42931543      2.30608584      1.99733184      1.29494920      0.69783660      0.41191618      0.21364755     -0.21365230     -0.41191982     -0.69782280     -1.29495167     -1.99735270     -2.30607071     -2.42931768     -3.05290763     -3.34927041     -3.60750033     -3.67588332     -4.03460809     -4.46635956     -4.81298988     -4.90184126     -5.31219868     -5.56444462     -5.89694569     -5.96032081     -6.20341461     -6.40524765     -6.62919877     -6.66740108     -6.92161451     -7.10110421     -7.15627389     -7.35857458     -7.72676907     -7.81134011     -8.02624123     -8.13293152     -8.34892004     -8.43012725     -8.49815222     -8.68655242     -8.73638633     -8.73920167     -8.94950104     -9.04325847     -9.07546282     -9.25307904     -9.31057880     -9.36317312     -9.43073281     -9.54120090     -9.60753780     -9.65391387     -9.66230388     -9.82413434     -9.85358219     -9.92088483     -9.98195408    -10.01905743    -10.12844542    -10.26119965    -10.29807611    -10.36392671    -10.49942489    -10.54905938    -10.62357705    -10.64971987    -10.65483073    -10.97991741    -10.99707665
      2.34470054     11.00093787     10.98380665     10.64754189     10.64192388     10.61824228     10.55559710     10.49155632     10.39370216     10.28858214     10.23587529     10.12653445     10.00767756      9.98300494      9.92154633      9.85482008      9.84032035      9.67952929      9.64787104      9.61988569      9.55237766      9.39973360      9.36991494      9.32187196      9.30908077      9.10559828      8.97877694      8.88050428      8.81569221      8.78377342      8.66677653      8.46662804      8.36337777      8.31677562      8.09994377      8.08861083      7.79030451      7.68001992      7.42390299      7.18898579      7.09206331      7.00887937      6.74223020      6.58538324      6.32076286      6.24579578      5.91832189      5.86665928      5.56232758      5.29015448      4.90731167      4.79310941      4.47520159      4.05398961      3.72801504      3.64623510      3.33218008      2.98314204      2.43074870      2.37672101      1.92030231      1.29266933      0.73654849      0.42996075      0.17519099     -0.17519961     -0.42996463     -0.73652568     -1.29267349     -1.92033313     -2.37669394     -2.43075664     -2.98307692     -3.33222986     -3.64626617     -3.72801943     -4.05401738     -4.47508392     -4.79319756     -4.90733498     -5.29017763     -5.56213108     -5.86668448     -5.91827679     -6.24589183     -6.32093617     -6.58531523     -6.74220671     -7.00920493     -7.09158680     -7.18920630     -7.42395412     -7.67983659     -7.78987363     -8.08928883     -8.10018863     -8.31599641     -8.36391894     -8.46603246     -8.66630171     -8.78487047     -8.81623402     -8.88032239     -8.97823120     -9.10577407     -9.30928649     -9.32147453     -9.37013225     -9.39936164     -9.55250561     -9.61952961     -9.64759718     -9.67991044     -9.84042273     -9.85490749     -9.92163432     -9.98289979    -10.00777276    -10.12670058    -10.23583791    -10.28837138    -10.39371746    -10.49148644    -10.55570900    -10.61824610    -10.64196292    -10.64748339    -10.98380470    -11.00093982
      2.35470054     11.00664081     10.98950330     10.64170922     10.62680124     10.60898716     10.55856975     10.48726825     10.42087823     10.27521575     10.21571480     10.12352647      9.99916217      9.97293898      9.92752283      9.86073505      9.84992620      9.69924960      9.66889008      9.61034681      9.55440953      9.41595108      9.39306195      9.36069081      9.25985691      9.16377847      8.96479066      8.89778704      8.80943777      8.75747362      8.60946163      8.45278064      8.37166693      8.21376493      8.13998152      8.05694351      7.77763319      7.65770547      7.46310463      7.25823253      7.15361060      7.01066035      6.83167207      6.57673996      6.36963145      6.13664394      5.88610189      5.83470122      5.52568774      5.26168184      4.91382917      4.77575096      4.48720737      4.10238539      3.80937021      3.65062167      3.31140356      2.92088406      2.45467872      2.41438479      1.83546128      1.29082314      0.79115745      0.45058712      0.13041632     -0.13042705     -0.45059050     -0.79112784     -1.29082854     -1.83549932     -2.41436037     -2.45467542     -2.92083752     -3.31142887     -3.65063697     -3.80940110     -4.10243937     -4.48705675     -4.77588652     -4.91384279     -5.26160544     -5.52552721     -5.83474853     -5.88610882     -6.13672436     -6.36965521     -6.57691051     -6.83157177     -7.01052006     -7.15378681     -7.25849185     -7.46261224     -7.65782807     -7.77747943     -8.05713982     -8.14010313     -8.21315079     -8.37229197     -8.45267006     -8.60910191     -8.75738919     -8.80976399     -8.89810041     -8.96498461     -9.16394500     -9.25928255     -9.36047960     -9.39311116     -9.41600244     -9.55422626     -9.61026225     -9.66879870     -9.69942952     -9.84992169     -9.86094516     -9.92757356     -9.97287433     -9.99927900    -10.12373045    -10.21570296    -10.27493753    -10.42083848    -10.48725953    -10.55864579    -10.60899131    -10.62684220    -10.64166316    -10.98950117    -11.00664290
      2.36448614     11.00618077     10.98905160     10.64212994     10.62637658     10.61121090     10.56037266     10.48214135     10.42443674     10.27726461     10.21091528     10.12794147     10.00092327      9.97356364      9.91657090      9.87637372      9.83146170      9.71627210      9.67279741      9.59421300      9.56452270      9.43382311      9.36881648      9.35122446      9.25698488      9.16366101      8.95991535      8.90862150      8.80993099      8.75708877      8.60291505      8.46410659      8.40353511      8.19555247      8.15941572      8.02089491      7.76391834      7.66932894      7.46861307      7.29959237      7.13683076      6.97626347      6.83091924      6.57677448      6.36495932      6.13390099      5.92534067      5.81162907      5.54184752      5.24971652      4.91732469      4.78203883      4.47746739      4.09721626      3.80897627      3.65063719      3.32007765      2.90845697      2.45913002      2.41718849      1.83895282      1.28931514      0.79044021      0.44677682      0.13267087     -0.13268123     -0.44677953     -0.79041263     -1.28932027     -1.83898850     -2.41716894     -2.45912324     -2.90841533     -3.32009909     -3.65065178     -3.80900855     -4.09725663     -4.47735109     -4.78215144     -4.91732864     -5.24964395     -5.54171187     -5.81163837     -5.92537256     -6.13397551     -6.36497903     -6.57695884     -6.83082551     -6.97608476     -7.13702049     -7.29989625     -7.46810162     -7.66940452     -7.76385037     -8.02088208     -8.15964801     -8.19517835     -8.40383536     -8.46420765     -8.60254689     -8.75688199     -8.81019341     -8.90911907     -8.96000341     -9.16394119     -9.25633075     -9.35101682     -9.36881573     -9.43390579     -9.56435534     -9.59417390     -9.67270183     -9.71643680     -9.83154617     -9.87646895     -9.91658314     -9.97355009    -10.00102918    -10.12813027    -10.21089390    -10.27700809    -10.42438992    -10.48215376    -10.56042942    -10.61121883    -10.62641495    -10.64208717    -10.98904958    -11.00618275
      2.37427173     11.00487305     10.98776746     10.64327988     10.62600640     10.61663639     10.56419543     10.46848362     10.43377493     10.28256405     10.19869262     10.14084430     10.00276454      9.97191216      9.90454367      9.87718756      9.82008607      9.74033477      9.67848334      9.58372340      9.56904697      9.43828684      9.38594541      9.29878600      9.24434670      9.16285992      8.95593291      8.92081412      8.81954152      8.74797510      8.61299577      8.50289815      8.41933076      8.21411363      8.16302734      7.93906655      7.76847910      7.66780540      7.50296746      7.32960938      7.13767479      6.90936350      6.81516186      6.57534460      6.35774920      6.12484491      5.99407463      5.79052937      5.57287319      5.23148968      4.92469598      4.79202565      4.45992395      4.08146673      3.80432765      3.65056644      3.34053378      2.88273366      2.46950689      2.42169327      1.85031709      1.28615371      0.78629755      0.43700034      0.14006700     -0.14007631     -0.43700140     -0.78627539     -1.28615791     -1.85034678     -2.42168296     -2.46949402     -2.88270328     -3.34054862     -3.65057910     -3.80435436     -4.08148782     -4.45986518     -4.79209973     -4.92468367     -5.23142417     -5.57279713     -5.79049318     -5.99412830     -6.12490847     -6.35775738     -6.57551847     -6.81511606     -6.90916280     -7.13781973     -7.32985958     -7.50261821     -7.66768111     -7.76861776     -7.93896001     -8.16283767     -8.21429097     -8.41939103     -8.50321734     -8.61264652     -8.74772376     -8.81959240     -8.92157722     -8.95581017     -9.16328209     -9.24385504     -9.29837298     -9.38598247     -9.43826221     -9.56927733     -9.58337971     -9.67840621     -9.74052510     -9.82014150     -9.87726536     -9.90448498     -9.97191390    -10.00290079    -10.14096752    -10.19868316    -10.28234919    -10.43370764    -10.46854121    -10.56421874    -10.61665616    -10.62603255    -10.64324580    -10.98776577    -11.00487470
      2.38405733     11.00292994     10.98585419     10.64523462     10.62886428     10.62121521     10.56692189     10.45370485     10.44173433     10.28931580     10.18829313     10.15481154     10.00181851      9.97310062      9.90324740      9.86251696      9.82774955      9.73930090      9.67999462      9.60402349      9.54926996      9.42375000      9.40044681      9.29898060      9.20413541      9.14936449      8.96929002      8.91601897      8.81982743      8.74715934      8.66687488      8.50927183      8.42775052      8.23267939      8.16367870      7.87188258      7.81117402      7.64071613      7.54401453      7.31162518      7.15106106      6.87753333      6.76437630      6.56529926      6.35677354      6.12666313      6.05809942      5.78268435      5.59801374      5.23001311      4.92757427      4.79658126      4.45118799      4.05897745      3.78633331      3.64993692      3.36282085      2.87083886      2.47016203      2.42414214      1.87142839      1.28422424      0.77482775      0.42501752      0.15370045     -0.15370800     -0.42501684     -0.77481303     -1.28422689     -1.87145004     -2.42413783     -2.47014721     -2.87082115     -3.36283309     -3.64994644     -3.78633400     -4.05900666     -4.45115552     -4.79662780     -4.92756542     -5.22994646     -5.59798760     -5.78263113     -6.05819531     -6.12671395     -6.35674409     -6.56534328     -6.76446002     -6.87736264     -7.15111330     -7.31178735     -7.54389028     -7.64061089     -7.81106156     -7.87199286     -8.16350749     -8.23276629     -8.42783440     -8.50946074     -8.66663015     -8.74711588     -8.81976997     -8.91646875     -8.96922991     -9.14961716     -9.20409785     -9.29855885     -9.40026396     -9.42378595     -9.54957963     -9.60360096     -9.67999228     -9.73952346     -9.82780010     -9.86254518     -9.90320620     -9.97300153    -10.00202812    -10.15474936    -10.18841903    -10.28914331    -10.44165223    -10.45379584    -10.56692404    -10.62125276    -10.62886394    -10.64521318    -10.98585302    -11.00293108
      2.39384293     11.00068302     10.98362216     10.64841355     10.63545948     10.62311265     10.56595621     10.46441868     10.42166869     10.29585113     10.20113291     10.14904673     10.00308675      9.97811646      9.90161828      9.87224519      9.81689413      9.71544745      9.67961594      9.62688917      9.52382417      9.43427386      9.37722942      9.31800508      9.21368248      9.08962375      8.99666772      8.90004551      8.81073675      8.79059956      8.67441529      8.51032872      8.45000107      8.23610591      8.14883093      7.94802047      7.76271104      7.66762664      7.51648727      7.26535492      7.16024417      6.86819698      6.72700182      6.54207992      6.35322576      6.19908089      6.05615372      5.78298318      5.61242976      5.24776348      4.92234493      4.79831383      4.45362154      4.04040444      3.74788347      3.64719288      3.37946434      2.89586151      2.44441201      2.42240006      1.90352850      1.28540034      0.75429676      0.41454592      0.17326264     -0.17326772     -0.41454397     -0.75428995     -1.28540127     -1.90354135     -2.42239827     -2.44439997     -2.89585593     -3.37947818     -3.64719598     -3.74785148     -4.04045681     -4.45359010     -4.79834175     -4.92235530     -5.24769366     -5.61240205     -5.78298117     -6.05626478     -6.19916599     -6.35311382     -6.54193200     -6.72721478     -6.86812906     -7.16018254     -7.26549417     -7.51640279     -7.66768437     -7.76255998     -7.94811178     -8.14880242     -8.23596756     -8.45005425     -8.51050265     -8.67429514     -8.79087568     -8.81066482     -8.89994454     -8.99656100     -9.08967596     -9.21400266     -9.31786578     -9.37689270     -9.43423062     -9.52417966     -9.62636341     -9.67968848     -9.71568973     -9.81699416     -9.87225141     -9.90159133     -9.97795185    -10.00329793    -10.14888756    -10.20132871    -10.29571732    -10.42170286    -10.46440764    -10.56594798    -10.62313890    -10.63545595    -10.64840518    -10.98362163    -11.00068353
      2.40362853     10.99853546     10.98145359     10.65247722     10.64222194     10.62429543     10.56068642     10.47945150     10.39519962     10.30088893     10.22597320     10.13688234     10.00405667      9.99103137      9.89718712      9.88216792      9.80590378      9.68204394      9.67188705      9.64350751      9.51233915      9.43241833      9.37323269      9.31665765      9.23283857      9.05317367      9.02532350      8.89748586      8.84257667      8.76874691      8.64244149      8.52696625      8.47424095      8.25006636      8.10307757      8.04527741      7.75442560      7.70363016      7.44956737      7.20440208      7.15860836      6.86535996      6.71848798      6.53443324      6.35646308      6.25332321      6.03677975      5.80191964      5.60794101      5.27454371      4.91335745      4.80333055      4.45951709      4.03190132      3.70070390      3.63579995      3.38471216      2.95506268      2.42999280      2.38217397      1.94560010      1.28912793      0.72761615      0.40797205      0.19562301     -0.19562512     -0.40796945     -0.72761643     -1.28912750     -1.94560388     -2.38216975     -2.42999001     -2.95507003     -3.38472369     -3.63578233     -3.70067362     -4.03195346     -4.45949506     -4.80334067     -4.91337633     -5.27448344     -5.60789288     -5.80200370     -6.03689717     -6.25329968     -6.35635970     -6.53429705     -6.71859401     -6.86544814     -7.15845945     -7.20453642     -7.44948636     -7.70372047     -7.75445558     -8.04524003     -8.10299140     -8.24995384     -8.47434459     -8.52701999     -8.64264642     -8.76880450     -8.84240963     -8.89729833     -9.02502624     -9.05350081     -9.23306561     -9.31664013     -9.37309348     -9.43224385     -9.51264919     -9.64294678     -9.67192333     -9.68236837     -9.80605882     -9.88203981     -9.89725917     -9.99085173    -10.00423220    -10.13676035    -10.22612950    -10.30079106    -10.39524305    -10.47944607    -10.56066494    -10.62430666    -10.64222246    -10.65247756    -10.98145369    -10.99853536
      2.41341413     10.99688582     10.97975312     10.65591245     10.64788444     10.62480011     10.55274959     10.49342377     10.36928173     10.30317431     10.25160629     10.13054472     10.01324256      9.99100016      9.90714927      9.87062013      9.80792833      9.67429477      9.64706129      9.63206593      9.52279823      9.43812773      9.35339046      9.32783586      9.22402728      9.07863504      9.03330535      8.94661192      8.79099764      8.73448360      8.62639438      8.52728283      8.49636273      8.28733490      8.11740517      8.04421811      7.78679723      7.73049123      7.37729158      7.16039839      7.13978619      6.86635795      6.71176314      6.55952643      6.42108484      6.20772273      6.01499500      5.85073742      5.58257360      5.30139578      4.90499236      4.81254932      4.46288087      4.03034230      3.67641523      3.60514876      3.37358859      3.02655927      2.42936430      2.32079214      1.99185007      1.29325965      0.70205911      0.40574291      0.21514250     -0.21514175     -0.40574009     -0.70206478     -1.29325843     -1.99184452     -2.32079461     -2.42936280     -3.02658392     -3.37358027     -3.60511133     -3.67641415     -4.03037115     -4.46288568     -4.81254237     -4.90500092     -5.30135114     -5.58254728     -5.85088641     -6.01510957     -6.20745366     -6.42111040     -6.55953452     -6.71173727     -6.86638679     -7.13983402     -7.16046826     -7.37708470     -7.73076431     -7.78689559     -8.04388984     -8.11730179     -8.28730587     -8.49670128     -8.52732582     -8.62674215     -8.73425126     -8.79046775     -8.94665156     -9.03333270     -9.07888530     -9.22387285     -9.32796822     -9.35324199     -9.43828010     -9.52281296     -9.63203782     -9.64695558     -9.67435932     -9.80805326     -9.87045942     -9.90721552     -9.99095145    -10.01325887    -10.13046122    -10.25172850    -10.30312015    -10.36930720    -10.49344924    -10.55270200    -10.62480369    -10.64788561    -10.65591898    -10.97975369    -10.99688524
      2.42319972     10.99604378     10.97887021     10.65758315     10.65108894     10.62489896     10.54620739     10.50264792     10.35178125     10.30145459     10.27142379     10.12911711     10.02317468      9.97963100      9.92120984      9.85460672      9.81733726      9.66400287      9.65320538      9.60023161      9.53104022      9.45284850      9.36500374      9.29305477      9.22904221      9.08255746      9.05944113      8.97389786      8.73034001      8.71145526      8.65875160      8.51337358      8.48389084      8.34174185      8.14393875      8.00155870      7.81539787      7.74995617      7.33176870      7.14974021      7.11715193      6.86643136      6.69070967      6.60321631      6.46091275      6.16354526      5.98219924      5.91060098      5.55987982      5.31901835      4.90006519      4.81987707      4.46361656      4.03079858      3.67099101      3.58134164      3.35438290      3.07774812      2.42933631      2.27806905      2.02545750      1.29569207      0.68701819      0.40591411      0.22584261     -0.22584016     -0.40591124     -0.68702665     -1.29569054     -2.02544416     -2.27807845     -2.42933511     -3.07779180     -3.35434442     -3.58131513     -3.67099764     -4.03080733     -4.46364369     -4.81986212     -4.90005898     -5.31898163     -5.55988431     -5.91087326     -5.98221726     -6.16318951     -6.46095636     -6.60327310     -6.69083995     -6.86606492     -7.11765157     -7.14970299     -7.33138280     -7.75040490     -7.81554941     -8.00101531     -8.14382626     -8.34153054     -8.48441914     -8.51393507     -8.65890383     -8.71099555     -8.72967058     -8.97395560     -9.05963129     -9.08283984     -9.22877206     -9.29278415     -9.36519292     -9.45319769     -9.53082730     -9.60029549     -9.65316058     -9.66407217     -9.81732692     -9.85453973     -9.92120999     -9.97961592    -10.02316203    -10.12905360    -10.27150963    -10.30146896    -10.35176723    -10.50271076    -10.54612681    -10.62490016    -10.65108715    -10.65759485    -10.97887100    -10.99604297
      2.43298532     10.99616696     10.97900009     10.65734928     10.65060099     10.62489118     10.54734924     10.50112812     10.35465434     10.30215810     10.26778070     10.12923771     10.02164789      9.98196038      9.91852113      9.85776660      9.81511593      9.66730022      9.65054836      9.60577546      9.52962114      9.45048974      9.36082230      9.30340981      9.22467720      9.08620144      9.05140268      8.97015417      8.74345675      8.71499695      8.64940204      8.51097229      8.49379354      8.33000130      8.14071240      8.00880454      7.81033863      7.74681073      7.33888516      7.15126846      7.12032622      6.86656919      6.69644738      6.59328214      6.45537178      6.17066171      5.99107955      5.89716323      5.56368886      5.31617652      4.90082826      4.81867080      4.46355921      4.03068733      3.67159099      3.58496895      3.35826029      3.06924464      2.42933568      2.28508975      2.01980723      1.29532448      0.68931431      0.40581999      0.22424825     -0.22424606     -0.40581724     -0.68932219     -1.29532302     -2.01979549     -2.28509776     -2.42933448     -3.06928356     -3.35822823     -3.58494103     -3.67159684     -4.03069834     -4.46358269     -4.81865697     -4.90082444     -5.31614028     -5.56368954     -5.89738067     -5.99113815     -6.17032836     -6.45541149     -6.59334190     -6.69653072     -6.86629086     -7.12073374     -7.15124159     -7.33854437     -7.74722089     -7.81046883     -8.00831784     -8.14060188     -8.32985917     -8.49422081     -8.51146661     -8.64954623     -8.71455356     -8.74288616     -8.97020864     -9.05156105     -9.08648352     -9.22440118     -9.30319614     -9.36098446     -9.45080722     -9.52944194     -9.60583713     -9.65051539     -9.66733690     -9.81513265     -9.85768227     -9.91853016     -9.98194266    -10.02163700    -10.12917365    -10.26786948    -10.30216018    -10.35464821    -10.50118215    -10.54727744    -10.62489256    -10.65059976    -10.65735990    -10.97900084    -10.99616620
      2.44277092     10.99723237     10.98011340     10.65519441     10.64663914     10.62472829     10.55481650     10.49017932     10.37540029     10.30294703     10.24538459     10.13151573     10.00970338      9.99338351      9.90339710      9.87488465      9.80634936      9.67556911      9.64788588      9.64159923      9.51983772      9.43393765      9.36055950      9.32463731      9.22755938      9.07127693      9.03024868      8.93505377      8.80682326      8.74276334      8.62497313      8.53261388      8.49103853      8.27511883      8.10398040      8.05834149      7.77782747      7.72385855      7.39414248      7.16676724      7.14729294      6.86602228      6.71467609      6.55048080      6.40459862      6.22250732      6.02115945      5.83623244      5.58984675      5.29510025      4.90686475      4.81010106      4.46236055      4.03038047      3.67981177      3.61375287      3.37793544      3.00906414      2.42940677      2.33565028      1.98053646      1.29231689      0.70783293      0.40595960      0.21087877     -0.21087872     -0.40595701     -0.70783706     -1.29231590     -1.98053360     -2.33565070     -2.42940523     -3.00908225     -3.37793451     -3.61371887     -3.67980584     -4.03041357     -4.46235776     -4.81009826     -4.90687642     -5.29505551     -5.58981367     -5.83635569     -6.02126907     -6.22229768     -6.40460973     -6.55045315     -6.71465955     -6.86610508     -7.14721570     -7.16689255     -7.39399172     -7.72405564     -7.77791249     -8.05808672     -8.10390713     -8.27508824     -8.49128457     -8.53258820     -8.62532869     -8.74262993     -8.80636711     -8.93507372     -9.03020913     -9.07150400     -9.22749715     -9.32477816     -9.36039710     -9.43399664     -9.51992794     -9.64135763     -9.64791451     -9.67567455     -9.80648510     -9.87472218     -9.90347736     -9.99331370    -10.00974679    -10.13143079    -10.24550593    -10.30288365    -10.37543077    -10.49019399    -10.55478002    -10.62473283    -10.64664060    -10.65519894    -10.98011383    -10.99723193
      2.45255652     10.99904031     10.98196745     10.65145475     10.64059293     10.62406349     10.56234992     10.47569928     10.40194882     10.29983279     10.21949885     10.13952194     10.00404267      9.98738537      9.89792744      9.88114490      9.80742195      9.68960037      9.67563690      9.64075600      9.51215427      9.43491882      9.37238814      9.31794638      9.23003725      9.05593335      9.02008425      8.89074639      8.84344960      8.77686942      8.65143878      8.52188853      8.46849880      8.24492169      8.11653355      8.02210255      7.75058646      7.69620820      7.46795288      7.21988251      7.16007680      6.86558511      6.71932421      6.53316546      6.34905355      6.25022505      6.04166956      5.79437556      5.61143559      5.26754668      4.91567624      4.80157957      4.45815446      4.03316504      3.71151649      3.64028282      3.38478870      2.93809897      2.43070712      2.39669098      1.93434344      1.28806357      0.73452494      0.40918653      0.19005077     -0.19005375     -0.40918420     -0.73452310     -1.28806354     -1.93434998     -2.39668547     -2.43070374     -2.93810128     -3.38480223     -3.64027425     -3.71148232     -4.03321781     -4.45812743     -4.80159537     -4.91569406     -5.26748611     -5.61138726     -5.79443698     -6.04177927     -6.25027392     -6.34891615     -6.53301876     -6.71946569     -6.86563123     -7.15995343     -7.22000994     -7.46788091     -7.69628501     -7.75055993     -8.02210012     -8.11649467     -8.24479344     -8.46854827     -8.52198342     -8.65154951     -8.77698184     -8.84348255     -8.89044231     -9.01981524     -9.05618967     -9.23031830     -9.31789293     -9.37219895     -9.43473025     -9.51251255     -9.64016865     -9.67571250     -9.68990017     -9.80756047     -9.88108381     -9.89794906     -9.98721816    -10.00421815    -10.13939978    -10.21965509    -10.29972592    -10.40199114    -10.47568912    -10.56233533    -10.62407748    -10.64059295    -10.65145246    -10.98196736    -10.99904040
      2.46234211     11.00125175     10.98419001     10.64749623     10.63371454     10.62272606     10.56661910     10.46080709     10.42784518     10.29431381     10.19590750     10.15208713     10.00253379      9.97624415      9.90228062      9.86845735      9.82104407      9.72284260      9.68005329      9.62122873      9.53036439      9.43101447      9.38356674      9.31406965      9.20826617      9.10527361      8.98892561      8.90481678      8.81001687      8.78000254      8.67855685      8.50875380      8.44366140      8.23498476      8.15560866      7.92378343      7.77441199      7.65729394      7.52905453      7.27891804      7.15887782      6.86976849      6.73293459      6.54805279      6.35541406      6.17741212      6.06032868      5.78193717      5.61009266      5.24204333      4.92422568      4.79777204      4.45233937      4.04414748      3.75926675      3.64826818      3.37614941      2.88581104      2.45295819      2.42384241      1.89447356      1.28480530      0.76020490      0.41686278      0.16793500     -0.16794092     -0.41686114     -0.76019569     -1.28480675     -1.89448918     -2.42384007     -2.45294498     -2.88580146     -3.37616309     -3.64827409     -3.75924268     -4.04419427     -4.45230706     -4.79780568     -4.92423082     -5.24197410     -5.61006681     -5.78191657     -6.06043672     -6.17748549     -6.35532990     -6.54795354     -6.73312452     -6.86966064     -7.15884943     -7.27906718     -7.52895128     -7.65732146     -7.77424207     -7.92389625     -8.15555934     -8.23489835     -8.44371445     -8.50892813     -8.67837333     -8.78021714     -8.80994831     -8.90487700     -8.98883796     -9.10533385     -9.20853238     -9.31385047     -9.38324193     -9.43102003     -9.53071719     -9.62071600     -9.68010671     -9.72308930     -9.82112741     -9.86847177     -9.90224890     -9.97608944    -10.00275337    -10.15193605    -10.19610140    -10.29416790    -10.42786730    -10.46080404    -10.56661439    -10.62275659    -10.63371096    -10.64748405    -10.98418927    -11.00125246
      2.47212771     11.00345884     10.98637606     10.64464718     10.62763966     10.62042000     10.56650935     10.45583185     10.44155124     10.28759279     10.18950849     10.15241227     10.00202554      9.97246952      9.90347007      9.86487019      9.82595086      9.74229930      9.67980694      9.59864846      9.55448160      9.42680093      9.39935808      9.29512485      9.21127398      9.15730680      8.96438527      8.91845264      8.82157821      8.74419362      8.65376965      8.50989190      8.42434073      8.23030512      8.16372903      7.87779131      7.80678773      7.64424246      7.53815796      7.31934701      7.14761475      6.88199587      6.77826642      6.56923682      6.35653590      6.12107170      6.04667078      5.78379251      5.59266074      5.22831725      4.92766305      4.79595282      4.45215030      4.06469046      3.79264400      3.65019787      3.35753736      2.87091837      2.47216452      2.42376105      1.86514262      1.28444957      0.77854798      0.42799989      0.14968186     -0.14969011     -0.42799959     -0.77853095     -1.28445271     -1.86516693     -2.42375553     -2.47214929     -2.87089720     -3.35755001     -3.65020852     -3.79265285     -4.06471568     -4.45211413     -4.79600614     -4.92765073     -5.22824973     -5.59262605     -5.78373617     -6.04675696     -6.12112671     -6.35651901     -6.56932642     -6.77831279     -6.88180808     -7.14769411     -7.31952499     -7.53799757     -7.64410540     -7.80680205     -7.87779368     -8.16352492     -8.23044353     -8.42442535     -8.51010816     -8.65351528     -8.74406610     -8.82152535     -8.91903014     -8.96430944     -9.15767804     -9.21108645     -9.29464236     -9.39928285     -9.42677056     -9.55478303     -9.59824216     -9.67978508     -9.74251988     -9.82599584     -9.86491109     -9.90342127     -9.97239683    -10.00222481    -10.15240836    -10.18958843    -10.28740540    -10.44145081    -10.45593750    -10.56651522    -10.62045648    -10.62764442    -10.64462185    -10.98637472    -11.00346015
      2.48191331     11.00527011     10.98815749     10.64292888     10.62596805     10.61514635     10.56321787     10.47250776     10.43106378     10.28103167     10.20214413     10.13697933     10.00264722      9.97226189      9.90593468      9.87987017      9.82084521      9.73580930      9.67748010      9.57924153      9.57426309      9.43948092      9.38109069      9.30862935      9.25048665      9.16312208      8.95556382      8.91931665      8.81699983      8.75069372      8.60540226      8.49477469      8.41800035      8.20664404      8.16350761      7.96165809      7.76066289      7.67334805      7.49106754      7.32728756      7.13544137      6.92453528      6.82237428      6.57610565      6.35912010      6.12760296      5.97571265      5.79437637      5.56519312      5.23507871      4.92291995      4.78990268      4.46394527      4.08633059      3.80632497      3.65060902      3.33488286      2.88905582      2.46695355      2.42070493      1.84663723      1.28694381      0.78787420      0.43981243      0.13766772     -0.13767751     -0.43981389     -0.78785022     -1.28694832     -1.84666910     -2.42069245     -2.46694139     -2.88902246     -3.33489931     -3.65062231     -3.80635368     -4.08635645     -4.46387410     -4.78998561     -4.92291064     -5.23500907     -5.56510223     -5.79434870     -5.97576277     -6.12767070     -6.35913681     -6.57627942     -6.82230807     -6.92434698     -7.13560119     -7.32756654     -7.49065383     -7.67326048     -7.76077244     -7.96155745     -8.16336729     -8.20675556     -8.41808419     -8.49510298     -8.60502726     -8.75043193     -8.81710193     -8.92004901     -8.95548199     -9.16350985     -9.24990634     -9.30831234     -9.38110494     -9.43948900     -9.57457101     -9.57879985     -9.67739114     -9.73598945     -9.82091901     -9.87995189     -9.90588757     -9.97226499    -10.00277732    -10.13711853    -10.20213412    -10.28080100    -10.43100396    -10.47255265    -10.56324821    -10.61516286    -10.62599906    -10.64289200    -10.98815568    -11.00527187
      2.49169891     11.00638054     10.98924774     10.64194992     10.62654425     10.61026338     10.55962372     10.48434187     10.42290925     10.27638944     10.21296880     10.12600122     10.00020669      9.97359808      9.92075499      9.87242556      9.83666393      9.70976446      9.67120248      9.60040089      9.56050621      9.42944837      9.36829920      9.36274551      9.25809575      9.16374807      8.96182784      8.90449381      8.80909876      8.75777000      8.60514983      8.45814007      8.39336346      8.20012762      8.15316523      8.03566250      7.76905676      7.66488563      7.46561493      7.28573574      7.14091444      6.99069242      6.83149995      6.57678398      6.36682995      6.13514367      5.91099433      5.81888934      5.53528537      5.25444951      4.91585129      4.77954805      4.48141580      4.09949703      3.80922173      3.65063259      3.31642370      2.91363232      2.45720545      2.41607946      1.83740463      1.28994374      0.79080077      0.44840626      0.13166947     -0.13168005     -0.44840922     -0.79077224     -1.28994898     -1.83744150     -2.41605789     -2.45719984     -2.91358875     -3.31644673     -3.65064749     -3.80925306     -4.09954364     -4.48128628     -4.77966923     -4.91585918     -5.25437396     -5.53513977     -5.81890976     -5.91102093     -6.13522094     -6.36685496     -6.57695739     -6.83140023     -6.99053408     -7.14110355     -7.28602008     -7.46510748     -7.66498217     -7.76895604     -8.03570560     -8.15339898     -8.19965437     -8.39378720     -8.45814242     -8.60479250     -8.75760021     -8.80939163     -8.90491263     -8.96196824     -9.16397904     -9.25747095     -9.36241942     -9.36842690     -9.42953061     -9.56032930     -9.60034831     -9.67110956     -9.70992842     -9.83675329     -9.87252771     -9.92078566     -9.97356289    -10.00031938    -10.12619370    -10.21295485    -10.27612144    -10.42286594    -10.48434550    -10.55968778    -10.61026994    -10.62658398    -10.64190569    -10.98924567    -11.00638257
      2.50148451     11.00661170     10.98947472     10.64173654     10.62677039     10.60913227     10.55869221     10.48693726     10.42110784     10.27534844     10.21540456     10.12379896      9.99928158      9.97307519      9.92667664      9.86326217      9.84722522      9.70058044      9.66915203      9.60909795      9.55514889      9.41881019      9.38867331      9.36115324      9.25963597      9.16378015      8.96443508      8.89862325      8.80929115      8.75759237      8.60890190      8.45324284      8.37470537      8.21168420      8.14180173      8.05437138      7.77658019      7.65857459      7.46330514      7.26214978      7.15143849      7.00839215      6.83168356      6.57674639      6.36929771      6.13648344      5.88961995      5.83218956      5.52682701      5.26080642      4.91406040      4.77620966      4.48652073      4.10206761      3.80936293      3.65062316      3.31198052      2.92004401      2.45496055      2.41458972      1.83567453      1.29072135      0.79112397      0.45033988      0.13055359     -0.13056429     -0.45034322     -0.79109450     -1.29072674     -1.83571239     -2.41456564     -2.45495704     -2.91999777     -3.31200555     -3.65063841     -3.80939404     -4.10212051     -4.48637250     -4.77634361     -4.91407335     -5.26073043     -5.52666806     -5.83223184     -5.88963097     -6.13656343     -6.36932062     -6.57691899     -6.83158392     -7.00824662     -7.15161723     -7.26241364     -7.46280981     -7.65869605     -7.77643053     -8.05454406     -8.14194670     -8.21108948     -8.37530301     -8.45314264     -8.60854142     -8.75749765     -8.80961360     -8.89895068     -8.96462151     -9.16395616     -9.25905309     -9.36094447     -9.38870549     -9.41887710     -9.55496746     -9.60901612     -9.66906126     -9.70075796     -9.84725677     -9.86343399     -9.92672396     -9.97301573     -9.99939671    -10.12400256    -10.21539129    -10.27507215    -10.42106756    -10.48693004    -10.55876691    -10.60913663    -10.62681118    -10.64169071    -10.98947259    -11.00661378
      2.51127010     11.00592733     10.98880277     10.64235440     10.62620190     10.61237133     10.56125452     10.47939935     10.42633589     10.27834921     10.20837215     10.13044181     10.00165591      9.97324906      9.91229429      9.87925753      9.82685999      9.72318261      9.67451197      9.58763728      9.56899149      9.43708447      9.37232400      9.33657012      9.25565116      9.16351701      8.95796226      8.91282234      8.81169854      8.75558450      8.60145987      8.47315863      8.41110321      8.19520820      8.16326193      8.00325727      7.75953237      7.67328767      7.47362534      7.31192312      7.13465972      6.95947298      6.82957168      6.57670585      6.36290969      6.13222892      5.94110614      5.80497385      5.54932342      5.24459223      4.91907829      4.78474699      4.47301382      4.09425452      3.80849609      3.65063787      3.32448652      2.90237082      2.46150417      2.41839241      1.84098764      1.28857472      0.78987637      0.44476363      0.13399050     -0.13400066     -0.44476599     -0.78984988     -1.28857967     -1.84102211     -2.41837517     -2.46149575     -2.90233164     -3.32450624     -3.65065209     -3.80852829     -4.09428907     -4.47291271     -4.78484965     -4.91907772     -5.24452151     -5.54920065     -5.80497156     -5.94114328     -6.13230072     -6.36292783     -6.57689313     -6.82948353     -6.95928603     -7.13484449     -7.31223343     -7.47312560     -7.67332034     -7.75951875     -8.00319969     -8.16337798     -8.19501708     -8.41128896     -8.47336841     -8.60108384     -8.75534647     -8.81191732     -8.91340384     -8.95799292     -9.16384103     -9.25498753     -9.33635476     -9.37232009     -9.43715023     -9.56883673     -9.58761113     -9.67441440     -9.72334939     -9.82694321     -9.87934471     -9.91228740     -9.97324958    -10.00176272    -10.13062017    -10.20834919    -10.27810234    -10.42628532    -10.47942174    -10.56130271    -10.61238132    -10.62623859    -10.64231335    -10.98880081    -11.00592924
      2.52105570     11.00443567     10.98733759     10.64367849     10.62624161     10.61807984     10.56510241     10.46419096     10.43659987     10.28418829     10.19522918     10.14491042     10.00263370      9.97182381      9.90395298      9.87319792      9.82100002      9.74300624      9.67914732      9.58854459      9.56404907      9.43547364      9.39089311      9.29373962      9.23453225      9.16235785      8.95758996      8.92102796      8.82135508      8.74560447      8.62457912      8.50770967      8.42045257      8.22090377      8.16301205      7.91640358      7.78023970      7.65983142      7.51576511      7.32872991      7.14065566      6.89721937      6.80497085      6.57407952      6.35687338      6.12219646      6.01265596      5.78757280      5.58007232      5.22907237      4.92616066      4.79373695      4.45654167      4.07613140      3.80149610      3.65049289      3.34628075      2.87728349      2.47148579      2.42253448      1.85460922      1.28544641      0.78425110      0.43405143      0.14286321     -0.14287215     -0.43405204     -0.78423068     -1.28545027     -1.85463703     -2.42252606     -2.47147196     -2.87725627     -3.34629443     -3.65050490     -3.80151840     -4.07615133     -4.45649320     -4.79380294     -4.92614670     -5.22900762     -5.58001189     -5.78752762     -6.01271723     -6.12225728     -6.35687530     -6.57423568     -6.80494935     -6.89701928     -7.14078107     -7.32894919     -7.51548658     -7.65968800     -7.78037669     -7.91630518     -8.16280040     -8.22109450     -8.42051557     -8.50799453     -8.62427092     -8.74537626     -8.82135875     -8.92176600     -8.95746833     -9.16279379     -9.23414412     -9.29325782     -9.39092420     -9.43542237     -9.56429742     -9.58819506     -9.67908648     -9.74320633     -9.82104610     -9.87326433     -9.90389357     -9.97180866    -10.00278755    -10.14500334    -10.19523609    -10.28398427    -10.43652395    -10.46426253    -10.56511894    -10.61810472    -10.62626137    -10.64364726    -10.98733601    -11.00443721
      2.53084130     11.00238166     10.98531205     10.64590270     10.63035106     10.62181623     10.56709288     10.45470152     10.43863262     10.29102536     10.18897458     10.15552064     10.00182107      9.97389244      9.90300042      9.86260303      9.82741098      9.73491506      9.68013835      9.60963588      9.54346375      9.42421990      9.39716081      9.30382840      9.20217908      9.13680617      8.97508737      8.91290301      8.81700836      8.75436239      8.67580344      8.50855028      8.43222847      8.23385829      8.16267237      7.88199002      7.80265972      7.64215953      7.54414925      7.30221003      7.15419130      6.87425568      6.75175787      6.56027473      6.35691181      6.13895865      6.06321355      5.78197753      5.60273996      5.23297765      4.92692927      4.79701765      4.45097734      4.05353877      3.77864915      3.64956115      3.36774265      2.87322768      2.46628197      2.42434528      1.87841138      1.28420666      0.77051660      0.42213663      0.15810453     -0.15811152     -0.42213558     -0.77050387     -1.28420888     -1.87843087     -2.42434191     -2.46626739     -2.87321307     -3.36775506     -3.64956956     -3.77864086     -4.05357409     -4.45094618     -4.79705902     -4.92692483     -5.23290960     -5.60271872     -5.78193026     -6.06331727     -6.13901301     -6.35686688     -6.56026501     -6.75188483     -6.87410334     -7.15421547     -7.30236444     -7.54404068     -7.64209885     -7.80247934     -7.88214826     -8.16253979     -8.23388205     -8.43231131     -8.50872846     -8.67555849     -8.75441112     -8.81695287     -8.91322220     -8.97503192     -9.13694068     -9.20229373     -9.30347265     -9.39688047     -9.42430153     -9.54378339     -9.60918833     -9.68015496     -9.73514373     -9.82747227     -9.86262219     -9.90296470     -9.97376675    -10.00204166    -10.15540285    -10.18914682    -10.29086292    -10.43860389    -10.45474286    -10.56709191    -10.62185308    -10.63034796    -10.64588472    -10.98531104    -11.00238265
      2.54062690     11.00012050     10.98305817     10.64939467     10.63719874     10.62346709     10.56501241     10.46814420     10.41524334     10.29729579     10.20695294     10.14576169     10.00359376      9.98062932      9.90062031      9.87579177      9.81303271      9.70728702      9.67879556      9.63219877      9.51813889      9.43628899      9.37305947      9.31998977      9.21960898      9.07551237      9.00471644      8.89511050      8.82173863      8.79001033      8.66806027      8.51311596      8.45636272      8.23805681      8.13985214      7.97289274      7.75451654      7.67803130      7.50181196      7.25078494      7.16089748      6.86698761      6.72306966      6.53721973      6.35031261      6.22003384      6.05144142      5.78516408      5.61358082      5.25402628      4.92023783      4.79908994      4.45510563      4.03734732      3.73578430      3.64565793      3.38207073      2.90813699      2.43674451      2.41830599      1.91322732      1.28616304      0.74798224      0.41248186      0.17877860     -0.17878297     -0.41247970     -0.74797732     -1.28616358     -1.91323792     -2.41830306     -2.43673519     -2.90813445     -3.38208487     -3.64565797     -3.73574791     -4.03740264     -4.45507473     -4.79911358     -4.92025210     -5.25395753     -5.61354635     -5.78518378     -6.05155425     -6.22012561     -6.35017396     -6.53705233     -6.72327955     -6.86695787     -7.16080965     -7.25091883     -7.50173653     -7.67810524     -7.75439986     -7.97295496     -8.13982961     -8.23790007     -8.45640989     -8.51328020     -8.66801169     -8.79020271     -8.82178860     -8.89487790     -9.00457196     -9.07560325     -9.21994414     -9.31989785     -9.37274817     -9.43618215     -9.51850865     -9.63164773     -9.67888426     -9.70753472     -9.81314860     -9.87578655     -9.90059954     -9.98046202    -10.00379329    -10.14560939    -10.20713929    -10.29717106    -10.41528329    -10.46813094    -10.56500165    -10.62348910    -10.63719615    -10.64938894    -10.98305780    -11.00012085
      2.55041249     10.99806216     10.98096926     10.65345775     10.64378538     10.62448152     10.55884522     10.48314175     10.38846985     10.30177670     10.23248921     10.13465768     10.00455919      9.99383800      9.89792016      9.88127443      9.80525614      9.67825395      9.66421207      9.64506213      9.51411213      9.43068796      9.37211924      9.31728742      9.23313705      9.05636560      9.02757734      8.90918626      8.83409952      8.76017620      8.63414017      8.53135856      8.47989128      8.25662261      8.08934711      8.06632515      7.76093344      7.71044861      7.43080572      7.18969907      7.15630682      6.86541229      6.71771232      6.53782429      6.37006481      6.24772678      6.03183361      5.81151799      5.60296498      5.28154333      4.91108696      4.80538414      4.46068666      4.03107618      3.69167469      3.62974760      3.38356600      2.97283083      2.42965912      2.36679858      1.95716768      1.29021664      0.72076588      0.40704191      0.20101998     -0.20102133     -0.40703923     -0.72076770     -1.29021596     -1.95716915     -2.36679571     -2.42965688     -2.97284196     -3.38357466     -3.62972177     -3.69165257     -4.03112376     -4.46067022     -4.80538961     -4.91110479     -5.28148706     -5.60291831     -5.81161968     -6.03195212     -6.24762163     -6.37001394     -6.53771907     -6.71776933     -6.86552346     -7.15614775     -7.18984665     -7.43070628     -7.71056535     -7.76099696     -8.06622693     -8.08924715     -8.25654051     -8.48004031     -8.53136014     -8.63443084     -8.76017657     -8.83377007     -8.90911212     -9.02734526     -9.05667652     -9.23327022     -9.31732788     -9.37199247     -9.43057051     -9.51435862     -9.64453849     -9.66429526     -9.67851434     -9.80541547     -9.88110362     -9.89802274     -9.99366681    -10.00471647    -10.13454635    -10.23263647    -10.30168825    -10.38851116    -10.48314225    -10.55881863    -10.62449013    -10.64378657    -10.65345970    -10.98096950    -10.99806191
      2.56019809     10.99659050     10.97944473     10.65651424     10.64897622     10.62484695     10.55074609     10.49639544     10.36364503     10.30311839     10.25754362     10.12988773     10.01656840      9.98804221      9.91112377      9.86614880      9.81005600      9.67254335      9.64742640      9.62227227      9.52546101      9.44274375      9.35170458      9.32458583      9.22182040      9.08413994      9.03792717      8.95648275      8.77473038      8.72687188      8.63174430      8.51845588      8.50116878      8.30118222      8.12784608      8.03083080      7.79549912      7.73676420      7.36211851      7.15635723      7.13195386      6.86658212      6.70766660      6.57011031      6.43537596      6.19348562      6.00797646      5.86613669      5.57546801      5.30714498      4.90333372      4.81488431      4.46322821      4.03041792      3.67412064      3.59714685      3.36853184      3.04288452      2.42934474      2.30704586      2.00247160      1.29409079      0.69695350      0.40568286      0.21884150     -0.21884018     -0.40568001     -0.69696016     -1.29408945     -2.00246376     -2.30705029     -2.42934336     -3.04291434     -3.36851551     -3.59711114     -3.67412298     -4.03044041     -4.46324015     -4.81487431     -4.90333807     -5.30710330     -5.57545078     -5.86630483     -6.00808271     -6.19318315     -6.43540890     -6.57015043     -6.70765435     -6.86652255     -7.13213647     -7.15637649     -7.36186288     -7.73709494     -7.79560484     -8.03044454     -8.12773119     -8.30113794     -8.50158040     -8.51860298     -8.63203036     -8.72655490     -8.77417501     -8.95653124     -9.03800855     -9.08440833     -9.22159950     -9.32455836     -9.35171132     -9.44296769     -9.52540141     -9.62229417     -9.64734247     -9.67258263     -9.81015269     -9.86600670     -9.91117050     -9.98800683    -10.01656974    -10.12981125    -10.25765741    -10.30307920    -10.36366175    -10.49643096    -10.55068982    -10.62484960    -10.64897676    -10.65652228    -10.97944538    -10.99658984
      2.56998369     10.99598182     10.97880479     10.65769885     10.65133744     10.62490206     10.54559849     10.50344488     10.35028415     10.30095083     10.27345637     10.12906733     10.02394954      9.97832549      9.92269314      9.85280210      9.81867633      9.66071977      9.65616673      9.59725987      9.53183584      9.45402745      9.36730749      9.28645893      9.23267230      9.07705301      9.06708194      8.97572406      8.72169120      8.70992154      8.66524924      8.51471294      8.47785281      8.34863514      8.14546809      7.99772040      7.81811711      7.75157983      7.32811770      7.14894180      7.11563117      6.86633049      6.68694547      6.60922902      6.46363417      6.15988865      5.97579532      5.91937247      5.55789265      5.32048998      4.89967474      4.82050277      4.46363854      4.03086036      3.67070885      3.57951079      3.35224222      3.08220154      2.42933707      2.27440466      2.02842851      1.29587838      0.68585021      0.40597131      0.22664811     -0.22664552     -0.40596845     -0.68585886     -1.29587683     -2.02841441     -2.27441478     -2.42933590     -3.08224724     -3.35220043     -3.57948596     -3.67071583     -4.03086726     -4.46366756     -4.82048736     -4.89966702     -5.32045391     -5.55790026     -5.91969220     -5.97576534     -6.15952952     -6.46367932     -6.60927071     -6.68711684     -6.86591353     -7.11617661     -7.14889873     -7.32771384     -7.75204084     -7.81827957     -7.99715382     -8.14535863     -8.34837012     -8.47845259     -8.51530051     -8.66540293     -8.70952136     -8.72091286     -8.97578282     -9.06728677     -9.07732776     -9.23241852     -9.28615806     -9.36750477     -9.45438878     -9.53160443     -9.59732883     -9.65604725     -9.66087448     -9.81864261     -9.85275367     -9.92268596     -9.97831394    -10.02393596    -10.12900554    -10.27353503    -10.30097733    -10.35026420    -10.50351187    -10.54551423    -10.62490311    -10.65133523    -10.65771107    -10.97880560    -10.99598099
      2.57976929     10.99634992     10.97919253     10.65699370     10.64988972     10.62487542     10.54890545     10.49900189     10.35869123     10.30276437     10.26302483     10.12947415     10.01941781      9.98490212      9.91502787      9.86175453      9.81254918      9.67020153      9.64858461      9.61331635      9.52774154      9.44703269      9.35568481      9.31485868      9.22195385      9.08681892      9.04405329      8.96436730      8.75863541      8.72025682      8.63986664      8.50983579      8.50299154      8.31584554      8.13548283      8.01879965      7.80351235      7.74232283      7.34914603      7.15345625      7.12528113      6.86664617      6.70242726      6.58170092      6.44687484      6.18084796      5.99995938      5.88187976      5.56901858      5.31214541      4.90193138      4.81696857      4.46344123      4.03054900      3.67258781      3.59030205      3.36321539      3.05736479      2.42933726      2.29494872      2.01196252      1.29478569      0.69266185      0.40572653      0.22189816     -0.22189636     -0.40572382     -0.69266906     -1.29478431     -2.01195273     -2.29495499     -2.42933603     -3.05739860     -3.36319114     -3.59027128     -3.67259233     -4.03056429     -4.46345952     -4.81695643     -4.90193109     -5.31210813     -5.56901222     -5.88206236     -6.00004412     -6.18053563     -6.44691064     -6.58175628     -6.70245865     -6.86647661     -7.12557906     -7.15344560     -7.34885326     -7.74268945     -7.80362502     -8.01837147     -8.13537182     -8.31576265     -8.50340208     -8.51015972     -8.64005737     -8.71987270     -8.75809693     -8.96441845     -9.04417596     -9.08709205     -9.22169610     -9.31471271     -9.35579974     -9.44730656     -9.52761399     -9.61336679     -9.64853531     -9.67022855     -9.81260225     -9.86164560     -9.91505206     -9.98487837    -10.01941082    -10.12940681    -10.26312201    -10.30274806    -10.35869568    -10.49904613    -10.54884270    -10.62487722    -10.64988930    -10.65700298    -10.97919322    -10.99634922
      2.58955489     10.99762604     10.98052060     10.65437078     10.64526489     10.62462426     10.55686992     10.48673304     10.38183804     10.30247118     10.23898480     10.13287118     10.00649891      9.99461722      9.90017326      9.87861246      9.80542998      9.67667007      9.65458621      9.64533412      9.51680611      9.43115957      9.36773133      9.32024495      9.23105690      9.06329339      9.02858158      8.92229929      8.82153487      8.75142174      8.62783449      8.53372826      8.48550566      8.26488923      8.08832654      8.07204038      7.76901589      7.71713778      7.41215644      7.17671669      7.15278742      6.86566897      6.71656600      6.54320818      6.38700428      6.23649290      6.02669448      5.82304296      5.59679917      5.28843480      4.90890947      4.80767296      4.46163527      4.03059894      3.68475653      3.62221625      3.38130174      2.99098409      2.42949206      2.35113639      1.96888378      1.29129159      0.71412055      0.40638003      0.20613902     -0.20613968     -0.40637749     -0.71412337     -1.29129079     -1.96888331     -2.35113497     -2.42949033     -2.99099767     -3.38130648     -3.62218613     -3.68474365     -4.03063830     -4.46162513     -4.80767449     -4.90892429     -5.28838630     -5.59675825     -5.82315232     -6.02680499     -6.23633414     -6.38699318     -6.54314427     -6.71657590     -6.86577719     -7.15264639     -7.17686622     -7.41203957     -7.71728292     -7.76909021     -8.07180898     -8.08830713     -8.26484087     -8.48568741     -8.53368933     -8.62817380     -8.75136695     -8.82113705     -8.92228693     -9.02845600     -9.06354149     -9.23108958     -9.32034032     -9.36759254     -9.43112555     -9.51697559     -9.64484276     -9.65475789     -9.67684337     -9.80557748     -9.87844369     -9.90026888     -9.99450078    -10.00659483    -10.13277798    -10.23911419    -10.30239559    -10.38187384    -10.48673954    -10.55684044    -10.62463042    -10.64526647    -10.65437368    -10.98052091    -10.99762572
      2.59934048     10.99957075     10.98250446     10.65041765     10.63891413     10.62378603     10.56380200     10.47191845     10.40864994     10.29862928     10.21312694     10.14252086     10.00393158      9.98377718      9.89930105      9.87884252      9.80981741      9.69852661      9.67753480      9.63691188      9.51407478      9.43651050      9.37169838      9.31965872      9.22533651      9.06390004      9.01275319      8.89103314      8.83504842      8.78421763      8.66020238      8.51707096      8.46255503      8.24096416      8.12894786      7.99777401      7.75044058      7.68769985      7.48550621      7.23550166      7.16083555      6.86612203      6.72068378      6.53412124      6.34799080      6.23813290      6.04656378      5.78885430      5.61330649      5.26066696      4.91799043      4.80016633      4.45665507      4.03495396      3.72345218      3.64345260      3.38387704      2.92233247      2.43242709      2.40937813      1.92352157      1.28706257      0.74135511      0.41069113      0.18440404     -0.18440780     -0.41068893     -0.74135153     -1.28706286     -1.92353042     -2.40937270     -2.43242185     -2.92233161     -3.38389136     -3.64344955     -3.72341613     -4.03500808     -4.45662498     -4.80018678     -4.91800674     -5.26060303     -5.61326222     -5.78889545     -6.04667311     -6.23821574     -6.34784389     -6.53396491     -6.72086083     -6.86612690     -7.16073218     -7.23563231     -7.48543193     -7.68777735     -7.75036380     -7.99780217     -8.12892927     -8.24082051     -8.46258727     -8.51720500     -8.66022967     -8.78436627     -8.83514683     -8.89072555     -9.01254724     -9.06406906     -9.22564859     -9.31958693     -9.37144463     -9.43634609     -9.51445541     -9.63632878     -9.67763007     -9.69879651     -9.80994333     -9.87882115     -9.89929231     -9.98361373    -10.00411571    -10.14238880    -10.21329335    -10.29851271    -10.40869122    -10.47190593    -10.56379063    -10.62380370    -10.63891316    -10.65041331    -10.98250421    -10.99957100
      2.60912608     11.00182013     10.98475536     10.64665683     10.63199469     10.62230191     10.56699673     10.45744507     10.43362525     10.29269924     10.19166651     10.15444727     10.00207382      9.97489425      9.90270341      9.86493562      9.82486361      9.72937176      9.68019084      9.61541826      9.53707460      9.42728012      9.39076311      9.30907459      9.20408535      9.12145350      8.98167873      8.90914194      8.81345287      8.76598802      8.67945948      8.50824988      8.43762641      8.23440941      8.16014202      7.90110363      7.78849383      7.64824311      7.53870787      7.29125860      7.15683610      6.87174796      6.74116969      6.55436040      6.35657989      6.15671171      6.06318925      5.78168518      5.60680214      5.23705048      4.92578534      4.79737570      4.45140765      4.04855141      3.76959345      3.64902612      3.37221384      2.87822102      2.46047976      2.42430585      1.88609510      1.28440220      0.76563035      0.41940461      0.16286369     -0.16287027     -0.41940325     -0.76561918     -1.28440407     -1.88611294     -2.42430302     -2.46046560     -2.87820861     -3.37222698     -3.64903362     -3.76957716     -4.04859278     -4.45137564     -4.79741375     -4.92578549     -5.23698113     -5.60677937     -5.78164885     -6.06329654     -6.15677496     -6.35651645     -6.55430631     -6.74133211     -6.87161237     -7.15683541     -7.29141264     -7.53859811     -7.64822904     -7.78831304     -7.90124268     -8.16005175     -8.23437831     -8.43769463     -8.50842591     -8.67923071     -8.76611790     -8.81339923     -8.90934131     -8.98161004     -9.12153680     -9.20428956     -9.30877964     -9.39045352     -9.42733292     -9.53741492     -9.61493244     -9.68022542     -9.72961332     -9.82493537     -9.86495211     -9.90266961     -9.97475048    -10.00229897    -10.15430449    -10.19185802    -10.29254324    -10.43362902    -10.45745717    -10.56699397    -10.62233642    -10.63199099    -10.64664150    -10.98475446    -11.00182101
      2.61891168     11.00396257     10.98687222     10.64413152     10.62676309     10.61937002     10.56588927     10.45980940     10.43935693     10.28587529     10.19202378     10.14890993     10.00234222      9.97202407      9.90367981      9.86878497      9.82324908      9.74362586      9.67955240      9.59350434      9.55929985      9.43135280      9.39561201      9.29299878      9.22247477      9.16098787      8.96045175      8.92016459      8.82209182      8.74408573      8.63885790      8.50969293      8.42198027      8.22639473      8.16335627      7.89500029      7.79409046      7.65130668      7.52807304      7.32515843      7.14406385      6.88828867      6.79226718      6.57211305      6.35650077      6.12042151      6.03069412      5.78537782      5.58668035      5.22799415      4.92717971      4.79503124      4.45393127      4.07047664      3.79765550      3.65037562      3.35198851      2.87319376      2.47249876      2.42322367      1.85954262      1.28486609      0.78168133      0.43103057      0.14606715     -0.14607586     -0.43103069     -0.78166242     -1.28486962     -1.85956897     -2.42321682     -2.47248379     -2.87316955     -3.35200160     -3.65038705     -3.79767135     -4.07049896     -4.45389006     -4.79509077     -4.92716566     -5.22792693     -5.58663466     -5.78532395     -6.03076824     -6.12048090     -6.35649517     -6.57223703     -6.79227890     -6.88809340     -7.14416682     -7.32535423     -7.52786036     -7.65115837     -7.79418644     -7.89493586     -8.16313812     -8.22656520     -8.42206019     -8.50994326     -8.63858203     -8.74389693     -8.82205801     -8.92083858     -8.96035445     -9.16141018     -9.22218595     -9.29249331     -9.39560113     -9.43129783     -9.55957881     -9.59312478     -9.67951091     -9.74383789     -9.82329351     -9.86883873     -9.90362450     -9.97197935    -10.00252310    -10.14895659    -10.19206513    -10.28567713    -10.43926935    -10.45989794    -10.56589967    -10.61940178    -10.62677509    -10.64410300    -10.98687074    -11.00396401
      2.62869728     11.00562274     10.98850374     10.64262095     10.62605180     10.61370126     10.56222027     10.47616889     10.42856220     10.27961639     10.20541354     10.13347657     10.00226353      9.97276118      9.90855631      9.88057433      9.82320145      9.72989598      9.67612877      9.58127038      9.57355321      9.43903579      9.37649867      9.32187286      9.25377342      9.16333274      8.95636089      8.91655051      8.81420717      8.75335451      8.60187156      8.48416275      8.41562343      8.19964114      8.16405475      7.98329931      7.75783676      7.67512847      7.48110303      7.32138098      7.13430963      6.94172137      6.82694622      6.57651705      6.36089413      6.13011490      5.95797239      5.79918985      5.55723988      5.23956712      4.92099272      4.78743293      4.46839923      4.09061541      3.80766049      3.65063036      3.32947902      2.89575870      2.46418605      2.41958962      1.84353834      1.28776775      0.78904421      0.44242178      0.13564894     -0.13565899     -0.44242368     -0.78901881     -1.28777251     -1.84357177     -2.41957480     -2.46417545     -2.89572242     -3.32949710     -3.65064416     -3.80769094     -4.09064587     -4.46831386     -4.78752525     -4.92098751     -5.23949584     -5.55713306     -5.79917413     -5.95801674     -6.13018507     -6.36091473     -6.57669456     -6.82686466     -6.94153972     -7.13448290     -7.32168057     -7.48063743     -7.67509747     -7.75789267     -7.98321225     -8.16401412     -8.19963549     -8.41574328     -8.48445337     -8.60149318     -8.75309644     -8.81436804     -8.91721263     -8.95633711     -9.16368751     -9.25313446     -9.32162701     -9.37649751     -9.43907336     -9.57346484     -9.58120254     -9.67603272     -9.73006695     -9.82328658     -9.88065520     -9.90852987     -9.97276359    -10.00238317    -10.13363433    -10.20539903    -10.27937520    -10.42850788    -10.47620203    -10.56225903    -10.61371443    -10.62608627    -10.64258179    -10.98850185    -11.00562459
      2.63848287     11.00652466     10.98938925     10.64181763     10.62668124     10.60956251     10.55905151     10.48595333     10.42179051     10.27574411     10.21447992     10.12462183      9.99963614      9.97337466      9.92429029      9.86784775      9.84211698      9.70429920      9.66993888      9.60558783      9.55726911      9.42420581      9.37886648      9.36243324      9.25901276      9.16377901      8.96340524      8.90098862      8.80903140      8.75781053      8.60734270      8.45482432      8.38277918      8.20638993      8.14667006      8.04703279      7.77356492      7.66108103      7.46402501      7.27234674      7.14634758      7.00163864      6.83167350      6.57676604      6.36832922      6.13599221      5.89866548      5.82616735      5.53013067      5.25829283      4.91474457      4.77752870      4.48452717      4.10110896      3.80932747      3.65062721      3.31368196      2.91757585      2.45580543      2.41517869      1.83631827      1.29042217      0.79101421      0.44960563      0.13096836     -0.13097904     -0.44960882     -0.79098508     -1.29042750     -1.83635581     -2.41515557     -2.45580104     -2.91753068     -3.31370621     -3.65064233     -3.80935854     -4.10115962     -4.48438649     -4.77765740     -4.91475556     -5.25821660     -5.52997697     -5.82619930     -5.89868455     -6.13607119     -6.36835417     -6.57693727     -6.83157282     -7.00148964     -7.14653266     -7.27261678     -7.46352435     -7.66119285     -7.77343565     -8.04714399     -8.14686012     -8.20584998     -8.38330387     -8.45476026     -8.60698608     -8.75768252     -8.80934387     -8.90135038     -8.96357638     -9.16397535     -9.25841335     -9.36221133     -9.37890050     -9.42428211     -9.55708854     -9.60551913     -9.66984800     -9.70446863     -9.84219096     -9.86797296     -9.92433199     -9.97332420     -9.99975108    -10.12482036    -10.21446745    -10.27547025    -10.42174923    -10.48595029    -10.55912191    -10.60956778    -10.62672170    -10.64177239    -10.98938714    -11.00652672
      2.64826847     11.00652466     10.98938925     10.64181761     10.62668131     10.60956260     10.55905136     10.48595327     10.42179070     10.27574307     10.21448155     10.12462055      9.99963768      9.97337293      9.92429155      9.86784343      9.84212203      9.70429814      9.66993871      9.60558957      9.55726774      9.42420236      9.37887110      9.36243093      9.25901489      9.16377680      8.96340763      8.90098668      8.80903174      8.75780886      8.60734488      8.45482494      8.38277918      8.20639225      8.14666703      8.04703125      7.77356753      7.66107927      7.46402580      7.27234451      7.14634778      7.00164212      6.83167247      6.57676364      6.36833071      6.13599231      5.89866562      5.82616736      5.53013088      5.25829233      4.91474456      4.77752848      4.48452738      4.10110926      3.80932724      3.65062721      3.31368197      2.91757590      2.45580533      2.41517868      1.83631834      1.29042217      0.79101418      0.44960562      0.13096839     -0.13097901     -0.44960883     -0.79098511     -1.29042750     -1.83635574     -2.41515557     -2.45580114     -2.91753063     -3.31370620     -3.65064233     -3.80935876     -4.10115932     -4.48438628     -4.77765761     -4.91475557     -5.25821709     -5.52997677     -5.82619930     -5.89868441     -6.13607110     -6.36835266     -6.57693966     -6.83157384     -7.00148616     -7.14653247     -7.27261901     -7.46352356     -7.66119460     -7.77343306     -8.04714553     -8.14686315     -8.20584766     -8.38330388     -8.45475964     -8.60698390     -8.75768416     -8.80934354     -8.90135232     -8.96357400     -9.16397759     -9.25841118     -9.36221353     -9.37889600     -9.42428555     -9.55708993     -9.60551739     -9.66984817     -9.70446969     -9.84218594     -9.86797723     -9.92433075     -9.97332587     -9.99974958    -10.12482164    -10.21446582    -10.27547131    -10.42174904    -10.48595035    -10.55912206    -10.60956769    -10.62672163    -10.64177241    -10.98938714    -11.00652672
      2.65805407     11.00562274     10.98850374     10.64262087     10.62605188     10.61370158     10.56221993     10.47616879     10.42856260     10.27961404     10.20541749     10.13347320     10.00226734      9.97275788      9.90855763      9.88057214      9.82320563      9.72989532      9.67612869      9.58127192      9.57355134      9.43903465      9.37649150      9.32187871      9.25377714      9.16332813      8.95636576      8.91654826      8.81420522      8.75335339      8.60187330      8.48416299      8.41562916      8.19963630      8.16405374      7.98329920      7.75783916      7.67512588      7.48110423      7.32137942      7.13430870      6.94172713      6.82694493      6.57651200      6.36089645      6.13011550      5.95797347      5.79918900      5.55724052      5.23956585      4.92099269      4.78743278      4.46839944      4.09061617      3.80765999      3.65063038      3.32947908      2.89575877      2.46418579      2.41958962      1.84353853      1.28776776      0.78904412      0.44242175      0.13564900     -0.13565893     -0.44242371     -0.78901890     -1.28777250     -1.84357158     -2.41957480     -2.46417571     -2.89572235     -3.32949704     -3.65064414     -3.80769143     -4.09064511     -4.46831366     -4.78752540     -4.92098756     -5.23949711     -5.55713243     -5.79917498     -5.95801566     -6.13018447     -6.36091238     -6.57669960     -6.82686595     -6.94153396     -7.13448382     -7.32168212     -7.48063626     -7.67510003     -7.75789031     -7.98321237     -8.16401506     -8.19964039     -8.41573757     -8.48445312     -8.60149143     -8.75309755     -8.81436996     -8.91721488     -8.95633224     -9.16369217     -9.25313075     -9.32162108     -9.37650474     -9.43907450     -9.57346710     -9.58120064     -9.67603279     -9.73006763     -9.82328239     -9.88065733     -9.90852859     -9.97276681    -10.00237942    -10.13363768    -10.20539509    -10.27937756    -10.42850749    -10.47620212    -10.56225937    -10.61371412    -10.62608618    -10.64258186    -10.98850186    -11.00562458
      2.66783967     11.00396258     10.98687221     10.64413132     10.62676301     10.61937060     10.56588908     10.45980970     10.43935686     10.28587288     10.19202752     10.14890687     10.00234596      9.97202150      9.90367955      9.86878517      9.82325055      9.74362757      9.67955262      9.59350025      9.55930230      9.43135581      9.39560520      9.29299567      9.22248043      9.16098511      8.96045327      8.92016750      8.82209032      8.74408527      8.63885488      8.50969611      8.42198469      8.22639200      8.16335402      7.89500377      7.79408702      7.65130575      7.52807290      7.32515962      7.14406369      6.88828843      6.79226912      6.57211056      6.35650110      6.12042245      6.03069565      5.78537669      5.58668067      5.22799291      4.92717965      4.79503162      4.45393103      4.07047730      3.79765523      3.65037569      3.35198863      2.87319368      2.47249851      2.42322364      1.85954288      1.28486611      0.78168118      0.43103055      0.14606724     -0.14607577     -0.43103071     -0.78166258     -1.28486959     -1.85956870     -2.42321684     -2.47248404     -2.87316965     -3.35200148     -3.65038698     -3.79767161     -4.07049830     -4.45389030     -4.79509038     -4.92716574     -5.22792817     -5.58663434     -5.78532510     -6.03076673     -6.12047995     -6.35649481     -6.57223949     -6.79227700     -6.88809364     -7.14416696     -7.32535303     -7.52786051     -7.65115933     -7.79418988     -7.89493242     -8.16314039     -8.22656789     -8.42205579     -8.50994006     -8.63858506     -8.74389742     -8.82205950     -8.92083557     -8.96035296     -9.16141293     -9.22218033     -9.29249645     -9.39560790     -9.43129486     -9.55957645     -9.59312878     -9.67951072     -9.74383621     -9.82329202     -9.86883849     -9.90362479     -9.97198183    -10.00251941    -10.14895960    -10.19206142    -10.28567957    -10.43926945    -10.45989761    -10.56589985    -10.61940121    -10.62677516    -10.64410319    -10.98687075    -11.00396400
      2.67762527     11.00182015     10.98475534     10.64665645     10.63199489     10.62230209     10.56699714     10.45744601     10.43362416     10.29269757     10.19166381     10.15445093     10.00207434      9.97489519      9.90270252      9.86493666      9.82486310      9.72937551      9.68019057      9.61541174      9.53708035      9.42727455      9.39076870      9.30906827      9.20407776      9.12146229      8.98167556      8.90915099      8.81345296      8.76598625      8.67945787      8.50825029      8.43762261      8.23441461      8.16014184      7.90110039      7.78849646      7.64824227      7.53870376      7.29126108      7.15683810      6.87174486      6.74116732      6.55436543      6.35657996      6.15671162      6.06318931      5.78168527      5.60680082      5.23705044      4.92578514      4.79737640      4.45140714      4.04855122      3.76959391      3.64902634      3.37221400      2.87822061      2.46047972      2.42430572      1.88609537      1.28440224      0.76563013      0.41940463      0.16286379     -0.16287018     -0.41940324     -0.76561940     -1.28440402     -1.88611267     -2.42430314     -2.46046563     -2.87820903     -3.37222682     -3.64903341     -3.76957669     -4.04859296     -4.45137615     -4.79741303     -4.92578572     -5.23698119     -5.60678070     -5.78164878     -6.06329649     -6.15677504     -6.35651635     -6.55430124     -6.74133452     -6.87161549     -7.15683337     -7.29141015     -7.53860224     -7.64822991     -7.78831043     -7.90124594     -8.16005197     -8.23437305     -8.43769843     -8.50842547     -8.67923234     -8.76611970     -8.81339916     -8.90933213     -8.98161321     -9.12152799     -9.20429721     -9.30878604     -9.39044792     -9.42733847     -9.53740921     -9.61493892     -9.68022573     -9.72960957     -9.82493586     -9.86495105     -9.90267051     -9.97474949    -10.00229845    -10.15430081    -10.19186073    -10.29254493    -10.43363012    -10.45745621    -10.56699356    -10.62233626    -10.63199078    -10.64664188    -10.98475448    -11.00182099
      2.68741086     10.99957078     10.98250444     10.65041719     10.63891439     10.62378587     10.56380316     10.47191851     10.40864908     10.29862891     10.21312213     10.14252636     10.00392944      9.98378012      9.89929951      9.87884602      9.80981460      9.69853150      9.67753513      9.63690550      9.51407849      9.43650853      9.37169934      9.31965765      9.22532859      9.06390544      9.01274825      8.89104474      8.83504743      8.78422130      8.66020076      8.51706724      8.46254517      8.24097002      8.12895518      7.99777207      7.75043738      7.68769899      7.48550420      7.23550218      7.16083960      6.86611872      6.72067795      6.53412827      6.34799570      6.23813152      6.04656119      5.78885373      5.61330495      5.26066837      4.91799005      4.80016692      4.45665467      4.03495289      3.72345308      3.64345319      3.38387719      2.92233176      2.43242737      2.40937781      1.92352182      1.28706262      0.74135487      0.41069120      0.18440411     -0.18440773     -0.41068886     -0.74135177     -1.28706281     -1.92353016     -2.40937302     -2.43242157     -2.92233234     -3.38389121     -3.64344896     -3.72341522     -4.03500914     -4.45662538     -4.80018618     -4.91800713     -5.26060163     -5.61326378     -5.78889603     -6.04667569     -6.23821711     -6.34783897     -6.53395788     -6.72086664     -6.86613024     -7.16072808     -7.23563178     -7.48543398     -7.68777819     -7.75036707     -7.99780412     -8.12892194     -8.24081466     -8.46259714     -8.51720867     -8.66023136     -8.78436260     -8.83514780     -8.89071387     -9.01255214     -9.06406374     -9.22565650     -9.31958802     -9.37144373     -9.43634802     -9.51445171     -9.63633516     -9.67762983     -9.69879157     -9.80994613     -9.87881760     -9.89929390     -9.98361079    -10.00411783    -10.14238331    -10.21329815    -10.29851311    -10.40869208    -10.47190588    -10.56378947    -10.62380386    -10.63891290    -10.65041376    -10.98250423    -10.99957097
      2.69719646     10.99762606     10.98052058     10.65437048     10.64526492     10.62462409     10.55687150     10.48673243     10.38183709     10.30247256     10.23898015     10.13287515     10.00649677      9.99462015      9.90017029      9.87861865      9.80542553      9.67666818      9.65459288      9.64533163      9.51680472      9.43115689      9.36773577      9.32024024      9.23105884      9.06328521      9.02858244      8.92229880      8.82155088      8.75142872      8.62782589      8.53372532      8.48549421      8.26489189      8.08832947      8.07205052      7.76901171      7.71713046      7.41216151      7.17671195      7.15279146      6.86566640      6.71656419      6.54321064      6.38700473      6.23650020      6.02669025      5.82303887      5.59679972      5.28843664      4.90890907      4.80767324      4.46163513      4.03059768      3.68475683      3.62221757      3.38130191      2.99098325      2.42949214      2.35113631      1.96888397      1.29129164      0.71412034      0.40638013      0.20613905     -0.20613965     -0.40637739     -0.71412358     -1.29129074     -1.96888311     -2.35113506     -2.42949024     -2.99099851     -3.38130632     -3.62218481     -3.68474335     -4.03063954     -4.46162529     -4.80767419     -4.90892469     -5.28838448     -5.59675772     -5.82315641     -6.02680922     -6.23632678     -6.38699274     -6.54314185     -6.71657770     -6.86577974     -7.15264229     -7.17687101     -7.41203451     -7.71729026     -7.76909442     -8.07179885     -8.08830412     -8.26483824     -8.48569891     -8.53369226     -8.62818244     -8.75135989     -8.82112094     -8.92228745     -9.02845523     -9.06354963     -9.23108755     -9.32034509     -9.36758808     -9.43112830     -9.51697693     -9.64484535     -9.65475133     -9.67684511     -9.80558193     -9.87843748     -9.90027186     -9.99449783    -10.00659697    -10.13277402    -10.23911883    -10.30239424    -10.38187477    -10.48674016    -10.55683886    -10.62463059    -10.64526645    -10.65437397    -10.98052094    -10.99762569
      2.70698206     10.99634993     10.97919252     10.65699360     10.64988964     10.62487533     10.54890670     10.49900114     10.35869023     10.30276723     10.26302098     10.12947589     10.01941753      9.98490373      9.91502570      9.86175968      9.81254461      9.67019873      9.64858697      9.61331999      9.52774020      9.44702920      9.35568232      9.31486272      9.22195679      9.08681304      9.04405190      8.96436637      8.75865463      8.72026141      8.63985106      8.50983471      8.50298551      8.31584510      8.13548630      8.01880820      7.80350984      7.74231531      7.34915241      7.15345567      7.12527698      6.86664508      6.70243137      6.58169811      6.44687403      6.18085574      5.99995674      5.88187467      5.56901969      5.31214648      4.90193113      4.81696866      4.46344123      4.03054825      3.67258781      3.59030299      3.36321559      3.05736417      2.42933729      2.29494868      2.01196263      1.29478572      0.69266173      0.40572661      0.22189816     -0.22189635     -0.40572374     -0.69266918     -1.29478429     -2.01195262     -2.29495503     -2.42933600     -3.05739922     -3.36319093     -3.59027034     -3.67259233     -4.03056504     -4.46345953     -4.81695633     -4.90193133     -5.31210707     -5.56901114     -5.88206745     -6.00004675     -6.18052782     -6.44691145     -6.58175911     -6.70245456     -6.86647764     -7.12558315     -7.15344629     -7.34884685     -7.74269703     -7.80362754     -8.01836288     -8.13536834     -8.31576310     -8.50340802     -8.51016102     -8.64007297     -8.71986804     -8.75807762     -8.96441938     -9.04417741     -9.08709793     -9.22169315     -9.31470859     -9.35580228     -9.44731009     -9.52761528     -9.61336324     -9.64853295     -9.67023130     -9.81260679     -9.86164046     -9.91505422     -9.98487674    -10.01941110    -10.12940507    -10.26312585    -10.30274524    -10.35869667    -10.49904689    -10.54884144    -10.62487730    -10.64988939    -10.65700307    -10.97919323    -10.99634920
      2.71676766     10.99598182     10.97880479     10.65769886     10.65133746     10.62490207     10.54559828     10.50344503     10.35028437     10.30095004     10.27345723     10.12906709     10.02394956      9.97832515      9.92269356      9.85280097      9.81867739      9.66072146      9.65616511      9.59725914      9.53183613      9.45402797      9.36730821      9.28645744      9.23267250      9.07705339      9.06708266      8.97572418      8.72168375      8.70992266      8.66525423      8.51471412      8.47785275      8.34863532      8.14546747      7.99771891      7.81811761      7.75158110      7.32811653      7.14894182      7.11563218      6.86633063      6.68694399      6.60923026      6.46363427      6.15988731      5.97579536      5.91937377      5.55789245      5.32048983      4.89967478      4.82050276      4.46363854      4.03086047      3.67070885      3.57951064      3.35224218      3.08220164      2.42933706      2.27440467      2.02842850      1.29587838      0.68585023      0.40597129      0.22664811     -0.22664552     -0.40596847     -0.68585884     -1.29587684     -2.02841443     -2.27441478     -2.42933590     -3.08224714     -3.35220047     -3.57948610     -3.67071583     -4.03086715     -4.46366757     -4.82048737     -4.89966698     -5.32045406     -5.55790046     -5.91969090     -5.97576531     -6.15953086     -6.46367922     -6.60926948     -6.68711832     -6.86591340     -7.11617561     -7.14889870     -7.32771502     -7.75203956     -7.81827907     -7.99715532     -8.14535925     -8.34836994     -8.47845265     -8.51529932     -8.66539791     -8.70952007     -8.72092053     -8.97578270     -9.06728601     -9.07732741     -9.23241831     -9.28615957     -9.36750404     -9.45438826     -9.53160415     -9.59732955     -9.65604878     -9.66087287     -9.81864156     -9.85275479     -9.92268554     -9.97831428    -10.02393593    -10.12900577    -10.27353417    -10.30097811    -10.35026399    -10.50351172    -10.54551445    -10.62490310    -10.65133521    -10.65771106    -10.97880559    -10.99598099
      2.72655325     10.99659049     10.97944474     10.65651438     10.64897630     10.62484706     10.55074466     10.49639624     10.36364608     10.30311572     10.25754781     10.12988545     10.01656885      9.98804046      9.91112617      9.86614322      9.81006080      9.67254633      9.64742387      9.62226844      9.52546252      9.44274787      9.35170424      9.32458497      9.22181627      9.08414748      9.03792811      8.95648390      8.77471119      8.72686590      8.63175950      8.51845475      8.50117870      8.30118224      8.12784233      8.03082095      7.79550198      7.73677277      7.36211156      7.15635851      7.13195711      6.86658358      6.70766357      6.57011199      6.43537690      6.19347684      6.00797993      5.86614200      5.57546682      5.30714365      4.90333402      4.81488418      4.46322822      4.03041885      3.67412061      3.59714570      3.36853163      3.04288524      2.42934470      2.30704590      2.00247147      1.29409076      0.69695366      0.40568277      0.21884149     -0.21884019     -0.40568010     -0.69696000     -1.29408948     -2.00246389     -2.30705025     -2.42934340     -3.04291362     -3.36851572     -3.59711228     -3.67412301     -4.03043949     -4.46324012     -4.81487445     -4.90333777     -5.30710462     -5.57545195     -5.86629952     -6.00807924     -6.19319197     -6.43540795     -6.57014873     -6.70765736     -6.86652115     -7.13213332     -7.15637508     -7.36186985     -7.73708631     -7.79560197     -8.03045444     -8.12773494     -8.30113790     -8.50157042     -8.51860406     -8.63201515     -8.72656096     -8.77419427     -8.95653008     -9.03800755     -9.08440079     -9.22160366     -9.32455933     -9.35171155     -9.44296352     -9.52539995     -9.62229786     -9.64734503     -9.67257971     -9.81014791     -9.86601228     -9.91116810     -9.98800860    -10.01656928    -10.12981353    -10.25765324    -10.30308184    -10.36366072    -10.49643015    -10.55069127    -10.62484948    -10.64897668    -10.65652214    -10.97944536    -10.99658985
      2.73633885     10.99806213     10.98096929     10.65345810     10.64378529     10.62448170     10.55884370     10.48314222     10.38847076     10.30177578     10.23249395     10.13465319     10.00456206      9.99383448      9.89792332      9.88126820      9.80526030      9.67825432      9.66420705      9.64506526      9.51411290      9.43068909      9.37211723      9.31729023      9.23313778      9.05637182      9.02757683      8.90918541      8.83408601      8.76016970      8.63414616      8.53136270      8.47990268      8.25661894      8.08933678      8.06632385      7.76093810      7.71045421      7.43080221      7.18970268      7.15630226      6.86541515      6.71771566      6.53782052      6.37006291      6.24772162      6.03183763      5.81152124      5.60296493      5.28154147      4.91108738      4.80538378      4.46068686      4.03107747      3.69167420      3.62974642      3.38356585      2.97283166      2.42965902      2.36679870      1.95716747      1.29021659      0.72076610      0.40704181      0.20101994     -0.20102137     -0.40703933     -0.72076747     -1.29021601     -1.95716936     -2.36679559     -2.42965699     -2.97284112     -3.38357481     -3.62972295     -3.69165306     -4.03112249     -4.46067001     -4.80538998     -4.91110438     -5.28148890     -5.60291833     -5.81161644     -6.03194810     -6.24762685     -6.37001582     -6.53772280     -6.71776602     -6.86552060     -7.15615235     -7.18984302     -7.43070978     -7.71055974     -7.76099226     -8.06622822     -8.08925754     -8.25654415     -8.48002886     -8.53135604     -8.63442478     -8.76018313     -8.83378371     -8.90911291     -9.02734567     -9.05667035     -9.23326956     -9.31732501     -9.37199447     -9.43056933     -9.51435789     -9.64453526     -9.66430013     -9.67851417     -9.80541132     -9.88110987     -9.89801957     -9.99367032    -10.00471363    -10.13455083    -10.23263175    -10.30168913    -10.38851027    -10.48314177    -10.55882016    -10.62448994    -10.64378665    -10.65345935    -10.98096947    -10.99806194
      2.74612445     11.00012048     10.98305819     10.64939513     10.63719845     10.62346720     10.56501142     10.46814395     10.41524421     10.29729653     10.20695763     10.14575615     10.00359546      9.98062661      9.90062159      9.87578906      9.81303494      9.70728229      9.67879538      9.63220563      9.51813372      9.43629258      9.37305630      9.31999278      9.21961779      9.07550503      9.00472143      8.89509858      8.82174080      8.79000792      8.66806137      8.51311874      8.45637154      8.23805056      8.13984664      7.97289537      7.75451793      7.67803173      7.50181543      7.25078351      7.16089383      6.86699097      6.72307537      6.53721222      6.35030896      6.22003529      6.05144337      5.78516409      5.61358263      5.25402518      4.92023818      4.79908930      4.45510608      4.03734821      3.73578341      3.64565747      3.38207057      2.90813765      2.43674421      2.41830636      1.91322706      1.28616299      0.74798248      0.41248180      0.17877853     -0.17878304     -0.41247975     -0.74797708     -1.28616364     -1.91323818     -2.41830269     -2.43673549     -2.90813379     -3.38208503     -3.64565843     -3.73574880     -4.03740175     -4.45507427     -4.79911424     -4.92025174     -5.25395862     -5.61354453     -5.78518376     -6.05155231     -6.22012416     -6.35017763     -6.53705985     -6.72327385     -6.86695448     -7.16081334     -7.25092028     -7.50173301     -7.67810482     -7.75439842     -7.97295232     -8.13983511     -8.23790633     -8.45640107     -8.51327746     -8.66801054     -8.79020513     -8.82178641     -8.89488994     -9.00456700     -9.07561053     -9.21993533     -9.31989480     -9.37275130     -9.43617860     -9.51851380     -9.63164088     -9.67888436     -9.70753949     -9.81314637     -9.87578930     -9.90059823     -9.98046475    -10.00379160    -10.14561493    -10.20713461    -10.29717029    -10.41528242    -10.46813120    -10.56500264    -10.62348898    -10.63719644    -10.64938848    -10.98305778    -11.00012087
      2.75591005     11.00238164     10.98531207     10.64590303     10.63035094     10.62181592     10.56709265     10.45470029     10.43863387     10.29102727     10.18897555     10.15551877     10.00181957      9.97389246      9.90300114      9.86260239      9.82741095      9.73491172      9.68013858      9.60964186      9.54345877      9.42422396      9.39715737      9.30383452      9.20218453      9.13679880      8.97508954      8.91289534      8.81700861      8.75436370      8.67580576      8.50854889      8.43223009      8.23385463      8.16267377      7.88199227      7.80265762      7.64216071      7.54415232      7.30220766      7.15418990      6.87425847      6.75175861      6.56027162      6.35691215      6.13895836      6.06321292      5.78197776      5.60274085      5.23297807      4.92692943      4.79701698      4.45097782      4.05353870      3.77864889      3.64956098      3.36774249      2.87322801      2.46628208      2.42434537      1.87841111      1.28420662      0.77051680      0.42213663      0.15810444     -0.15811162     -0.42213558     -0.77050367     -1.28420892     -1.87843115     -2.42434183     -2.46626728     -2.87321273     -3.36775523     -3.64956973     -3.77864113     -4.05357416     -4.45094570     -4.79705970     -4.92692465     -5.23290917     -5.60271783     -5.78193001     -6.06331789     -6.13901331     -6.35686657     -6.56026816     -6.75188405     -6.87410053     -7.15421690     -7.30236682     -7.54403760     -7.64209764     -7.80248144     -7.88214599     -8.16253835     -8.23388578     -8.43230969     -8.50872987     -8.67555617     -8.75440978     -8.81695260     -8.91323001     -8.97502974     -9.13694810     -9.20228820     -9.30346646     -9.39688395     -9.42429744     -9.54378833     -9.60918239     -9.68015469     -9.73514705     -9.82747230     -9.86262287     -9.90296397     -9.97376679    -10.00204312    -10.15540477    -10.18914581    -10.29086098    -10.43860262    -10.45474411    -10.56709214    -10.62185338    -10.63034809    -10.64588439    -10.98531102    -11.00238267
      2.76569565     11.00443566     10.98733760     10.64367864     10.62624166     10.61807929     10.56510268     10.46419088     10.43659968     10.28419077     10.19522497     10.14491400     10.00262964      9.97182684      9.90395305      9.87319792      9.82099791      9.74300519      9.67914704      9.58854824      9.56404693      9.43547131      9.39090056      9.29374068      9.23452583      9.16236199      8.95758722      8.92102663      8.82135700      8.74560496      8.62458145      8.50770667      8.42044692      8.22090821      8.16301393      7.91640066      7.78024241      7.65983215      7.51576479      7.32872932      7.14065617      6.89721795      6.80496942      6.57408325      6.35687248      6.12219549      6.01265442      5.78757404      5.58007177      5.22907372      4.92616071      4.79373670      4.45654179      4.07613064      3.80149649      3.65049284      3.34628064      2.87728351      2.47148607      2.42253449      1.85460897      1.28544639      0.78425125      0.43405145      0.14286312     -0.14287224     -0.43405201     -0.78423053     -1.28545029     -1.85463728     -2.42252604     -2.47147168     -2.87725623     -3.34629454     -3.65050495     -3.80151803     -4.07615209     -4.45649308     -4.79380320     -4.92614664     -5.22900627     -5.58001243     -5.78752637     -6.01271876     -6.12225826     -6.35687623     -6.57423198     -6.80495075     -6.89702069     -7.14078057     -7.32894979     -7.51548688     -7.65968726     -7.78037396     -7.91630806     -8.16279851     -8.22109010     -8.42052120     -8.50799757     -8.62426858     -8.74537575     -8.82135686     -8.92176739     -8.95747105     -9.16278964     -9.23415050     -9.29325678     -9.39091677     -9.43542469     -9.56429943     -9.58819155     -9.67908674     -9.74320735     -9.82104823     -9.87326438     -9.90389346     -9.97180572    -10.00279156    -10.14499979    -10.19524028    -10.28398176    -10.43652412    -10.46426264    -10.56511868    -10.61810526    -10.62626133    -10.64364711    -10.98733600    -11.00443722
      2.77548124     11.00592732     10.98880277     10.64235446     10.62620180     10.61237108     10.56125483     10.47939946     10.42633551     10.27835136     10.20836861     10.13044477     10.00165250      9.97325219      9.91229261      9.87926055      9.82685531      9.72318361      9.67451218      9.58763500      9.56899376      9.43708654      9.37233069      9.33656346      9.25564771      9.16352132      8.95795754      8.91282505      8.81169992      8.75558601      8.60145721      8.47315875      8.41109876      8.19521060      8.16326410      8.00325830      7.75952877      7.67329077      7.47362403      7.31192527      7.13466053      6.95946691      6.82957330      6.57671064      6.36290722      6.13222849      5.94110530      5.80497444      5.54932288      5.24459335      4.91907832      4.78474723      4.47301355      4.09425384      3.80849655      3.65063786      3.32448647      2.90237073      2.46150440      2.41839241      1.84098748      1.28857472      0.78987645      0.44476366      0.13399044     -0.13400072     -0.44476596     -0.78984980     -1.28857968     -1.84102227     -2.41837517     -2.46149552     -2.90233172     -3.32450628     -3.65065209     -3.80852784     -4.09428974     -4.47291298     -4.78484941     -4.91907769     -5.24452039     -5.54920119     -5.80497096     -5.94114411     -6.13230115     -6.36293032     -6.57688835     -6.82948191     -6.95929210     -7.13484368     -7.31223128     -7.47312689     -7.67331727     -7.75952230     -8.00319865     -8.16337590     -8.19501460     -8.41129340     -8.47336828     -8.60108652     -8.75534498     -8.81191596     -8.91340113     -8.95799763     -9.16383667     -9.25499100     -9.33636151     -9.37231331     -9.43714816     -9.56883435     -9.58761350     -9.67441419     -9.72334838     -9.82694789     -9.87934174     -9.91228904     -9.97324654    -10.00176607    -10.13061723    -10.20835272    -10.27810018    -10.42628570    -10.47942164    -10.56130240    -10.61238157    -10.62623870    -10.64231329    -10.98880081    -11.00592924
      2.78526684     11.00661170     10.98947472     10.64173655     10.62677036     10.60913222     10.55869229     10.48693729     10.42110775     10.27534898     10.21540373     10.12379960      9.99928080      9.97307611      9.92667595      9.86326592      9.84722110      9.70058106      9.66915211      9.60909699      9.55514963      9.41881304      9.38866967      9.36115462      9.25963482      9.16378130      8.96443385      8.89862430      8.80929086      8.75759333      8.60890071      8.45324244      8.37470563      8.21168273      8.14180338      8.05437225      7.77657881      7.65857549      7.46330472      7.26215113      7.15143821      7.00839034      6.83168410      6.57674762      6.36929693      6.13648340      5.88961991      5.83218951      5.52682691      5.26080667      4.91406040      4.77620978      4.48652062      4.10206746      3.80936304      3.65062316      3.31198051      2.92004398      2.45496060      2.41458972      1.83567450      1.29072135      0.79112398      0.45033989      0.13055358     -0.13056430     -0.45034322     -0.79109449     -1.29072674     -1.83571243     -2.41456563     -2.45495699     -2.91999780     -3.31200555     -3.65063841     -3.80939393     -4.10212066     -4.48637262     -4.77634349     -4.91407335     -5.26073018     -5.52666816     -5.83223189     -5.88963100     -6.13656347     -6.36932141     -6.57691775     -6.83158338     -7.00824843     -7.15161751     -7.26241229     -7.46281022     -7.65869515     -7.77643191     -8.05454319     -8.14194506     -8.21109095     -8.37530275     -8.45314303     -8.60854261     -8.75749671     -8.80961389     -8.89894962     -8.96462274     -9.16395500     -9.25905425     -9.36094311     -9.38870909     -9.41887425     -9.55496672     -9.60901708     -9.66906119     -9.70075734     -9.84726085     -9.86343030     -9.92672464     -9.97301484     -9.99939747    -10.12400191    -10.21539212    -10.27507160    -10.42106766    -10.48693001    -10.55876683    -10.60913667    -10.62681122    -10.64169070    -10.98947259    -11.00661378
      2.79505244     11.00638055     10.98924774     10.64194989     10.62654435     10.61026352     10.55962350     10.48434179     10.42290952     10.27638794     10.21297116     10.12599933     10.00020895      9.97359572      9.92075662      9.87242144      9.83666911      9.70976322      9.67120222      9.60040312      9.56050435      9.42944511      9.36829829      9.36274812      9.25809858      9.16374496      8.96183124      8.90449127      8.80909876      8.75776803      8.60515267      8.45814060      8.39336446      8.20012974      8.15316138      8.03566067      7.76906027      7.66488313      7.46561602      7.28573315      7.14091428      6.99069727      6.83149854      6.57678057      6.36683199      6.13514384      5.91099467      5.81888921      5.53528569      5.25444879      4.91585128      4.77954777      4.48141607      4.09949747      3.80922141      3.65063259      3.31642371      2.91363239      2.45720531      2.41607946      1.83740473      1.28994374      0.79080072      0.44840624      0.13166951     -0.13168002     -0.44840924     -0.79077229     -1.28994898     -1.83744140     -2.41605790     -2.45719998     -2.91358868     -3.31644671     -3.65064749     -3.80925337     -4.09954320     -4.48128601     -4.77966950     -4.91585920     -5.25437468     -5.53513945     -5.81890989     -5.91102060     -6.13522076     -6.36685291     -6.57696080     -6.83140165     -6.99052923     -7.14110371     -7.28602267     -7.46510639     -7.66498466     -7.76895255     -8.03570743     -8.15340281     -8.19965225     -8.39378619     -8.45814190     -8.60478966     -8.75760214     -8.80939162     -8.90491516     -8.96196485     -9.16398220     -9.25746808     -9.36241659     -9.36842804     -9.42953387     -9.56033119     -9.60034606     -9.67110981     -9.70992967     -9.83674812     -9.87253179     -9.92078406     -9.97356517    -10.00031718    -10.12619558    -10.21295249    -10.27612294    -10.42286568    -10.48434558    -10.55968800    -10.61026981    -10.62658389    -10.64190572    -10.98924567    -11.00638257
      2.80483804     11.00527011     10.98815748     10.64292878     10.62596810     10.61514675     10.56321753     10.47250769     10.43106416     10.28102921     10.20214835     10.13697569     10.00265129      9.97225853      9.90593544      9.87986893      9.82084875      9.73580911      9.67748019      9.57923817      9.57426569      9.43948090      9.38108321      9.30863355      9.25049107      9.16311734      8.95556839      8.91931526      8.81699760      8.75069291      8.60540262      8.49477588      8.41800668      8.20663827      8.16350667      7.96165904      7.76066343      7.67334637      7.49106850      7.32728671      7.13544046      6.92454007      6.82237371      6.57610067      6.35912207      6.12760372      5.97571395      5.79437530      5.56519380      5.23507735      4.92291991      4.78990264      4.46394538      4.08633139      3.80632447      3.65060904      3.33488294      2.88905588      2.46695327      2.42070493      1.84663744      1.28694382      0.78787409      0.43981240      0.13766780     -0.13767744     -0.43981392     -0.78785033     -1.28694831     -1.84666889     -2.42069245     -2.46694167     -2.88902241     -3.33489924     -3.65062229     -3.80635417     -4.08635564     -4.46387399     -4.78998564     -4.92291069     -5.23501043     -5.56510155     -5.79434978     -5.97576147     -6.12766993     -6.35913481     -6.57628440     -6.82230866     -6.92434219     -7.13560209     -7.32756738     -7.49065289     -7.67326215     -7.76077193     -7.96155652     -8.16336819     -8.20676133     -8.41807788     -8.49510176     -8.60502690     -8.75043274     -8.81710413     -8.92005039     -8.95547741     -9.16351463     -9.24990196     -9.30830805     -9.38111246     -9.43948901     -9.57456875     -9.57880288     -9.67739105     -9.73598966     -9.82091546     -9.87995308     -9.90588685     -9.97226826    -10.00277331    -10.13712215    -10.20212991    -10.28080348    -10.43100359    -10.47255271    -10.56324855    -10.61516247    -10.62599901    -10.64289210    -10.98815569    -11.00527187
      2.81462363     11.00345885     10.98637605     10.64464694     10.62763961     10.62042055     10.56650928     10.45583259     10.44155066     10.28759051     10.18951124     10.15241028     10.00202872      9.97246763      9.90346967      9.86487047      9.82595182      9.74230162      9.67980702      9.59864378      9.55448473      9.42680339      9.39935304      9.29512032      9.21127670      9.15730696      8.96438551      8.91845718      8.82157716      8.74419308      8.65376644      8.50989476      8.42434342      8.23030450      8.16372668      7.87779437      7.80678470      7.64424120      7.53815714      7.31934871      7.14761503      6.88199440      6.77826811      6.56923594      6.35653578      6.12107250      6.04667217      5.78379160      5.59266073      5.22831622      4.92766296      4.79595332      4.45214996      4.06469096      3.79264388      3.65019796      3.35753751      2.87091821      2.47216429      2.42376101      1.86514289      1.28444960      0.77854781      0.42799987      0.14968196     -0.14969002     -0.42799960     -0.77853113     -1.28445268     -1.86516666     -2.42375557     -2.47214951     -2.87089736     -3.35754987     -3.65020843     -3.79265296     -4.06471518     -4.45211447     -4.79600563     -4.92765083     -5.22825077     -5.59262607     -5.78373709     -6.04675559     -6.12112589     -6.35651910     -6.56932726     -6.77831115     -6.88180956     -7.14769380     -7.31952328     -7.53799839     -7.64410669     -7.80680505     -7.87779067     -8.16352731     -8.23044409     -8.42442268     -8.51010528     -8.65351848     -8.74406668     -8.82152639     -8.91902549     -8.96430922     -9.15767783     -9.21108381     -9.29464695     -9.39928780     -9.42676819     -9.55477998     -9.59824677     -9.67978503     -9.74251758     -9.82599487     -9.86491077     -9.90342168     -9.97239864    -10.00222167    -10.15241029    -10.18958574    -10.28740771    -10.44145141    -10.45593674    -10.56651529    -10.62045595    -10.62764447    -10.64462209    -10.98637473    -11.00346013
      2.82440923     11.00125177     10.98418999     10.64749580     10.63371481     10.62272611     10.56661971     10.46080778     10.42784421     10.29431242     10.19590370     10.15209191     10.00253342      9.97624591      9.90227958      9.86845886      9.82104301      9.72284673      9.68005310      9.62122185      9.53037054      9.43100884      9.38357272      9.31406366      9.20825751      9.10528266      8.98892161      8.90482703      8.81001707      8.78000081      8.67855574      8.50875317      8.44365563      8.23499084      8.15561017      7.92378004      7.77441392      7.65729337      7.52904993      7.27892043      7.15888043      6.86976523      6.73293069      6.54805931      6.35541497      6.17741156      6.06032808      5.78193745      5.61009099      5.24204369      4.92422542      4.79777275      4.45233886      4.04414704      3.75926739      3.64826845      3.37614958      2.88581054      2.45295825      2.42384223      1.89447383      1.28480535      0.76020467      0.41686280      0.16793508     -0.16794084     -0.41686111     -0.76019592     -1.28480670     -1.89448891     -2.42384025     -2.45294492     -2.88580197     -3.37616292     -3.64827381     -3.75924203     -4.04419471     -4.45230757     -4.79780495     -4.92423109     -5.24197376     -5.61006848     -5.78191630     -6.06043732     -6.17748605     -6.35532896     -6.54794699     -6.73312844     -6.86966393     -7.15884679     -7.27906478     -7.52895592     -7.65732204     -7.77424017     -7.92389965     -8.15555786     -8.23489222     -8.44372022     -8.50892873     -8.67837447     -8.78021888     -8.80994814     -8.90486661     -8.98884195     -9.10532481     -9.20854107     -9.31385653     -9.38323595     -9.43102562     -9.53071107     -9.62072284     -9.68010695     -9.72308517     -9.82112846     -9.86847023     -9.90224995     -9.97608765    -10.00275374    -10.15193126    -10.19610520    -10.29416932    -10.42786829    -10.46080334    -10.56661378    -10.62275655    -10.63371068    -10.64748447    -10.98418929    -11.00125244
      2.83419483     10.99904034     10.98196743     10.65145432     10.64059315     10.62406330     10.56235123     10.47569915     10.40194795     10.29983282     10.21949402     10.13952722     10.00404018      9.98738851      9.89792533      9.88114942      9.80741861      9.68960502      9.67563753      9.64075047      9.51215621      9.43491823      9.37238786      9.31794612      9.23003102      9.05593569      9.02008026      8.89075496      8.84345283      8.77687418      8.65143622      8.52188414      8.46848819      8.24492698      8.11654235      8.02210145      7.75058202      7.69620627      7.46795267      7.21988183      7.16008115      6.86558189      6.71931877      6.53317160      6.34905862      6.25022485      6.04166639      5.79437420      5.61143450      5.26754832      4.91567583      4.80158008      4.45815413      4.03316385      3.71151733      3.64028359      3.38478885      2.93809820      2.43070732      2.39669075      1.93434367      1.28806363      0.73452470      0.40918660      0.19005083     -0.19005370     -0.40918412     -0.73452334     -1.28806348     -1.93434974     -2.39668569     -2.43070354     -2.93810206     -3.38480208     -3.64027348     -3.71148147     -4.03321899     -4.45812777     -4.80159484     -4.91569447     -5.26748448     -5.61138837     -5.79443835     -6.04178243     -6.25027408     -6.34891109     -6.53301265     -6.71947109     -6.86563448     -7.15994904     -7.22001060     -7.46788115     -7.69628693     -7.75056444     -8.02210121     -8.11648583     -8.24478817     -8.46855891     -8.52198775     -8.65155213     -8.77697706     -8.84347921     -8.89043376     -9.01981918     -9.05618741     -9.23032450     -9.31789322     -9.37219929     -9.43473083     -9.51251060     -9.64017421     -9.67571199     -9.68989543     -9.80756380     -9.88107922     -9.89795121     -9.98721502    -10.00422060    -10.13939450    -10.21965992    -10.29972592    -10.40199199    -10.47568926    -10.56233402    -10.62407767    -10.64059274    -10.65145289    -10.98196738    -10.99904038
      2.84398043     10.99723239     10.98011338     10.65519416     10.64663912     10.62472814     10.55481808     10.49017860     10.37539930     10.30294889     10.24538005     10.13151915     10.00970212      9.99338575      9.90339437      9.87489067      9.80634469      9.67556644      9.64789097      9.64159968      9.51983609      9.43393378      9.36056562      9.32463151      9.22756314      9.07126815      9.03024904      8.93505271      8.80684087      8.74277045      8.62496168      8.53261259      8.49102730      8.27512045      8.10398341      8.05835246      7.77782380      7.72385009      7.39414871      7.16676288      7.14729500      6.86602004      6.71467596      6.55048189      6.40459818      6.22251590      6.02115521      5.83622767      5.58984767      5.29510199      4.90686437      4.81010128      4.46236047      4.03037928      3.67981193      3.61375423      3.37793561      3.00906332      2.42940683      2.33565022      1.98053663      1.29231693      0.70783273      0.40595970      0.21087879     -0.21087870     -0.40595691     -0.70783726     -1.29231585     -1.98053342     -2.33565077     -2.42940517     -3.00908308     -3.37793433     -3.61371751     -3.67980568     -4.03041475     -4.46235786     -4.81009803     -4.90687680     -5.29505379     -5.58981277     -5.83636045     -6.02127331     -6.22228905     -6.40461018     -6.55045209     -6.71465969     -6.86610728     -7.14721353     -7.16689702     -7.39398549     -7.72406415     -7.77791618     -8.05807570     -8.10390408     -8.27508665     -8.49129586     -8.53258952     -8.62534016     -8.74262273     -8.80634942     -8.93507480     -9.03020885     -9.07151276     -9.22749334     -9.32478401     -9.36039096     -9.43400057     -9.51992952     -9.64135760     -9.64790917     -9.67567710     -9.80648976     -9.87471614     -9.90348010     -9.99331143    -10.00974807    -10.13142738    -10.24551046    -10.30288183    -10.37543174    -10.49019472    -10.55477843    -10.62473299    -10.64664063    -10.65519917    -10.98011385    -10.99723190
      2.85376603     10.99616697     10.97900008     10.65734922     10.65060092     10.62489112     10.54735022     10.50112750     10.35465347     10.30216083     10.26777742     10.12923893     10.02164772      9.98196174      9.91851935      9.85777097      9.81511195      9.66729769      9.65055056      9.60577851      9.52962001      9.45048716      9.36081952      9.30341441      9.22467856      9.08619757      9.05140111      8.97015351      8.74347516      8.71499953      8.64938728      8.51096744      8.49379308      8.33000072      8.14071519      8.00881123      7.81033658      7.74680487      7.33889033      7.15126822      7.12032229      6.86656844      6.69645184      6.59327876      6.45537121      6.17066781      5.99107796      5.89715877      5.56368975      5.31617729      4.90082807      4.81867086      4.46355922      4.03068678      3.67159098      3.58496964      3.35826046      3.06924416      2.42933570      2.28508973      2.01980731      1.29532450      0.68931422      0.40582005      0.22424825     -0.22424606     -0.40581718     -0.68932228     -1.29532300     -2.01979541     -2.28509779     -2.42933446     -3.06928404     -3.35822805     -3.58494034     -3.67159684     -4.03069889     -4.46358269     -4.81865690     -4.90082462     -5.31613951     -5.56368867     -5.89738514     -5.99113973     -6.17032223     -6.45541206     -6.59334529     -6.69652629     -6.86629155     -7.12073764     -7.15124191     -7.33853919     -7.74722678     -7.81047089     -8.00831110     -8.14059909     -8.32985975     -8.49422127     -8.51147156     -8.64956103     -8.71455095     -8.74286763     -8.97020929     -9.05156269     -9.08648736     -9.22439983     -9.30319149     -9.36098727     -9.45080983     -9.52944302     -9.60583415     -9.65051320     -9.66733941     -9.81513661     -9.85767790     -9.91853194     -9.98194129    -10.02163718    -10.12917243    -10.26787275    -10.30215749    -10.35464905    -10.50118278    -10.54727645    -10.62489262    -10.65059984    -10.65735996    -10.97900084    -10.99616619
      2.86355162     10.99604377     10.97887021     10.65758318     10.65108899     10.62489899     10.54620676     10.50264833     10.35178185     10.30145253     10.27142611     10.12911639     10.02317478      9.97963006      9.92121103      9.85460365      9.81734011      9.66400512      9.65320335      9.60022955      9.53104101      9.45285006      9.36500575      9.29305106      9.22904212      9.08255937      9.05944253      8.97389824      8.73032436      8.71145515      8.65876346      8.51337695      8.48389076      8.34174232      8.14393695      8.00155440      7.81539925      7.74995988      7.33176533      7.14974029      7.11715471      6.86643179      6.69070599      6.60321927      6.46091308      6.16354136      5.98219982      5.91060426      5.55987925      5.31901788      4.90006530      4.81987703      4.46361655      4.03079891      3.67099101      3.58134121      3.35438278      3.07774843      2.42933629      2.27806907      2.02545745      1.29569206      0.68701824      0.40591407      0.22584261     -0.22584016     -0.40591128     -0.68702659     -1.29569055     -2.02544421     -2.27807843     -2.42933512     -3.07779149     -3.35434455     -3.58131555     -3.67099763     -4.03080699     -4.46364369     -4.81986215     -4.90005887     -5.31898210     -5.55988487     -5.91086996     -5.98221670     -6.16319342     -6.46095604     -6.60327013     -6.69084360     -6.86606452     -7.11764880     -7.14970287     -7.33138619     -7.75040117     -7.81554801     -8.00101965     -8.14382806     -8.34153006     -8.48441921     -8.51393165     -8.65889192     -8.71099559     -8.72968643     -8.97395522     -9.05962984     -9.08283796     -9.22877214     -9.29278789     -9.36519091     -9.45319611     -9.53082655     -9.60029752     -9.65316260     -9.66406994     -9.81732410     -9.85454279     -9.92120879     -9.97961686    -10.02316193    -10.12905432    -10.27150732    -10.30147100    -10.35176665    -10.50271034    -10.54612745    -10.62490013    -10.65108710    -10.65759482    -10.97887099    -10.99604297
      2.87333722     10.99688581     10.97975314     10.65591264     10.64788450     10.62480024     10.55274805     10.49342455     10.36928277     10.30317201     10.25161068     10.13054187     10.01324329      9.99099825      9.90715184      9.87061430      9.80793313      9.67429775      9.64705844      9.63206255      9.52279987      9.43813204      9.35338519      9.32784035      9.22402281      9.07864357      9.03330567      8.94661315      8.79097901      8.73447680      8.62640818      8.52728266      8.49637346      8.28733421      8.11740160      8.04420745      7.78680047      7.73050013      7.37728470      7.16040101      7.13978721      6.86635981      6.71176159      6.55952675      6.42108570      6.20771366      6.01499900      5.85074261      5.58257246      5.30139422      4.90499270      4.81254914      4.46288091      4.03034338      3.67641515      3.60514746      3.37358840      3.02656005      2.42936425      2.32079220      1.99184991      1.29325962      0.70205929      0.40574281      0.21514248     -0.21514177     -0.40574019     -0.70206461     -1.29325847     -1.99184468     -2.32079456     -2.42936285     -3.02658313     -3.37358047     -3.60511262     -3.67641422     -4.03037009     -4.46288562     -4.81254255     -4.90500058     -5.30135269     -5.58254840     -5.85088123     -6.01510557     -6.20746276     -6.42110953     -6.55953418     -6.71173880     -6.86638498     -7.13983312     -7.16046548     -7.37709159     -7.73075535     -7.78689235     -8.04390055     -8.11730537     -8.28730653     -8.49669049     -8.52732595     -8.62672835     -8.73425815     -8.79048646     -8.94665032     -9.03333232     -9.07887677     -9.22387737     -9.32796375     -9.35324724     -9.43827573     -9.52281138     -9.63204097     -9.64695852     -9.67435643     -9.80804848     -9.87046527     -9.90721295     -9.99095338    -10.01325812    -10.13046407    -10.25172411    -10.30312241    -10.36930619    -10.49344845    -10.55270355    -10.62480356    -10.64788554    -10.65591880    -10.97975367    -10.99688526
      2.88312282     10.99853544     10.98145362     10.65247762     10.64222178     10.62429562     10.56068499     10.47945181     10.39520050     10.30088846     10.22597800     10.13687740     10.00405948      9.99102797      9.89718998      9.88216226      9.80590756      9.68204130      9.67188469      9.64351188      9.51233881      9.43241854      9.37323258      9.31665866      9.23284228      9.05317582      9.02532511      8.89748207      8.84256737      8.76874118      8.64244547      8.52697084      8.47425208      8.25006179      8.10306767      8.04527751      7.75443047      7.70363381      7.44956566      7.20440418      7.15860381      6.86536302      6.71849255      6.53442824      6.35645933      6.25332086      6.03678341      5.80192193      5.60794154      5.27454191      4.91335787      4.80333011      4.45951736      4.03190259      3.70070321      3.63579897      3.38471202      2.95506348      2.42999266      2.38217413      1.94559988      1.28912788      0.72761638      0.40797196      0.19562296     -0.19562516     -0.40796954     -0.72761619     -1.28912756     -1.94560411     -2.38216959     -2.42999015     -2.95506921     -3.38472384     -3.63578331     -3.70067431     -4.03195221     -4.45949478     -4.80334112     -4.91337591     -5.27448522     -5.60789233     -5.80200140     -6.03689351     -6.25330207     -6.35636343     -6.53430202     -6.71858947     -6.86544505     -7.15846403     -7.20453431     -7.44948804     -7.70371683     -7.75445066     -8.04523993     -8.10300136     -8.24995838     -8.47433344     -8.52701545     -8.64264237     -8.76881027     -8.84241910     -8.89730203     -9.02502460     -9.05349864     -9.23306195     -9.31663907     -9.37309355     -9.43224363     -9.51264957     -9.64294236     -9.67192554     -9.68237119     -9.80605504     -9.88204552     -9.89725628     -9.99085512    -10.00422943    -10.13676528    -10.22612471    -10.30079148    -10.39524219    -10.47944575    -10.56066638    -10.62430646    -10.64222261    -10.65247717    -10.98145367    -10.99853538
      2.89290842     11.00068300     10.98362218     10.64841400     10.63545918     10.62311269     10.56595541     10.46441822     10.42166960     10.29585221     10.20113731     10.14904139     10.00308787      9.97811412      9.90161944      9.87224313      9.81689577      9.71544299      9.67961596      9.62689618      9.52381817      9.43427876      9.37722432      9.31800997      9.21369151      9.08961523      8.99667234      8.90003427      8.81073785      8.79059940      8.67441623      8.51033044      8.45000853      8.23609953      8.14882744      7.94802361      7.76271056      7.66762704      7.51649165      7.26535287      7.16024101      6.86820032      6.72700688      6.54207255      6.35322360      6.19908195      6.05615499      5.78298290      5.61243160      5.24776273      4.92234523      4.79831314      4.45362203      4.04040513      3.74788268      3.64719252      3.37946417      2.89586209      2.44441182      2.42240033      1.90352823      1.28540029      0.75429699      0.41454588      0.17326256     -0.17326780     -0.41454401     -0.75428971     -1.28540133     -1.90354161     -2.42239800     -2.44440015     -2.89585534     -3.37947834     -3.64719634     -3.74785228     -4.04045613     -4.45358960     -4.79834245     -4.92235498     -5.24769440     -5.61240019     -5.78298143     -6.05626351     -6.19916493     -6.35311601     -6.54193940     -6.72720972     -6.86812569     -7.16018574     -7.26549623     -7.51639837     -7.66768397     -7.76256042     -7.94810864     -8.14880589     -8.23597397     -8.45004679     -8.51050096     -8.67429416     -8.79087585     -8.81066368     -8.89995591     -8.99655640     -9.08968445     -9.21399361     -9.31786083     -9.37689779     -9.43422577     -9.52418563     -9.62635643     -9.67968840     -9.71569420     -9.81699253     -9.87225351     -9.90159016     -9.97795421    -10.00329682    -10.14889290    -10.20132432    -10.29571621    -10.42170195    -10.46440810    -10.56594878    -10.62313885    -10.63545624    -10.64840473    -10.98362161    -11.00068356
      2.90269401     11.00292992     10.98585421     10.64523490     10.62886426     10.62121476     10.56692182     10.45370356     10.44173553     10.28931792     10.18829206     10.15481178     10.00181610      9.97310163      9.90324796      9.86251657      9.82774904      9.73929804      9.67999471      9.60402883      9.54926593      9.42375047      9.40044785      9.29898611      9.20413714      9.14936026      8.96929103      8.91601282      8.81982805      8.74716016      8.66687783      8.50926960      8.42774992      8.23267776      8.16368080      7.87188213      7.81117445      7.64071750      7.54401636      7.31162307      7.15106025      6.87753561      6.76437559      6.56529821      6.35677392      6.12666256      6.05809832      5.78268494      5.59801417      5.23001387      4.92757438      4.79658065      4.45118841      4.05897715      3.78633325      3.64993679      3.36282070      2.87083910      2.47016220      2.42414220      1.87142812      1.28422420      0.77482793      0.42501753      0.15370035     -0.15370809     -0.42501684     -0.77481284     -1.28422693     -1.87145032     -2.42413777     -2.47014704     -2.87082090     -3.36283324     -3.64994657     -3.78633407     -4.05900696     -4.45115510     -4.79662841     -4.92756529     -5.22994569     -5.59798717     -5.78263052     -6.05819639     -6.12671454     -6.35674375     -6.56534438     -6.76446069     -6.87736034     -7.15111414     -7.31178946     -7.54388844     -7.64060948     -7.81106115     -7.87199326     -8.16350535     -8.23276799     -8.42783499     -8.50946299     -8.66662720     -8.74711502     -8.81976934     -8.91647502     -8.96922888     -9.14962147     -9.20409601     -9.29855328     -9.40026304     -9.42378538     -9.54958361     -9.60359568     -9.67999215     -9.73952630     -9.82780062     -9.86254561     -9.90320564     -9.97300060    -10.00203050    -10.15474917    -10.18842006    -10.28914117    -10.44165100    -10.45379715    -10.56692411    -10.62125319    -10.62886397    -10.64521289    -10.98585300    -11.00293109
      2.91247961     11.00487304     10.98776747     10.64328000     10.62600640     10.61663591     10.56419575     10.46848364     10.43377461     10.28256655     10.19868829     10.14084803     10.00276038      9.97191544      9.90454343      9.87718801      9.82008324      9.74033437      9.67848311      9.58372681      9.56904476      9.43828563      9.38595301      9.29878435      9.24434109      9.16286456      8.95592910      8.92081427      8.81954372      8.74797570      8.61299691      8.50289587      8.41932445      8.21411915      8.16302871      7.93906455      7.76848043      7.66780635      7.50296679      7.32960948      7.13767555      6.90936026      6.81516143      6.57534915      6.35774773      6.12484401      5.99407317      5.79053058      5.57287253      5.23149107      4.92469603      4.79202555      4.45992395      4.08146592      3.80432811      3.65056640      3.34053369      2.88273364      2.46950717      2.42169328      1.85031686      1.28615370      0.78629768      0.43700037      0.14006691     -0.14007639     -0.43700138     -0.78627526     -1.28615792     -1.85034702     -2.42168295     -2.46949373     -2.88270329     -3.34054872     -3.65057914     -3.80435391     -4.08148863     -4.45986517     -4.79209984     -4.92468361     -5.23142278     -5.57279779     -5.79049196     -5.99412975     -6.12490938     -6.35775887     -6.57551393     -6.81511648     -6.90916604     -7.13781898     -7.32985948     -7.50261886     -7.66768016     -7.76861641     -7.93896199     -8.16283631     -8.21428547     -8.41939731     -8.50321964     -8.61264537     -8.74772314     -8.81959023     -8.92157709     -8.95581398     -9.16327742     -9.24386061     -9.29837469     -9.38597485     -9.43826342     -9.56927935     -9.58337650     -9.67840643     -9.74052547     -9.82014434     -9.87726496     -9.90448519     -9.97191071    -10.00290489    -10.14096381    -10.19868748    -10.28234667    -10.43370794    -10.46854120    -10.56421842    -10.61665663    -10.62603255    -10.64324568    -10.98776576    -11.00487471
      2.92226521     11.00618077     10.98905160     10.64212999     10.62637648     10.61121071     10.56037293     10.48214145     10.42443641     10.27726648     10.21091228     10.12794393     10.00092038      9.97356646      9.91656912      9.87637739      9.83145667      9.71627330      9.67279769      9.59421058      9.56452487      9.43382589      9.36882251      9.35121751      9.25698164      9.16366482      8.95991115      8.90862430      8.80993163      8.75709063      8.60291203      8.46410645      8.40353244      8.19555195      8.15941932      8.02089655      7.76391443      7.66933195      7.46861180      7.29959490      7.13683130      6.97625773      6.83092087      6.57677871      6.36495694      6.13390071      5.92534009      5.81162941      5.54184709      5.24971745      4.91732471      4.78203912      4.47746709      4.09721570      3.80897667      3.65063718      3.32007762      2.90845689      2.45913021      2.41718850      1.83895269      1.28931514      0.79044027      0.44677684      0.13267083     -0.13268128     -0.44677950     -0.79041257     -1.28932027     -1.83898864     -2.41716894     -2.45912305     -2.90841541     -3.32009912     -3.65065179     -3.80900815     -4.09725720     -4.47735138     -4.78215116     -4.91732861     -5.24964301     -5.54171229     -5.81163802     -5.92537313     -6.13397580     -6.36498142     -6.57695462     -6.83082388     -6.97609051     -7.13701995     -7.29989373     -7.46810289     -7.66940153     -7.76385425     -8.02088043     -8.15964445     -8.19517883     -8.40383803     -8.46420777     -8.60254992     -8.75688016     -8.81019278     -8.90911628     -8.96000760     -9.16393732     -9.25633402     -9.35102388     -9.36880958     -9.43390302     -9.56435313     -9.59417636     -9.67270156     -9.71643559     -9.83155119     -9.87646533     -9.91658489     -9.97354735    -10.00103201    -10.12812782    -10.21089690    -10.27700621    -10.42439025    -10.48215366    -10.56042915    -10.61121902    -10.62641506    -10.64208712    -10.98904957    -11.00618275
      2.93205081     11.00664081     10.98950330     10.64170922     10.62680124     10.60898716     10.55856975     10.48726825     10.42087823     10.27521575     10.21571480     10.12352647      9.99916217      9.97293898      9.92752283      9.86073505      9.84992620      9.69924960      9.66889008      9.61034681      9.55440953      9.41595108      9.39306195      9.36069081      9.25985691      9.16377847      8.96479066      8.89778704      8.80943777      8.75747362      8.60946163      8.45278064      8.37166693      8.21376493      8.13998152      8.05694351      7.77763319      7.65770547      7.46310463      7.25823253      7.15361060      7.01066035      6.83167207      6.57673996      6.36963145      6.13664394      5.88610189      5.83470122      5.52568774      5.26168184      4.91382917      4.77575096      4.48720737      4.10238539      3.80937021      3.65062167      3.31140356      2.92088406      2.45467872      2.41438479      1.83546128      1.29082314      0.79115745      0.45058712      0.13041632     -0.13042705     -0.45059050     -0.79112784     -1.29082854     -1.83549932     -2.41436037     -2.45467542     -2.92083752     -3.31142887     -3.65063697     -3.80940110     -4.10243937     -4.48705675     -4.77588652     -4.91384279     -5.26160544     -5.52552721     -5.83474853     -5.88610882     -6.13672436     -6.36965521     -6.57691051     -6.83157177     -7.01052006     -7.15378681     -7.25849185     -7.46261224     -7.65782807     -7.77747943     -8.05713982     -8.14010313     -8.21315079     -8.37229197     -8.45267006     -8.60910191     -8.75738919     -8.80976399     -8.89810041     -8.96498461     -9.16394500     -9.25928255     -9.36047960     -9.39311116     -9.41600244     -9.55422626     -9.61026225     -9.66879870     -9.69942952     -9.84992169     -9.86094516     -9.92757356     -9.97287433     -9.99927900    -10.12373045    -10.21570296    -10.27493753    -10.42083848    -10.48725953    -10.55864579    -10.60899131    -10.62684220    -10.64166316    -10.98950117    -11.00664290
