#   q (2pi/1)   energy n-th mode (meV)   energy n-1-th mode (meV)    ...
      0.00000000     11.41994750     11.41994750     11.10820375     11.10244474     10.96569599     10.96569599     10.84814822     10.84814822     10.63134565     10.63134565     10.62208952     10.62208952     10.45794951     10.39869252     10.39869252     10.21821397     10.21821397     10.07740244     10.07740244     10.05651746     10.03434530     10.03183741     10.03183741      9.59294181      9.59294181      9.27577565      9.25310025      9.06484311      9.05013300      8.56944593      8.56944593      8.45278511      8.45278511      8.19476990      8.18850723      8.04415557      8.04415557      8.00601750      8.00601750      8.00293111      8.00293111      7.04589018      7.04589018      6.40120570      6.40120570      5.66189701      5.66184181      4.98398407      4.98398407      4.86982270      4.86982270      4.64560719      4.64560719      4.54448463      4.54448463      2.57619843      2.57619843      2.17707225      2.16016364      1.89482553      1.89482553      0.47048194      0.47048194      0.00003580     -0.00003580     -0.47048194     -0.47048194     -1.89482553     -1.89482553     -2.16016364     -2.17707225     -2.57619843     -2.57619843     -4.54448463     -4.54448463     -4.64560719     -4.64560719     -4.86982270     -4.86982270     -4.98398407     -4.98398407     -5.66184181     -5.66189701     -6.40120570     -6.40120570     -7.04589018     -7.04589018     -8.00293111     -8.00293111     -8.00601750     -8.00601750     -8.04415557     -8.04415557     -8.18850723     -8.19476990     -8.45278511     -8.45278511     -8.56944593     -8.56944593     -9.05013300     -9.06484311     -9.25310025     -9.27577565     -9.59294181     -9.59294181    -10.03183741    -10.03183741    -10.03434530    -10.05651746    -10.07740244    -10.07740244    -10.21821397    -10.21821397    -10.39869252    -10.39869252    -10.45794951    -10.62208952    -10.62208952    -10.63134565    -10.63134565    -10.84814822    -10.84814822    -10.96569599    -10.96569599    -11.10244474    -11.10820375    -11.41994750    -11.41994750
      0.00978560     11.41815303     11.41815303     11.10813936     11.10251050     10.96533448     10.96533448     10.85333776     10.85333776     10.64728026     10.64728026     10.60553506     10.60553506     10.45117751     10.42142495     10.42142495     10.21940946     10.21940946     10.06162531     10.06162531     10.05627184     10.03460101     10.00122724     10.00122724      9.59270024      9.59270024      9.27551433      9.25335163      9.23290860      8.87243370      8.56947450      8.56947450      8.49059235      8.49059235      8.23007075      8.23007075      8.19469837      8.18857723      7.97407427      7.97407427      7.81192406      7.81192406      7.04588947      7.04588947      6.40559926      6.40559926      5.91872039      5.40467084      5.07559003      5.07559003      4.86982221      4.86982221      4.56329670      4.56329670      4.54386653      4.54386653      2.58377674      2.58377674      2.36937982      1.97524599      1.89485959      1.89485959      0.46793200      0.46793200      0.11579781     -0.11579781     -0.46793200     -0.46793200     -1.89485959     -1.89485959     -1.97524599     -2.36937982     -2.58377674     -2.58377674     -4.54386653     -4.54386653     -4.56329670     -4.56329670     -4.86982221     -4.86982221     -5.07559003     -5.07559003     -5.40467084     -5.91872039     -6.40559926     -6.40559926     -7.04588947     -7.04588947     -7.81192406     -7.81192406     -7.97407427     -7.97407427     -8.18857723     -8.19469837     -8.23007075     -8.23007075     -8.49059235     -8.49059235     -8.56947450     -8.56947450     -8.87243370     -9.23290860     -9.25335163     -9.27551433     -9.59270024     -9.59270024    -10.00122724    -10.00122724    -10.03460101    -10.05627184    -10.06162531    -10.06162531    -10.21940946    -10.21940946    -10.42142495    -10.42142495    -10.45117751    -10.60553506    -10.60553506    -10.64728026    -10.64728026    -10.85333776    -10.85333776    -10.96533448    -10.96533448    -11.10251050    -11.10813936    -11.41815303    -11.41815303
      0.01957120     11.41299081     11.41299081     11.10794901     11.10270470     10.96430181     10.96430181     10.86728857     10.86728857     10.66579513     10.66579513     10.58522764     10.58522764     10.47362805     10.47362805     10.43088048     10.22283718     10.22283718     10.05554548     10.03535587     10.01603459     10.01603459      9.92522808      9.92522808      9.59202037      9.59202037      9.39798226      9.27474290      9.25409503      8.67848491      8.58205838      8.58205838      8.56955513      8.56955513      8.42908324      8.42908324      8.19448711      8.18878416      7.90058871      7.90058871      7.59757137      7.59757137      7.04588746      7.04588746      6.41822375      6.41822375      6.17454029      5.25197953      5.25197953      5.14780342      4.86982083      4.86982083      4.54212755      4.54212755      4.41530399      4.41530399      2.60570894      2.60570894      2.57701569      1.89495568      1.89495568      1.78970884      0.46071454      0.46071454      0.23268653     -0.23268653     -0.46071454     -0.46071454     -1.78970884     -1.89495568     -1.89495568     -2.57701569     -2.60570894     -2.60570894     -4.41530399     -4.41530399     -4.54212755     -4.54212755     -4.86982083     -4.86982083     -5.14780342     -5.25197953     -5.25197953     -6.17454029     -6.41822375     -6.41822375     -7.04588746     -7.04588746     -7.59757137     -7.59757137     -7.90058871     -7.90058871     -8.18878416     -8.19448711     -8.42908324     -8.42908324     -8.56955513     -8.56955513     -8.58205838     -8.58205838     -8.67848491     -9.25409503     -9.27474290     -9.39798226     -9.59202037     -9.59202037     -9.92522808     -9.92522808    -10.01603459    -10.01603459    -10.03535587    -10.05554548    -10.22283718    -10.22283718    -10.43088048    -10.47362805    -10.47362805    -10.58522764    -10.58522764    -10.66579513    -10.66579513    -10.86728857    -10.86728857    -10.96430181    -10.96430181    -11.10270470    -11.10794901    -11.41299081    -11.41299081
      0.02935679     11.40513429     11.40513429     11.10764105     11.10301832     10.96275148     10.96275148     10.88617266     10.88617266     10.68258410     10.68258410     10.56568210     10.56568210     10.53347294     10.53347294     10.39711526     10.22802344     10.22802344     10.05436945     10.03657368      9.94487149      9.94487149      9.82517246      9.82517246      9.59102745      9.59102745      9.55252386      9.27349827      9.25529855      8.69864620      8.69864620      8.62139962      8.62139962      8.56967344      8.56967344      8.47590565      8.19414598      8.18911896      7.81529060      7.81529060      7.37942998      7.37942998      7.04588452      7.04588452      6.43740383      6.43740383      6.42864356      5.45141214      5.45141214      4.89193839      4.86981880      4.86981880      4.53958955      4.53958955      4.26500604      4.26500604      2.79155035      2.63953656      2.63953656      1.89509667      1.89509667      1.61176808      0.45005960      0.45005960      0.35172935     -0.35172935     -0.45005960     -0.45005960     -1.61176808     -1.89509667     -1.89509667     -2.63953656     -2.63953656     -2.79155035     -4.26500604     -4.26500604     -4.53958955     -4.53958955     -4.86981880     -4.86981880     -4.89193839     -5.45141214     -5.45141214     -6.42864356     -6.43740383     -6.43740383     -7.04588452     -7.04588452     -7.37942998     -7.37942998     -7.81529060     -7.81529060     -8.18911896     -8.19414598     -8.47590565     -8.56967344     -8.56967344     -8.62139962     -8.62139962     -8.69864620     -8.69864620     -9.25529855     -9.27349827     -9.55252386     -9.59102745     -9.59102745     -9.82517246     -9.82517246     -9.94487149     -9.94487149    -10.03657368    -10.05436945    -10.22802344    -10.22802344    -10.39711526    -10.53347294    -10.53347294    -10.56568210    -10.56568210    -10.68258410    -10.68258410    -10.88617266    -10.88617266    -10.96275148    -10.96275148    -11.10301832    -11.10764105    -11.40513429    -11.40513429
      0.03914239     11.39572407     11.39572407     11.10722904     11.10343678     10.96092978     10.96092978     10.90582825     10.90582825     10.69691930     10.69691930     10.58936371     10.58936371     10.54799606     10.54799606     10.34997642     10.23419176     10.23419176     10.05279431     10.03819641      9.85319181      9.85319181      9.71181914      9.71181914      9.69606484      9.58990219      9.58990219      9.27183964      9.25691037      8.82657023      8.82657023      8.80536345      8.80536345      8.56980833      8.56980833      8.26529555      8.19369082      8.18956690      7.73401767      7.73401767      7.15856516      7.15856516      7.04588117      7.04588117      6.68034513      6.46034497      6.46034497      5.66101515      5.66101515      4.86981648      4.86981648      4.63773657      4.53671568      4.53671568      4.12834810      4.12834810      3.01257372      2.68097664      2.68097664      1.89525739      1.89525739      1.44147642      0.47393584      0.43780618      0.43780618     -0.43780618     -0.43780618     -0.47393584     -1.44147642     -1.89525739     -1.89525739     -2.68097664     -2.68097664     -3.01257372     -4.12834810     -4.12834810     -4.53671568     -4.53671568     -4.63773657     -4.86981648     -4.86981648     -5.66101515     -5.66101515     -6.46034497     -6.46034497     -6.68034513     -7.04588117     -7.04588117     -7.15856516     -7.15856516     -7.73401767     -7.73401767     -8.18956690     -8.19369082     -8.26529555     -8.56980833     -8.56980833     -8.80536345     -8.80536345     -8.82657023     -8.82657023     -9.25691037     -9.27183964     -9.58990219     -9.58990219     -9.69606484     -9.71181914     -9.71181914     -9.85319181     -9.85319181    -10.03819641    -10.05279431    -10.23419176    -10.23419176    -10.34997642    -10.54799606    -10.54799606    -10.58936371    -10.58936371    -10.69691930    -10.69691930    -10.90582825    -10.90582825    -10.96092978    -10.96092978    -11.10343678    -11.10722904    -11.39572407    -11.39572407
      0.04892799     11.38633633     11.38633633     11.10673116     11.10394074     10.95915253     10.95915253     10.92290038     10.92290038     10.70819530     10.70819530     10.63528104     10.63528104     10.53331814     10.53331814     10.28959595     10.24030463     10.24030463     10.05088823     10.04014739      9.82819704      9.74637368      9.74637368      9.59005605      9.59005605      9.58884623      9.58884623      9.26984526      9.25886059      8.97850386      8.97850386      8.95973030      8.95973030      8.56993570      8.56993570      8.19314269      8.19010823      8.04724559      7.66575826      7.66575826      7.04587801      7.04587801      6.93587889      6.93587889      6.92896290      6.48322659      6.48322659      5.87659356      5.87659356      4.86981429      4.86981429      4.53402111      4.53402111      4.38584534      4.01445388      4.01445388      3.23966107      2.72366513      2.72366513      1.89540911      1.89540911      1.27875571      0.60023954      0.42611763      0.42611763     -0.42611763     -0.42611763     -0.60023954     -1.27875571     -1.89540911     -1.89540911     -2.72366513     -2.72366513     -3.23966107     -4.01445388     -4.01445388     -4.38584534     -4.53402111     -4.53402111     -4.86981429     -4.86981429     -5.87659356     -5.87659356     -6.48322659     -6.48322659     -6.92896290     -6.93587889     -6.93587889     -7.04587801     -7.04587801     -7.66575826     -7.66575826     -8.04724559     -8.19010823     -8.19314269     -8.56993570     -8.56993570     -8.95973030     -8.95973030     -8.97850386     -8.97850386     -9.25886059     -9.26984526     -9.58884623     -9.58884623     -9.59005605     -9.59005605     -9.74637368     -9.74637368     -9.82819704    -10.04014739    -10.05088823    -10.24030463    -10.24030463    -10.28959595    -10.53331814    -10.53331814    -10.63528104    -10.63528104    -10.70819530    -10.70819530    -10.92290038    -10.92290038    -10.95915253    -10.95915253    -11.10394074    -11.10673116    -11.38633633    -11.38633633
      0.05871359     11.37881086     11.37881086     11.10616952     11.10450701     10.95775811     10.95775811     10.93509656     10.93509656     10.71587938     10.71587938     10.66736379     10.66736379     10.52285977     10.52285977     10.24518062     10.24518062     10.21614292     10.04873440     10.04233540      9.94854893      9.63265212      9.63265212      9.58804580      9.58804580      9.46252544      9.46252544      9.26760825      9.26106398      9.13457079      9.13457079      9.09491463      9.09491463      8.57003276      8.57003276      8.19252681      8.19071891      7.82236135      7.61711397      7.61711397      7.17382016      7.04587560      7.04587560      6.71240651      6.71240651      6.50158982      6.50158982      6.09585213      6.09585213      4.86981263      4.86981263      4.53198012      4.53198012      4.13689540      3.93242840      3.93242840      3.47234856      2.75918707      2.75918707      1.89552470      1.89552470      1.12341939      0.73148006      0.41712360      0.41712360     -0.41712360     -0.41712360     -0.73148006     -1.12341939     -1.89552470     -1.89552470     -2.75918707     -2.75918707     -3.47234856     -3.93242840     -3.93242840     -4.13689540     -4.53198012     -4.53198012     -4.86981263     -4.86981263     -6.09585213     -6.09585213     -6.50158982     -6.50158982     -6.71240651     -6.71240651     -7.04587560     -7.04587560     -7.17382016     -7.61711397     -7.61711397     -7.82236135     -8.19071891     -8.19252681     -8.57003276     -8.57003276     -9.09491463     -9.09491463     -9.13457079     -9.13457079     -9.26106398     -9.26760825     -9.46252544     -9.46252544     -9.58804580     -9.58804580     -9.63265212     -9.63265212     -9.94854893    -10.04233540    -10.04873440    -10.21614292    -10.24518062    -10.24518062    -10.52285977    -10.52285977    -10.66736379    -10.66736379    -10.71587938    -10.71587938    -10.93509656    -10.93509656    -10.95775811    -10.95775811    -11.10450701    -11.10616952    -11.37881086    -11.37881086
      0.06849918     11.37484769     11.37484769     11.10556917     11.10510971     10.95703498     10.95703498     10.94105942     10.94105942     10.71956274     10.71956274     10.68295822     10.68295822     10.51769699     10.51769699     10.24774138     10.24774138     10.12982299     10.05678317     10.04642781     10.04465936      9.58764022      9.58764022      9.54010398      9.54010398      9.33121766      9.33121766      9.26523187      9.26342327      9.24664996      9.24664996      9.22984768      9.22984768      8.57008210      8.57008210      8.19187137      8.19137172      7.59314891      7.59314891      7.59126462      7.41424781      7.04587438      7.04587438      6.51127562      6.51127562      6.49124572      6.49124572      6.31514219      6.31514219      4.86981178      4.86981178      4.53094641      4.53094641      3.89149747      3.89143632      3.89143632      3.71013418      2.77848501      2.77848501      1.89558346      1.89558346      0.97517009      0.86839028      0.41251883      0.41251883     -0.41251883     -0.41251883     -0.86839028     -0.97517009     -1.89558346     -1.89558346     -2.77848501     -2.77848501     -3.71013418     -3.89143632     -3.89143632     -3.89149747     -4.53094641     -4.53094641     -4.86981178     -4.86981178     -6.31514219     -6.31514219     -6.49124572     -6.49124572     -6.51127562     -6.51127562     -7.04587438     -7.04587438     -7.41424781     -7.59126462     -7.59314891     -7.59314891     -8.19137172     -8.19187137     -8.57008210     -8.57008210     -9.22984768     -9.22984768     -9.24664996     -9.24664996     -9.26342327     -9.26523187     -9.33121766     -9.33121766     -9.54010398     -9.54010398     -9.58764022     -9.58764022    -10.04465936    -10.04642781    -10.05678317    -10.12982299    -10.24774138    -10.24774138    -10.51769699    -10.51769699    -10.68295822    -10.68295822    -10.71956274    -10.71956274    -10.94105942    -10.94105942    -10.95703498    -10.95703498    -11.10510971    -11.10556917    -11.37484769    -11.37484769
      0.07828478     11.37543305     11.37543305     11.10572143     11.10495710     10.95714129     10.95714129     10.94019730     10.94019730     10.71903257     10.71903257     10.68070500     10.68070500     10.51844650     10.51844650     10.24736342     10.24736342     10.15259664     10.04701324     10.04407138     10.03087780      9.58769944      9.58769944      9.55732852      9.55732852      9.36424818      9.36424818      9.26583314      9.26282449      9.22664396      9.22664396      9.19629727      9.19629727      8.57007489      8.57007489      8.19203732      8.19120615      7.64958663      7.59662541      7.59662541      7.35459241      7.04587456      7.04587456      6.54562684      6.54562684      6.50984419      6.50984419      6.26102486      6.26102486      4.86981191      4.86981191      4.53109733      4.53109733      3.95248141      3.89741426      3.89741426      3.65023861      2.77560555      2.77560555      1.89557487      1.89557487      1.01158856      0.83359537      0.41319328      0.41319328     -0.41319328     -0.41319328     -0.83359537     -1.01158856     -1.89557487     -1.89557487     -2.77560555     -2.77560555     -3.65023861     -3.89741426     -3.89741426     -3.95248141     -4.53109733     -4.53109733     -4.86981191     -4.86981191     -6.26102486     -6.26102486     -6.50984419     -6.50984419     -6.54562684     -6.54562684     -7.04587456     -7.04587456     -7.35459241     -7.59662541     -7.59662541     -7.64958663     -8.19120615     -8.19203732     -8.57007489     -8.57007489     -9.19629727     -9.19629727     -9.22664396     -9.22664396     -9.26282449     -9.26583314     -9.36424818     -9.36424818     -9.55732852     -9.55732852     -9.58769944     -9.58769944    -10.03087780    -10.04407138    -10.04701324    -10.15259664    -10.24736342    -10.24736342    -10.51844650    -10.51844650    -10.68070500    -10.68070500    -10.71903257    -10.71903257    -10.94019730    -10.94019730    -10.95714129    -10.95714129    -11.10495710    -11.10572143    -11.37543305    -11.37543305
      0.08807038     11.38041707     11.38041707     11.10631458     11.10436098     10.95805341     10.95805341     10.93259306     10.93259306     10.71432026     10.71432026     10.66080488     10.66080488     10.52501476     10.52501476     10.24414148     10.24414148     10.23572110     10.04929105     10.04177158      9.91958439      9.66091952      9.66091952      9.58821328      9.58821328      9.49484174      9.49484174      9.26818472      9.26049455      9.09788893      9.09788893      9.06105480      9.06105480      8.57001241      8.57001241      8.19268563      8.19056118      7.87918939      7.62712860      7.62712860      7.11299514      7.04587611      7.04587611      6.76827270      6.76827270      6.49766776      6.49766776      6.04080552      6.04080552      4.86981298      4.86981298      4.53240707      4.53240707      4.19882337      3.94942539      3.94942539      3.41367851      2.75149018      2.75149018      1.89550047      1.89550047      1.16157551      0.69816511      0.41901558      0.41901558     -0.41901558     -0.41901558     -0.69816511     -1.16157551     -1.89550047     -1.89550047     -2.75149018     -2.75149018     -3.41367851     -3.94942539     -3.94942539     -4.19882337     -4.53240707     -4.53240707     -4.86981298     -4.86981298     -6.04080552     -6.04080552     -6.49766776     -6.49766776     -6.76827270     -6.76827270     -7.04587611     -7.04587611     -7.11299514     -7.62712860     -7.62712860     -7.87918939     -8.19056118     -8.19268563     -8.57001241     -8.57001241     -9.06105480     -9.06105480     -9.09788893     -9.09788893     -9.26049455     -9.26818472     -9.49484174     -9.49484174     -9.58821328     -9.58821328     -9.66091952     -9.66091952     -9.91958439    -10.04177158    -10.04929105    -10.23572110    -10.24414148    -10.24414148    -10.52501476    -10.52501476    -10.66080488    -10.66080488    -10.71432026    -10.71432026    -10.93259306    -10.93259306    -10.95805341    -10.95805341    -11.10436098    -11.10631458    -11.38041707    -11.38041707
      0.09785598     11.38858215     11.38858215     11.10686253     11.10380794     10.95957395     10.95957395     10.91901736     10.91901736     10.70569382     10.70569382     10.62497044     10.62497044     10.53663919     10.53663919     10.30592385     10.23884556     10.23884556     10.05139146     10.03963365      9.79625446      9.77415421      9.77415421      9.62112013      9.62112013      9.58909295      9.58909295      9.27037045      9.25834574      8.93645271      8.93645271      8.92615197      8.92615197      8.56990587      8.56990587      8.19328712      8.18996539      8.10242273      7.68121743      7.68121743      7.04587875      7.04587875      6.99166998      6.99166998      6.86713469      6.47775122      6.47775122      5.82227574      5.82227574      4.86981481      4.86981481      4.53465049      4.53465049      4.44856672      4.04030935      4.04030935      3.18234542      2.71330659      2.71330659      1.89537358      1.89537358      1.31873445      0.56823184      0.42886606      0.42886606     -0.42886606     -0.42886606     -0.56823184     -1.31873445     -1.89537358     -1.89537358     -2.71330659     -2.71330659     -3.18234542     -4.04030935     -4.04030935     -4.44856672     -4.53465049     -4.53465049     -4.86981481     -4.86981481     -5.82227574     -5.82227574     -6.47775122     -6.47775122     -6.86713469     -6.99166998     -6.99166998     -7.04587875     -7.04587875     -7.68121743     -7.68121743     -8.10242273     -8.18996539     -8.19328712     -8.56990587     -8.56990587     -8.92615197     -8.92615197     -8.93645271     -8.93645271     -9.25834574     -9.27037045     -9.58909295     -9.58909295     -9.62112013     -9.62112013     -9.77415421     -9.77415421     -9.79625446    -10.03963365    -10.05139146    -10.23884556    -10.23884556    -10.30592385    -10.53663919    -10.53663919    -10.62497044    -10.62497044    -10.70569382    -10.70569382    -10.91901736    -10.91901736    -10.95957395    -10.95957395    -11.10380794    -11.10686253    -11.38858215    -11.38858215
      0.10764158     11.39814262     11.39814262     11.10734088     11.10332332     10.96139422     10.96139422     10.90104385     10.90104385     10.69359969     10.69359969     10.57614230     10.57614230     10.55218229     10.55218229     10.36300832     10.23261061     10.23261061     10.05322207     10.03775667      9.87775386      9.87775386      9.74108150      9.74108150      9.66123389      9.59018489      9.59018489      9.27228912      9.25647267      8.79393096      8.79393096      8.76026228      8.76026228      8.56977436      8.56977436      8.31866886      8.19381423      8.18944531      7.75340894      7.75340894      7.21398763      7.21398763      7.04588202      7.04588202      6.61768227      6.45445057      6.45445057      5.60794298      5.60794298      4.86981706      4.86981706      4.70109544      4.53743745      4.53743745      4.16071743      4.16071743      2.95673214      2.67021326      2.67021326      1.89521692      1.89521691      1.48333465      0.44303508      0.44090348      0.44090348     -0.44090348     -0.44090348     -0.44303508     -1.48333465     -1.89521691     -1.89521692     -2.67021326     -2.67021326     -2.95673214     -4.16071743     -4.16071743     -4.53743745     -4.53743745     -4.70109544     -4.86981706     -4.86981706     -5.60794298     -5.60794298     -6.45445057     -6.45445057     -6.61768227     -7.04588202     -7.04588202     -7.21398763     -7.21398763     -7.75340894     -7.75340894     -8.18944531     -8.19381423     -8.31866886     -8.56977436     -8.56977436     -8.76026228     -8.76026228     -8.79393096     -8.79393096     -9.25647267     -9.27228912     -9.59018489     -9.59018489     -9.66123389     -9.74108150     -9.74108150     -9.87775386     -9.87775386    -10.03775667    -10.05322207    -10.23261061    -10.23261061    -10.36300832    -10.55218229    -10.55218229    -10.57614230    -10.57614230    -10.69359969    -10.69359969    -10.90104385    -10.90104385    -10.96139422    -10.96139422    -11.10332332    -11.10734088    -11.39814262    -11.39814262
      0.11742717     11.40729663     11.40729663     11.10772841     11.10292943     10.96317556     10.96317556     10.88122562     10.88122562     10.67859182     10.67859182     10.57043663     10.57043663     10.51856617     10.51856617     10.40681468     10.22659953     10.22659953     10.05470317     10.03622865      9.96478583      9.96478583      9.85171084      9.85171084      9.59129579      9.59129579      9.51490291      9.27385091      9.25495705      8.66808656      8.66808656      8.57403561      8.57403561      8.56964140      8.56964140      8.52732623      8.19424267      8.18902399      7.83668292      7.83668292      7.43425628      7.43425628      7.04588532      7.04588532      6.43212819      6.43212819      6.36531617      5.40034729      5.40034729      4.95577433      4.86981935      4.86981935      4.54027525      4.54027525      4.30170353      4.30170353      2.73729256      2.63016514      2.63016514      1.89505849      1.89505849      1.65553554      0.45295305      0.45295305      0.32171034     -0.32171034     -0.45295305     -0.45295305     -1.65553554     -1.89505849     -1.89505849     -2.63016514     -2.63016514     -2.73729256     -4.30170353     -4.30170353     -4.54027525     -4.54027525     -4.86981935     -4.86981935     -4.95577433     -5.40034729     -5.40034729     -6.36531617     -6.43212819     -6.43212819     -7.04588532     -7.04588532     -7.43425628     -7.43425628     -7.83668292     -7.83668292     -8.18902399     -8.19424267     -8.52732623     -8.56964140     -8.56964140     -8.57403561     -8.57403561     -8.66808656     -8.66808656     -9.25495705     -9.27385091     -9.51490291     -9.59129579     -9.59129579     -9.85171084     -9.85171084     -9.96478583     -9.96478583    -10.03622865    -10.05470317    -10.22659953    -10.22659953    -10.40681468    -10.51856617    -10.51856617    -10.57043663    -10.57043663    -10.67859182    -10.67859182    -10.88122562    -10.88122562    -10.96317556    -10.96317556    -11.10292943    -11.10772841    -11.40729663    -11.40729663
      0.12721277     11.41456817     11.41456817     11.10800804     11.10264451     10.96461620     10.96461620     10.86316978     10.86316978     10.66129324     10.66129324     10.59027877     10.59027877     10.45919893     10.45919893     10.43722025     10.22179156     10.22179156     10.05577078     10.03512195     10.03002040     10.03002040      9.94711986      9.94711986      9.59222577      9.59222577      9.35768039      9.27498196      9.25386444      8.72780603      8.56953074      8.56953074      8.55600806      8.55600806      8.37989070      8.37989070      8.19455259      8.18871999      7.92095706      7.92095706      7.65156875      7.65156875      7.04588807      7.04588807      6.41436836      6.41436836      6.11071946      5.21195237      5.20476379      5.20476379      4.86982125      4.86982125      4.54265281      4.54265281      4.45356176      4.45356176      2.59898525      2.59898525      2.52444287      1.89492661      1.89492661      1.83538727      0.46290146      0.46290146      0.20330321     -0.20330321     -0.46290146     -0.46290146     -1.83538727     -1.89492661     -1.89492661     -2.52444287     -2.59898525     -2.59898525     -4.45356176     -4.45356176     -4.54265281     -4.54265281     -4.86982125     -4.86982125     -5.20476379     -5.20476379     -5.21195237     -6.11071946     -6.41436836     -6.41436836     -7.04588807     -7.04588807     -7.65156875     -7.65156875     -7.92095706     -7.92095706     -8.18871999     -8.19455259     -8.37989070     -8.37989070     -8.55600806     -8.55600806     -8.56953074     -8.56953074     -8.72780603     -9.25386444     -9.27498196     -9.35768039     -9.59222577     -9.59222577     -9.94711986     -9.94711986    -10.03002040    -10.03002040    -10.03512195    -10.05577078    -10.22179156    -10.22179156    -10.43722025    -10.45919893    -10.45919893    -10.59027877    -10.59027877    -10.66129324    -10.66129324    -10.86316978    -10.86316978    -10.96461620    -10.96461620    -11.10264451    -11.10800804    -11.41456817    -11.41456817
      0.13699837     11.41893361     11.41893361     11.10816747     11.10248180     10.96549158     10.96549158     10.85110358     10.85110358     10.64252925     10.64252925     10.61055590     10.61055590     10.45413987     10.41194450     10.41194450     10.21888969     10.21888969     10.06848913     10.06848913     10.05637908     10.03448939     10.01415752     10.01415752      9.59280499      9.59280499      9.27562840      9.25324187      9.19007126      8.91948530      8.56946211      8.56946211      8.47470419      8.47470419      8.19472959      8.18854667      8.17955486      8.17955486      7.98738903      7.98738903      7.86466888      7.86466888      7.04588978      7.04588978      6.40368847      6.40368847      5.85457756      5.46896584      5.03980342      5.03980342      4.86982243      4.86982243      4.59500632      4.59500632      4.54413453      4.54413453      2.58047758      2.58047758      2.31861447      2.02277971      1.89484481      1.89484481      0.46903857      0.46903857      0.08678844     -0.08678844     -0.46903857     -0.46903857     -1.89484481     -1.89484481     -2.02277971     -2.31861447     -2.58047758     -2.58047758     -4.54413453     -4.54413453     -4.59500632     -4.59500632     -4.86982243     -4.86982243     -5.03980342     -5.03980342     -5.46896584     -5.85457756     -6.40368847     -6.40368847     -7.04588978     -7.04588978     -7.86466888     -7.86466888     -7.98738903     -7.98738903     -8.17955486     -8.17955486     -8.18854667     -8.19472959     -8.47470419     -8.47470419     -8.56946211     -8.56946211     -8.91948530     -9.19007126     -9.25324187     -9.27562840     -9.59280499     -9.59280499    -10.01415752    -10.01415752    -10.03448939    -10.05637908    -10.06848913    -10.06848913    -10.21888969    -10.21888969    -10.41194450    -10.41194450    -10.45413987    -10.61055590    -10.61055590    -10.64252925    -10.64252925    -10.85110358    -10.85110358    -10.96549158    -10.96549158    -11.10248180    -11.10816747    -11.41893361    -11.41893361
      0.14678397     11.41983428     11.41983428     11.10819971     11.10244887     10.96567314     10.96567314     10.84848131     10.84848131     10.63359596     10.63359596     10.61980014     10.61980014     10.45752617     10.40023205     10.40023205     10.21828947     10.21828947     10.07640705     10.07640705     10.05650206     10.03436134     10.02980631     10.02980631      9.59292648      9.59292648      9.27575925      9.25311601      9.10282492      9.01154895      8.56944774      8.56944774      8.45531566      8.45531566      8.19476541      8.18851162      8.07936438      8.07936438      8.00385158      8.00385158      7.96740435      7.96740435      7.04589013      7.04589013      6.40148301      6.40148301      5.72614139      5.59757574      4.99099360      4.99099360      4.86982267      4.86982267      4.63917620      4.63917620      4.54444542      4.54444542      2.57667596      2.57667596      2.21879928      2.11889882      1.89482769      1.89482769      0.47032042      0.47032042      0.02890664     -0.02890664     -0.47032042     -0.47032042     -1.89482769     -1.89482769     -2.11889882     -2.21879928     -2.57667596     -2.57667596     -4.54444542     -4.54444542     -4.63917620     -4.63917620     -4.86982267     -4.86982267     -4.99099360     -4.99099360     -5.59757574     -5.72614139     -6.40148301     -6.40148301     -7.04589013     -7.04589013     -7.96740435     -7.96740435     -8.00385158     -8.00385158     -8.07936438     -8.07936438     -8.18851162     -8.19476541     -8.45531566     -8.45531566     -8.56944774     -8.56944774     -9.01154895     -9.10282492     -9.25311601     -9.27575925     -9.59292648     -9.59292648    -10.02980631    -10.02980631    -10.03436134    -10.05650206    -10.07640705    -10.07640705    -10.21828947    -10.21828947    -10.40023205    -10.40023205    -10.45752617    -10.61980014    -10.61980014    -10.63359596    -10.63359596    -10.84848131    -10.84848131    -10.96567314    -10.96567314    -11.10244887    -11.10819971    -11.41983428    -11.41983428
      0.15656956     11.41715977     11.41715977     11.10810334     11.10254726     10.96513494     10.96513494     10.85613086     10.85613086     10.65201566     10.65201566     10.60045586     10.60045586     10.44736965     10.43274070     10.43274070     10.22007028     10.22007028     10.05613445     10.05288546     10.05288546     10.03474395      9.98546840      9.98546840      9.59256770      9.59256770      9.27536825      9.27513316      9.25349224      8.82479206      8.56949019      8.56949019      8.50981213      8.50981213      8.28034684      8.28034684      8.19465838      8.18861638      7.95818126      7.95818126      7.75877928      7.75877928      7.04588908      7.04588908      6.40802996      6.40802996      5.98279880      5.34039657      5.11584940      5.11584940      4.86982194      4.86982194      4.54352745      4.54352745      4.52830278      4.52830278      2.58798102      2.58798102      2.42061624      1.92816120      1.89487829      1.89487829      0.46652974      0.46652974      0.14487550     -0.14487550     -0.46652974     -0.46652974     -1.89487829     -1.89487829     -1.92816120     -2.42061624     -2.58798102     -2.58798102     -4.52830278     -4.52830278     -4.54352745     -4.54352745     -4.86982194     -4.86982194     -5.11584940     -5.11584940     -5.34039657     -5.98279880     -6.40802996     -6.40802996     -7.04588908     -7.04588908     -7.75877928     -7.75877928     -7.95818126     -7.95818126     -8.18861638     -8.19465838     -8.28034684     -8.28034684     -8.50981213     -8.50981213     -8.56949019     -8.56949019     -8.82479206     -9.25349224     -9.27513316     -9.27536825     -9.59256770     -9.59256770     -9.98546840     -9.98546840    -10.03474395    -10.05288546    -10.05288546    -10.05613445    -10.22007028    -10.22007028    -10.43274070    -10.43274070    -10.44736965    -10.60045586    -10.60045586    -10.65201566    -10.65201566    -10.85613086    -10.85613086    -10.96513494    -10.96513494    -11.10254726    -11.10810334    -11.41715977    -11.41715977
      0.16635516     11.41124274     11.41124274     11.10788260     11.10277239     10.96395461     10.96395461     10.87171663     10.87171663     10.67018664     10.67018664     10.58022584     10.58022584     10.48847513     10.48847513     10.42369877     10.22399420     10.22399420     10.05529198     10.03561883     10.00044743     10.00044743      9.90189410      9.90189410      9.59179513      9.59179513      9.43762499      9.27447415      9.25435447      8.62862502      8.60959510      8.60959510      8.56958191      8.56958191      8.47785380      8.47785380      8.19441349      8.18885636      7.87956157      7.87956157      7.54334218      7.54334218      7.04588680      7.04588680      6.42249438      6.42249438      6.23825383      5.30047349      5.30047349      5.08371718      4.86982037      4.86982037      4.54155165      4.54155165      4.37705720      4.37705720      2.63001906      2.61318492      2.61318492      1.89498760      1.89498760      1.74450651      0.45830974      0.45830974      0.26220475     -0.26220475     -0.45830974     -0.45830974     -1.74450651     -1.89498760     -1.89498760     -2.61318492     -2.61318492     -2.63001906     -4.37705720     -4.37705720     -4.54155165     -4.54155165     -4.86982037     -4.86982037     -5.08371718     -5.30047349     -5.30047349     -6.23825383     -6.42249438     -6.42249438     -7.04588680     -7.04588680     -7.54334218     -7.54334218     -7.87956157     -7.87956157     -8.18885636     -8.19441349     -8.47785380     -8.47785380     -8.56958191     -8.56958191     -8.60959510     -8.60959510     -8.62862502     -9.25435447     -9.27447415     -9.43762499     -9.59179513     -9.59179513     -9.90189410     -9.90189410    -10.00044743    -10.00044743    -10.03561883    -10.05529198    -10.22399420    -10.22399420    -10.42369877    -10.48847513    -10.48847513    -10.58022584    -10.58022584    -10.67018664    -10.67018664    -10.87171663    -10.87171663    -10.96395461    -10.96395461    -11.10277239    -11.10788260    -11.41124274    -11.41124274
      0.17614076     11.40287263     11.40287263     11.10754717     11.10311378     10.96231008     10.96231008     10.89116336     10.89116336     10.68642265     10.68642265     10.56104328     10.56104328     10.54810817     10.54810817     10.38657981     10.22951006     10.22951006     10.05401071     10.03694410      9.92367477      9.92367477      9.79782893      9.79782893      9.59075074      9.59075074      9.58945705      9.27311967      9.25566567      8.72988088      8.72988088      8.66824514      8.66824514      8.56970653      8.56970653      8.42398313      8.19404214      8.18922103      7.79417907      7.79417907      7.32443385      7.32443385      7.04588370      7.04588370      6.49182082      6.44291972      6.44291972      5.50308326      5.50308326      4.86981823      4.86981823      4.82820647      4.53888260      4.53888260      4.22918122      4.22918122      2.84621383      2.64939402      2.64939402      1.89513610      1.89513610      1.56847924      0.44706461      0.44706461      0.38194646     -0.38194646     -0.44706461     -0.44706461     -1.56847924     -1.89513610     -1.89513610     -2.64939402     -2.64939402     -2.84621383     -4.22918122     -4.22918122     -4.53888260     -4.53888260     -4.82820647     -4.86981823     -4.86981823     -5.50308326     -5.50308326     -6.44291972     -6.44291972     -6.49182082     -7.04588370     -7.04588370     -7.32443385     -7.32443385     -7.79417907     -7.79417907     -8.18922103     -8.19404214     -8.42398313     -8.56970653     -8.56970653     -8.66824514     -8.66824514     -8.72988088     -8.72988088     -9.25566567     -9.27311967     -9.58945705     -9.59075074     -9.59075074     -9.79782893     -9.79782893     -9.92367477     -9.92367477    -10.03694410    -10.05401071    -10.22951006    -10.22951006    -10.38657981    -10.54810817    -10.54810817    -10.56104328    -10.56104328    -10.68642265    -10.68642265    -10.89116336    -10.89116336    -10.96231008    -10.96231008    -11.10311378    -11.10754717    -11.40287263    -11.40287263
      0.18592636     11.39330546     11.39330546     11.10711182     11.10355560     10.96046799     10.96046799     10.91044578     10.91044578     10.70004739     10.70004739     10.60195272     10.60195272     10.54399742     10.54399742     10.33611673     10.23577024     10.23577024     10.05234580     10.03865673      9.82767478      9.82767478      9.73018256      9.68204083      9.68204083      9.58962390      9.58962390      9.27136911      9.25736929      8.85952437      8.85952437      8.84980175      8.84980175      8.56984183      8.56984183      8.21145717      8.19356158      8.18969435      7.71544927      7.71544927      7.10302841      7.10302841      7.04588034      7.04588034      6.74281522      6.46623915      6.46623915      5.71445323      5.71445323      4.86981590      4.86981590      4.57452220      4.53600532      4.53600532      4.09739875      4.09739875      3.06879449      2.69182888      2.69182888      1.89529729      1.89529729      1.40009190      0.50509313      0.43474431      0.43474431     -0.43474431     -0.43474431     -0.50509313     -1.40009190     -1.89529729     -1.89529729     -2.69182888     -2.69182888     -3.06879449     -4.09739875     -4.09739875     -4.53600532     -4.53600532     -4.57452220     -4.86981590     -4.86981590     -5.71445323     -5.71445323     -6.46623915     -6.46623915     -6.74281522     -7.04588034     -7.04588034     -7.10302841     -7.10302841     -7.71544927     -7.71544927     -8.18969435     -8.19356158     -8.21145717     -8.56984183     -8.56984183     -8.84980175     -8.84980175     -8.85952437     -8.85952437     -9.25736929     -9.27136911     -9.58962390     -9.58962390     -9.68204083     -9.68204083     -9.73018256     -9.82767478     -9.82767478    -10.03865673    -10.05234580    -10.23577024    -10.23577024    -10.33611673    -10.54399742    -10.54399742    -10.60195272    -10.60195272    -10.70004739    -10.70004739    -10.91044578    -10.91044578    -10.96046799    -10.96046799    -11.10355560    -11.10711182    -11.39330546    -11.39330546
      0.19571196     11.38420744     11.38420744     11.10659579     11.10407744     10.95875527     10.95875527     10.92647408     10.92647408     10.71047170     10.71047170     10.64472169     10.64472169     10.53026137     10.53026137     10.27245083     10.24168599     10.24168599     10.05036946     10.04067599      9.85940317      9.71810110      9.71810110      9.58861571      9.58861571      9.55863498      9.55863498      9.26930485      9.25939132      9.01955252      9.01955252      8.99343041      8.99343041      8.56996361      8.56996361      8.19299401      8.19025541      7.99164123      7.65153154      7.65153154      7.04587732      7.04587732      6.99055605      6.88003553      6.88003553      6.48841851      6.48841851      5.93114151      5.93114151      4.86981382      4.86981382      4.53343319      4.53343319      4.32330788      3.99058757      3.99058757      3.29732691      2.73358078      2.73358078      1.89544234      1.89544234      1.23923903      0.63255631      0.42353975      0.42353975     -0.42353975     -0.42353975     -0.63255631     -1.23923903     -1.89544234     -1.89544234     -2.73358078     -2.73358078     -3.29732691     -3.99058757     -3.99058757     -4.32330788     -4.53343319     -4.53343319     -4.86981382     -4.86981382     -5.93114151     -5.93114151     -6.48841851     -6.48841851     -6.88003553     -6.88003553     -6.99055605     -7.04587732     -7.04587732     -7.65153154     -7.65153154     -7.99164123     -8.19025541     -8.19299401     -8.56996361     -8.56996361     -8.99343041     -8.99343041     -9.01955252     -9.01955252     -9.25939132     -9.26930485     -9.55863498     -9.55863498     -9.58861571     -9.58861571     -9.71810110     -9.71810110     -9.85940317    -10.04067599    -10.05036946    -10.24168599    -10.24168599    -10.27245083    -10.53026137    -10.53026137    -10.64472169    -10.64472169    -10.71047170    -10.71047170    -10.92647408    -10.92647408    -10.95875527    -10.95875527    -11.10407744    -11.10659579    -11.38420744    -11.38420744
      0.20549755     11.37743088     11.37743088     11.10602203     11.10465533     10.95750542     10.95750542     10.93720679     10.93720679     10.71718747     10.71718747     10.67288595     10.67288595     10.52103803     10.52103803     10.24607278     10.24607278     10.19576038     10.04816815     10.04290774      9.97675595      9.60529532      9.60529532      9.58790335      9.58790335      9.42996597      9.42996597      9.26702303      9.26164319      9.16891932      9.16891932      9.12876508      9.12876508      8.57005008      8.57005008      8.19236551      8.19087929      7.76514495      7.60865296      7.60865296      7.23436828      7.04587518      7.04587518      6.65660565      6.65660565      6.50496098      6.50496098      6.15097831      6.15097831      4.86981233      4.86981233      4.53161700      4.53161700      4.07518956      3.91801105      3.91801105      3.53133742      2.76585534      2.76585534      1.89554532      1.89554532      1.08570677      0.76514993      0.41550997      0.41550997     -0.41550997     -0.41550997     -0.76514993     -1.08570677     -1.89554532     -1.89554532     -2.76585534     -2.76585534     -3.53133742     -3.91801105     -3.91801105     -4.07518956     -4.53161700     -4.53161700     -4.86981233     -4.86981233     -6.15097831     -6.15097831     -6.50496098     -6.50496098     -6.65660565     -6.65660565     -7.04587518     -7.04587518     -7.23436828     -7.60865296     -7.60865296     -7.76514495     -8.19087929     -8.19236551     -8.57005008     -8.57005008     -9.12876508     -9.12876508     -9.16891932     -9.16891932     -9.26164319     -9.26702303     -9.42996597     -9.42996597     -9.58790335     -9.58790335     -9.60529532     -9.60529532     -9.97675595    -10.04290774    -10.04816815    -10.19576038    -10.24607278    -10.24607278    -10.52103803    -10.52103803    -10.67288595    -10.67288595    -10.71718747    -10.71718747    -10.93720679    -10.93720679    -10.95750542    -10.95750542    -11.10465533    -11.10602203    -11.37743088    -11.37743088
      0.21528315     11.37455253     11.37455253     11.10541618     11.10526288     10.95698144     10.95698144     10.94149175     10.94149175     10.71982833     10.71982833     10.68408807     10.68408807     10.51732069     10.51732069     10.24793192     10.24793192     10.10626009     10.08191206     10.04583924     10.04524920      9.58761044      9.58761044      9.53053108      9.53053108      9.29867964      9.29867964      9.26462866      9.26402522      9.26264589      9.26264589      9.25761253      9.25761253      8.57008573      8.57008573      8.19170480      8.19153809      7.59140385      7.59140385      7.53259408      7.47358509      7.04587429      7.04587429      6.51199751      6.51199751      6.44187673      6.44187673      6.36437971      6.36437971      4.86981172      4.86981172      4.53087053      4.53087053      3.88843122      3.88843122      3.83077236      3.77031499      2.77994098      2.77994098      1.89558778      1.89558778      0.93916936      0.90357877      0.41217949      0.41217949     -0.41217949     -0.41217949     -0.90357877     -0.93916936     -1.89558778     -1.89558778     -2.77994098     -2.77994098     -3.77031499     -3.83077236     -3.88843122     -3.88843122     -4.53087053     -4.53087053     -4.86981172     -4.86981172     -6.36437971     -6.36437971     -6.44187673     -6.44187673     -6.51199751     -6.51199751     -7.04587429     -7.04587429     -7.47358509     -7.53259408     -7.59140385     -7.59140385     -8.19153809     -8.19170480     -8.57008573     -8.57008573     -9.25761253     -9.25761253     -9.26264589     -9.26264589     -9.26402522     -9.26462866     -9.29867964     -9.29867964     -9.53053108     -9.53053108     -9.58761044     -9.58761044    -10.04524920    -10.04583924    -10.08191206    -10.10626009    -10.24793192    -10.24793192    -10.51732069    -10.51732069    -10.68408807    -10.68408807    -10.71982833    -10.71982833    -10.94149175    -10.94149175    -10.95698144    -10.95698144    -11.10526288    -11.10541618    -11.37455253    -11.37455253
      0.22506875     11.37629885     11.37629885     11.10587253     11.10480550     10.95729885     10.95729885     10.93891052     10.93891052     10.71823983     10.71823983     10.67734126     10.67734126     10.51956314     10.51956314     10.24680423     10.24680423     10.17457705     10.04759390     10.04348695     10.00420051      9.58778747      9.58778747      9.57973063      9.57973063      9.39719342      9.39719342      9.26643077      9.26223058      9.20006426      9.20006426      9.16257344      9.16257344      8.57006417      8.57006417      8.19220219      8.19104185      7.70755007      7.60180653      7.60180653      7.29462914      7.04587483      7.04587483      6.60095079      6.60095079      6.50772752      6.50772752      6.20609872      6.20609872      4.86981209      4.86981209      4.53132167      4.53132167      4.01371515      3.90630237      3.90630237      3.59063688      2.77136564      2.77136564      1.89556211      1.89556211      1.04843190      0.79918507      0.41419446      0.41419446     -0.41419446     -0.41419446     -0.79918507     -1.04843190     -1.89556211     -1.89556211     -2.77136564     -2.77136564     -3.59063688     -3.90630237     -3.90630237     -4.01371515     -4.53132167     -4.53132167     -4.86981209     -4.86981209     -6.20609872     -6.20609872     -6.50772752     -6.50772752     -6.60095079     -6.60095079     -7.04587483     -7.04587483     -7.29462914     -7.60180653     -7.60180653     -7.70755007     -8.19104185     -8.19220219     -8.57006417     -8.57006417     -9.16257344     -9.16257344     -9.20006426     -9.20006426     -9.26223058     -9.26643077     -9.39719342     -9.39719342     -9.57973063     -9.57973063     -9.58778747     -9.58778747    -10.00420051    -10.04348695    -10.04759390    -10.17457705    -10.24680423    -10.24680423    -10.51956314    -10.51956314    -10.67734126    -10.67734126    -10.71823983    -10.71823983    -10.93891052    -10.93891052    -10.95729885    -10.95729885    -11.10480550    -11.10587253    -11.37629885    -11.37629885
      0.23485435     11.38222487     11.38222487     11.10645680     11.10421765     10.95838729     10.95838729     10.92971248     10.92971248     10.71251564     10.71251564     10.65324429     10.65324429     10.52748759     10.52748759     10.25449150     10.24297094     10.24297094     10.04983658     10.04121791      9.88986740      9.68952869      9.68952869      9.58840395      9.58840395      9.52688737      9.52688737      9.26875081      9.25993648      9.05942881      9.05942881      9.02721630      9.02721630      8.56998927      8.56998927      8.19284151      8.19040654      7.93561926      7.63862697      7.63862697      7.05190362      7.04587668      7.04587668      6.82415911      6.82415911      6.49325538      6.49325538      5.98588948      5.98588948      4.86981338      4.86981338      4.53289320      4.53289320      4.26096403      3.96886110      3.96886110      3.35533532      2.74290562      2.74290562      1.89547291      1.89547291      1.20018043      0.66519427      0.42116293      0.42116293     -0.42116293     -0.42116293     -0.66519427     -1.20018043     -1.89547291     -1.89547291     -2.74290562     -2.74290562     -3.35533532     -3.96886110     -3.96886110     -4.26096403     -4.53289320     -4.53289320     -4.86981338     -4.86981338     -5.98588948     -5.98588948     -6.49325538     -6.49325538     -6.82415911     -6.82415911     -7.04587668     -7.04587668     -7.05190362     -7.63862697     -7.63862697     -7.93561926     -8.19040654     -8.19284151     -8.56998927     -8.56998927     -9.02721630     -9.02721630     -9.05942881     -9.05942881     -9.25993648     -9.26875081     -9.52688737     -9.52688737     -9.58840395     -9.58840395     -9.68952869     -9.68952869     -9.88986740    -10.04121791    -10.04983658    -10.24297094    -10.24297094    -10.25449150    -10.52748759    -10.52748759    -10.65324429    -10.65324429    -10.71251564    -10.71251564    -10.92971248    -10.92971248    -10.95838729    -10.95838729    -11.10421765    -11.10645680    -11.38222487    -11.38222487
      0.24463994     11.39091510     11.39091510     11.10698953     11.10367944     10.96001424     10.96001424     10.91485467     10.91485467     10.70297509     10.70297509     10.61384213     10.61384213     10.54020538     10.54020538     10.32143168     10.23732776     10.23732776     10.05187776     10.03913628      9.80129466      9.80129466      9.76358106      9.65179400      9.65179400      9.58935314      9.58935314      9.27087890      9.25784818      8.89352157      8.89352157      8.89273514      8.89273514      8.56987446      8.56987446      8.19342688      8.18982730      8.15716309      7.69781429      7.69781429      7.04739172      7.04739172      7.04587953      7.04587953      6.80508194      6.47206475      6.47206475      5.76821834      5.76821834      4.86981534      4.86981534      4.53531435      4.53531435      4.51146228      4.06800577      4.06800577      3.12538745      2.70264874      2.70264874      1.89533616      1.89533616      1.35917881      0.53652068      0.43175280      0.43175280     -0.43175280     -0.43175280     -0.53652068     -1.35917881     -1.89533616     -1.89533616     -2.70264874     -2.70264874     -3.12538745     -4.06800577     -4.06800577     -4.51146228     -4.53531435     -4.53531435     -4.86981534     -4.86981534     -5.76821834     -5.76821834     -6.47206475     -6.47206475     -6.80508194     -7.04587953     -7.04587953     -7.04739172     -7.04739172     -7.69781429     -7.69781429     -8.15716309     -8.18982730     -8.19342688     -8.56987446     -8.56987446     -8.89273514     -8.89273514     -8.89352157     -8.89352157     -9.25784818     -9.27087890     -9.58935314     -9.58935314     -9.65179400     -9.65179400     -9.76358106     -9.80129466     -9.80129466    -10.03913628    -10.05187776    -10.23732776    -10.23732776    -10.32143168    -10.54020538    -10.54020538    -10.61384213    -10.61384213    -10.70297509    -10.70297509    -10.91485467    -10.91485467    -10.96001424    -10.96001424    -11.10367944    -11.10698953    -11.39091510    -11.39091510
      0.25442554     11.40053404     11.40053404     11.10744702     11.10321555     10.96185603     10.96185603     10.89613872     10.89613872     10.69009769     10.69009769     10.56236276     10.56236276     10.55653743     10.55653743     10.37521017     10.23104442     10.23104442     10.05362790     10.03733883      9.90127548      9.90127548      9.76977296      9.76977296      9.62569587      9.59046882      9.59046882      9.27271622      9.25605740      8.76167445      8.76167445      8.71454354      8.71454354      8.56974030      8.56974030      8.37156780      8.19393145      8.18932991      7.77350519      7.77350519      7.26928181      7.26928181      7.04588286      7.04588286      6.55483728      6.44862144      6.44862144      5.55528145      5.55528145      4.86981765      4.86981765      4.76458877      4.53816250      4.53816250      4.19437294      4.19437294      2.90127661      2.65965119      2.65965119      1.89517633      1.89517633      1.52566844      0.44400120      0.44400120      0.41237677     -0.41237677     -0.44400120     -0.44400120     -1.52566844     -1.89517633     -1.89517633     -2.65965119     -2.65965119     -2.90127661     -4.19437294     -4.19437294     -4.53816250     -4.53816250     -4.76458877     -4.86981765     -4.86981765     -5.55528145     -5.55528145     -6.44862144     -6.44862144     -6.55483728     -7.04588286     -7.04588286     -7.26928181     -7.26928181     -7.77350519     -7.77350519     -8.18932991     -8.19393145     -8.37156780     -8.56974030     -8.56974030     -8.71454354     -8.71454354     -8.76167445     -8.76167445     -9.25605740     -9.27271622     -9.59046882     -9.59046882     -9.62569587     -9.76977296     -9.76977296     -9.90127548     -9.90127548    -10.03733883    -10.05362790    -10.23104442    -10.23104442    -10.37521017    -10.55653743    -10.55653743    -10.56236276    -10.56236276    -10.69009769    -10.69009769    -10.89613872    -10.89613872    -10.96185603    -10.96185603    -11.10321555    -11.10744702    -11.40053404    -11.40053404
      0.26421114     11.40933904     11.40933904     11.10780900     11.10284737     10.96357795     10.96357795     10.87638499     10.87638499     10.67445586     10.67445586     10.57529004     10.57529004     10.50351597     10.50351597     10.41567636     10.22525219     10.22525219     10.05501095     10.03591005      9.98333786      9.98333786      9.87733104      9.87733104      9.59155267      9.59155267      9.47660096      9.27417652      9.25464207      8.63834421      8.63834421      8.57823573      8.56961077      8.56961077      8.52617898      8.52617898      8.19433192      8.18893637      7.85817648      7.85817648      7.48889859      7.48889859      7.04588608      7.04588608      6.42714306      6.42714306      6.30184936      5.34998994      5.34998994      5.01970403      4.86981987      4.86981987      4.54093181      4.54093181      4.33911519      4.33911519      2.68344674      2.62135786      2.62135786      1.89502200      1.89502200      1.69978179      0.45571316      0.45571316      0.29187404     -0.29187404     -0.45571316     -0.45571316     -1.69978179     -1.89502200     -1.89502200     -2.62135786     -2.62135786     -2.68344674     -4.33911519     -4.33911519     -4.54093181     -4.54093181     -4.86981987     -4.86981987     -5.01970403     -5.34998994     -5.34998994     -6.30184936     -6.42714306     -6.42714306     -7.04588608     -7.04588608     -7.48889859     -7.48889859     -7.85817648     -7.85817648     -8.18893637     -8.19433192     -8.52617898     -8.52617898     -8.56961077     -8.56961077     -8.57823573     -8.63834421     -8.63834421     -9.25464207     -9.27417652     -9.47660096     -9.59155267     -9.59155267     -9.87733104     -9.87733104     -9.98333786     -9.98333786    -10.03591005    -10.05501095    -10.22525219    -10.22525219    -10.41567636    -10.50351597    -10.50351597    -10.57529004    -10.57529004    -10.67445586    -10.67445586    -10.87638499    -10.87638499    -10.96357795    -10.96357795    -11.10284737    -11.10780900    -11.40933904    -11.40933904
      0.27399674     11.41596163     11.41596163     11.10805953     11.10259198     10.96489478     10.96489478     10.85942860     10.85942860     10.65669452     10.65669452     10.59536159     10.59536159     10.44546042     10.44546042     10.44271696     10.22086658     10.22086658     10.05596728     10.04232824     10.04232824     10.03491777      9.96730657      9.96730657      9.59240892      9.59240892      9.31672760      9.27519062      9.25366334      8.77657861      8.56950901      8.56950901      8.53178570      8.53178570      8.33030162      8.33030162      8.19460974      8.18866401      7.94030156      7.94030156      7.70531372      7.70531372      7.04588861      7.04588861      6.41096098      6.41096098      6.04680206      5.27615357      5.15919932      5.15919932      4.86982162      4.86982162      4.54312128      4.54312128      4.49142493      4.49142493      2.59306213      2.59306213      2.47230721      1.89490072      1.89490072      1.88153936      0.46484685      0.46484685      0.17403839     -0.17403839     -0.46484685     -0.46484685     -1.88153936     -1.89490072     -1.89490072     -2.47230721     -2.59306213     -2.59306213     -4.49142493     -4.49142493     -4.54312128     -4.54312128     -4.86982162     -4.86982162     -5.15919932     -5.15919932     -5.27615357     -6.04680206     -6.41096098     -6.41096098     -7.04588861     -7.04588861     -7.70531372     -7.70531372     -7.94030156     -7.94030156     -8.18866401     -8.19460974     -8.33030162     -8.33030162     -8.53178570     -8.53178570     -8.56950901     -8.56950901     -8.77657861     -9.25366334     -9.27519062     -9.31672760     -9.59240892     -9.59240892     -9.96730657     -9.96730657    -10.03491777    -10.04232824    -10.04232824    -10.05596728    -10.22086658    -10.22086658    -10.44271696    -10.44546042    -10.44546042    -10.59536159    -10.59536159    -10.65669452    -10.65669452    -10.85942860    -10.85942860    -10.96489478    -10.96489478    -11.10259198    -11.10805953    -11.41596163    -11.41596163
      0.28378234     11.41949545     11.41949545     11.10818760     11.10246123     10.96560480     10.96560480     10.84947346     10.84947346     10.63785788     10.63785788     10.61542129     10.61542129     10.45625622     10.40474544     10.40474544     10.21851533     10.21851533     10.07342846     10.07342846     10.05645589     10.03440942     10.02381758     10.02381758      9.59288070      9.59288070      9.27571012      9.25316326      9.14665841      8.96590884      8.56945315      8.56945315      8.46275765      8.46275765      8.19475196      8.18852478      8.12900956      8.12900956      7.99750495      7.99750495      7.91680509      7.91680509      7.04589000      7.04589000      6.40231276      6.40231276      5.79038099      5.53327101      5.01062089      5.01062089      4.86982258      4.86982258      4.62128647      4.62128647      4.54432825      4.54432825      2.57810546      2.57810546      2.26836040      2.07072407      1.89483414      1.89483414      0.46983757      0.46983757      0.05783040     -0.05783040     -0.46983757     -0.46983757     -1.89483414     -1.89483414     -2.07072407     -2.26836040     -2.57810546     -2.57810546     -4.54432825     -4.54432825     -4.62128647     -4.62128647     -4.86982258     -4.86982258     -5.01062089     -5.01062089     -5.53327101     -5.79038099     -6.40231276     -6.40231276     -7.04589000     -7.04589000     -7.91680509     -7.91680509     -7.99750495     -7.99750495     -8.12900956     -8.12900956     -8.18852478     -8.19475196     -8.46275765     -8.46275765     -8.56945315     -8.56945315     -8.96590884     -9.14665841     -9.25316326     -9.27571012     -9.59288070     -9.59288070    -10.02381758    -10.02381758    -10.03440942    -10.05645589    -10.07342846    -10.07342846    -10.21851533    -10.21851533    -10.40474544    -10.40474544    -10.45625622    -10.61542129    -10.61542129    -10.63785788    -10.63785788    -10.84947346    -10.84947346    -10.96560480    -10.96560480    -11.10246123    -11.10818760    -11.41949545    -11.41949545
      0.29356793     11.41949545     11.41949545     11.10818760     11.10246123     10.96560480     10.96560480     10.84947346     10.84947346     10.63785788     10.63785788     10.61542129     10.61542129     10.45625622     10.40474544     10.40474544     10.21851533     10.21851533     10.07342846     10.07342846     10.05645589     10.03440942     10.02381758     10.02381758      9.59288070      9.59288070      9.27571012      9.25316326      9.14665841      8.96590884      8.56945315      8.56945315      8.46275765      8.46275765      8.19475196      8.18852478      8.12900956      8.12900956      7.99750495      7.99750495      7.91680509      7.91680509      7.04589000      7.04589000      6.40231276      6.40231276      5.79038099      5.53327101      5.01062089      5.01062089      4.86982258      4.86982258      4.62128647      4.62128647      4.54432825      4.54432825      2.57810546      2.57810546      2.26836040      2.07072407      1.89483414      1.89483414      0.46983757      0.46983757      0.05783040     -0.05783040     -0.46983757     -0.46983757     -1.89483414     -1.89483414     -2.07072407     -2.26836040     -2.57810546     -2.57810546     -4.54432825     -4.54432825     -4.62128647     -4.62128647     -4.86982258     -4.86982258     -5.01062089     -5.01062089     -5.53327101     -5.79038099     -6.40231276     -6.40231276     -7.04589000     -7.04589000     -7.91680509     -7.91680509     -7.99750495     -7.99750495     -8.12900956     -8.12900956     -8.18852478     -8.19475196     -8.46275765     -8.46275765     -8.56945315     -8.56945315     -8.96590884     -9.14665841     -9.25316326     -9.27571012     -9.59288070     -9.59288070    -10.02381758    -10.02381758    -10.03440942    -10.05645589    -10.07342846    -10.07342846    -10.21851533    -10.21851533    -10.40474544    -10.40474544    -10.45625622    -10.61542129    -10.61542129    -10.63785788    -10.63785788    -10.84947346    -10.84947346    -10.96560480    -10.96560480    -11.10246123    -11.10818760    -11.41949545    -11.41949545
      0.30335353     11.41596163     11.41596163     11.10805953     11.10259198     10.96489478     10.96489478     10.85942860     10.85942860     10.65669452     10.65669452     10.59536159     10.59536159     10.44546042     10.44546042     10.44271696     10.22086658     10.22086658     10.05596728     10.04232824     10.04232824     10.03491777      9.96730657      9.96730657      9.59240892      9.59240892      9.31672760      9.27519062      9.25366334      8.77657861      8.56950901      8.56950901      8.53178570      8.53178570      8.33030162      8.33030162      8.19460974      8.18866401      7.94030156      7.94030156      7.70531372      7.70531372      7.04588861      7.04588861      6.41096098      6.41096098      6.04680206      5.27615357      5.15919932      5.15919932      4.86982162      4.86982162      4.54312128      4.54312128      4.49142493      4.49142493      2.59306213      2.59306213      2.47230721      1.89490072      1.89490072      1.88153936      0.46484685      0.46484685      0.17403839     -0.17403839     -0.46484685     -0.46484685     -1.88153936     -1.89490072     -1.89490072     -2.47230721     -2.59306213     -2.59306213     -4.49142493     -4.49142493     -4.54312128     -4.54312128     -4.86982162     -4.86982162     -5.15919932     -5.15919932     -5.27615357     -6.04680206     -6.41096098     -6.41096098     -7.04588861     -7.04588861     -7.70531372     -7.70531372     -7.94030156     -7.94030156     -8.18866401     -8.19460974     -8.33030162     -8.33030162     -8.53178570     -8.53178570     -8.56950901     -8.56950901     -8.77657861     -9.25366334     -9.27519062     -9.31672760     -9.59240892     -9.59240892     -9.96730657     -9.96730657    -10.03491777    -10.04232824    -10.04232824    -10.05596728    -10.22086658    -10.22086658    -10.44271696    -10.44546042    -10.44546042    -10.59536159    -10.59536159    -10.65669452    -10.65669452    -10.85942860    -10.85942860    -10.96489478    -10.96489478    -11.10259198    -11.10805953    -11.41596163    -11.41596163
      0.31313913     11.40933904     11.40933904     11.10780900     11.10284737     10.96357795     10.96357795     10.87638499     10.87638499     10.67445586     10.67445586     10.57529004     10.57529004     10.50351597     10.50351597     10.41567636     10.22525219     10.22525219     10.05501095     10.03591005      9.98333786      9.98333786      9.87733104      9.87733104      9.59155267      9.59155267      9.47660096      9.27417652      9.25464207      8.63834421      8.63834421      8.57823573      8.56961077      8.56961077      8.52617898      8.52617898      8.19433192      8.18893637      7.85817648      7.85817648      7.48889859      7.48889859      7.04588608      7.04588608      6.42714306      6.42714306      6.30184936      5.34998994      5.34998994      5.01970403      4.86981987      4.86981987      4.54093181      4.54093181      4.33911519      4.33911519      2.68344674      2.62135786      2.62135786      1.89502200      1.89502200      1.69978179      0.45571316      0.45571316      0.29187404     -0.29187404     -0.45571316     -0.45571316     -1.69978179     -1.89502200     -1.89502200     -2.62135786     -2.62135786     -2.68344674     -4.33911519     -4.33911519     -4.54093181     -4.54093181     -4.86981987     -4.86981987     -5.01970403     -5.34998994     -5.34998994     -6.30184936     -6.42714306     -6.42714306     -7.04588608     -7.04588608     -7.48889859     -7.48889859     -7.85817648     -7.85817648     -8.18893637     -8.19433192     -8.52617898     -8.52617898     -8.56961077     -8.56961077     -8.57823573     -8.63834421     -8.63834421     -9.25464207     -9.27417652     -9.47660096     -9.59155267     -9.59155267     -9.87733104     -9.87733104     -9.98333786     -9.98333786    -10.03591005    -10.05501095    -10.22525219    -10.22525219    -10.41567636    -10.50351597    -10.50351597    -10.57529004    -10.57529004    -10.67445586    -10.67445586    -10.87638499    -10.87638499    -10.96357795    -10.96357795    -11.10284737    -11.10780900    -11.40933904    -11.40933904
      0.32292473     11.40053404     11.40053404     11.10744702     11.10321555     10.96185603     10.96185603     10.89613872     10.89613872     10.69009769     10.69009769     10.56236276     10.56236276     10.55653743     10.55653743     10.37521017     10.23104442     10.23104442     10.05362790     10.03733883      9.90127548      9.90127548      9.76977296      9.76977296      9.62569587      9.59046882      9.59046882      9.27271622      9.25605740      8.76167445      8.76167445      8.71454354      8.71454354      8.56974030      8.56974030      8.37156780      8.19393145      8.18932991      7.77350519      7.77350519      7.26928181      7.26928181      7.04588286      7.04588286      6.55483728      6.44862144      6.44862144      5.55528145      5.55528145      4.86981765      4.86981765      4.76458877      4.53816250      4.53816250      4.19437294      4.19437294      2.90127661      2.65965119      2.65965119      1.89517633      1.89517633      1.52566844      0.44400120      0.44400120      0.41237677     -0.41237677     -0.44400120     -0.44400120     -1.52566844     -1.89517633     -1.89517633     -2.65965119     -2.65965119     -2.90127661     -4.19437294     -4.19437294     -4.53816250     -4.53816250     -4.76458877     -4.86981765     -4.86981765     -5.55528145     -5.55528145     -6.44862144     -6.44862144     -6.55483728     -7.04588286     -7.04588286     -7.26928181     -7.26928181     -7.77350519     -7.77350519     -8.18932991     -8.19393145     -8.37156780     -8.56974030     -8.56974030     -8.71454354     -8.71454354     -8.76167445     -8.76167445     -9.25605740     -9.27271622     -9.59046882     -9.59046882     -9.62569587     -9.76977296     -9.76977296     -9.90127548     -9.90127548    -10.03733883    -10.05362790    -10.23104442    -10.23104442    -10.37521017    -10.55653743    -10.55653743    -10.56236276    -10.56236276    -10.69009769    -10.69009769    -10.89613872    -10.89613872    -10.96185603    -10.96185603    -11.10321555    -11.10744702    -11.40053404    -11.40053404
      0.33271032     11.39091510     11.39091510     11.10698953     11.10367944     10.96001424     10.96001424     10.91485467     10.91485467     10.70297509     10.70297509     10.61384213     10.61384213     10.54020538     10.54020538     10.32143168     10.23732776     10.23732776     10.05187776     10.03913628      9.80129466      9.80129466      9.76358106      9.65179400      9.65179400      9.58935314      9.58935314      9.27087890      9.25784818      8.89352157      8.89352157      8.89273514      8.89273514      8.56987446      8.56987446      8.19342688      8.18982730      8.15716309      7.69781429      7.69781429      7.04739172      7.04739172      7.04587953      7.04587953      6.80508194      6.47206475      6.47206475      5.76821834      5.76821834      4.86981534      4.86981534      4.53531435      4.53531435      4.51146228      4.06800577      4.06800577      3.12538745      2.70264874      2.70264874      1.89533616      1.89533616      1.35917881      0.53652068      0.43175280      0.43175280     -0.43175280     -0.43175280     -0.53652068     -1.35917881     -1.89533616     -1.89533616     -2.70264874     -2.70264874     -3.12538745     -4.06800577     -4.06800577     -4.51146228     -4.53531435     -4.53531435     -4.86981534     -4.86981534     -5.76821834     -5.76821834     -6.47206475     -6.47206475     -6.80508194     -7.04587953     -7.04587953     -7.04739172     -7.04739172     -7.69781429     -7.69781429     -8.15716309     -8.18982730     -8.19342688     -8.56987446     -8.56987446     -8.89273514     -8.89273514     -8.89352157     -8.89352157     -9.25784818     -9.27087890     -9.58935314     -9.58935314     -9.65179400     -9.65179400     -9.76358106     -9.80129466     -9.80129466    -10.03913628    -10.05187776    -10.23732776    -10.23732776    -10.32143168    -10.54020538    -10.54020538    -10.61384213    -10.61384213    -10.70297509    -10.70297509    -10.91485467    -10.91485467    -10.96001424    -10.96001424    -11.10367944    -11.10698953    -11.39091510    -11.39091510
      0.34249592     11.38222487     11.38222487     11.10645680     11.10421765     10.95838729     10.95838729     10.92971248     10.92971248     10.71251564     10.71251564     10.65324429     10.65324429     10.52748759     10.52748759     10.25449150     10.24297094     10.24297094     10.04983658     10.04121791      9.88986740      9.68952869      9.68952869      9.58840395      9.58840395      9.52688737      9.52688737      9.26875081      9.25993648      9.05942881      9.05942881      9.02721630      9.02721630      8.56998927      8.56998927      8.19284151      8.19040654      7.93561926      7.63862697      7.63862697      7.05190362      7.04587668      7.04587668      6.82415911      6.82415911      6.49325538      6.49325538      5.98588948      5.98588948      4.86981338      4.86981338      4.53289320      4.53289320      4.26096403      3.96886110      3.96886110      3.35533532      2.74290562      2.74290562      1.89547291      1.89547291      1.20018043      0.66519427      0.42116293      0.42116293     -0.42116293     -0.42116293     -0.66519427     -1.20018043     -1.89547291     -1.89547291     -2.74290562     -2.74290562     -3.35533532     -3.96886110     -3.96886110     -4.26096403     -4.53289320     -4.53289320     -4.86981338     -4.86981338     -5.98588948     -5.98588948     -6.49325538     -6.49325538     -6.82415911     -6.82415911     -7.04587668     -7.04587668     -7.05190362     -7.63862697     -7.63862697     -7.93561926     -8.19040654     -8.19284151     -8.56998927     -8.56998927     -9.02721630     -9.02721630     -9.05942881     -9.05942881     -9.25993648     -9.26875081     -9.52688737     -9.52688737     -9.58840395     -9.58840395     -9.68952869     -9.68952869     -9.88986740    -10.04121791    -10.04983658    -10.24297094    -10.24297094    -10.25449150    -10.52748759    -10.52748759    -10.65324429    -10.65324429    -10.71251564    -10.71251564    -10.92971248    -10.92971248    -10.95838729    -10.95838729    -11.10421765    -11.10645680    -11.38222487    -11.38222487
      0.35228152     11.37629885     11.37629885     11.10587253     11.10480550     10.95729885     10.95729885     10.93891052     10.93891052     10.71823983     10.71823983     10.67734126     10.67734126     10.51956314     10.51956314     10.24680423     10.24680423     10.17457705     10.04759390     10.04348695     10.00420051      9.58778747      9.58778747      9.57973063      9.57973063      9.39719342      9.39719342      9.26643077      9.26223058      9.20006426      9.20006426      9.16257344      9.16257344      8.57006417      8.57006417      8.19220219      8.19104185      7.70755007      7.60180653      7.60180653      7.29462914      7.04587483      7.04587483      6.60095079      6.60095079      6.50772752      6.50772752      6.20609872      6.20609872      4.86981209      4.86981209      4.53132167      4.53132167      4.01371515      3.90630237      3.90630237      3.59063688      2.77136564      2.77136564      1.89556211      1.89556211      1.04843190      0.79918507      0.41419446      0.41419446     -0.41419446     -0.41419446     -0.79918507     -1.04843190     -1.89556211     -1.89556211     -2.77136564     -2.77136564     -3.59063688     -3.90630237     -3.90630237     -4.01371515     -4.53132167     -4.53132167     -4.86981209     -4.86981209     -6.20609872     -6.20609872     -6.50772752     -6.50772752     -6.60095079     -6.60095079     -7.04587483     -7.04587483     -7.29462914     -7.60180653     -7.60180653     -7.70755007     -8.19104185     -8.19220219     -8.57006417     -8.57006417     -9.16257344     -9.16257344     -9.20006426     -9.20006426     -9.26223058     -9.26643077     -9.39719342     -9.39719342     -9.57973063     -9.57973063     -9.58778747     -9.58778747    -10.00420051    -10.04348695    -10.04759390    -10.17457705    -10.24680423    -10.24680423    -10.51956314    -10.51956314    -10.67734126    -10.67734126    -10.71823983    -10.71823983    -10.93891052    -10.93891052    -10.95729885    -10.95729885    -11.10480550    -11.10587253    -11.37629885    -11.37629885
      0.36206712     11.37455253     11.37455253     11.10541618     11.10526288     10.95698144     10.95698144     10.94149175     10.94149175     10.71982833     10.71982833     10.68408807     10.68408807     10.51732069     10.51732069     10.24793192     10.24793192     10.10626009     10.08191206     10.04583924     10.04524920      9.58761044      9.58761044      9.53053108      9.53053108      9.29867964      9.29867964      9.26462866      9.26402522      9.26264589      9.26264589      9.25761253      9.25761253      8.57008573      8.57008573      8.19170480      8.19153809      7.59140385      7.59140385      7.53259408      7.47358509      7.04587429      7.04587429      6.51199751      6.51199751      6.44187673      6.44187673      6.36437971      6.36437971      4.86981172      4.86981172      4.53087053      4.53087053      3.88843122      3.88843122      3.83077236      3.77031499      2.77994098      2.77994098      1.89558778      1.89558778      0.93916936      0.90357877      0.41217949      0.41217949     -0.41217949     -0.41217949     -0.90357877     -0.93916936     -1.89558778     -1.89558778     -2.77994098     -2.77994098     -3.77031499     -3.83077236     -3.88843122     -3.88843122     -4.53087053     -4.53087053     -4.86981172     -4.86981172     -6.36437971     -6.36437971     -6.44187673     -6.44187673     -6.51199751     -6.51199751     -7.04587429     -7.04587429     -7.47358509     -7.53259408     -7.59140385     -7.59140385     -8.19153809     -8.19170480     -8.57008573     -8.57008573     -9.25761253     -9.25761253     -9.26264589     -9.26264589     -9.26402522     -9.26462866     -9.29867964     -9.29867964     -9.53053108     -9.53053108     -9.58761044     -9.58761044    -10.04524920    -10.04583924    -10.08191206    -10.10626009    -10.24793192    -10.24793192    -10.51732069    -10.51732069    -10.68408807    -10.68408807    -10.71982833    -10.71982833    -10.94149175    -10.94149175    -10.95698144    -10.95698144    -11.10526288    -11.10541618    -11.37455253    -11.37455253
      0.37185272     11.37743088     11.37743088     11.10602203     11.10465533     10.95750542     10.95750542     10.93720679     10.93720679     10.71718747     10.71718747     10.67288595     10.67288595     10.52103803     10.52103803     10.24607278     10.24607278     10.19576038     10.04816815     10.04290774      9.97675595      9.60529532      9.60529532      9.58790335      9.58790335      9.42996597      9.42996597      9.26702303      9.26164319      9.16891932      9.16891932      9.12876508      9.12876508      8.57005008      8.57005008      8.19236551      8.19087929      7.76514495      7.60865296      7.60865296      7.23436828      7.04587518      7.04587518      6.65660565      6.65660565      6.50496098      6.50496098      6.15097831      6.15097831      4.86981233      4.86981233      4.53161700      4.53161700      4.07518956      3.91801105      3.91801105      3.53133742      2.76585534      2.76585534      1.89554532      1.89554532      1.08570677      0.76514993      0.41550997      0.41550997     -0.41550997     -0.41550997     -0.76514993     -1.08570677     -1.89554532     -1.89554532     -2.76585534     -2.76585534     -3.53133742     -3.91801105     -3.91801105     -4.07518956     -4.53161700     -4.53161700     -4.86981233     -4.86981233     -6.15097831     -6.15097831     -6.50496098     -6.50496098     -6.65660565     -6.65660565     -7.04587518     -7.04587518     -7.23436828     -7.60865296     -7.60865296     -7.76514495     -8.19087929     -8.19236551     -8.57005008     -8.57005008     -9.12876508     -9.12876508     -9.16891932     -9.16891932     -9.26164319     -9.26702303     -9.42996597     -9.42996597     -9.58790335     -9.58790335     -9.60529532     -9.60529532     -9.97675595    -10.04290774    -10.04816815    -10.19576038    -10.24607278    -10.24607278    -10.52103803    -10.52103803    -10.67288595    -10.67288595    -10.71718747    -10.71718747    -10.93720679    -10.93720679    -10.95750542    -10.95750542    -11.10465533    -11.10602203    -11.37743088    -11.37743088
      0.38163831     11.38420744     11.38420744     11.10659579     11.10407744     10.95875527     10.95875527     10.92647408     10.92647408     10.71047170     10.71047170     10.64472169     10.64472169     10.53026137     10.53026137     10.27245083     10.24168599     10.24168599     10.05036946     10.04067599      9.85940317      9.71810110      9.71810110      9.58861571      9.58861571      9.55863498      9.55863498      9.26930485      9.25939132      9.01955252      9.01955252      8.99343041      8.99343041      8.56996361      8.56996361      8.19299401      8.19025541      7.99164123      7.65153154      7.65153154      7.04587732      7.04587732      6.99055605      6.88003553      6.88003553      6.48841851      6.48841851      5.93114151      5.93114151      4.86981382      4.86981382      4.53343319      4.53343319      4.32330788      3.99058757      3.99058757      3.29732691      2.73358078      2.73358078      1.89544234      1.89544234      1.23923903      0.63255631      0.42353975      0.42353975     -0.42353975     -0.42353975     -0.63255631     -1.23923903     -1.89544234     -1.89544234     -2.73358078     -2.73358078     -3.29732691     -3.99058757     -3.99058757     -4.32330788     -4.53343319     -4.53343319     -4.86981382     -4.86981382     -5.93114151     -5.93114151     -6.48841851     -6.48841851     -6.88003553     -6.88003553     -6.99055605     -7.04587732     -7.04587732     -7.65153154     -7.65153154     -7.99164123     -8.19025541     -8.19299401     -8.56996361     -8.56996361     -8.99343041     -8.99343041     -9.01955252     -9.01955252     -9.25939132     -9.26930485     -9.55863498     -9.55863498     -9.58861571     -9.58861571     -9.71810110     -9.71810110     -9.85940317    -10.04067599    -10.05036946    -10.24168599    -10.24168599    -10.27245083    -10.53026137    -10.53026137    -10.64472169    -10.64472169    -10.71047170    -10.71047170    -10.92647408    -10.92647408    -10.95875527    -10.95875527    -11.10407744    -11.10659579    -11.38420744    -11.38420744
      0.39142391     11.39330546     11.39330546     11.10711182     11.10355560     10.96046799     10.96046799     10.91044578     10.91044578     10.70004739     10.70004739     10.60195272     10.60195272     10.54399742     10.54399742     10.33611673     10.23577024     10.23577024     10.05234580     10.03865673      9.82767478      9.82767478      9.73018256      9.68204083      9.68204083      9.58962390      9.58962390      9.27136911      9.25736929      8.85952437      8.85952437      8.84980175      8.84980175      8.56984183      8.56984183      8.21145717      8.19356158      8.18969435      7.71544927      7.71544927      7.10302841      7.10302841      7.04588034      7.04588034      6.74281522      6.46623915      6.46623915      5.71445323      5.71445323      4.86981590      4.86981590      4.57452220      4.53600532      4.53600532      4.09739875      4.09739875      3.06879449      2.69182888      2.69182888      1.89529729      1.89529729      1.40009190      0.50509313      0.43474431      0.43474431     -0.43474431     -0.43474431     -0.50509313     -1.40009190     -1.89529729     -1.89529729     -2.69182888     -2.69182888     -3.06879449     -4.09739875     -4.09739875     -4.53600532     -4.53600532     -4.57452220     -4.86981590     -4.86981590     -5.71445323     -5.71445323     -6.46623915     -6.46623915     -6.74281522     -7.04588034     -7.04588034     -7.10302841     -7.10302841     -7.71544927     -7.71544927     -8.18969435     -8.19356158     -8.21145717     -8.56984183     -8.56984183     -8.84980175     -8.84980175     -8.85952437     -8.85952437     -9.25736929     -9.27136911     -9.58962390     -9.58962390     -9.68204083     -9.68204083     -9.73018256     -9.82767478     -9.82767478    -10.03865673    -10.05234580    -10.23577024    -10.23577024    -10.33611673    -10.54399742    -10.54399742    -10.60195272    -10.60195272    -10.70004739    -10.70004739    -10.91044578    -10.91044578    -10.96046799    -10.96046799    -11.10355560    -11.10711182    -11.39330546    -11.39330546
      0.40120951     11.40287263     11.40287263     11.10754717     11.10311378     10.96231008     10.96231008     10.89116336     10.89116336     10.68642265     10.68642265     10.56104328     10.56104328     10.54810817     10.54810817     10.38657981     10.22951006     10.22951006     10.05401071     10.03694410      9.92367477      9.92367477      9.79782893      9.79782893      9.59075074      9.59075074      9.58945705      9.27311967      9.25566567      8.72988088      8.72988088      8.66824514      8.66824514      8.56970653      8.56970653      8.42398313      8.19404214      8.18922103      7.79417907      7.79417907      7.32443385      7.32443385      7.04588370      7.04588370      6.49182082      6.44291972      6.44291972      5.50308326      5.50308326      4.86981823      4.86981823      4.82820647      4.53888260      4.53888260      4.22918122      4.22918122      2.84621383      2.64939402      2.64939402      1.89513610      1.89513610      1.56847924      0.44706461      0.44706461      0.38194646     -0.38194646     -0.44706461     -0.44706461     -1.56847924     -1.89513610     -1.89513610     -2.64939402     -2.64939402     -2.84621383     -4.22918122     -4.22918122     -4.53888260     -4.53888260     -4.82820647     -4.86981823     -4.86981823     -5.50308326     -5.50308326     -6.44291972     -6.44291972     -6.49182082     -7.04588370     -7.04588370     -7.32443385     -7.32443385     -7.79417907     -7.79417907     -8.18922103     -8.19404214     -8.42398313     -8.56970653     -8.56970653     -8.66824514     -8.66824514     -8.72988088     -8.72988088     -9.25566567     -9.27311967     -9.58945705     -9.59075074     -9.59075074     -9.79782893     -9.79782893     -9.92367477     -9.92367477    -10.03694410    -10.05401071    -10.22951006    -10.22951006    -10.38657981    -10.54810817    -10.54810817    -10.56104328    -10.56104328    -10.68642265    -10.68642265    -10.89116336    -10.89116336    -10.96231008    -10.96231008    -11.10311378    -11.10754717    -11.40287263    -11.40287263
      0.41099511     11.41124274     11.41124274     11.10788260     11.10277239     10.96395461     10.96395461     10.87171663     10.87171663     10.67018664     10.67018664     10.58022584     10.58022584     10.48847513     10.48847513     10.42369877     10.22399420     10.22399420     10.05529198     10.03561883     10.00044743     10.00044743      9.90189410      9.90189410      9.59179513      9.59179513      9.43762499      9.27447415      9.25435447      8.62862502      8.60959510      8.60959510      8.56958191      8.56958191      8.47785380      8.47785380      8.19441349      8.18885636      7.87956157      7.87956157      7.54334218      7.54334218      7.04588680      7.04588680      6.42249438      6.42249438      6.23825383      5.30047349      5.30047349      5.08371718      4.86982037      4.86982037      4.54155165      4.54155165      4.37705720      4.37705720      2.63001906      2.61318492      2.61318492      1.89498760      1.89498760      1.74450651      0.45830974      0.45830974      0.26220475     -0.26220475     -0.45830974     -0.45830974     -1.74450651     -1.89498760     -1.89498760     -2.61318492     -2.61318492     -2.63001906     -4.37705720     -4.37705720     -4.54155165     -4.54155165     -4.86982037     -4.86982037     -5.08371718     -5.30047349     -5.30047349     -6.23825383     -6.42249438     -6.42249438     -7.04588680     -7.04588680     -7.54334218     -7.54334218     -7.87956157     -7.87956157     -8.18885636     -8.19441349     -8.47785380     -8.47785380     -8.56958191     -8.56958191     -8.60959510     -8.60959510     -8.62862502     -9.25435447     -9.27447415     -9.43762499     -9.59179513     -9.59179513     -9.90189410     -9.90189410    -10.00044743    -10.00044743    -10.03561883    -10.05529198    -10.22399420    -10.22399420    -10.42369877    -10.48847513    -10.48847513    -10.58022584    -10.58022584    -10.67018664    -10.67018664    -10.87171663    -10.87171663    -10.96395461    -10.96395461    -11.10277239    -11.10788260    -11.41124274    -11.41124274
      0.42078070     11.41715977     11.41715977     11.10810334     11.10254726     10.96513494     10.96513494     10.85613086     10.85613086     10.65201566     10.65201566     10.60045586     10.60045586     10.44736965     10.43274070     10.43274070     10.22007028     10.22007028     10.05613445     10.05288546     10.05288546     10.03474395      9.98546840      9.98546840      9.59256770      9.59256770      9.27536825      9.27513316      9.25349224      8.82479206      8.56949019      8.56949019      8.50981213      8.50981213      8.28034684      8.28034684      8.19465838      8.18861638      7.95818126      7.95818126      7.75877928      7.75877928      7.04588908      7.04588908      6.40802996      6.40802996      5.98279880      5.34039657      5.11584940      5.11584940      4.86982194      4.86982194      4.54352745      4.54352745      4.52830278      4.52830278      2.58798102      2.58798102      2.42061624      1.92816120      1.89487829      1.89487829      0.46652974      0.46652974      0.14487550     -0.14487550     -0.46652974     -0.46652974     -1.89487829     -1.89487829     -1.92816120     -2.42061624     -2.58798102     -2.58798102     -4.52830278     -4.52830278     -4.54352745     -4.54352745     -4.86982194     -4.86982194     -5.11584940     -5.11584940     -5.34039657     -5.98279880     -6.40802996     -6.40802996     -7.04588908     -7.04588908     -7.75877928     -7.75877928     -7.95818126     -7.95818126     -8.18861638     -8.19465838     -8.28034684     -8.28034684     -8.50981213     -8.50981213     -8.56949019     -8.56949019     -8.82479206     -9.25349224     -9.27513316     -9.27536825     -9.59256770     -9.59256770     -9.98546840     -9.98546840    -10.03474395    -10.05288546    -10.05288546    -10.05613445    -10.22007028    -10.22007028    -10.43274070    -10.43274070    -10.44736965    -10.60045586    -10.60045586    -10.65201566    -10.65201566    -10.85613086    -10.85613086    -10.96513494    -10.96513494    -11.10254726    -11.10810334    -11.41715977    -11.41715977
      0.43056630     11.41983428     11.41983428     11.10819971     11.10244887     10.96567314     10.96567314     10.84848131     10.84848131     10.63359596     10.63359596     10.61980014     10.61980014     10.45752617     10.40023205     10.40023205     10.21828947     10.21828947     10.07640705     10.07640705     10.05650206     10.03436134     10.02980631     10.02980631      9.59292648      9.59292648      9.27575925      9.25311601      9.10282492      9.01154895      8.56944774      8.56944774      8.45531566      8.45531566      8.19476541      8.18851162      8.07936438      8.07936438      8.00385158      8.00385158      7.96740435      7.96740435      7.04589013      7.04589013      6.40148301      6.40148301      5.72614139      5.59757574      4.99099360      4.99099360      4.86982267      4.86982267      4.63917620      4.63917620      4.54444542      4.54444542      2.57667596      2.57667596      2.21879928      2.11889882      1.89482769      1.89482769      0.47032042      0.47032042      0.02890664     -0.02890664     -0.47032042     -0.47032042     -1.89482769     -1.89482769     -2.11889882     -2.21879928     -2.57667596     -2.57667596     -4.54444542     -4.54444542     -4.63917620     -4.63917620     -4.86982267     -4.86982267     -4.99099360     -4.99099360     -5.59757574     -5.72614139     -6.40148301     -6.40148301     -7.04589013     -7.04589013     -7.96740435     -7.96740435     -8.00385158     -8.00385158     -8.07936438     -8.07936438     -8.18851162     -8.19476541     -8.45531566     -8.45531566     -8.56944774     -8.56944774     -9.01154895     -9.10282492     -9.25311601     -9.27575925     -9.59292648     -9.59292648    -10.02980631    -10.02980631    -10.03436134    -10.05650206    -10.07640705    -10.07640705    -10.21828947    -10.21828947    -10.40023205    -10.40023205    -10.45752617    -10.61980014    -10.61980014    -10.63359596    -10.63359596    -10.84848131    -10.84848131    -10.96567314    -10.96567314    -11.10244887    -11.10819971    -11.41983428    -11.41983428
      0.44035190     11.41893361     11.41893361     11.10816747     11.10248180     10.96549158     10.96549158     10.85110358     10.85110358     10.64252925     10.64252925     10.61055590     10.61055590     10.45413987     10.41194450     10.41194450     10.21888969     10.21888969     10.06848913     10.06848913     10.05637908     10.03448939     10.01415752     10.01415752      9.59280499      9.59280499      9.27562840      9.25324187      9.19007126      8.91948530      8.56946211      8.56946211      8.47470419      8.47470419      8.19472959      8.18854667      8.17955486      8.17955486      7.98738903      7.98738903      7.86466888      7.86466888      7.04588978      7.04588978      6.40368847      6.40368847      5.85457756      5.46896584      5.03980342      5.03980342      4.86982243      4.86982243      4.59500632      4.59500632      4.54413453      4.54413453      2.58047758      2.58047758      2.31861447      2.02277971      1.89484481      1.89484481      0.46903857      0.46903857      0.08678844     -0.08678844     -0.46903857     -0.46903857     -1.89484481     -1.89484481     -2.02277971     -2.31861447     -2.58047758     -2.58047758     -4.54413453     -4.54413453     -4.59500632     -4.59500632     -4.86982243     -4.86982243     -5.03980342     -5.03980342     -5.46896584     -5.85457756     -6.40368847     -6.40368847     -7.04588978     -7.04588978     -7.86466888     -7.86466888     -7.98738903     -7.98738903     -8.17955486     -8.17955486     -8.18854667     -8.19472959     -8.47470419     -8.47470419     -8.56946211     -8.56946211     -8.91948530     -9.19007126     -9.25324187     -9.27562840     -9.59280499     -9.59280499    -10.01415752    -10.01415752    -10.03448939    -10.05637908    -10.06848913    -10.06848913    -10.21888969    -10.21888969    -10.41194450    -10.41194450    -10.45413987    -10.61055590    -10.61055590    -10.64252925    -10.64252925    -10.85110358    -10.85110358    -10.96549158    -10.96549158    -11.10248180    -11.10816747    -11.41893361    -11.41893361
      0.45013750     11.41456817     11.41456817     11.10800804     11.10264451     10.96461620     10.96461620     10.86316978     10.86316978     10.66129324     10.66129324     10.59027877     10.59027877     10.45919893     10.45919893     10.43722025     10.22179156     10.22179156     10.05577078     10.03512195     10.03002040     10.03002040      9.94711986      9.94711986      9.59222577      9.59222577      9.35768039      9.27498196      9.25386444      8.72780603      8.56953074      8.56953074      8.55600806      8.55600806      8.37989070      8.37989070      8.19455259      8.18871999      7.92095706      7.92095706      7.65156875      7.65156875      7.04588807      7.04588807      6.41436836      6.41436836      6.11071946      5.21195237      5.20476379      5.20476379      4.86982125      4.86982125      4.54265281      4.54265281      4.45356176      4.45356176      2.59898525      2.59898525      2.52444287      1.89492661      1.89492661      1.83538727      0.46290146      0.46290146      0.20330321     -0.20330321     -0.46290146     -0.46290146     -1.83538727     -1.89492661     -1.89492661     -2.52444287     -2.59898525     -2.59898525     -4.45356176     -4.45356176     -4.54265281     -4.54265281     -4.86982125     -4.86982125     -5.20476379     -5.20476379     -5.21195237     -6.11071946     -6.41436836     -6.41436836     -7.04588807     -7.04588807     -7.65156875     -7.65156875     -7.92095706     -7.92095706     -8.18871999     -8.19455259     -8.37989070     -8.37989070     -8.55600806     -8.55600806     -8.56953074     -8.56953074     -8.72780603     -9.25386444     -9.27498196     -9.35768039     -9.59222577     -9.59222577     -9.94711986     -9.94711986    -10.03002040    -10.03002040    -10.03512195    -10.05577078    -10.22179156    -10.22179156    -10.43722025    -10.45919893    -10.45919893    -10.59027877    -10.59027877    -10.66129324    -10.66129324    -10.86316978    -10.86316978    -10.96461620    -10.96461620    -11.10264451    -11.10800804    -11.41456817    -11.41456817
      0.45992310     11.40729663     11.40729663     11.10772841     11.10292943     10.96317556     10.96317556     10.88122562     10.88122562     10.67859182     10.67859182     10.57043663     10.57043663     10.51856617     10.51856617     10.40681468     10.22659953     10.22659953     10.05470317     10.03622865      9.96478583      9.96478583      9.85171084      9.85171084      9.59129579      9.59129579      9.51490291      9.27385091      9.25495705      8.66808656      8.66808656      8.57403561      8.57403561      8.56964140      8.56964140      8.52732623      8.19424267      8.18902399      7.83668292      7.83668292      7.43425628      7.43425628      7.04588532      7.04588532      6.43212819      6.43212819      6.36531617      5.40034729      5.40034729      4.95577433      4.86981935      4.86981935      4.54027525      4.54027525      4.30170353      4.30170353      2.73729256      2.63016514      2.63016514      1.89505849      1.89505849      1.65553554      0.45295305      0.45295305      0.32171034     -0.32171034     -0.45295305     -0.45295305     -1.65553554     -1.89505849     -1.89505849     -2.63016514     -2.63016514     -2.73729256     -4.30170353     -4.30170353     -4.54027525     -4.54027525     -4.86981935     -4.86981935     -4.95577433     -5.40034729     -5.40034729     -6.36531617     -6.43212819     -6.43212819     -7.04588532     -7.04588532     -7.43425628     -7.43425628     -7.83668292     -7.83668292     -8.18902399     -8.19424267     -8.52732623     -8.56964140     -8.56964140     -8.57403561     -8.57403561     -8.66808656     -8.66808656     -9.25495705     -9.27385091     -9.51490291     -9.59129579     -9.59129579     -9.85171084     -9.85171084     -9.96478583     -9.96478583    -10.03622865    -10.05470317    -10.22659953    -10.22659953    -10.40681468    -10.51856617    -10.51856617    -10.57043663    -10.57043663    -10.67859182    -10.67859182    -10.88122562    -10.88122562    -10.96317556    -10.96317556    -11.10292943    -11.10772841    -11.40729663    -11.40729663
      0.46970869     11.39814262     11.39814262     11.10734088     11.10332332     10.96139422     10.96139422     10.90104385     10.90104385     10.69359969     10.69359969     10.57614230     10.57614230     10.55218229     10.55218229     10.36300832     10.23261061     10.23261061     10.05322207     10.03775667      9.87775386      9.87775386      9.74108150      9.74108150      9.66123389      9.59018489      9.59018489      9.27228912      9.25647267      8.79393096      8.79393096      8.76026228      8.76026228      8.56977436      8.56977436      8.31866886      8.19381423      8.18944531      7.75340894      7.75340894      7.21398763      7.21398763      7.04588202      7.04588202      6.61768227      6.45445057      6.45445057      5.60794298      5.60794298      4.86981706      4.86981706      4.70109544      4.53743745      4.53743745      4.16071743      4.16071743      2.95673214      2.67021326      2.67021326      1.89521692      1.89521691      1.48333465      0.44303508      0.44090348      0.44090348     -0.44090348     -0.44090348     -0.44303508     -1.48333465     -1.89521691     -1.89521692     -2.67021326     -2.67021326     -2.95673214     -4.16071743     -4.16071743     -4.53743745     -4.53743745     -4.70109544     -4.86981706     -4.86981706     -5.60794298     -5.60794298     -6.45445057     -6.45445057     -6.61768227     -7.04588202     -7.04588202     -7.21398763     -7.21398763     -7.75340894     -7.75340894     -8.18944531     -8.19381423     -8.31866886     -8.56977436     -8.56977436     -8.76026228     -8.76026228     -8.79393096     -8.79393096     -9.25647267     -9.27228912     -9.59018489     -9.59018489     -9.66123389     -9.74108150     -9.74108150     -9.87775386     -9.87775386    -10.03775667    -10.05322207    -10.23261061    -10.23261061    -10.36300832    -10.55218229    -10.55218229    -10.57614230    -10.57614230    -10.69359969    -10.69359969    -10.90104385    -10.90104385    -10.96139422    -10.96139422    -11.10332332    -11.10734088    -11.39814262    -11.39814262
      0.47949429     11.38858215     11.38858215     11.10686253     11.10380794     10.95957395     10.95957395     10.91901736     10.91901736     10.70569382     10.70569382     10.62497044     10.62497044     10.53663919     10.53663919     10.30592385     10.23884556     10.23884556     10.05139146     10.03963365      9.79625446      9.77415421      9.77415421      9.62112013      9.62112013      9.58909295      9.58909295      9.27037045      9.25834574      8.93645271      8.93645271      8.92615197      8.92615197      8.56990587      8.56990587      8.19328712      8.18996539      8.10242273      7.68121743      7.68121743      7.04587875      7.04587875      6.99166998      6.99166998      6.86713469      6.47775122      6.47775122      5.82227574      5.82227574      4.86981481      4.86981481      4.53465049      4.53465049      4.44856672      4.04030935      4.04030935      3.18234542      2.71330659      2.71330659      1.89537358      1.89537358      1.31873445      0.56823184      0.42886606      0.42886606     -0.42886606     -0.42886606     -0.56823184     -1.31873445     -1.89537358     -1.89537358     -2.71330659     -2.71330659     -3.18234542     -4.04030935     -4.04030935     -4.44856672     -4.53465049     -4.53465049     -4.86981481     -4.86981481     -5.82227574     -5.82227574     -6.47775122     -6.47775122     -6.86713469     -6.99166998     -6.99166998     -7.04587875     -7.04587875     -7.68121743     -7.68121743     -8.10242273     -8.18996539     -8.19328712     -8.56990587     -8.56990587     -8.92615197     -8.92615197     -8.93645271     -8.93645271     -9.25834574     -9.27037045     -9.58909295     -9.58909295     -9.62112013     -9.62112013     -9.77415421     -9.77415421     -9.79625446    -10.03963365    -10.05139146    -10.23884556    -10.23884556    -10.30592385    -10.53663919    -10.53663919    -10.62497044    -10.62497044    -10.70569382    -10.70569382    -10.91901736    -10.91901736    -10.95957395    -10.95957395    -11.10380794    -11.10686253    -11.38858215    -11.38858215
      0.48927989     11.38041707     11.38041707     11.10631458     11.10436098     10.95805341     10.95805341     10.93259306     10.93259306     10.71432026     10.71432026     10.66080488     10.66080488     10.52501476     10.52501476     10.24414148     10.24414148     10.23572110     10.04929105     10.04177158      9.91958439      9.66091952      9.66091952      9.58821328      9.58821328      9.49484174      9.49484174      9.26818472      9.26049455      9.09788893      9.09788893      9.06105480      9.06105480      8.57001241      8.57001241      8.19268563      8.19056118      7.87918939      7.62712860      7.62712860      7.11299514      7.04587611      7.04587611      6.76827270      6.76827270      6.49766776      6.49766776      6.04080552      6.04080552      4.86981298      4.86981298      4.53240707      4.53240707      4.19882337      3.94942539      3.94942539      3.41367851      2.75149018      2.75149018      1.89550047      1.89550047      1.16157551      0.69816511      0.41901558      0.41901558     -0.41901558     -0.41901558     -0.69816511     -1.16157551     -1.89550047     -1.89550047     -2.75149018     -2.75149018     -3.41367851     -3.94942539     -3.94942539     -4.19882337     -4.53240707     -4.53240707     -4.86981298     -4.86981298     -6.04080552     -6.04080552     -6.49766776     -6.49766776     -6.76827270     -6.76827270     -7.04587611     -7.04587611     -7.11299514     -7.62712860     -7.62712860     -7.87918939     -8.19056118     -8.19268563     -8.57001241     -8.57001241     -9.06105480     -9.06105480     -9.09788893     -9.09788893     -9.26049455     -9.26818472     -9.49484174     -9.49484174     -9.58821328     -9.58821328     -9.66091952     -9.66091952     -9.91958439    -10.04177158    -10.04929105    -10.23572110    -10.24414148    -10.24414148    -10.52501476    -10.52501476    -10.66080488    -10.66080488    -10.71432026    -10.71432026    -10.93259306    -10.93259306    -10.95805341    -10.95805341    -11.10436098    -11.10631458    -11.38041707    -11.38041707
      0.49906549     11.37543305     11.37543305     11.10572143     11.10495710     10.95714129     10.95714129     10.94019730     10.94019730     10.71903257     10.71903257     10.68070500     10.68070500     10.51844650     10.51844650     10.24736342     10.24736342     10.15259664     10.04701324     10.04407138     10.03087780      9.58769944      9.58769944      9.55732852      9.55732852      9.36424818      9.36424818      9.26583314      9.26282449      9.22664396      9.22664396      9.19629727      9.19629727      8.57007489      8.57007489      8.19203732      8.19120615      7.64958663      7.59662541      7.59662541      7.35459241      7.04587456      7.04587456      6.54562684      6.54562684      6.50984419      6.50984419      6.26102486      6.26102486      4.86981191      4.86981191      4.53109733      4.53109733      3.95248141      3.89741426      3.89741426      3.65023861      2.77560555      2.77560555      1.89557487      1.89557487      1.01158856      0.83359537      0.41319328      0.41319328     -0.41319328     -0.41319328     -0.83359537     -1.01158856     -1.89557487     -1.89557487     -2.77560555     -2.77560555     -3.65023861     -3.89741426     -3.89741426     -3.95248141     -4.53109733     -4.53109733     -4.86981191     -4.86981191     -6.26102486     -6.26102486     -6.50984419     -6.50984419     -6.54562684     -6.54562684     -7.04587456     -7.04587456     -7.35459241     -7.59662541     -7.59662541     -7.64958663     -8.19120615     -8.19203732     -8.57007489     -8.57007489     -9.19629727     -9.19629727     -9.22664396     -9.22664396     -9.26282449     -9.26583314     -9.36424818     -9.36424818     -9.55732852     -9.55732852     -9.58769944     -9.58769944    -10.03087780    -10.04407138    -10.04701324    -10.15259664    -10.24736342    -10.24736342    -10.51844650    -10.51844650    -10.68070500    -10.68070500    -10.71903257    -10.71903257    -10.94019730    -10.94019730    -10.95714129    -10.95714129    -11.10495710    -11.10572143    -11.37543305    -11.37543305
      0.50885108     11.37484769     11.37484769     11.10556917     11.10510971     10.95703498     10.95703498     10.94105942     10.94105942     10.71956274     10.71956274     10.68295822     10.68295822     10.51769699     10.51769699     10.24774138     10.24774138     10.12982299     10.05678317     10.04642781     10.04465936      9.58764022      9.58764022      9.54010398      9.54010398      9.33121766      9.33121766      9.26523187      9.26342327      9.24664996      9.24664996      9.22984768      9.22984768      8.57008210      8.57008210      8.19187137      8.19137172      7.59314891      7.59314891      7.59126462      7.41424781      7.04587438      7.04587438      6.51127562      6.51127562      6.49124572      6.49124572      6.31514219      6.31514219      4.86981178      4.86981178      4.53094641      4.53094641      3.89149747      3.89143632      3.89143632      3.71013418      2.77848501      2.77848501      1.89558346      1.89558346      0.97517009      0.86839028      0.41251883      0.41251883     -0.41251883     -0.41251883     -0.86839028     -0.97517009     -1.89558346     -1.89558346     -2.77848501     -2.77848501     -3.71013418     -3.89143632     -3.89143632     -3.89149747     -4.53094641     -4.53094641     -4.86981178     -4.86981178     -6.31514219     -6.31514219     -6.49124572     -6.49124572     -6.51127562     -6.51127562     -7.04587438     -7.04587438     -7.41424781     -7.59126462     -7.59314891     -7.59314891     -8.19137172     -8.19187137     -8.57008210     -8.57008210     -9.22984768     -9.22984768     -9.24664996     -9.24664996     -9.26342327     -9.26523187     -9.33121766     -9.33121766     -9.54010398     -9.54010398     -9.58764022     -9.58764022    -10.04465936    -10.04642781    -10.05678317    -10.12982299    -10.24774138    -10.24774138    -10.51769699    -10.51769699    -10.68295822    -10.68295822    -10.71956274    -10.71956274    -10.94105942    -10.94105942    -10.95703498    -10.95703498    -11.10510971    -11.10556917    -11.37484769    -11.37484769
      0.51863668     11.37881086     11.37881086     11.10616952     11.10450701     10.95775811     10.95775811     10.93509656     10.93509656     10.71587938     10.71587938     10.66736379     10.66736379     10.52285977     10.52285977     10.24518062     10.24518062     10.21614292     10.04873440     10.04233540      9.94854893      9.63265212      9.63265212      9.58804580      9.58804580      9.46252544      9.46252544      9.26760825      9.26106398      9.13457079      9.13457079      9.09491463      9.09491463      8.57003276      8.57003276      8.19252681      8.19071891      7.82236135      7.61711397      7.61711397      7.17382016      7.04587560      7.04587560      6.71240651      6.71240651      6.50158982      6.50158982      6.09585213      6.09585213      4.86981263      4.86981263      4.53198012      4.53198012      4.13689540      3.93242840      3.93242840      3.47234856      2.75918707      2.75918707      1.89552470      1.89552470      1.12341939      0.73148006      0.41712360      0.41712360     -0.41712360     -0.41712360     -0.73148006     -1.12341939     -1.89552470     -1.89552470     -2.75918707     -2.75918707     -3.47234856     -3.93242840     -3.93242840     -4.13689540     -4.53198012     -4.53198012     -4.86981263     -4.86981263     -6.09585213     -6.09585213     -6.50158982     -6.50158982     -6.71240651     -6.71240651     -7.04587560     -7.04587560     -7.17382016     -7.61711397     -7.61711397     -7.82236135     -8.19071891     -8.19252681     -8.57003276     -8.57003276     -9.09491463     -9.09491463     -9.13457079     -9.13457079     -9.26106398     -9.26760825     -9.46252544     -9.46252544     -9.58804580     -9.58804580     -9.63265212     -9.63265212     -9.94854893    -10.04233540    -10.04873440    -10.21614292    -10.24518062    -10.24518062    -10.52285977    -10.52285977    -10.66736379    -10.66736379    -10.71587938    -10.71587938    -10.93509656    -10.93509656    -10.95775811    -10.95775811    -11.10450701    -11.10616952    -11.37881086    -11.37881086
      0.52842228     11.38633633     11.38633633     11.10673116     11.10394074     10.95915253     10.95915253     10.92290038     10.92290038     10.70819530     10.70819530     10.63528104     10.63528104     10.53331814     10.53331814     10.28959595     10.24030463     10.24030463     10.05088823     10.04014739      9.82819704      9.74637368      9.74637368      9.59005605      9.59005605      9.58884623      9.58884623      9.26984526      9.25886059      8.97850386      8.97850386      8.95973030      8.95973030      8.56993570      8.56993570      8.19314269      8.19010823      8.04724559      7.66575826      7.66575826      7.04587801      7.04587801      6.93587889      6.93587889      6.92896290      6.48322659      6.48322659      5.87659356      5.87659356      4.86981429      4.86981429      4.53402111      4.53402111      4.38584534      4.01445388      4.01445388      3.23966107      2.72366513      2.72366513      1.89540911      1.89540911      1.27875571      0.60023954      0.42611763      0.42611763     -0.42611763     -0.42611763     -0.60023954     -1.27875571     -1.89540911     -1.89540911     -2.72366513     -2.72366513     -3.23966107     -4.01445388     -4.01445388     -4.38584534     -4.53402111     -4.53402111     -4.86981429     -4.86981429     -5.87659356     -5.87659356     -6.48322659     -6.48322659     -6.92896290     -6.93587889     -6.93587889     -7.04587801     -7.04587801     -7.66575826     -7.66575826     -8.04724559     -8.19010823     -8.19314269     -8.56993570     -8.56993570     -8.95973030     -8.95973030     -8.97850386     -8.97850386     -9.25886059     -9.26984526     -9.58884623     -9.58884623     -9.59005605     -9.59005605     -9.74637368     -9.74637368     -9.82819704    -10.04014739    -10.05088823    -10.24030463    -10.24030463    -10.28959595    -10.53331814    -10.53331814    -10.63528104    -10.63528104    -10.70819530    -10.70819530    -10.92290038    -10.92290038    -10.95915253    -10.95915253    -11.10394074    -11.10673116    -11.38633633    -11.38633633
      0.53820788     11.39572407     11.39572407     11.10722904     11.10343678     10.96092978     10.96092978     10.90582825     10.90582825     10.69691930     10.69691930     10.58936371     10.58936371     10.54799606     10.54799606     10.34997642     10.23419176     10.23419176     10.05279431     10.03819641      9.85319181      9.85319181      9.71181914      9.71181914      9.69606484      9.58990219      9.58990219      9.27183964      9.25691037      8.82657023      8.82657023      8.80536345      8.80536345      8.56980833      8.56980833      8.26529555      8.19369082      8.18956690      7.73401767      7.73401767      7.15856516      7.15856516      7.04588117      7.04588117      6.68034513      6.46034497      6.46034497      5.66101515      5.66101515      4.86981648      4.86981648      4.63773657      4.53671568      4.53671568      4.12834810      4.12834810      3.01257372      2.68097664      2.68097664      1.89525739      1.89525739      1.44147642      0.47393584      0.43780618      0.43780618     -0.43780618     -0.43780618     -0.47393584     -1.44147642     -1.89525739     -1.89525739     -2.68097664     -2.68097664     -3.01257372     -4.12834810     -4.12834810     -4.53671568     -4.53671568     -4.63773657     -4.86981648     -4.86981648     -5.66101515     -5.66101515     -6.46034497     -6.46034497     -6.68034513     -7.04588117     -7.04588117     -7.15856516     -7.15856516     -7.73401767     -7.73401767     -8.18956690     -8.19369082     -8.26529555     -8.56980833     -8.56980833     -8.80536345     -8.80536345     -8.82657023     -8.82657023     -9.25691037     -9.27183964     -9.58990219     -9.58990219     -9.69606484     -9.71181914     -9.71181914     -9.85319181     -9.85319181    -10.03819641    -10.05279431    -10.23419176    -10.23419176    -10.34997642    -10.54799606    -10.54799606    -10.58936371    -10.58936371    -10.69691930    -10.69691930    -10.90582825    -10.90582825    -10.96092978    -10.96092978    -11.10343678    -11.10722904    -11.39572407    -11.39572407
      0.54799348     11.40513429     11.40513429     11.10764105     11.10301832     10.96275148     10.96275148     10.88617266     10.88617266     10.68258410     10.68258410     10.56568210     10.56568210     10.53347294     10.53347294     10.39711526     10.22802344     10.22802344     10.05436945     10.03657368      9.94487149      9.94487149      9.82517246      9.82517246      9.59102745      9.59102745      9.55252386      9.27349827      9.25529855      8.69864620      8.69864620      8.62139962      8.62139962      8.56967344      8.56967344      8.47590565      8.19414598      8.18911896      7.81529060      7.81529060      7.37942998      7.37942998      7.04588452      7.04588452      6.43740383      6.43740383      6.42864356      5.45141214      5.45141214      4.89193839      4.86981880      4.86981880      4.53958955      4.53958955      4.26500604      4.26500604      2.79155035      2.63953656      2.63953656      1.89509667      1.89509667      1.61176808      0.45005960      0.45005960      0.35172935     -0.35172935     -0.45005960     -0.45005960     -1.61176808     -1.89509667     -1.89509667     -2.63953656     -2.63953656     -2.79155035     -4.26500604     -4.26500604     -4.53958955     -4.53958955     -4.86981880     -4.86981880     -4.89193839     -5.45141214     -5.45141214     -6.42864356     -6.43740383     -6.43740383     -7.04588452     -7.04588452     -7.37942998     -7.37942998     -7.81529060     -7.81529060     -8.18911896     -8.19414598     -8.47590565     -8.56967344     -8.56967344     -8.62139962     -8.62139962     -8.69864620     -8.69864620     -9.25529855     -9.27349827     -9.55252386     -9.59102745     -9.59102745     -9.82517246     -9.82517246     -9.94487149     -9.94487149    -10.03657368    -10.05436945    -10.22802344    -10.22802344    -10.39711526    -10.53347294    -10.53347294    -10.56568210    -10.56568210    -10.68258410    -10.68258410    -10.88617266    -10.88617266    -10.96275148    -10.96275148    -11.10301832    -11.10764105    -11.40513429    -11.40513429
      0.55777907     11.41299081     11.41299081     11.10794901     11.10270470     10.96430181     10.96430181     10.86728857     10.86728857     10.66579513     10.66579513     10.58522764     10.58522764     10.47362805     10.47362805     10.43088048     10.22283718     10.22283718     10.05554548     10.03535587     10.01603459     10.01603459      9.92522808      9.92522808      9.59202037      9.59202037      9.39798226      9.27474290      9.25409503      8.67848491      8.58205838      8.58205838      8.56955513      8.56955513      8.42908324      8.42908324      8.19448711      8.18878416      7.90058871      7.90058871      7.59757137      7.59757137      7.04588746      7.04588746      6.41822375      6.41822375      6.17454029      5.25197953      5.25197953      5.14780342      4.86982083      4.86982083      4.54212755      4.54212755      4.41530399      4.41530399      2.60570894      2.60570894      2.57701569      1.89495568      1.89495568      1.78970884      0.46071454      0.46071454      0.23268653     -0.23268653     -0.46071454     -0.46071454     -1.78970884     -1.89495568     -1.89495568     -2.57701569     -2.60570894     -2.60570894     -4.41530399     -4.41530399     -4.54212755     -4.54212755     -4.86982083     -4.86982083     -5.14780342     -5.25197953     -5.25197953     -6.17454029     -6.41822375     -6.41822375     -7.04588746     -7.04588746     -7.59757137     -7.59757137     -7.90058871     -7.90058871     -8.18878416     -8.19448711     -8.42908324     -8.42908324     -8.56955513     -8.56955513     -8.58205838     -8.58205838     -8.67848491     -9.25409503     -9.27474290     -9.39798226     -9.59202037     -9.59202037     -9.92522808     -9.92522808    -10.01603459    -10.01603459    -10.03535587    -10.05554548    -10.22283718    -10.22283718    -10.43088048    -10.47362805    -10.47362805    -10.58522764    -10.58522764    -10.66579513    -10.66579513    -10.86728857    -10.86728857    -10.96430181    -10.96430181    -11.10270470    -11.10794901    -11.41299081    -11.41299081
      0.56756467     11.41815303     11.41815303     11.10813936     11.10251050     10.96533448     10.96533448     10.85333776     10.85333776     10.64728026     10.64728026     10.60553506     10.60553506     10.45117751     10.42142495     10.42142495     10.21940946     10.21940946     10.06162531     10.06162531     10.05627184     10.03460101     10.00122724     10.00122724      9.59270024      9.59270024      9.27551433      9.25335163      9.23290860      8.87243370      8.56947450      8.56947450      8.49059235      8.49059235      8.23007075      8.23007075      8.19469837      8.18857723      7.97407427      7.97407427      7.81192406      7.81192406      7.04588947      7.04588947      6.40559926      6.40559926      5.91872039      5.40467084      5.07559003      5.07559003      4.86982221      4.86982221      4.56329670      4.56329670      4.54386653      4.54386653      2.58377674      2.58377674      2.36937982      1.97524599      1.89485959      1.89485959      0.46793200      0.46793200      0.11579781     -0.11579781     -0.46793200     -0.46793200     -1.89485959     -1.89485959     -1.97524599     -2.36937982     -2.58377674     -2.58377674     -4.54386653     -4.54386653     -4.56329670     -4.56329670     -4.86982221     -4.86982221     -5.07559003     -5.07559003     -5.40467084     -5.91872039     -6.40559926     -6.40559926     -7.04588947     -7.04588947     -7.81192406     -7.81192406     -7.97407427     -7.97407427     -8.18857723     -8.19469837     -8.23007075     -8.23007075     -8.49059235     -8.49059235     -8.56947450     -8.56947450     -8.87243370     -9.23290860     -9.25335163     -9.27551433     -9.59270024     -9.59270024    -10.00122724    -10.00122724    -10.03460101    -10.05627184    -10.06162531    -10.06162531    -10.21940946    -10.21940946    -10.42142495    -10.42142495    -10.45117751    -10.60553506    -10.60553506    -10.64728026    -10.64728026    -10.85333776    -10.85333776    -10.96533448    -10.96533448    -11.10251050    -11.10813936    -11.41815303    -11.41815303
      0.57735027     11.41994750     11.41994750     11.10820375     11.10244474     10.96569599     10.96569599     10.84814822     10.84814822     10.63134565     10.63134565     10.62208952     10.62208952     10.45794951     10.39869252     10.39869252     10.21821397     10.21821397     10.07740244     10.07740244     10.05651746     10.03434530     10.03183741     10.03183741      9.59294181      9.59294181      9.27577565      9.25310025      9.06484311      9.05013300      8.56944593      8.56944593      8.45278511      8.45278511      8.19476990      8.18850723      8.04415557      8.04415557      8.00601750      8.00601750      8.00293111      8.00293111      7.04589018      7.04589018      6.40120570      6.40120570      5.66189701      5.66184181      4.98398407      4.98398407      4.86982270      4.86982270      4.64560719      4.64560719      4.54448463      4.54448463      2.57619843      2.57619843      2.17707225      2.16016364      1.89482553      1.89482553      0.47048194      0.47048194      0.00003580     -0.00003580     -0.47048194     -0.47048194     -1.89482553     -1.89482553     -2.16016364     -2.17707225     -2.57619843     -2.57619843     -4.54448463     -4.54448463     -4.64560719     -4.64560719     -4.86982270     -4.86982270     -4.98398407     -4.98398407     -5.66184181     -5.66189701     -6.40120570     -6.40120570     -7.04589018     -7.04589018     -8.00293111     -8.00293111     -8.00601750     -8.00601750     -8.04415557     -8.04415557     -8.18850723     -8.19476990     -8.45278511     -8.45278511     -8.56944593     -8.56944593     -9.05013300     -9.06484311     -9.25310025     -9.27577565     -9.59294181     -9.59294181    -10.03183741    -10.03183741    -10.03434530    -10.05651746    -10.07740244    -10.07740244    -10.21821397    -10.21821397    -10.39869252    -10.39869252    -10.45794951    -10.62208952    -10.62208952    -10.63134565    -10.63134565    -10.84814822    -10.84814822    -10.96569599    -10.96569599    -11.10244474    -11.10820375    -11.41994750    -11.41994750
      0.58713587     11.41815303     11.41815303     11.10813936     11.10251050     10.96533448     10.96533448     10.85333776     10.85333776     10.64728026     10.64728026     10.60553506     10.60553506     10.45117751     10.42142495     10.42142495     10.21940946     10.21940946     10.06162531     10.06162531     10.05627184     10.03460101     10.00122724     10.00122724      9.59270024      9.59270024      9.27551433      9.25335163      9.23290860      8.87243370      8.56947450      8.56947450      8.49059235      8.49059235      8.23007075      8.23007075      8.19469837      8.18857723      7.97407427      7.97407427      7.81192406      7.81192406      7.04588947      7.04588947      6.40559926      6.40559926      5.91872039      5.40467084      5.07559003      5.07559003      4.86982221      4.86982221      4.56329670      4.56329670      4.54386653      4.54386653      2.58377674      2.58377674      2.36937982      1.97524599      1.89485959      1.89485959      0.46793200      0.46793200      0.11579781     -0.11579781     -0.46793200     -0.46793200     -1.89485959     -1.89485959     -1.97524599     -2.36937982     -2.58377674     -2.58377674     -4.54386653     -4.54386653     -4.56329670     -4.56329670     -4.86982221     -4.86982221     -5.07559003     -5.07559003     -5.40467084     -5.91872039     -6.40559926     -6.40559926     -7.04588947     -7.04588947     -7.81192406     -7.81192406     -7.97407427     -7.97407427     -8.18857723     -8.19469837     -8.23007075     -8.23007075     -8.49059235     -8.49059235     -8.56947450     -8.56947450     -8.87243370     -9.23290860     -9.25335163     -9.27551433     -9.59270024     -9.59270024    -10.00122724    -10.00122724    -10.03460101    -10.05627184    -10.06162531    -10.06162531    -10.21940946    -10.21940946    -10.42142495    -10.42142495    -10.45117751    -10.60553506    -10.60553506    -10.64728026    -10.64728026    -10.85333776    -10.85333776    -10.96533448    -10.96533448    -11.10251050    -11.10813936    -11.41815303    -11.41815303
      0.59692146     11.41299081     11.41299081     11.10794901     11.10270470     10.96430181     10.96430181     10.86728857     10.86728857     10.66579513     10.66579513     10.58522764     10.58522764     10.47362805     10.47362805     10.43088048     10.22283718     10.22283718     10.05554548     10.03535587     10.01603459     10.01603459      9.92522808      9.92522808      9.59202037      9.59202037      9.39798226      9.27474290      9.25409503      8.67848491      8.58205838      8.58205838      8.56955513      8.56955513      8.42908324      8.42908324      8.19448711      8.18878416      7.90058871      7.90058871      7.59757137      7.59757137      7.04588746      7.04588746      6.41822375      6.41822375      6.17454029      5.25197953      5.25197953      5.14780342      4.86982083      4.86982083      4.54212755      4.54212755      4.41530399      4.41530399      2.60570894      2.60570894      2.57701569      1.89495568      1.89495568      1.78970884      0.46071454      0.46071454      0.23268653     -0.23268653     -0.46071454     -0.46071454     -1.78970884     -1.89495568     -1.89495568     -2.57701569     -2.60570894     -2.60570894     -4.41530399     -4.41530399     -4.54212755     -4.54212755     -4.86982083     -4.86982083     -5.14780342     -5.25197953     -5.25197953     -6.17454029     -6.41822375     -6.41822375     -7.04588746     -7.04588746     -7.59757137     -7.59757137     -7.90058871     -7.90058871     -8.18878416     -8.19448711     -8.42908324     -8.42908324     -8.56955513     -8.56955513     -8.58205838     -8.58205838     -8.67848491     -9.25409503     -9.27474290     -9.39798226     -9.59202037     -9.59202037     -9.92522808     -9.92522808    -10.01603459    -10.01603459    -10.03535587    -10.05554548    -10.22283718    -10.22283718    -10.43088048    -10.47362805    -10.47362805    -10.58522764    -10.58522764    -10.66579513    -10.66579513    -10.86728857    -10.86728857    -10.96430181    -10.96430181    -11.10270470    -11.10794901    -11.41299081    -11.41299081
      0.60670706     11.40513429     11.40513429     11.10764105     11.10301832     10.96275148     10.96275148     10.88617266     10.88617266     10.68258410     10.68258410     10.56568210     10.56568210     10.53347294     10.53347294     10.39711526     10.22802344     10.22802344     10.05436945     10.03657368      9.94487149      9.94487149      9.82517246      9.82517246      9.59102745      9.59102745      9.55252386      9.27349827      9.25529855      8.69864620      8.69864620      8.62139962      8.62139962      8.56967344      8.56967344      8.47590565      8.19414598      8.18911896      7.81529060      7.81529060      7.37942998      7.37942998      7.04588452      7.04588452      6.43740383      6.43740383      6.42864356      5.45141214      5.45141214      4.89193839      4.86981880      4.86981880      4.53958955      4.53958955      4.26500604      4.26500604      2.79155035      2.63953656      2.63953656      1.89509667      1.89509667      1.61176808      0.45005960      0.45005960      0.35172935     -0.35172935     -0.45005960     -0.45005960     -1.61176808     -1.89509667     -1.89509667     -2.63953656     -2.63953656     -2.79155035     -4.26500604     -4.26500604     -4.53958955     -4.53958955     -4.86981880     -4.86981880     -4.89193839     -5.45141214     -5.45141214     -6.42864356     -6.43740383     -6.43740383     -7.04588452     -7.04588452     -7.37942998     -7.37942998     -7.81529060     -7.81529060     -8.18911896     -8.19414598     -8.47590565     -8.56967344     -8.56967344     -8.62139962     -8.62139962     -8.69864620     -8.69864620     -9.25529855     -9.27349827     -9.55252386     -9.59102745     -9.59102745     -9.82517246     -9.82517246     -9.94487149     -9.94487149    -10.03657368    -10.05436945    -10.22802344    -10.22802344    -10.39711526    -10.53347294    -10.53347294    -10.56568210    -10.56568210    -10.68258410    -10.68258410    -10.88617266    -10.88617266    -10.96275148    -10.96275148    -11.10301832    -11.10764105    -11.40513429    -11.40513429
      0.61649266     11.39572407     11.39572407     11.10722904     11.10343678     10.96092978     10.96092978     10.90582825     10.90582825     10.69691930     10.69691930     10.58936371     10.58936371     10.54799606     10.54799606     10.34997642     10.23419176     10.23419176     10.05279431     10.03819641      9.85319181      9.85319181      9.71181914      9.71181914      9.69606484      9.58990219      9.58990219      9.27183964      9.25691037      8.82657023      8.82657023      8.80536345      8.80536345      8.56980833      8.56980833      8.26529555      8.19369082      8.18956690      7.73401767      7.73401767      7.15856516      7.15856516      7.04588117      7.04588117      6.68034513      6.46034497      6.46034497      5.66101515      5.66101515      4.86981648      4.86981648      4.63773657      4.53671568      4.53671568      4.12834810      4.12834810      3.01257372      2.68097664      2.68097664      1.89525739      1.89525739      1.44147642      0.47393584      0.43780618      0.43780618     -0.43780618     -0.43780618     -0.47393584     -1.44147642     -1.89525739     -1.89525739     -2.68097664     -2.68097664     -3.01257372     -4.12834810     -4.12834810     -4.53671568     -4.53671568     -4.63773657     -4.86981648     -4.86981648     -5.66101515     -5.66101515     -6.46034497     -6.46034497     -6.68034513     -7.04588117     -7.04588117     -7.15856516     -7.15856516     -7.73401767     -7.73401767     -8.18956690     -8.19369082     -8.26529555     -8.56980833     -8.56980833     -8.80536345     -8.80536345     -8.82657023     -8.82657023     -9.25691037     -9.27183964     -9.58990219     -9.58990219     -9.69606484     -9.71181914     -9.71181914     -9.85319181     -9.85319181    -10.03819641    -10.05279431    -10.23419176    -10.23419176    -10.34997642    -10.54799606    -10.54799606    -10.58936371    -10.58936371    -10.69691930    -10.69691930    -10.90582825    -10.90582825    -10.96092978    -10.96092978    -11.10343678    -11.10722904    -11.39572407    -11.39572407
      0.62627826     11.38633633     11.38633633     11.10673116     11.10394074     10.95915253     10.95915253     10.92290038     10.92290038     10.70819530     10.70819530     10.63528104     10.63528104     10.53331814     10.53331814     10.28959595     10.24030463     10.24030463     10.05088823     10.04014739      9.82819704      9.74637368      9.74637368      9.59005605      9.59005605      9.58884623      9.58884623      9.26984526      9.25886059      8.97850386      8.97850386      8.95973030      8.95973030      8.56993570      8.56993570      8.19314269      8.19010823      8.04724559      7.66575826      7.66575826      7.04587801      7.04587801      6.93587889      6.93587889      6.92896290      6.48322659      6.48322659      5.87659356      5.87659356      4.86981429      4.86981429      4.53402111      4.53402111      4.38584534      4.01445388      4.01445388      3.23966107      2.72366513      2.72366513      1.89540911      1.89540911      1.27875571      0.60023954      0.42611763      0.42611763     -0.42611763     -0.42611763     -0.60023954     -1.27875571     -1.89540911     -1.89540911     -2.72366513     -2.72366513     -3.23966107     -4.01445388     -4.01445388     -4.38584534     -4.53402111     -4.53402111     -4.86981429     -4.86981429     -5.87659356     -5.87659356     -6.48322659     -6.48322659     -6.92896290     -6.93587889     -6.93587889     -7.04587801     -7.04587801     -7.66575826     -7.66575826     -8.04724559     -8.19010823     -8.19314269     -8.56993570     -8.56993570     -8.95973030     -8.95973030     -8.97850386     -8.97850386     -9.25886059     -9.26984526     -9.58884623     -9.58884623     -9.59005605     -9.59005605     -9.74637368     -9.74637368     -9.82819704    -10.04014739    -10.05088823    -10.24030463    -10.24030463    -10.28959595    -10.53331814    -10.53331814    -10.63528104    -10.63528104    -10.70819530    -10.70819530    -10.92290038    -10.92290038    -10.95915253    -10.95915253    -11.10394074    -11.10673116    -11.38633633    -11.38633633
      0.63606386     11.37881086     11.37881086     11.10616952     11.10450701     10.95775811     10.95775811     10.93509656     10.93509656     10.71587938     10.71587938     10.66736379     10.66736379     10.52285977     10.52285977     10.24518062     10.24518062     10.21614292     10.04873440     10.04233540      9.94854893      9.63265212      9.63265212      9.58804580      9.58804580      9.46252544      9.46252544      9.26760825      9.26106398      9.13457079      9.13457079      9.09491463      9.09491463      8.57003276      8.57003276      8.19252681      8.19071891      7.82236135      7.61711397      7.61711397      7.17382016      7.04587560      7.04587560      6.71240651      6.71240651      6.50158982      6.50158982      6.09585213      6.09585213      4.86981263      4.86981263      4.53198012      4.53198012      4.13689540      3.93242840      3.93242840      3.47234856      2.75918707      2.75918707      1.89552470      1.89552470      1.12341939      0.73148006      0.41712360      0.41712360     -0.41712360     -0.41712360     -0.73148006     -1.12341939     -1.89552470     -1.89552470     -2.75918707     -2.75918707     -3.47234856     -3.93242840     -3.93242840     -4.13689540     -4.53198012     -4.53198012     -4.86981263     -4.86981263     -6.09585213     -6.09585213     -6.50158982     -6.50158982     -6.71240651     -6.71240651     -7.04587560     -7.04587560     -7.17382016     -7.61711397     -7.61711397     -7.82236135     -8.19071891     -8.19252681     -8.57003276     -8.57003276     -9.09491463     -9.09491463     -9.13457079     -9.13457079     -9.26106398     -9.26760825     -9.46252544     -9.46252544     -9.58804580     -9.58804580     -9.63265212     -9.63265212     -9.94854893    -10.04233540    -10.04873440    -10.21614292    -10.24518062    -10.24518062    -10.52285977    -10.52285977    -10.66736379    -10.66736379    -10.71587938    -10.71587938    -10.93509656    -10.93509656    -10.95775811    -10.95775811    -11.10450701    -11.10616952    -11.37881086    -11.37881086
      0.64584945     11.37484769     11.37484769     11.10556917     11.10510971     10.95703498     10.95703498     10.94105942     10.94105942     10.71956274     10.71956274     10.68295822     10.68295822     10.51769699     10.51769699     10.24774138     10.24774138     10.12982299     10.05678317     10.04642781     10.04465936      9.58764022      9.58764022      9.54010398      9.54010398      9.33121766      9.33121766      9.26523187      9.26342327      9.24664996      9.24664996      9.22984768      9.22984768      8.57008210      8.57008210      8.19187137      8.19137172      7.59314891      7.59314891      7.59126462      7.41424781      7.04587438      7.04587438      6.51127562      6.51127562      6.49124572      6.49124572      6.31514219      6.31514219      4.86981178      4.86981178      4.53094641      4.53094641      3.89149747      3.89143632      3.89143632      3.71013418      2.77848501      2.77848501      1.89558346      1.89558346      0.97517009      0.86839028      0.41251883      0.41251883     -0.41251883     -0.41251883     -0.86839028     -0.97517009     -1.89558346     -1.89558346     -2.77848501     -2.77848501     -3.71013418     -3.89143632     -3.89143632     -3.89149747     -4.53094641     -4.53094641     -4.86981178     -4.86981178     -6.31514219     -6.31514219     -6.49124572     -6.49124572     -6.51127562     -6.51127562     -7.04587438     -7.04587438     -7.41424781     -7.59126462     -7.59314891     -7.59314891     -8.19137172     -8.19187137     -8.57008210     -8.57008210     -9.22984768     -9.22984768     -9.24664996     -9.24664996     -9.26342327     -9.26523187     -9.33121766     -9.33121766     -9.54010398     -9.54010398     -9.58764022     -9.58764022    -10.04465936    -10.04642781    -10.05678317    -10.12982299    -10.24774138    -10.24774138    -10.51769699    -10.51769699    -10.68295822    -10.68295822    -10.71956274    -10.71956274    -10.94105942    -10.94105942    -10.95703498    -10.95703498    -11.10510971    -11.10556917    -11.37484769    -11.37484769
      0.65563505     11.37543305     11.37543305     11.10572143     11.10495710     10.95714129     10.95714129     10.94019730     10.94019730     10.71903257     10.71903257     10.68070500     10.68070500     10.51844650     10.51844650     10.24736342     10.24736342     10.15259664     10.04701324     10.04407138     10.03087780      9.58769944      9.58769944      9.55732852      9.55732852      9.36424818      9.36424818      9.26583314      9.26282449      9.22664396      9.22664396      9.19629727      9.19629727      8.57007489      8.57007489      8.19203732      8.19120615      7.64958663      7.59662541      7.59662541      7.35459241      7.04587456      7.04587456      6.54562684      6.54562684      6.50984419      6.50984419      6.26102486      6.26102486      4.86981191      4.86981191      4.53109733      4.53109733      3.95248141      3.89741426      3.89741426      3.65023861      2.77560555      2.77560555      1.89557487      1.89557487      1.01158856      0.83359537      0.41319328      0.41319328     -0.41319328     -0.41319328     -0.83359537     -1.01158856     -1.89557487     -1.89557487     -2.77560555     -2.77560555     -3.65023861     -3.89741426     -3.89741426     -3.95248141     -4.53109733     -4.53109733     -4.86981191     -4.86981191     -6.26102486     -6.26102486     -6.50984419     -6.50984419     -6.54562684     -6.54562684     -7.04587456     -7.04587456     -7.35459241     -7.59662541     -7.59662541     -7.64958663     -8.19120615     -8.19203732     -8.57007489     -8.57007489     -9.19629727     -9.19629727     -9.22664396     -9.22664396     -9.26282449     -9.26583314     -9.36424818     -9.36424818     -9.55732852     -9.55732852     -9.58769944     -9.58769944    -10.03087780    -10.04407138    -10.04701324    -10.15259664    -10.24736342    -10.24736342    -10.51844650    -10.51844650    -10.68070500    -10.68070500    -10.71903257    -10.71903257    -10.94019730    -10.94019730    -10.95714129    -10.95714129    -11.10495710    -11.10572143    -11.37543305    -11.37543305
      0.66542065     11.38041707     11.38041707     11.10631458     11.10436098     10.95805341     10.95805341     10.93259306     10.93259306     10.71432026     10.71432026     10.66080488     10.66080488     10.52501476     10.52501476     10.24414148     10.24414148     10.23572110     10.04929105     10.04177158      9.91958439      9.66091952      9.66091952      9.58821328      9.58821328      9.49484174      9.49484174      9.26818472      9.26049455      9.09788893      9.09788893      9.06105480      9.06105480      8.57001241      8.57001241      8.19268563      8.19056118      7.87918939      7.62712860      7.62712860      7.11299514      7.04587611      7.04587611      6.76827270      6.76827270      6.49766776      6.49766776      6.04080552      6.04080552      4.86981298      4.86981298      4.53240707      4.53240707      4.19882337      3.94942539      3.94942539      3.41367851      2.75149018      2.75149018      1.89550047      1.89550047      1.16157551      0.69816511      0.41901558      0.41901558     -0.41901558     -0.41901558     -0.69816511     -1.16157551     -1.89550047     -1.89550047     -2.75149018     -2.75149018     -3.41367851     -3.94942539     -3.94942539     -4.19882337     -4.53240707     -4.53240707     -4.86981298     -4.86981298     -6.04080552     -6.04080552     -6.49766776     -6.49766776     -6.76827270     -6.76827270     -7.04587611     -7.04587611     -7.11299514     -7.62712860     -7.62712860     -7.87918939     -8.19056118     -8.19268563     -8.57001241     -8.57001241     -9.06105480     -9.06105480     -9.09788893     -9.09788893     -9.26049455     -9.26818472     -9.49484174     -9.49484174     -9.58821328     -9.58821328     -9.66091952     -9.66091952     -9.91958439    -10.04177158    -10.04929105    -10.23572110    -10.24414148    -10.24414148    -10.52501476    -10.52501476    -10.66080488    -10.66080488    -10.71432026    -10.71432026    -10.93259306    -10.93259306    -10.95805341    -10.95805341    -11.10436098    -11.10631458    -11.38041707    -11.38041707
      0.67520625     11.38858215     11.38858215     11.10686253     11.10380794     10.95957395     10.95957395     10.91901736     10.91901736     10.70569382     10.70569382     10.62497044     10.62497044     10.53663919     10.53663919     10.30592385     10.23884556     10.23884556     10.05139146     10.03963365      9.79625446      9.77415421      9.77415421      9.62112013      9.62112013      9.58909295      9.58909295      9.27037045      9.25834574      8.93645271      8.93645271      8.92615197      8.92615197      8.56990587      8.56990587      8.19328712      8.18996539      8.10242273      7.68121743      7.68121743      7.04587875      7.04587875      6.99166998      6.99166998      6.86713469      6.47775122      6.47775122      5.82227574      5.82227574      4.86981481      4.86981481      4.53465049      4.53465049      4.44856672      4.04030935      4.04030935      3.18234542      2.71330659      2.71330659      1.89537358      1.89537358      1.31873445      0.56823184      0.42886606      0.42886606     -0.42886606     -0.42886606     -0.56823184     -1.31873445     -1.89537358     -1.89537358     -2.71330659     -2.71330659     -3.18234542     -4.04030935     -4.04030935     -4.44856672     -4.53465049     -4.53465049     -4.86981481     -4.86981481     -5.82227574     -5.82227574     -6.47775122     -6.47775122     -6.86713469     -6.99166998     -6.99166998     -7.04587875     -7.04587875     -7.68121743     -7.68121743     -8.10242273     -8.18996539     -8.19328712     -8.56990587     -8.56990587     -8.92615197     -8.92615197     -8.93645271     -8.93645271     -9.25834574     -9.27037045     -9.58909295     -9.58909295     -9.62112013     -9.62112013     -9.77415421     -9.77415421     -9.79625446    -10.03963365    -10.05139146    -10.23884556    -10.23884556    -10.30592385    -10.53663919    -10.53663919    -10.62497044    -10.62497044    -10.70569382    -10.70569382    -10.91901736    -10.91901736    -10.95957395    -10.95957395    -11.10380794    -11.10686253    -11.38858215    -11.38858215
      0.68499184     11.39814262     11.39814262     11.10734088     11.10332332     10.96139422     10.96139422     10.90104385     10.90104385     10.69359969     10.69359969     10.57614230     10.57614230     10.55218229     10.55218229     10.36300832     10.23261061     10.23261061     10.05322207     10.03775667      9.87775386      9.87775386      9.74108150      9.74108150      9.66123389      9.59018489      9.59018489      9.27228912      9.25647267      8.79393096      8.79393096      8.76026228      8.76026228      8.56977436      8.56977436      8.31866886      8.19381423      8.18944531      7.75340894      7.75340894      7.21398763      7.21398763      7.04588202      7.04588202      6.61768227      6.45445057      6.45445057      5.60794298      5.60794298      4.86981706      4.86981706      4.70109544      4.53743745      4.53743745      4.16071743      4.16071743      2.95673214      2.67021326      2.67021326      1.89521692      1.89521691      1.48333465      0.44303508      0.44090348      0.44090348     -0.44090348     -0.44090348     -0.44303508     -1.48333465     -1.89521691     -1.89521692     -2.67021326     -2.67021326     -2.95673214     -4.16071743     -4.16071743     -4.53743745     -4.53743745     -4.70109544     -4.86981706     -4.86981706     -5.60794298     -5.60794298     -6.45445057     -6.45445057     -6.61768227     -7.04588202     -7.04588202     -7.21398763     -7.21398763     -7.75340894     -7.75340894     -8.18944531     -8.19381423     -8.31866886     -8.56977436     -8.56977436     -8.76026228     -8.76026228     -8.79393096     -8.79393096     -9.25647267     -9.27228912     -9.59018489     -9.59018489     -9.66123389     -9.74108150     -9.74108150     -9.87775386     -9.87775386    -10.03775667    -10.05322207    -10.23261061    -10.23261061    -10.36300832    -10.55218229    -10.55218229    -10.57614230    -10.57614230    -10.69359969    -10.69359969    -10.90104385    -10.90104385    -10.96139422    -10.96139422    -11.10332332    -11.10734088    -11.39814262    -11.39814262
      0.69477744     11.40729663     11.40729663     11.10772841     11.10292943     10.96317556     10.96317556     10.88122562     10.88122562     10.67859182     10.67859182     10.57043663     10.57043663     10.51856617     10.51856617     10.40681468     10.22659953     10.22659953     10.05470317     10.03622865      9.96478583      9.96478583      9.85171084      9.85171084      9.59129579      9.59129579      9.51490291      9.27385091      9.25495705      8.66808656      8.66808656      8.57403561      8.57403561      8.56964140      8.56964140      8.52732623      8.19424267      8.18902399      7.83668292      7.83668292      7.43425628      7.43425628      7.04588532      7.04588532      6.43212819      6.43212819      6.36531617      5.40034729      5.40034729      4.95577433      4.86981935      4.86981935      4.54027525      4.54027525      4.30170353      4.30170353      2.73729256      2.63016514      2.63016514      1.89505849      1.89505849      1.65553554      0.45295305      0.45295305      0.32171034     -0.32171034     -0.45295305     -0.45295305     -1.65553554     -1.89505849     -1.89505849     -2.63016514     -2.63016514     -2.73729256     -4.30170353     -4.30170353     -4.54027525     -4.54027525     -4.86981935     -4.86981935     -4.95577433     -5.40034729     -5.40034729     -6.36531617     -6.43212819     -6.43212819     -7.04588532     -7.04588532     -7.43425628     -7.43425628     -7.83668292     -7.83668292     -8.18902399     -8.19424267     -8.52732623     -8.56964140     -8.56964140     -8.57403561     -8.57403561     -8.66808656     -8.66808656     -9.25495705     -9.27385091     -9.51490291     -9.59129579     -9.59129579     -9.85171084     -9.85171084     -9.96478583     -9.96478583    -10.03622865    -10.05470317    -10.22659953    -10.22659953    -10.40681468    -10.51856617    -10.51856617    -10.57043663    -10.57043663    -10.67859182    -10.67859182    -10.88122562    -10.88122562    -10.96317556    -10.96317556    -11.10292943    -11.10772841    -11.40729663    -11.40729663
      0.70456304     11.41456817     11.41456817     11.10800804     11.10264451     10.96461620     10.96461620     10.86316978     10.86316978     10.66129324     10.66129324     10.59027877     10.59027877     10.45919893     10.45919893     10.43722025     10.22179156     10.22179156     10.05577078     10.03512195     10.03002040     10.03002040      9.94711986      9.94711986      9.59222577      9.59222577      9.35768039      9.27498196      9.25386444      8.72780603      8.56953074      8.56953074      8.55600806      8.55600806      8.37989070      8.37989070      8.19455259      8.18871999      7.92095706      7.92095706      7.65156875      7.65156875      7.04588807      7.04588807      6.41436836      6.41436836      6.11071946      5.21195237      5.20476379      5.20476379      4.86982125      4.86982125      4.54265281      4.54265281      4.45356176      4.45356176      2.59898525      2.59898525      2.52444287      1.89492661      1.89492661      1.83538727      0.46290146      0.46290146      0.20330321     -0.20330321     -0.46290146     -0.46290146     -1.83538727     -1.89492661     -1.89492661     -2.52444287     -2.59898525     -2.59898525     -4.45356176     -4.45356176     -4.54265281     -4.54265281     -4.86982125     -4.86982125     -5.20476379     -5.20476379     -5.21195237     -6.11071946     -6.41436836     -6.41436836     -7.04588807     -7.04588807     -7.65156875     -7.65156875     -7.92095706     -7.92095706     -8.18871999     -8.19455259     -8.37989070     -8.37989070     -8.55600806     -8.55600806     -8.56953074     -8.56953074     -8.72780603     -9.25386444     -9.27498196     -9.35768039     -9.59222577     -9.59222577     -9.94711986     -9.94711986    -10.03002040    -10.03002040    -10.03512195    -10.05577078    -10.22179156    -10.22179156    -10.43722025    -10.45919893    -10.45919893    -10.59027877    -10.59027877    -10.66129324    -10.66129324    -10.86316978    -10.86316978    -10.96461620    -10.96461620    -11.10264451    -11.10800804    -11.41456817    -11.41456817
      0.71434864     11.41893361     11.41893361     11.10816747     11.10248180     10.96549158     10.96549158     10.85110358     10.85110358     10.64252925     10.64252925     10.61055590     10.61055590     10.45413987     10.41194450     10.41194450     10.21888969     10.21888969     10.06848913     10.06848913     10.05637908     10.03448939     10.01415752     10.01415752      9.59280499      9.59280499      9.27562840      9.25324187      9.19007126      8.91948530      8.56946211      8.56946211      8.47470419      8.47470419      8.19472959      8.18854667      8.17955486      8.17955486      7.98738903      7.98738903      7.86466888      7.86466888      7.04588978      7.04588978      6.40368847      6.40368847      5.85457756      5.46896584      5.03980342      5.03980342      4.86982243      4.86982243      4.59500632      4.59500632      4.54413453      4.54413453      2.58047758      2.58047758      2.31861447      2.02277971      1.89484481      1.89484481      0.46903857      0.46903857      0.08678844     -0.08678844     -0.46903857     -0.46903857     -1.89484481     -1.89484481     -2.02277971     -2.31861447     -2.58047758     -2.58047758     -4.54413453     -4.54413453     -4.59500632     -4.59500632     -4.86982243     -4.86982243     -5.03980342     -5.03980342     -5.46896584     -5.85457756     -6.40368847     -6.40368847     -7.04588978     -7.04588978     -7.86466888     -7.86466888     -7.98738903     -7.98738903     -8.17955486     -8.17955486     -8.18854667     -8.19472959     -8.47470419     -8.47470419     -8.56946211     -8.56946211     -8.91948530     -9.19007126     -9.25324187     -9.27562840     -9.59280499     -9.59280499    -10.01415752    -10.01415752    -10.03448939    -10.05637908    -10.06848913    -10.06848913    -10.21888969    -10.21888969    -10.41194450    -10.41194450    -10.45413987    -10.61055590    -10.61055590    -10.64252925    -10.64252925    -10.85110358    -10.85110358    -10.96549158    -10.96549158    -11.10248180    -11.10816747    -11.41893361    -11.41893361
      0.72413424     11.41983428     11.41983428     11.10819971     11.10244887     10.96567314     10.96567314     10.84848131     10.84848131     10.63359596     10.63359596     10.61980014     10.61980014     10.45752617     10.40023205     10.40023205     10.21828947     10.21828947     10.07640705     10.07640705     10.05650206     10.03436134     10.02980631     10.02980631      9.59292648      9.59292648      9.27575925      9.25311601      9.10282492      9.01154895      8.56944774      8.56944774      8.45531566      8.45531566      8.19476541      8.18851162      8.07936438      8.07936438      8.00385158      8.00385158      7.96740435      7.96740435      7.04589013      7.04589013      6.40148301      6.40148301      5.72614139      5.59757574      4.99099360      4.99099360      4.86982267      4.86982267      4.63917620      4.63917620      4.54444542      4.54444542      2.57667596      2.57667596      2.21879928      2.11889882      1.89482769      1.89482769      0.47032042      0.47032042      0.02890664     -0.02890664     -0.47032042     -0.47032042     -1.89482769     -1.89482769     -2.11889882     -2.21879928     -2.57667596     -2.57667596     -4.54444542     -4.54444542     -4.63917620     -4.63917620     -4.86982267     -4.86982267     -4.99099360     -4.99099360     -5.59757574     -5.72614139     -6.40148301     -6.40148301     -7.04589013     -7.04589013     -7.96740435     -7.96740435     -8.00385158     -8.00385158     -8.07936438     -8.07936438     -8.18851162     -8.19476541     -8.45531566     -8.45531566     -8.56944774     -8.56944774     -9.01154895     -9.10282492     -9.25311601     -9.27575925     -9.59292648     -9.59292648    -10.02980631    -10.02980631    -10.03436134    -10.05650206    -10.07640705    -10.07640705    -10.21828947    -10.21828947    -10.40023205    -10.40023205    -10.45752617    -10.61980014    -10.61980014    -10.63359596    -10.63359596    -10.84848131    -10.84848131    -10.96567314    -10.96567314    -11.10244887    -11.10819971    -11.41983428    -11.41983428
      0.73391983     11.41715977     11.41715977     11.10810334     11.10254726     10.96513494     10.96513494     10.85613086     10.85613086     10.65201566     10.65201566     10.60045586     10.60045586     10.44736965     10.43274070     10.43274070     10.22007028     10.22007028     10.05613445     10.05288546     10.05288546     10.03474395      9.98546840      9.98546840      9.59256770      9.59256770      9.27536825      9.27513316      9.25349224      8.82479206      8.56949019      8.56949019      8.50981213      8.50981213      8.28034684      8.28034684      8.19465838      8.18861638      7.95818126      7.95818126      7.75877928      7.75877928      7.04588908      7.04588908      6.40802996      6.40802996      5.98279880      5.34039657      5.11584940      5.11584940      4.86982194      4.86982194      4.54352745      4.54352745      4.52830278      4.52830278      2.58798102      2.58798102      2.42061624      1.92816120      1.89487829      1.89487829      0.46652974      0.46652974      0.14487550     -0.14487550     -0.46652974     -0.46652974     -1.89487829     -1.89487829     -1.92816120     -2.42061624     -2.58798102     -2.58798102     -4.52830278     -4.52830278     -4.54352745     -4.54352745     -4.86982194     -4.86982194     -5.11584940     -5.11584940     -5.34039657     -5.98279880     -6.40802996     -6.40802996     -7.04588908     -7.04588908     -7.75877928     -7.75877928     -7.95818126     -7.95818126     -8.18861638     -8.19465838     -8.28034684     -8.28034684     -8.50981213     -8.50981213     -8.56949019     -8.56949019     -8.82479206     -9.25349224     -9.27513316     -9.27536825     -9.59256770     -9.59256770     -9.98546840     -9.98546840    -10.03474395    -10.05288546    -10.05288546    -10.05613445    -10.22007028    -10.22007028    -10.43274070    -10.43274070    -10.44736965    -10.60045586    -10.60045586    -10.65201566    -10.65201566    -10.85613086    -10.85613086    -10.96513494    -10.96513494    -11.10254726    -11.10810334    -11.41715977    -11.41715977
      0.74370543     11.41124274     11.41124274     11.10788260     11.10277239     10.96395461     10.96395461     10.87171663     10.87171663     10.67018664     10.67018664     10.58022584     10.58022584     10.48847513     10.48847513     10.42369877     10.22399420     10.22399420     10.05529198     10.03561883     10.00044743     10.00044743      9.90189410      9.90189410      9.59179513      9.59179513      9.43762499      9.27447415      9.25435447      8.62862502      8.60959510      8.60959510      8.56958191      8.56958191      8.47785380      8.47785380      8.19441349      8.18885636      7.87956157      7.87956157      7.54334218      7.54334218      7.04588680      7.04588680      6.42249438      6.42249438      6.23825383      5.30047349      5.30047349      5.08371718      4.86982037      4.86982037      4.54155165      4.54155165      4.37705720      4.37705720      2.63001906      2.61318492      2.61318492      1.89498760      1.89498760      1.74450651      0.45830974      0.45830974      0.26220475     -0.26220475     -0.45830974     -0.45830974     -1.74450651     -1.89498760     -1.89498760     -2.61318492     -2.61318492     -2.63001906     -4.37705720     -4.37705720     -4.54155165     -4.54155165     -4.86982037     -4.86982037     -5.08371718     -5.30047349     -5.30047349     -6.23825383     -6.42249438     -6.42249438     -7.04588680     -7.04588680     -7.54334218     -7.54334218     -7.87956157     -7.87956157     -8.18885636     -8.19441349     -8.47785380     -8.47785380     -8.56958191     -8.56958191     -8.60959510     -8.60959510     -8.62862502     -9.25435447     -9.27447415     -9.43762499     -9.59179513     -9.59179513     -9.90189410     -9.90189410    -10.00044743    -10.00044743    -10.03561883    -10.05529198    -10.22399420    -10.22399420    -10.42369877    -10.48847513    -10.48847513    -10.58022584    -10.58022584    -10.67018664    -10.67018664    -10.87171663    -10.87171663    -10.96395461    -10.96395461    -11.10277239    -11.10788260    -11.41124274    -11.41124274
      0.75349103     11.40287263     11.40287263     11.10754717     11.10311378     10.96231008     10.96231008     10.89116336     10.89116336     10.68642265     10.68642265     10.56104328     10.56104328     10.54810817     10.54810817     10.38657981     10.22951006     10.22951006     10.05401071     10.03694410      9.92367477      9.92367477      9.79782893      9.79782893      9.59075074      9.59075074      9.58945705      9.27311967      9.25566567      8.72988088      8.72988088      8.66824514      8.66824514      8.56970653      8.56970653      8.42398313      8.19404214      8.18922103      7.79417907      7.79417907      7.32443385      7.32443385      7.04588370      7.04588370      6.49182082      6.44291972      6.44291972      5.50308326      5.50308326      4.86981823      4.86981823      4.82820647      4.53888260      4.53888260      4.22918122      4.22918122      2.84621383      2.64939402      2.64939402      1.89513610      1.89513610      1.56847924      0.44706461      0.44706461      0.38194646     -0.38194646     -0.44706461     -0.44706461     -1.56847924     -1.89513610     -1.89513610     -2.64939402     -2.64939402     -2.84621383     -4.22918122     -4.22918122     -4.53888260     -4.53888260     -4.82820647     -4.86981823     -4.86981823     -5.50308326     -5.50308326     -6.44291972     -6.44291972     -6.49182082     -7.04588370     -7.04588370     -7.32443385     -7.32443385     -7.79417907     -7.79417907     -8.18922103     -8.19404214     -8.42398313     -8.56970653     -8.56970653     -8.66824514     -8.66824514     -8.72988088     -8.72988088     -9.25566567     -9.27311967     -9.58945705     -9.59075074     -9.59075074     -9.79782893     -9.79782893     -9.92367477     -9.92367477    -10.03694410    -10.05401071    -10.22951006    -10.22951006    -10.38657981    -10.54810817    -10.54810817    -10.56104328    -10.56104328    -10.68642265    -10.68642265    -10.89116336    -10.89116336    -10.96231008    -10.96231008    -11.10311378    -11.10754717    -11.40287263    -11.40287263
      0.76327663     11.39330546     11.39330546     11.10711182     11.10355560     10.96046799     10.96046799     10.91044578     10.91044578     10.70004739     10.70004739     10.60195272     10.60195272     10.54399742     10.54399742     10.33611673     10.23577024     10.23577024     10.05234580     10.03865673      9.82767478      9.82767478      9.73018256      9.68204083      9.68204083      9.58962390      9.58962390      9.27136911      9.25736929      8.85952437      8.85952437      8.84980175      8.84980175      8.56984183      8.56984183      8.21145717      8.19356158      8.18969435      7.71544927      7.71544927      7.10302841      7.10302841      7.04588034      7.04588034      6.74281522      6.46623915      6.46623915      5.71445323      5.71445323      4.86981590      4.86981590      4.57452220      4.53600532      4.53600532      4.09739875      4.09739875      3.06879449      2.69182888      2.69182888      1.89529729      1.89529729      1.40009190      0.50509313      0.43474431      0.43474431     -0.43474431     -0.43474431     -0.50509313     -1.40009190     -1.89529729     -1.89529729     -2.69182888     -2.69182888     -3.06879449     -4.09739875     -4.09739875     -4.53600532     -4.53600532     -4.57452220     -4.86981590     -4.86981590     -5.71445323     -5.71445323     -6.46623915     -6.46623915     -6.74281522     -7.04588034     -7.04588034     -7.10302841     -7.10302841     -7.71544927     -7.71544927     -8.18969435     -8.19356158     -8.21145717     -8.56984183     -8.56984183     -8.84980175     -8.84980175     -8.85952437     -8.85952437     -9.25736929     -9.27136911     -9.58962390     -9.58962390     -9.68204083     -9.68204083     -9.73018256     -9.82767478     -9.82767478    -10.03865673    -10.05234580    -10.23577024    -10.23577024    -10.33611673    -10.54399742    -10.54399742    -10.60195272    -10.60195272    -10.70004739    -10.70004739    -10.91044578    -10.91044578    -10.96046799    -10.96046799    -11.10355560    -11.10711182    -11.39330546    -11.39330546
      0.77306222     11.38420744     11.38420744     11.10659579     11.10407744     10.95875527     10.95875527     10.92647408     10.92647408     10.71047170     10.71047170     10.64472169     10.64472169     10.53026137     10.53026137     10.27245083     10.24168599     10.24168599     10.05036946     10.04067599      9.85940317      9.71810110      9.71810110      9.58861571      9.58861571      9.55863498      9.55863498      9.26930485      9.25939132      9.01955252      9.01955252      8.99343041      8.99343041      8.56996361      8.56996361      8.19299401      8.19025541      7.99164123      7.65153154      7.65153154      7.04587732      7.04587732      6.99055605      6.88003553      6.88003553      6.48841851      6.48841851      5.93114151      5.93114151      4.86981382      4.86981382      4.53343319      4.53343319      4.32330788      3.99058757      3.99058757      3.29732691      2.73358078      2.73358078      1.89544234      1.89544234      1.23923903      0.63255631      0.42353975      0.42353975     -0.42353975     -0.42353975     -0.63255631     -1.23923903     -1.89544234     -1.89544234     -2.73358078     -2.73358078     -3.29732691     -3.99058757     -3.99058757     -4.32330788     -4.53343319     -4.53343319     -4.86981382     -4.86981382     -5.93114151     -5.93114151     -6.48841851     -6.48841851     -6.88003553     -6.88003553     -6.99055605     -7.04587732     -7.04587732     -7.65153154     -7.65153154     -7.99164123     -8.19025541     -8.19299401     -8.56996361     -8.56996361     -8.99343041     -8.99343041     -9.01955252     -9.01955252     -9.25939132     -9.26930485     -9.55863498     -9.55863498     -9.58861571     -9.58861571     -9.71810110     -9.71810110     -9.85940317    -10.04067599    -10.05036946    -10.24168599    -10.24168599    -10.27245083    -10.53026137    -10.53026137    -10.64472169    -10.64472169    -10.71047170    -10.71047170    -10.92647408    -10.92647408    -10.95875527    -10.95875527    -11.10407744    -11.10659579    -11.38420744    -11.38420744
      0.78284782     11.37743088     11.37743088     11.10602203     11.10465533     10.95750542     10.95750542     10.93720679     10.93720679     10.71718747     10.71718747     10.67288595     10.67288595     10.52103803     10.52103803     10.24607278     10.24607278     10.19576038     10.04816815     10.04290774      9.97675595      9.60529532      9.60529532      9.58790335      9.58790335      9.42996597      9.42996597      9.26702303      9.26164319      9.16891932      9.16891932      9.12876508      9.12876508      8.57005008      8.57005008      8.19236551      8.19087929      7.76514495      7.60865296      7.60865296      7.23436828      7.04587518      7.04587518      6.65660565      6.65660565      6.50496098      6.50496098      6.15097831      6.15097831      4.86981233      4.86981233      4.53161700      4.53161700      4.07518956      3.91801105      3.91801105      3.53133742      2.76585534      2.76585534      1.89554532      1.89554532      1.08570677      0.76514993      0.41550997      0.41550997     -0.41550997     -0.41550997     -0.76514993     -1.08570677     -1.89554532     -1.89554532     -2.76585534     -2.76585534     -3.53133742     -3.91801105     -3.91801105     -4.07518956     -4.53161700     -4.53161700     -4.86981233     -4.86981233     -6.15097831     -6.15097831     -6.50496098     -6.50496098     -6.65660565     -6.65660565     -7.04587518     -7.04587518     -7.23436828     -7.60865296     -7.60865296     -7.76514495     -8.19087929     -8.19236551     -8.57005008     -8.57005008     -9.12876508     -9.12876508     -9.16891932     -9.16891932     -9.26164319     -9.26702303     -9.42996597     -9.42996597     -9.58790335     -9.58790335     -9.60529532     -9.60529532     -9.97675595    -10.04290774    -10.04816815    -10.19576038    -10.24607278    -10.24607278    -10.52103803    -10.52103803    -10.67288595    -10.67288595    -10.71718747    -10.71718747    -10.93720679    -10.93720679    -10.95750542    -10.95750542    -11.10465533    -11.10602203    -11.37743088    -11.37743088
      0.79263342     11.37455253     11.37455253     11.10541618     11.10526288     10.95698144     10.95698144     10.94149175     10.94149175     10.71982833     10.71982833     10.68408807     10.68408807     10.51732069     10.51732069     10.24793192     10.24793192     10.10626009     10.08191206     10.04583924     10.04524920      9.58761044      9.58761044      9.53053108      9.53053108      9.29867964      9.29867964      9.26462866      9.26402522      9.26264589      9.26264589      9.25761253      9.25761253      8.57008573      8.57008573      8.19170480      8.19153809      7.59140385      7.59140385      7.53259408      7.47358509      7.04587429      7.04587429      6.51199751      6.51199751      6.44187673      6.44187673      6.36437971      6.36437971      4.86981172      4.86981172      4.53087053      4.53087053      3.88843122      3.88843122      3.83077236      3.77031499      2.77994098      2.77994098      1.89558778      1.89558778      0.93916936      0.90357877      0.41217949      0.41217949     -0.41217949     -0.41217949     -0.90357877     -0.93916936     -1.89558778     -1.89558778     -2.77994098     -2.77994098     -3.77031499     -3.83077236     -3.88843122     -3.88843122     -4.53087053     -4.53087053     -4.86981172     -4.86981172     -6.36437971     -6.36437971     -6.44187673     -6.44187673     -6.51199751     -6.51199751     -7.04587429     -7.04587429     -7.47358509     -7.53259408     -7.59140385     -7.59140385     -8.19153809     -8.19170480     -8.57008573     -8.57008573     -9.25761253     -9.25761253     -9.26264589     -9.26264589     -9.26402522     -9.26462866     -9.29867964     -9.29867964     -9.53053108     -9.53053108     -9.58761044     -9.58761044    -10.04524920    -10.04583924    -10.08191206    -10.10626009    -10.24793192    -10.24793192    -10.51732069    -10.51732069    -10.68408807    -10.68408807    -10.71982833    -10.71982833    -10.94149175    -10.94149175    -10.95698144    -10.95698144    -11.10526288    -11.10541618    -11.37455253    -11.37455253
      0.80241902     11.37629885     11.37629885     11.10587253     11.10480550     10.95729885     10.95729885     10.93891052     10.93891052     10.71823983     10.71823983     10.67734126     10.67734126     10.51956314     10.51956314     10.24680423     10.24680423     10.17457705     10.04759390     10.04348695     10.00420051      9.58778747      9.58778747      9.57973063      9.57973063      9.39719342      9.39719342      9.26643077      9.26223058      9.20006426      9.20006426      9.16257344      9.16257344      8.57006417      8.57006417      8.19220219      8.19104185      7.70755007      7.60180653      7.60180653      7.29462914      7.04587483      7.04587483      6.60095079      6.60095079      6.50772752      6.50772752      6.20609872      6.20609872      4.86981209      4.86981209      4.53132167      4.53132167      4.01371515      3.90630237      3.90630237      3.59063688      2.77136564      2.77136564      1.89556211      1.89556211      1.04843190      0.79918507      0.41419446      0.41419446     -0.41419446     -0.41419446     -0.79918507     -1.04843190     -1.89556211     -1.89556211     -2.77136564     -2.77136564     -3.59063688     -3.90630237     -3.90630237     -4.01371515     -4.53132167     -4.53132167     -4.86981209     -4.86981209     -6.20609872     -6.20609872     -6.50772752     -6.50772752     -6.60095079     -6.60095079     -7.04587483     -7.04587483     -7.29462914     -7.60180653     -7.60180653     -7.70755007     -8.19104185     -8.19220219     -8.57006417     -8.57006417     -9.16257344     -9.16257344     -9.20006426     -9.20006426     -9.26223058     -9.26643077     -9.39719342     -9.39719342     -9.57973063     -9.57973063     -9.58778747     -9.58778747    -10.00420051    -10.04348695    -10.04759390    -10.17457705    -10.24680423    -10.24680423    -10.51956314    -10.51956314    -10.67734126    -10.67734126    -10.71823983    -10.71823983    -10.93891052    -10.93891052    -10.95729885    -10.95729885    -11.10480550    -11.10587253    -11.37629885    -11.37629885
      0.81220462     11.38222487     11.38222487     11.10645680     11.10421765     10.95838729     10.95838729     10.92971248     10.92971248     10.71251564     10.71251564     10.65324429     10.65324429     10.52748759     10.52748759     10.25449150     10.24297094     10.24297094     10.04983658     10.04121791      9.88986740      9.68952869      9.68952869      9.58840395      9.58840395      9.52688737      9.52688737      9.26875081      9.25993648      9.05942881      9.05942881      9.02721630      9.02721630      8.56998927      8.56998927      8.19284151      8.19040654      7.93561926      7.63862697      7.63862697      7.05190362      7.04587668      7.04587668      6.82415911      6.82415911      6.49325538      6.49325538      5.98588948      5.98588948      4.86981338      4.86981338      4.53289320      4.53289320      4.26096403      3.96886110      3.96886110      3.35533532      2.74290562      2.74290562      1.89547291      1.89547291      1.20018043      0.66519427      0.42116293      0.42116293     -0.42116293     -0.42116293     -0.66519427     -1.20018043     -1.89547291     -1.89547291     -2.74290562     -2.74290562     -3.35533532     -3.96886110     -3.96886110     -4.26096403     -4.53289320     -4.53289320     -4.86981338     -4.86981338     -5.98588948     -5.98588948     -6.49325538     -6.49325538     -6.82415911     -6.82415911     -7.04587668     -7.04587668     -7.05190362     -7.63862697     -7.63862697     -7.93561926     -8.19040654     -8.19284151     -8.56998927     -8.56998927     -9.02721630     -9.02721630     -9.05942881     -9.05942881     -9.25993648     -9.26875081     -9.52688737     -9.52688737     -9.58840395     -9.58840395     -9.68952869     -9.68952869     -9.88986740    -10.04121791    -10.04983658    -10.24297094    -10.24297094    -10.25449150    -10.52748759    -10.52748759    -10.65324429    -10.65324429    -10.71251564    -10.71251564    -10.92971248    -10.92971248    -10.95838729    -10.95838729    -11.10421765    -11.10645680    -11.38222487    -11.38222487
      0.82199021     11.39091510     11.39091510     11.10698953     11.10367944     10.96001424     10.96001424     10.91485467     10.91485467     10.70297509     10.70297509     10.61384213     10.61384213     10.54020538     10.54020538     10.32143168     10.23732776     10.23732776     10.05187776     10.03913628      9.80129466      9.80129466      9.76358106      9.65179400      9.65179400      9.58935314      9.58935314      9.27087890      9.25784818      8.89352157      8.89352157      8.89273514      8.89273514      8.56987446      8.56987446      8.19342688      8.18982730      8.15716309      7.69781429      7.69781429      7.04739172      7.04739172      7.04587953      7.04587953      6.80508194      6.47206475      6.47206475      5.76821834      5.76821834      4.86981534      4.86981534      4.53531435      4.53531435      4.51146228      4.06800577      4.06800577      3.12538745      2.70264874      2.70264874      1.89533616      1.89533616      1.35917881      0.53652068      0.43175280      0.43175280     -0.43175280     -0.43175280     -0.53652068     -1.35917881     -1.89533616     -1.89533616     -2.70264874     -2.70264874     -3.12538745     -4.06800577     -4.06800577     -4.51146228     -4.53531435     -4.53531435     -4.86981534     -4.86981534     -5.76821834     -5.76821834     -6.47206475     -6.47206475     -6.80508194     -7.04587953     -7.04587953     -7.04739172     -7.04739172     -7.69781429     -7.69781429     -8.15716309     -8.18982730     -8.19342688     -8.56987446     -8.56987446     -8.89273514     -8.89273514     -8.89352157     -8.89352157     -9.25784818     -9.27087890     -9.58935314     -9.58935314     -9.65179400     -9.65179400     -9.76358106     -9.80129466     -9.80129466    -10.03913628    -10.05187776    -10.23732776    -10.23732776    -10.32143168    -10.54020538    -10.54020538    -10.61384213    -10.61384213    -10.70297509    -10.70297509    -10.91485467    -10.91485467    -10.96001424    -10.96001424    -11.10367944    -11.10698953    -11.39091510    -11.39091510
      0.83177581     11.40053404     11.40053404     11.10744702     11.10321555     10.96185603     10.96185603     10.89613872     10.89613872     10.69009769     10.69009769     10.56236276     10.56236276     10.55653743     10.55653743     10.37521017     10.23104442     10.23104442     10.05362790     10.03733883      9.90127548      9.90127548      9.76977296      9.76977296      9.62569587      9.59046882      9.59046882      9.27271622      9.25605740      8.76167445      8.76167445      8.71454354      8.71454354      8.56974030      8.56974030      8.37156780      8.19393145      8.18932991      7.77350519      7.77350519      7.26928181      7.26928181      7.04588286      7.04588286      6.55483728      6.44862144      6.44862144      5.55528145      5.55528145      4.86981765      4.86981765      4.76458877      4.53816250      4.53816250      4.19437294      4.19437294      2.90127661      2.65965119      2.65965119      1.89517633      1.89517633      1.52566844      0.44400120      0.44400120      0.41237677     -0.41237677     -0.44400120     -0.44400120     -1.52566844     -1.89517633     -1.89517633     -2.65965119     -2.65965119     -2.90127661     -4.19437294     -4.19437294     -4.53816250     -4.53816250     -4.76458877     -4.86981765     -4.86981765     -5.55528145     -5.55528145     -6.44862144     -6.44862144     -6.55483728     -7.04588286     -7.04588286     -7.26928181     -7.26928181     -7.77350519     -7.77350519     -8.18932991     -8.19393145     -8.37156780     -8.56974030     -8.56974030     -8.71454354     -8.71454354     -8.76167445     -8.76167445     -9.25605740     -9.27271622     -9.59046882     -9.59046882     -9.62569587     -9.76977296     -9.76977296     -9.90127548     -9.90127548    -10.03733883    -10.05362790    -10.23104442    -10.23104442    -10.37521017    -10.55653743    -10.55653743    -10.56236276    -10.56236276    -10.69009769    -10.69009769    -10.89613872    -10.89613872    -10.96185603    -10.96185603    -11.10321555    -11.10744702    -11.40053404    -11.40053404
      0.84156141     11.40933904     11.40933904     11.10780900     11.10284737     10.96357795     10.96357795     10.87638499     10.87638499     10.67445586     10.67445586     10.57529004     10.57529004     10.50351597     10.50351597     10.41567636     10.22525219     10.22525219     10.05501095     10.03591005      9.98333786      9.98333786      9.87733104      9.87733104      9.59155267      9.59155267      9.47660096      9.27417652      9.25464207      8.63834421      8.63834421      8.57823573      8.56961077      8.56961077      8.52617898      8.52617898      8.19433192      8.18893637      7.85817648      7.85817648      7.48889859      7.48889859      7.04588608      7.04588608      6.42714306      6.42714306      6.30184936      5.34998994      5.34998994      5.01970403      4.86981987      4.86981987      4.54093181      4.54093181      4.33911519      4.33911519      2.68344674      2.62135786      2.62135786      1.89502200      1.89502200      1.69978179      0.45571316      0.45571316      0.29187404     -0.29187404     -0.45571316     -0.45571316     -1.69978179     -1.89502200     -1.89502200     -2.62135786     -2.62135786     -2.68344674     -4.33911519     -4.33911519     -4.54093181     -4.54093181     -4.86981987     -4.86981987     -5.01970403     -5.34998994     -5.34998994     -6.30184936     -6.42714306     -6.42714306     -7.04588608     -7.04588608     -7.48889859     -7.48889859     -7.85817648     -7.85817648     -8.18893637     -8.19433192     -8.52617898     -8.52617898     -8.56961077     -8.56961077     -8.57823573     -8.63834421     -8.63834421     -9.25464207     -9.27417652     -9.47660096     -9.59155267     -9.59155267     -9.87733104     -9.87733104     -9.98333786     -9.98333786    -10.03591005    -10.05501095    -10.22525219    -10.22525219    -10.41567636    -10.50351597    -10.50351597    -10.57529004    -10.57529004    -10.67445586    -10.67445586    -10.87638499    -10.87638499    -10.96357795    -10.96357795    -11.10284737    -11.10780900    -11.40933904    -11.40933904
      0.85134701     11.41596163     11.41596163     11.10805953     11.10259198     10.96489478     10.96489478     10.85942860     10.85942860     10.65669452     10.65669452     10.59536159     10.59536159     10.44546042     10.44546042     10.44271696     10.22086658     10.22086658     10.05596728     10.04232824     10.04232824     10.03491777      9.96730657      9.96730657      9.59240892      9.59240892      9.31672760      9.27519062      9.25366334      8.77657861      8.56950901      8.56950901      8.53178570      8.53178570      8.33030162      8.33030162      8.19460974      8.18866401      7.94030156      7.94030156      7.70531372      7.70531372      7.04588861      7.04588861      6.41096098      6.41096098      6.04680206      5.27615357      5.15919932      5.15919932      4.86982162      4.86982162      4.54312128      4.54312128      4.49142493      4.49142493      2.59306213      2.59306213      2.47230721      1.89490072      1.89490072      1.88153936      0.46484685      0.46484685      0.17403839     -0.17403839     -0.46484685     -0.46484685     -1.88153936     -1.89490072     -1.89490072     -2.47230721     -2.59306213     -2.59306213     -4.49142493     -4.49142493     -4.54312128     -4.54312128     -4.86982162     -4.86982162     -5.15919932     -5.15919932     -5.27615357     -6.04680206     -6.41096098     -6.41096098     -7.04588861     -7.04588861     -7.70531372     -7.70531372     -7.94030156     -7.94030156     -8.18866401     -8.19460974     -8.33030162     -8.33030162     -8.53178570     -8.53178570     -8.56950901     -8.56950901     -8.77657861     -9.25366334     -9.27519062     -9.31672760     -9.59240892     -9.59240892     -9.96730657     -9.96730657    -10.03491777    -10.04232824    -10.04232824    -10.05596728    -10.22086658    -10.22086658    -10.44271696    -10.44546042    -10.44546042    -10.59536159    -10.59536159    -10.65669452    -10.65669452    -10.85942860    -10.85942860    -10.96489478    -10.96489478    -11.10259198    -11.10805953    -11.41596163    -11.41596163
      0.86113260     11.41949545     11.41949545     11.10818760     11.10246123     10.96560480     10.96560480     10.84947346     10.84947346     10.63785788     10.63785788     10.61542129     10.61542129     10.45625622     10.40474544     10.40474544     10.21851533     10.21851533     10.07342846     10.07342846     10.05645589     10.03440942     10.02381758     10.02381758      9.59288070      9.59288070      9.27571012      9.25316326      9.14665841      8.96590884      8.56945315      8.56945315      8.46275765      8.46275765      8.19475196      8.18852478      8.12900956      8.12900956      7.99750495      7.99750495      7.91680509      7.91680509      7.04589000      7.04589000      6.40231276      6.40231276      5.79038099      5.53327101      5.01062089      5.01062089      4.86982258      4.86982258      4.62128647      4.62128647      4.54432825      4.54432825      2.57810546      2.57810546      2.26836040      2.07072407      1.89483414      1.89483414      0.46983757      0.46983757      0.05783040     -0.05783040     -0.46983757     -0.46983757     -1.89483414     -1.89483414     -2.07072407     -2.26836040     -2.57810546     -2.57810546     -4.54432825     -4.54432825     -4.62128647     -4.62128647     -4.86982258     -4.86982258     -5.01062089     -5.01062089     -5.53327101     -5.79038099     -6.40231276     -6.40231276     -7.04589000     -7.04589000     -7.91680509     -7.91680509     -7.99750495     -7.99750495     -8.12900956     -8.12900956     -8.18852478     -8.19475196     -8.46275765     -8.46275765     -8.56945315     -8.56945315     -8.96590884     -9.14665841     -9.25316326     -9.27571012     -9.59288070     -9.59288070    -10.02381758    -10.02381758    -10.03440942    -10.05645589    -10.07342846    -10.07342846    -10.21851533    -10.21851533    -10.40474544    -10.40474544    -10.45625622    -10.61542129    -10.61542129    -10.63785788    -10.63785788    -10.84947346    -10.84947346    -10.96560480    -10.96560480    -11.10246123    -11.10818760    -11.41949545    -11.41949545
      0.87091820     11.41949545     11.41949545     11.10818760     11.10246123     10.96560480     10.96560480     10.84947346     10.84947346     10.63785788     10.63785788     10.61542129     10.61542129     10.45625622     10.40474544     10.40474544     10.21851533     10.21851533     10.07342846     10.07342846     10.05645589     10.03440942     10.02381758     10.02381758      9.59288070      9.59288070      9.27571012      9.25316326      9.14665841      8.96590884      8.56945315      8.56945315      8.46275765      8.46275765      8.19475196      8.18852478      8.12900956      8.12900956      7.99750495      7.99750495      7.91680509      7.91680509      7.04589000      7.04589000      6.40231276      6.40231276      5.79038099      5.53327101      5.01062089      5.01062089      4.86982258      4.86982258      4.62128647      4.62128647      4.54432825      4.54432825      2.57810546      2.57810546      2.26836040      2.07072407      1.89483414      1.89483414      0.46983757      0.46983757      0.05783040     -0.05783040     -0.46983757     -0.46983757     -1.89483414     -1.89483414     -2.07072407     -2.26836040     -2.57810546     -2.57810546     -4.54432825     -4.54432825     -4.62128647     -4.62128647     -4.86982258     -4.86982258     -5.01062089     -5.01062089     -5.53327101     -5.79038099     -6.40231276     -6.40231276     -7.04589000     -7.04589000     -7.91680509     -7.91680509     -7.99750495     -7.99750495     -8.12900956     -8.12900956     -8.18852478     -8.19475196     -8.46275765     -8.46275765     -8.56945315     -8.56945315     -8.96590884     -9.14665841     -9.25316326     -9.27571012     -9.59288070     -9.59288070    -10.02381758    -10.02381758    -10.03440942    -10.05645589    -10.07342846    -10.07342846    -10.21851533    -10.21851533    -10.40474544    -10.40474544    -10.45625622    -10.61542129    -10.61542129    -10.63785788    -10.63785788    -10.84947346    -10.84947346    -10.96560480    -10.96560480    -11.10246123    -11.10818760    -11.41949545    -11.41949545
      0.88070380     11.41596163     11.41596163     11.10805953     11.10259198     10.96489478     10.96489478     10.85942860     10.85942860     10.65669452     10.65669452     10.59536159     10.59536159     10.44546042     10.44546042     10.44271696     10.22086658     10.22086658     10.05596728     10.04232824     10.04232824     10.03491777      9.96730657      9.96730657      9.59240892      9.59240892      9.31672760      9.27519062      9.25366334      8.77657861      8.56950901      8.56950901      8.53178570      8.53178570      8.33030162      8.33030162      8.19460974      8.18866401      7.94030156      7.94030156      7.70531372      7.70531372      7.04588861      7.04588861      6.41096098      6.41096098      6.04680206      5.27615357      5.15919932      5.15919932      4.86982162      4.86982162      4.54312128      4.54312128      4.49142493      4.49142493      2.59306213      2.59306213      2.47230721      1.89490072      1.89490072      1.88153936      0.46484685      0.46484685      0.17403839     -0.17403839     -0.46484685     -0.46484685     -1.88153936     -1.89490072     -1.89490072     -2.47230721     -2.59306213     -2.59306213     -4.49142493     -4.49142493     -4.54312128     -4.54312128     -4.86982162     -4.86982162     -5.15919932     -5.15919932     -5.27615357     -6.04680206     -6.41096098     -6.41096098     -7.04588861     -7.04588861     -7.70531372     -7.70531372     -7.94030156     -7.94030156     -8.18866401     -8.19460974     -8.33030162     -8.33030162     -8.53178570     -8.53178570     -8.56950901     -8.56950901     -8.77657861     -9.25366334     -9.27519062     -9.31672760     -9.59240892     -9.59240892     -9.96730657     -9.96730657    -10.03491777    -10.04232824    -10.04232824    -10.05596728    -10.22086658    -10.22086658    -10.44271696    -10.44546042    -10.44546042    -10.59536159    -10.59536159    -10.65669452    -10.65669452    -10.85942860    -10.85942860    -10.96489478    -10.96489478    -11.10259198    -11.10805953    -11.41596163    -11.41596163
      0.89048940     11.40933904     11.40933904     11.10780900     11.10284737     10.96357795     10.96357795     10.87638499     10.87638499     10.67445586     10.67445586     10.57529004     10.57529004     10.50351597     10.50351597     10.41567636     10.22525219     10.22525219     10.05501095     10.03591005      9.98333786      9.98333786      9.87733104      9.87733104      9.59155267      9.59155267      9.47660096      9.27417652      9.25464207      8.63834421      8.63834421      8.57823573      8.56961077      8.56961077      8.52617898      8.52617898      8.19433192      8.18893637      7.85817648      7.85817648      7.48889859      7.48889859      7.04588608      7.04588608      6.42714306      6.42714306      6.30184936      5.34998994      5.34998994      5.01970403      4.86981987      4.86981987      4.54093181      4.54093181      4.33911519      4.33911519      2.68344674      2.62135786      2.62135786      1.89502200      1.89502200      1.69978179      0.45571316      0.45571316      0.29187404     -0.29187404     -0.45571316     -0.45571316     -1.69978179     -1.89502200     -1.89502200     -2.62135786     -2.62135786     -2.68344674     -4.33911519     -4.33911519     -4.54093181     -4.54093181     -4.86981987     -4.86981987     -5.01970403     -5.34998994     -5.34998994     -6.30184936     -6.42714306     -6.42714306     -7.04588608     -7.04588608     -7.48889859     -7.48889859     -7.85817648     -7.85817648     -8.18893637     -8.19433192     -8.52617898     -8.52617898     -8.56961077     -8.56961077     -8.57823573     -8.63834421     -8.63834421     -9.25464207     -9.27417652     -9.47660096     -9.59155267     -9.59155267     -9.87733104     -9.87733104     -9.98333786     -9.98333786    -10.03591005    -10.05501095    -10.22525219    -10.22525219    -10.41567636    -10.50351597    -10.50351597    -10.57529004    -10.57529004    -10.67445586    -10.67445586    -10.87638499    -10.87638499    -10.96357795    -10.96357795    -11.10284737    -11.10780900    -11.40933904    -11.40933904
      0.90027500     11.40053404     11.40053404     11.10744702     11.10321555     10.96185603     10.96185603     10.89613872     10.89613872     10.69009769     10.69009769     10.56236276     10.56236276     10.55653743     10.55653743     10.37521017     10.23104442     10.23104442     10.05362790     10.03733883      9.90127548      9.90127548      9.76977296      9.76977296      9.62569587      9.59046882      9.59046882      9.27271622      9.25605740      8.76167445      8.76167445      8.71454354      8.71454354      8.56974030      8.56974030      8.37156780      8.19393145      8.18932991      7.77350519      7.77350519      7.26928181      7.26928181      7.04588286      7.04588286      6.55483728      6.44862144      6.44862144      5.55528145      5.55528145      4.86981765      4.86981765      4.76458877      4.53816250      4.53816250      4.19437294      4.19437294      2.90127661      2.65965119      2.65965119      1.89517633      1.89517633      1.52566844      0.44400120      0.44400120      0.41237677     -0.41237677     -0.44400120     -0.44400120     -1.52566844     -1.89517633     -1.89517633     -2.65965119     -2.65965119     -2.90127661     -4.19437294     -4.19437294     -4.53816250     -4.53816250     -4.76458877     -4.86981765     -4.86981765     -5.55528145     -5.55528145     -6.44862144     -6.44862144     -6.55483728     -7.04588286     -7.04588286     -7.26928181     -7.26928181     -7.77350519     -7.77350519     -8.18932991     -8.19393145     -8.37156780     -8.56974030     -8.56974030     -8.71454354     -8.71454354     -8.76167445     -8.76167445     -9.25605740     -9.27271622     -9.59046882     -9.59046882     -9.62569587     -9.76977296     -9.76977296     -9.90127548     -9.90127548    -10.03733883    -10.05362790    -10.23104442    -10.23104442    -10.37521017    -10.55653743    -10.55653743    -10.56236276    -10.56236276    -10.69009769    -10.69009769    -10.89613872    -10.89613872    -10.96185603    -10.96185603    -11.10321555    -11.10744702    -11.40053404    -11.40053404
      0.91006059     11.39091510     11.39091510     11.10698953     11.10367944     10.96001424     10.96001424     10.91485467     10.91485467     10.70297509     10.70297509     10.61384213     10.61384213     10.54020538     10.54020538     10.32143168     10.23732776     10.23732776     10.05187776     10.03913628      9.80129466      9.80129466      9.76358106      9.65179400      9.65179400      9.58935314      9.58935314      9.27087890      9.25784818      8.89352157      8.89352157      8.89273514      8.89273514      8.56987446      8.56987446      8.19342688      8.18982730      8.15716309      7.69781429      7.69781429      7.04739172      7.04739172      7.04587953      7.04587953      6.80508194      6.47206475      6.47206475      5.76821834      5.76821834      4.86981534      4.86981534      4.53531435      4.53531435      4.51146228      4.06800577      4.06800577      3.12538745      2.70264874      2.70264874      1.89533616      1.89533616      1.35917881      0.53652068      0.43175280      0.43175280     -0.43175280     -0.43175280     -0.53652068     -1.35917881     -1.89533616     -1.89533616     -2.70264874     -2.70264874     -3.12538745     -4.06800577     -4.06800577     -4.51146228     -4.53531435     -4.53531435     -4.86981534     -4.86981534     -5.76821834     -5.76821834     -6.47206475     -6.47206475     -6.80508194     -7.04587953     -7.04587953     -7.04739172     -7.04739172     -7.69781429     -7.69781429     -8.15716309     -8.18982730     -8.19342688     -8.56987446     -8.56987446     -8.89273514     -8.89273514     -8.89352157     -8.89352157     -9.25784818     -9.27087890     -9.58935314     -9.58935314     -9.65179400     -9.65179400     -9.76358106     -9.80129466     -9.80129466    -10.03913628    -10.05187776    -10.23732776    -10.23732776    -10.32143168    -10.54020538    -10.54020538    -10.61384213    -10.61384213    -10.70297509    -10.70297509    -10.91485467    -10.91485467    -10.96001424    -10.96001424    -11.10367944    -11.10698953    -11.39091510    -11.39091510
      0.91984619     11.38222487     11.38222487     11.10645680     11.10421765     10.95838729     10.95838729     10.92971248     10.92971248     10.71251564     10.71251564     10.65324429     10.65324429     10.52748759     10.52748759     10.25449150     10.24297094     10.24297094     10.04983658     10.04121791      9.88986740      9.68952869      9.68952869      9.58840395      9.58840395      9.52688737      9.52688737      9.26875081      9.25993648      9.05942881      9.05942881      9.02721630      9.02721630      8.56998927      8.56998927      8.19284151      8.19040654      7.93561926      7.63862697      7.63862697      7.05190362      7.04587668      7.04587668      6.82415911      6.82415911      6.49325538      6.49325538      5.98588948      5.98588948      4.86981338      4.86981338      4.53289320      4.53289320      4.26096403      3.96886110      3.96886110      3.35533532      2.74290562      2.74290562      1.89547291      1.89547291      1.20018043      0.66519427      0.42116293      0.42116293     -0.42116293     -0.42116293     -0.66519427     -1.20018043     -1.89547291     -1.89547291     -2.74290562     -2.74290562     -3.35533532     -3.96886110     -3.96886110     -4.26096403     -4.53289320     -4.53289320     -4.86981338     -4.86981338     -5.98588948     -5.98588948     -6.49325538     -6.49325538     -6.82415911     -6.82415911     -7.04587668     -7.04587668     -7.05190362     -7.63862697     -7.63862697     -7.93561926     -8.19040654     -8.19284151     -8.56998927     -8.56998927     -9.02721630     -9.02721630     -9.05942881     -9.05942881     -9.25993648     -9.26875081     -9.52688737     -9.52688737     -9.58840395     -9.58840395     -9.68952869     -9.68952869     -9.88986740    -10.04121791    -10.04983658    -10.24297094    -10.24297094    -10.25449150    -10.52748759    -10.52748759    -10.65324429    -10.65324429    -10.71251564    -10.71251564    -10.92971248    -10.92971248    -10.95838729    -10.95838729    -11.10421765    -11.10645680    -11.38222487    -11.38222487
      0.92963179     11.37629885     11.37629885     11.10587253     11.10480550     10.95729885     10.95729885     10.93891052     10.93891052     10.71823983     10.71823983     10.67734126     10.67734126     10.51956314     10.51956314     10.24680423     10.24680423     10.17457705     10.04759390     10.04348695     10.00420051      9.58778747      9.58778747      9.57973063      9.57973063      9.39719342      9.39719342      9.26643077      9.26223058      9.20006426      9.20006426      9.16257344      9.16257344      8.57006417      8.57006417      8.19220219      8.19104185      7.70755007      7.60180653      7.60180653      7.29462914      7.04587483      7.04587483      6.60095079      6.60095079      6.50772752      6.50772752      6.20609872      6.20609872      4.86981209      4.86981209      4.53132167      4.53132167      4.01371515      3.90630237      3.90630237      3.59063688      2.77136564      2.77136564      1.89556211      1.89556211      1.04843190      0.79918507      0.41419446      0.41419446     -0.41419446     -0.41419446     -0.79918507     -1.04843190     -1.89556211     -1.89556211     -2.77136564     -2.77136564     -3.59063688     -3.90630237     -3.90630237     -4.01371515     -4.53132167     -4.53132167     -4.86981209     -4.86981209     -6.20609872     -6.20609872     -6.50772752     -6.50772752     -6.60095079     -6.60095079     -7.04587483     -7.04587483     -7.29462914     -7.60180653     -7.60180653     -7.70755007     -8.19104185     -8.19220219     -8.57006417     -8.57006417     -9.16257344     -9.16257344     -9.20006426     -9.20006426     -9.26223058     -9.26643077     -9.39719342     -9.39719342     -9.57973063     -9.57973063     -9.58778747     -9.58778747    -10.00420051    -10.04348695    -10.04759390    -10.17457705    -10.24680423    -10.24680423    -10.51956314    -10.51956314    -10.67734126    -10.67734126    -10.71823983    -10.71823983    -10.93891052    -10.93891052    -10.95729885    -10.95729885    -11.10480550    -11.10587253    -11.37629885    -11.37629885
      0.93941739     11.37455253     11.37455253     11.10541618     11.10526288     10.95698144     10.95698144     10.94149175     10.94149175     10.71982833     10.71982833     10.68408807     10.68408807     10.51732069     10.51732069     10.24793192     10.24793192     10.10626009     10.08191206     10.04583924     10.04524920      9.58761044      9.58761044      9.53053108      9.53053108      9.29867964      9.29867964      9.26462866      9.26402522      9.26264589      9.26264589      9.25761253      9.25761253      8.57008573      8.57008573      8.19170480      8.19153809      7.59140385      7.59140385      7.53259408      7.47358509      7.04587429      7.04587429      6.51199751      6.51199751      6.44187673      6.44187673      6.36437971      6.36437971      4.86981172      4.86981172      4.53087053      4.53087053      3.88843122      3.88843122      3.83077236      3.77031499      2.77994098      2.77994098      1.89558778      1.89558778      0.93916936      0.90357877      0.41217949      0.41217949     -0.41217949     -0.41217949     -0.90357877     -0.93916936     -1.89558778     -1.89558778     -2.77994098     -2.77994098     -3.77031499     -3.83077236     -3.88843122     -3.88843122     -4.53087053     -4.53087053     -4.86981172     -4.86981172     -6.36437971     -6.36437971     -6.44187673     -6.44187673     -6.51199751     -6.51199751     -7.04587429     -7.04587429     -7.47358509     -7.53259408     -7.59140385     -7.59140385     -8.19153809     -8.19170480     -8.57008573     -8.57008573     -9.25761253     -9.25761253     -9.26264589     -9.26264589     -9.26402522     -9.26462866     -9.29867964     -9.29867964     -9.53053108     -9.53053108     -9.58761044     -9.58761044    -10.04524920    -10.04583924    -10.08191206    -10.10626009    -10.24793192    -10.24793192    -10.51732069    -10.51732069    -10.68408807    -10.68408807    -10.71982833    -10.71982833    -10.94149175    -10.94149175    -10.95698144    -10.95698144    -11.10526288    -11.10541618    -11.37455253    -11.37455253
      0.94920298     11.37743088     11.37743088     11.10602203     11.10465533     10.95750542     10.95750542     10.93720679     10.93720679     10.71718747     10.71718747     10.67288595     10.67288595     10.52103803     10.52103803     10.24607278     10.24607278     10.19576038     10.04816815     10.04290774      9.97675595      9.60529532      9.60529532      9.58790335      9.58790335      9.42996597      9.42996597      9.26702303      9.26164319      9.16891932      9.16891932      9.12876508      9.12876508      8.57005008      8.57005008      8.19236551      8.19087929      7.76514495      7.60865296      7.60865296      7.23436828      7.04587518      7.04587518      6.65660565      6.65660565      6.50496098      6.50496098      6.15097831      6.15097831      4.86981233      4.86981233      4.53161700      4.53161700      4.07518956      3.91801105      3.91801105      3.53133742      2.76585534      2.76585534      1.89554532      1.89554532      1.08570677      0.76514993      0.41550997      0.41550997     -0.41550997     -0.41550997     -0.76514993     -1.08570677     -1.89554532     -1.89554532     -2.76585534     -2.76585534     -3.53133742     -3.91801105     -3.91801105     -4.07518956     -4.53161700     -4.53161700     -4.86981233     -4.86981233     -6.15097831     -6.15097831     -6.50496098     -6.50496098     -6.65660565     -6.65660565     -7.04587518     -7.04587518     -7.23436828     -7.60865296     -7.60865296     -7.76514495     -8.19087929     -8.19236551     -8.57005008     -8.57005008     -9.12876508     -9.12876508     -9.16891932     -9.16891932     -9.26164319     -9.26702303     -9.42996597     -9.42996597     -9.58790335     -9.58790335     -9.60529532     -9.60529532     -9.97675595    -10.04290774    -10.04816815    -10.19576038    -10.24607278    -10.24607278    -10.52103803    -10.52103803    -10.67288595    -10.67288595    -10.71718747    -10.71718747    -10.93720679    -10.93720679    -10.95750542    -10.95750542    -11.10465533    -11.10602203    -11.37743088    -11.37743088
      0.95898858     11.38420744     11.38420744     11.10659579     11.10407744     10.95875527     10.95875527     10.92647408     10.92647408     10.71047170     10.71047170     10.64472169     10.64472169     10.53026137     10.53026137     10.27245083     10.24168599     10.24168599     10.05036946     10.04067599      9.85940317      9.71810110      9.71810110      9.58861571      9.58861571      9.55863498      9.55863498      9.26930485      9.25939132      9.01955252      9.01955252      8.99343041      8.99343041      8.56996361      8.56996361      8.19299401      8.19025541      7.99164123      7.65153154      7.65153154      7.04587732      7.04587732      6.99055605      6.88003553      6.88003553      6.48841851      6.48841851      5.93114151      5.93114151      4.86981382      4.86981382      4.53343319      4.53343319      4.32330788      3.99058757      3.99058757      3.29732691      2.73358078      2.73358078      1.89544234      1.89544234      1.23923903      0.63255631      0.42353975      0.42353975     -0.42353975     -0.42353975     -0.63255631     -1.23923903     -1.89544234     -1.89544234     -2.73358078     -2.73358078     -3.29732691     -3.99058757     -3.99058757     -4.32330788     -4.53343319     -4.53343319     -4.86981382     -4.86981382     -5.93114151     -5.93114151     -6.48841851     -6.48841851     -6.88003553     -6.88003553     -6.99055605     -7.04587732     -7.04587732     -7.65153154     -7.65153154     -7.99164123     -8.19025541     -8.19299401     -8.56996361     -8.56996361     -8.99343041     -8.99343041     -9.01955252     -9.01955252     -9.25939132     -9.26930485     -9.55863498     -9.55863498     -9.58861571     -9.58861571     -9.71810110     -9.71810110     -9.85940317    -10.04067599    -10.05036946    -10.24168599    -10.24168599    -10.27245083    -10.53026137    -10.53026137    -10.64472169    -10.64472169    -10.71047170    -10.71047170    -10.92647408    -10.92647408    -10.95875527    -10.95875527    -11.10407744    -11.10659579    -11.38420744    -11.38420744
      0.96877418     11.39330546     11.39330546     11.10711182     11.10355560     10.96046799     10.96046799     10.91044578     10.91044578     10.70004739     10.70004739     10.60195272     10.60195272     10.54399742     10.54399742     10.33611673     10.23577024     10.23577024     10.05234580     10.03865673      9.82767478      9.82767478      9.73018256      9.68204083      9.68204083      9.58962390      9.58962390      9.27136911      9.25736929      8.85952437      8.85952437      8.84980175      8.84980175      8.56984183      8.56984183      8.21145717      8.19356158      8.18969435      7.71544927      7.71544927      7.10302841      7.10302841      7.04588034      7.04588034      6.74281522      6.46623915      6.46623915      5.71445323      5.71445323      4.86981590      4.86981590      4.57452220      4.53600532      4.53600532      4.09739875      4.09739875      3.06879449      2.69182888      2.69182888      1.89529729      1.89529729      1.40009190      0.50509313      0.43474431      0.43474431     -0.43474431     -0.43474431     -0.50509313     -1.40009190     -1.89529729     -1.89529729     -2.69182888     -2.69182888     -3.06879449     -4.09739875     -4.09739875     -4.53600532     -4.53600532     -4.57452220     -4.86981590     -4.86981590     -5.71445323     -5.71445323     -6.46623915     -6.46623915     -6.74281522     -7.04588034     -7.04588034     -7.10302841     -7.10302841     -7.71544927     -7.71544927     -8.18969435     -8.19356158     -8.21145717     -8.56984183     -8.56984183     -8.84980175     -8.84980175     -8.85952437     -8.85952437     -9.25736929     -9.27136911     -9.58962390     -9.58962390     -9.68204083     -9.68204083     -9.73018256     -9.82767478     -9.82767478    -10.03865673    -10.05234580    -10.23577024    -10.23577024    -10.33611673    -10.54399742    -10.54399742    -10.60195272    -10.60195272    -10.70004739    -10.70004739    -10.91044578    -10.91044578    -10.96046799    -10.96046799    -11.10355560    -11.10711182    -11.39330546    -11.39330546
      0.97855978     11.40287263     11.40287263     11.10754717     11.10311378     10.96231008     10.96231008     10.89116336     10.89116336     10.68642265     10.68642265     10.56104328     10.56104328     10.54810817     10.54810817     10.38657981     10.22951006     10.22951006     10.05401071     10.03694410      9.92367477      9.92367477      9.79782893      9.79782893      9.59075074      9.59075074      9.58945705      9.27311967      9.25566567      8.72988088      8.72988088      8.66824514      8.66824514      8.56970653      8.56970653      8.42398313      8.19404214      8.18922103      7.79417907      7.79417907      7.32443385      7.32443385      7.04588370      7.04588370      6.49182082      6.44291972      6.44291972      5.50308326      5.50308326      4.86981823      4.86981823      4.82820647      4.53888260      4.53888260      4.22918122      4.22918122      2.84621383      2.64939402      2.64939402      1.89513610      1.89513610      1.56847924      0.44706461      0.44706461      0.38194646     -0.38194646     -0.44706461     -0.44706461     -1.56847924     -1.89513610     -1.89513610     -2.64939402     -2.64939402     -2.84621383     -4.22918122     -4.22918122     -4.53888260     -4.53888260     -4.82820647     -4.86981823     -4.86981823     -5.50308326     -5.50308326     -6.44291972     -6.44291972     -6.49182082     -7.04588370     -7.04588370     -7.32443385     -7.32443385     -7.79417907     -7.79417907     -8.18922103     -8.19404214     -8.42398313     -8.56970653     -8.56970653     -8.66824514     -8.66824514     -8.72988088     -8.72988088     -9.25566567     -9.27311967     -9.58945705     -9.59075074     -9.59075074     -9.79782893     -9.79782893     -9.92367477     -9.92367477    -10.03694410    -10.05401071    -10.22951006    -10.22951006    -10.38657981    -10.54810817    -10.54810817    -10.56104328    -10.56104328    -10.68642265    -10.68642265    -10.89116336    -10.89116336    -10.96231008    -10.96231008    -11.10311378    -11.10754717    -11.40287263    -11.40287263
      0.98834538     11.41124274     11.41124274     11.10788260     11.10277239     10.96395461     10.96395461     10.87171663     10.87171663     10.67018664     10.67018664     10.58022584     10.58022584     10.48847513     10.48847513     10.42369877     10.22399420     10.22399420     10.05529198     10.03561883     10.00044743     10.00044743      9.90189410      9.90189410      9.59179513      9.59179513      9.43762499      9.27447415      9.25435447      8.62862502      8.60959510      8.60959510      8.56958191      8.56958191      8.47785380      8.47785380      8.19441349      8.18885636      7.87956157      7.87956157      7.54334218      7.54334218      7.04588680      7.04588680      6.42249438      6.42249438      6.23825383      5.30047349      5.30047349      5.08371718      4.86982037      4.86982037      4.54155165      4.54155165      4.37705720      4.37705720      2.63001906      2.61318492      2.61318492      1.89498760      1.89498760      1.74450651      0.45830974      0.45830974      0.26220475     -0.26220475     -0.45830974     -0.45830974     -1.74450651     -1.89498760     -1.89498760     -2.61318492     -2.61318492     -2.63001906     -4.37705720     -4.37705720     -4.54155165     -4.54155165     -4.86982037     -4.86982037     -5.08371718     -5.30047349     -5.30047349     -6.23825383     -6.42249438     -6.42249438     -7.04588680     -7.04588680     -7.54334218     -7.54334218     -7.87956157     -7.87956157     -8.18885636     -8.19441349     -8.47785380     -8.47785380     -8.56958191     -8.56958191     -8.60959510     -8.60959510     -8.62862502     -9.25435447     -9.27447415     -9.43762499     -9.59179513     -9.59179513     -9.90189410     -9.90189410    -10.00044743    -10.00044743    -10.03561883    -10.05529198    -10.22399420    -10.22399420    -10.42369877    -10.48847513    -10.48847513    -10.58022584    -10.58022584    -10.67018664    -10.67018664    -10.87171663    -10.87171663    -10.96395461    -10.96395461    -11.10277239    -11.10788260    -11.41124274    -11.41124274
      0.99813097     11.41715977     11.41715977     11.10810334     11.10254726     10.96513494     10.96513494     10.85613086     10.85613086     10.65201566     10.65201566     10.60045586     10.60045586     10.44736965     10.43274070     10.43274070     10.22007028     10.22007028     10.05613445     10.05288546     10.05288546     10.03474395      9.98546840      9.98546840      9.59256770      9.59256770      9.27536825      9.27513316      9.25349224      8.82479206      8.56949019      8.56949019      8.50981213      8.50981213      8.28034684      8.28034684      8.19465838      8.18861638      7.95818126      7.95818126      7.75877928      7.75877928      7.04588908      7.04588908      6.40802996      6.40802996      5.98279880      5.34039657      5.11584940      5.11584940      4.86982194      4.86982194      4.54352745      4.54352745      4.52830278      4.52830278      2.58798102      2.58798102      2.42061624      1.92816120      1.89487829      1.89487829      0.46652974      0.46652974      0.14487550     -0.14487550     -0.46652974     -0.46652974     -1.89487829     -1.89487829     -1.92816120     -2.42061624     -2.58798102     -2.58798102     -4.52830278     -4.52830278     -4.54352745     -4.54352745     -4.86982194     -4.86982194     -5.11584940     -5.11584940     -5.34039657     -5.98279880     -6.40802996     -6.40802996     -7.04588908     -7.04588908     -7.75877928     -7.75877928     -7.95818126     -7.95818126     -8.18861638     -8.19465838     -8.28034684     -8.28034684     -8.50981213     -8.50981213     -8.56949019     -8.56949019     -8.82479206     -9.25349224     -9.27513316     -9.27536825     -9.59256770     -9.59256770     -9.98546840     -9.98546840    -10.03474395    -10.05288546    -10.05288546    -10.05613445    -10.22007028    -10.22007028    -10.43274070    -10.43274070    -10.44736965    -10.60045586    -10.60045586    -10.65201566    -10.65201566    -10.85613086    -10.85613086    -10.96513494    -10.96513494    -11.10254726    -11.10810334    -11.41715977    -11.41715977
      1.00791657     11.41983428     11.41983428     11.10819971     11.10244887     10.96567314     10.96567314     10.84848131     10.84848131     10.63359596     10.63359596     10.61980014     10.61980014     10.45752617     10.40023205     10.40023205     10.21828947     10.21828947     10.07640705     10.07640705     10.05650206     10.03436134     10.02980631     10.02980631      9.59292648      9.59292648      9.27575925      9.25311601      9.10282492      9.01154895      8.56944774      8.56944774      8.45531566      8.45531566      8.19476541      8.18851162      8.07936438      8.07936438      8.00385158      8.00385158      7.96740435      7.96740435      7.04589013      7.04589013      6.40148301      6.40148301      5.72614139      5.59757574      4.99099360      4.99099360      4.86982267      4.86982267      4.63917620      4.63917620      4.54444542      4.54444542      2.57667596      2.57667596      2.21879928      2.11889882      1.89482769      1.89482769      0.47032042      0.47032042      0.02890664     -0.02890664     -0.47032042     -0.47032042     -1.89482769     -1.89482769     -2.11889882     -2.21879928     -2.57667596     -2.57667596     -4.54444542     -4.54444542     -4.63917620     -4.63917620     -4.86982267     -4.86982267     -4.99099360     -4.99099360     -5.59757574     -5.72614139     -6.40148301     -6.40148301     -7.04589013     -7.04589013     -7.96740435     -7.96740435     -8.00385158     -8.00385158     -8.07936438     -8.07936438     -8.18851162     -8.19476541     -8.45531566     -8.45531566     -8.56944774     -8.56944774     -9.01154895     -9.10282492     -9.25311601     -9.27575925     -9.59292648     -9.59292648    -10.02980631    -10.02980631    -10.03436134    -10.05650206    -10.07640705    -10.07640705    -10.21828947    -10.21828947    -10.40023205    -10.40023205    -10.45752617    -10.61980014    -10.61980014    -10.63359596    -10.63359596    -10.84848131    -10.84848131    -10.96567314    -10.96567314    -11.10244887    -11.10819971    -11.41983428    -11.41983428
      1.01770217     11.41893361     11.41893361     11.10816747     11.10248180     10.96549158     10.96549158     10.85110358     10.85110358     10.64252925     10.64252925     10.61055590     10.61055590     10.45413987     10.41194450     10.41194450     10.21888969     10.21888969     10.06848913     10.06848913     10.05637908     10.03448939     10.01415752     10.01415752      9.59280499      9.59280499      9.27562840      9.25324187      9.19007126      8.91948530      8.56946211      8.56946211      8.47470419      8.47470419      8.19472959      8.18854667      8.17955486      8.17955486      7.98738903      7.98738903      7.86466888      7.86466888      7.04588978      7.04588978      6.40368847      6.40368847      5.85457756      5.46896584      5.03980342      5.03980342      4.86982243      4.86982243      4.59500632      4.59500632      4.54413453      4.54413453      2.58047758      2.58047758      2.31861447      2.02277971      1.89484481      1.89484481      0.46903857      0.46903857      0.08678844     -0.08678844     -0.46903857     -0.46903857     -1.89484481     -1.89484481     -2.02277971     -2.31861447     -2.58047758     -2.58047758     -4.54413453     -4.54413453     -4.59500632     -4.59500632     -4.86982243     -4.86982243     -5.03980342     -5.03980342     -5.46896584     -5.85457756     -6.40368847     -6.40368847     -7.04588978     -7.04588978     -7.86466888     -7.86466888     -7.98738903     -7.98738903     -8.17955486     -8.17955486     -8.18854667     -8.19472959     -8.47470419     -8.47470419     -8.56946211     -8.56946211     -8.91948530     -9.19007126     -9.25324187     -9.27562840     -9.59280499     -9.59280499    -10.01415752    -10.01415752    -10.03448939    -10.05637908    -10.06848913    -10.06848913    -10.21888969    -10.21888969    -10.41194450    -10.41194450    -10.45413987    -10.61055590    -10.61055590    -10.64252925    -10.64252925    -10.85110358    -10.85110358    -10.96549158    -10.96549158    -11.10248180    -11.10816747    -11.41893361    -11.41893361
      1.02748777     11.41456817     11.41456817     11.10800804     11.10264451     10.96461620     10.96461620     10.86316978     10.86316978     10.66129324     10.66129324     10.59027877     10.59027877     10.45919893     10.45919893     10.43722025     10.22179156     10.22179156     10.05577078     10.03512195     10.03002040     10.03002040      9.94711986      9.94711986      9.59222577      9.59222577      9.35768039      9.27498196      9.25386444      8.72780603      8.56953074      8.56953074      8.55600806      8.55600806      8.37989070      8.37989070      8.19455259      8.18871999      7.92095706      7.92095706      7.65156875      7.65156875      7.04588807      7.04588807      6.41436836      6.41436836      6.11071946      5.21195237      5.20476379      5.20476379      4.86982125      4.86982125      4.54265281      4.54265281      4.45356176      4.45356176      2.59898525      2.59898525      2.52444287      1.89492661      1.89492661      1.83538727      0.46290146      0.46290146      0.20330321     -0.20330321     -0.46290146     -0.46290146     -1.83538727     -1.89492661     -1.89492661     -2.52444287     -2.59898525     -2.59898525     -4.45356176     -4.45356176     -4.54265281     -4.54265281     -4.86982125     -4.86982125     -5.20476379     -5.20476379     -5.21195237     -6.11071946     -6.41436836     -6.41436836     -7.04588807     -7.04588807     -7.65156875     -7.65156875     -7.92095706     -7.92095706     -8.18871999     -8.19455259     -8.37989070     -8.37989070     -8.55600806     -8.55600806     -8.56953074     -8.56953074     -8.72780603     -9.25386444     -9.27498196     -9.35768039     -9.59222577     -9.59222577     -9.94711986     -9.94711986    -10.03002040    -10.03002040    -10.03512195    -10.05577078    -10.22179156    -10.22179156    -10.43722025    -10.45919893    -10.45919893    -10.59027877    -10.59027877    -10.66129324    -10.66129324    -10.86316978    -10.86316978    -10.96461620    -10.96461620    -11.10264451    -11.10800804    -11.41456817    -11.41456817
      1.03727336     11.40729663     11.40729663     11.10772841     11.10292943     10.96317556     10.96317556     10.88122562     10.88122562     10.67859182     10.67859182     10.57043663     10.57043663     10.51856617     10.51856617     10.40681468     10.22659953     10.22659953     10.05470317     10.03622865      9.96478583      9.96478583      9.85171084      9.85171084      9.59129579      9.59129579      9.51490291      9.27385091      9.25495705      8.66808656      8.66808656      8.57403561      8.57403561      8.56964140      8.56964140      8.52732623      8.19424267      8.18902399      7.83668292      7.83668292      7.43425628      7.43425628      7.04588532      7.04588532      6.43212819      6.43212819      6.36531617      5.40034729      5.40034729      4.95577433      4.86981935      4.86981935      4.54027525      4.54027525      4.30170353      4.30170353      2.73729256      2.63016514      2.63016514      1.89505849      1.89505849      1.65553554      0.45295305      0.45295305      0.32171034     -0.32171034     -0.45295305     -0.45295305     -1.65553554     -1.89505849     -1.89505849     -2.63016514     -2.63016514     -2.73729256     -4.30170353     -4.30170353     -4.54027525     -4.54027525     -4.86981935     -4.86981935     -4.95577433     -5.40034729     -5.40034729     -6.36531617     -6.43212819     -6.43212819     -7.04588532     -7.04588532     -7.43425628     -7.43425628     -7.83668292     -7.83668292     -8.18902399     -8.19424267     -8.52732623     -8.56964140     -8.56964140     -8.57403561     -8.57403561     -8.66808656     -8.66808656     -9.25495705     -9.27385091     -9.51490291     -9.59129579     -9.59129579     -9.85171084     -9.85171084     -9.96478583     -9.96478583    -10.03622865    -10.05470317    -10.22659953    -10.22659953    -10.40681468    -10.51856617    -10.51856617    -10.57043663    -10.57043663    -10.67859182    -10.67859182    -10.88122562    -10.88122562    -10.96317556    -10.96317556    -11.10292943    -11.10772841    -11.40729663    -11.40729663
      1.04705896     11.39814262     11.39814262     11.10734088     11.10332332     10.96139422     10.96139422     10.90104385     10.90104385     10.69359969     10.69359969     10.57614230     10.57614230     10.55218229     10.55218229     10.36300832     10.23261061     10.23261061     10.05322207     10.03775667      9.87775386      9.87775386      9.74108150      9.74108150      9.66123389      9.59018489      9.59018489      9.27228912      9.25647267      8.79393096      8.79393096      8.76026228      8.76026228      8.56977436      8.56977436      8.31866886      8.19381423      8.18944531      7.75340894      7.75340894      7.21398763      7.21398763      7.04588202      7.04588202      6.61768227      6.45445057      6.45445057      5.60794298      5.60794298      4.86981706      4.86981706      4.70109544      4.53743745      4.53743745      4.16071743      4.16071743      2.95673214      2.67021326      2.67021326      1.89521692      1.89521691      1.48333465      0.44303508      0.44090348      0.44090348     -0.44090348     -0.44090348     -0.44303508     -1.48333465     -1.89521691     -1.89521692     -2.67021326     -2.67021326     -2.95673214     -4.16071743     -4.16071743     -4.53743745     -4.53743745     -4.70109544     -4.86981706     -4.86981706     -5.60794298     -5.60794298     -6.45445057     -6.45445057     -6.61768227     -7.04588202     -7.04588202     -7.21398763     -7.21398763     -7.75340894     -7.75340894     -8.18944531     -8.19381423     -8.31866886     -8.56977436     -8.56977436     -8.76026228     -8.76026228     -8.79393096     -8.79393096     -9.25647267     -9.27228912     -9.59018489     -9.59018489     -9.66123389     -9.74108150     -9.74108150     -9.87775386     -9.87775386    -10.03775667    -10.05322207    -10.23261061    -10.23261061    -10.36300832    -10.55218229    -10.55218229    -10.57614230    -10.57614230    -10.69359969    -10.69359969    -10.90104385    -10.90104385    -10.96139422    -10.96139422    -11.10332332    -11.10734088    -11.39814262    -11.39814262
      1.05684456     11.38858215     11.38858215     11.10686253     11.10380794     10.95957395     10.95957395     10.91901736     10.91901736     10.70569382     10.70569382     10.62497044     10.62497044     10.53663919     10.53663919     10.30592385     10.23884556     10.23884556     10.05139146     10.03963365      9.79625446      9.77415421      9.77415421      9.62112013      9.62112013      9.58909295      9.58909295      9.27037045      9.25834574      8.93645271      8.93645271      8.92615197      8.92615197      8.56990587      8.56990587      8.19328712      8.18996539      8.10242273      7.68121743      7.68121743      7.04587875      7.04587875      6.99166998      6.99166998      6.86713469      6.47775122      6.47775122      5.82227574      5.82227574      4.86981481      4.86981481      4.53465049      4.53465049      4.44856672      4.04030935      4.04030935      3.18234542      2.71330659      2.71330659      1.89537358      1.89537358      1.31873445      0.56823184      0.42886606      0.42886606     -0.42886606     -0.42886606     -0.56823184     -1.31873445     -1.89537358     -1.89537358     -2.71330659     -2.71330659     -3.18234542     -4.04030935     -4.04030935     -4.44856672     -4.53465049     -4.53465049     -4.86981481     -4.86981481     -5.82227574     -5.82227574     -6.47775122     -6.47775122     -6.86713469     -6.99166998     -6.99166998     -7.04587875     -7.04587875     -7.68121743     -7.68121743     -8.10242273     -8.18996539     -8.19328712     -8.56990587     -8.56990587     -8.92615197     -8.92615197     -8.93645271     -8.93645271     -9.25834574     -9.27037045     -9.58909295     -9.58909295     -9.62112013     -9.62112013     -9.77415421     -9.77415421     -9.79625446    -10.03963365    -10.05139146    -10.23884556    -10.23884556    -10.30592385    -10.53663919    -10.53663919    -10.62497044    -10.62497044    -10.70569382    -10.70569382    -10.91901736    -10.91901736    -10.95957395    -10.95957395    -11.10380794    -11.10686253    -11.38858215    -11.38858215
      1.06663016     11.38041707     11.38041707     11.10631458     11.10436098     10.95805341     10.95805341     10.93259306     10.93259306     10.71432026     10.71432026     10.66080488     10.66080488     10.52501476     10.52501476     10.24414148     10.24414148     10.23572110     10.04929105     10.04177158      9.91958439      9.66091952      9.66091952      9.58821328      9.58821328      9.49484174      9.49484174      9.26818472      9.26049455      9.09788893      9.09788893      9.06105480      9.06105480      8.57001241      8.57001241      8.19268563      8.19056118      7.87918939      7.62712860      7.62712860      7.11299514      7.04587611      7.04587611      6.76827270      6.76827270      6.49766776      6.49766776      6.04080552      6.04080552      4.86981298      4.86981298      4.53240707      4.53240707      4.19882337      3.94942539      3.94942539      3.41367851      2.75149018      2.75149018      1.89550047      1.89550047      1.16157551      0.69816511      0.41901558      0.41901558     -0.41901558     -0.41901558     -0.69816511     -1.16157551     -1.89550047     -1.89550047     -2.75149018     -2.75149018     -3.41367851     -3.94942539     -3.94942539     -4.19882337     -4.53240707     -4.53240707     -4.86981298     -4.86981298     -6.04080552     -6.04080552     -6.49766776     -6.49766776     -6.76827270     -6.76827270     -7.04587611     -7.04587611     -7.11299514     -7.62712860     -7.62712860     -7.87918939     -8.19056118     -8.19268563     -8.57001241     -8.57001241     -9.06105480     -9.06105480     -9.09788893     -9.09788893     -9.26049455     -9.26818472     -9.49484174     -9.49484174     -9.58821328     -9.58821328     -9.66091952     -9.66091952     -9.91958439    -10.04177158    -10.04929105    -10.23572110    -10.24414148    -10.24414148    -10.52501476    -10.52501476    -10.66080488    -10.66080488    -10.71432026    -10.71432026    -10.93259306    -10.93259306    -10.95805341    -10.95805341    -11.10436098    -11.10631458    -11.38041707    -11.38041707
      1.07641576     11.37543305     11.37543305     11.10572143     11.10495710     10.95714129     10.95714129     10.94019730     10.94019730     10.71903257     10.71903257     10.68070500     10.68070500     10.51844650     10.51844650     10.24736342     10.24736342     10.15259664     10.04701324     10.04407138     10.03087780      9.58769944      9.58769944      9.55732852      9.55732852      9.36424818      9.36424818      9.26583314      9.26282449      9.22664396      9.22664396      9.19629727      9.19629727      8.57007489      8.57007489      8.19203732      8.19120615      7.64958663      7.59662541      7.59662541      7.35459241      7.04587456      7.04587456      6.54562684      6.54562684      6.50984419      6.50984419      6.26102486      6.26102486      4.86981191      4.86981191      4.53109733      4.53109733      3.95248141      3.89741426      3.89741426      3.65023861      2.77560555      2.77560555      1.89557487      1.89557487      1.01158856      0.83359537      0.41319328      0.41319328     -0.41319328     -0.41319328     -0.83359537     -1.01158856     -1.89557487     -1.89557487     -2.77560555     -2.77560555     -3.65023861     -3.89741426     -3.89741426     -3.95248141     -4.53109733     -4.53109733     -4.86981191     -4.86981191     -6.26102486     -6.26102486     -6.50984419     -6.50984419     -6.54562684     -6.54562684     -7.04587456     -7.04587456     -7.35459241     -7.59662541     -7.59662541     -7.64958663     -8.19120615     -8.19203732     -8.57007489     -8.57007489     -9.19629727     -9.19629727     -9.22664396     -9.22664396     -9.26282449     -9.26583314     -9.36424818     -9.36424818     -9.55732852     -9.55732852     -9.58769944     -9.58769944    -10.03087780    -10.04407138    -10.04701324    -10.15259664    -10.24736342    -10.24736342    -10.51844650    -10.51844650    -10.68070500    -10.68070500    -10.71903257    -10.71903257    -10.94019730    -10.94019730    -10.95714129    -10.95714129    -11.10495710    -11.10572143    -11.37543305    -11.37543305
      1.08620135     11.37484769     11.37484769     11.10556917     11.10510971     10.95703498     10.95703498     10.94105942     10.94105942     10.71956274     10.71956274     10.68295822     10.68295822     10.51769699     10.51769699     10.24774138     10.24774138     10.12982299     10.05678317     10.04642781     10.04465936      9.58764022      9.58764022      9.54010398      9.54010398      9.33121766      9.33121766      9.26523187      9.26342327      9.24664996      9.24664996      9.22984768      9.22984768      8.57008210      8.57008210      8.19187137      8.19137172      7.59314891      7.59314891      7.59126462      7.41424781      7.04587438      7.04587438      6.51127562      6.51127562      6.49124572      6.49124572      6.31514219      6.31514219      4.86981178      4.86981178      4.53094641      4.53094641      3.89149747      3.89143632      3.89143632      3.71013418      2.77848501      2.77848501      1.89558346      1.89558346      0.97517009      0.86839028      0.41251883      0.41251883     -0.41251883     -0.41251883     -0.86839028     -0.97517009     -1.89558346     -1.89558346     -2.77848501     -2.77848501     -3.71013418     -3.89143632     -3.89143632     -3.89149747     -4.53094641     -4.53094641     -4.86981178     -4.86981178     -6.31514219     -6.31514219     -6.49124572     -6.49124572     -6.51127562     -6.51127562     -7.04587438     -7.04587438     -7.41424781     -7.59126462     -7.59314891     -7.59314891     -8.19137172     -8.19187137     -8.57008210     -8.57008210     -9.22984768     -9.22984768     -9.24664996     -9.24664996     -9.26342327     -9.26523187     -9.33121766     -9.33121766     -9.54010398     -9.54010398     -9.58764022     -9.58764022    -10.04465936    -10.04642781    -10.05678317    -10.12982299    -10.24774138    -10.24774138    -10.51769699    -10.51769699    -10.68295822    -10.68295822    -10.71956274    -10.71956274    -10.94105942    -10.94105942    -10.95703498    -10.95703498    -11.10510971    -11.10556917    -11.37484769    -11.37484769
      1.09598695     11.37881086     11.37881086     11.10616952     11.10450701     10.95775811     10.95775811     10.93509656     10.93509656     10.71587938     10.71587938     10.66736379     10.66736379     10.52285977     10.52285977     10.24518062     10.24518062     10.21614292     10.04873440     10.04233540      9.94854893      9.63265212      9.63265212      9.58804580      9.58804580      9.46252544      9.46252544      9.26760825      9.26106398      9.13457079      9.13457079      9.09491463      9.09491463      8.57003276      8.57003276      8.19252681      8.19071891      7.82236135      7.61711397      7.61711397      7.17382016      7.04587560      7.04587560      6.71240651      6.71240651      6.50158982      6.50158982      6.09585213      6.09585213      4.86981263      4.86981263      4.53198012      4.53198012      4.13689540      3.93242840      3.93242840      3.47234856      2.75918707      2.75918707      1.89552470      1.89552470      1.12341939      0.73148006      0.41712360      0.41712360     -0.41712360     -0.41712360     -0.73148006     -1.12341939     -1.89552470     -1.89552470     -2.75918707     -2.75918707     -3.47234856     -3.93242840     -3.93242840     -4.13689540     -4.53198012     -4.53198012     -4.86981263     -4.86981263     -6.09585213     -6.09585213     -6.50158982     -6.50158982     -6.71240651     -6.71240651     -7.04587560     -7.04587560     -7.17382016     -7.61711397     -7.61711397     -7.82236135     -8.19071891     -8.19252681     -8.57003276     -8.57003276     -9.09491463     -9.09491463     -9.13457079     -9.13457079     -9.26106398     -9.26760825     -9.46252544     -9.46252544     -9.58804580     -9.58804580     -9.63265212     -9.63265212     -9.94854893    -10.04233540    -10.04873440    -10.21614292    -10.24518062    -10.24518062    -10.52285977    -10.52285977    -10.66736379    -10.66736379    -10.71587938    -10.71587938    -10.93509656    -10.93509656    -10.95775811    -10.95775811    -11.10450701    -11.10616952    -11.37881086    -11.37881086
      1.10577255     11.38633633     11.38633633     11.10673116     11.10394074     10.95915253     10.95915253     10.92290038     10.92290038     10.70819530     10.70819530     10.63528104     10.63528104     10.53331814     10.53331814     10.28959595     10.24030463     10.24030463     10.05088823     10.04014739      9.82819704      9.74637368      9.74637368      9.59005605      9.59005605      9.58884623      9.58884623      9.26984526      9.25886059      8.97850386      8.97850386      8.95973030      8.95973030      8.56993570      8.56993570      8.19314269      8.19010823      8.04724559      7.66575826      7.66575826      7.04587801      7.04587801      6.93587889      6.93587889      6.92896290      6.48322659      6.48322659      5.87659356      5.87659356      4.86981429      4.86981429      4.53402111      4.53402111      4.38584534      4.01445388      4.01445388      3.23966107      2.72366513      2.72366513      1.89540911      1.89540911      1.27875571      0.60023954      0.42611763      0.42611763     -0.42611763     -0.42611763     -0.60023954     -1.27875571     -1.89540911     -1.89540911     -2.72366513     -2.72366513     -3.23966107     -4.01445388     -4.01445388     -4.38584534     -4.53402111     -4.53402111     -4.86981429     -4.86981429     -5.87659356     -5.87659356     -6.48322659     -6.48322659     -6.92896290     -6.93587889     -6.93587889     -7.04587801     -7.04587801     -7.66575826     -7.66575826     -8.04724559     -8.19010823     -8.19314269     -8.56993570     -8.56993570     -8.95973030     -8.95973030     -8.97850386     -8.97850386     -9.25886059     -9.26984526     -9.58884623     -9.58884623     -9.59005605     -9.59005605     -9.74637368     -9.74637368     -9.82819704    -10.04014739    -10.05088823    -10.24030463    -10.24030463    -10.28959595    -10.53331814    -10.53331814    -10.63528104    -10.63528104    -10.70819530    -10.70819530    -10.92290038    -10.92290038    -10.95915253    -10.95915253    -11.10394074    -11.10673116    -11.38633633    -11.38633633
      1.11555815     11.39572407     11.39572407     11.10722904     11.10343678     10.96092978     10.96092978     10.90582825     10.90582825     10.69691930     10.69691930     10.58936371     10.58936371     10.54799606     10.54799606     10.34997642     10.23419176     10.23419176     10.05279431     10.03819641      9.85319181      9.85319181      9.71181914      9.71181914      9.69606484      9.58990219      9.58990219      9.27183964      9.25691037      8.82657023      8.82657023      8.80536345      8.80536345      8.56980833      8.56980833      8.26529555      8.19369082      8.18956690      7.73401767      7.73401767      7.15856516      7.15856516      7.04588117      7.04588117      6.68034513      6.46034497      6.46034497      5.66101515      5.66101515      4.86981648      4.86981648      4.63773657      4.53671568      4.53671568      4.12834810      4.12834810      3.01257372      2.68097664      2.68097664      1.89525739      1.89525739      1.44147642      0.47393584      0.43780618      0.43780618     -0.43780618     -0.43780618     -0.47393584     -1.44147642     -1.89525739     -1.89525739     -2.68097664     -2.68097664     -3.01257372     -4.12834810     -4.12834810     -4.53671568     -4.53671568     -4.63773657     -4.86981648     -4.86981648     -5.66101515     -5.66101515     -6.46034497     -6.46034497     -6.68034513     -7.04588117     -7.04588117     -7.15856516     -7.15856516     -7.73401767     -7.73401767     -8.18956690     -8.19369082     -8.26529555     -8.56980833     -8.56980833     -8.80536345     -8.80536345     -8.82657023     -8.82657023     -9.25691037     -9.27183964     -9.58990219     -9.58990219     -9.69606484     -9.71181914     -9.71181914     -9.85319181     -9.85319181    -10.03819641    -10.05279431    -10.23419176    -10.23419176    -10.34997642    -10.54799606    -10.54799606    -10.58936371    -10.58936371    -10.69691930    -10.69691930    -10.90582825    -10.90582825    -10.96092978    -10.96092978    -11.10343678    -11.10722904    -11.39572407    -11.39572407
      1.12534375     11.40513429     11.40513429     11.10764105     11.10301832     10.96275148     10.96275148     10.88617266     10.88617266     10.68258410     10.68258410     10.56568210     10.56568210     10.53347294     10.53347294     10.39711526     10.22802344     10.22802344     10.05436945     10.03657368      9.94487149      9.94487149      9.82517246      9.82517246      9.59102745      9.59102745      9.55252386      9.27349827      9.25529855      8.69864620      8.69864620      8.62139962      8.62139962      8.56967344      8.56967344      8.47590565      8.19414598      8.18911896      7.81529060      7.81529060      7.37942998      7.37942998      7.04588452      7.04588452      6.43740383      6.43740383      6.42864356      5.45141214      5.45141214      4.89193839      4.86981880      4.86981880      4.53958955      4.53958955      4.26500604      4.26500604      2.79155035      2.63953656      2.63953656      1.89509667      1.89509667      1.61176808      0.45005960      0.45005960      0.35172935     -0.35172935     -0.45005960     -0.45005960     -1.61176808     -1.89509667     -1.89509667     -2.63953656     -2.63953656     -2.79155035     -4.26500604     -4.26500604     -4.53958955     -4.53958955     -4.86981880     -4.86981880     -4.89193839     -5.45141214     -5.45141214     -6.42864356     -6.43740383     -6.43740383     -7.04588452     -7.04588452     -7.37942998     -7.37942998     -7.81529060     -7.81529060     -8.18911896     -8.19414598     -8.47590565     -8.56967344     -8.56967344     -8.62139962     -8.62139962     -8.69864620     -8.69864620     -9.25529855     -9.27349827     -9.55252386     -9.59102745     -9.59102745     -9.82517246     -9.82517246     -9.94487149     -9.94487149    -10.03657368    -10.05436945    -10.22802344    -10.22802344    -10.39711526    -10.53347294    -10.53347294    -10.56568210    -10.56568210    -10.68258410    -10.68258410    -10.88617266    -10.88617266    -10.96275148    -10.96275148    -11.10301832    -11.10764105    -11.40513429    -11.40513429
      1.13512934     11.41299081     11.41299081     11.10794901     11.10270470     10.96430181     10.96430181     10.86728857     10.86728857     10.66579513     10.66579513     10.58522764     10.58522764     10.47362805     10.47362805     10.43088048     10.22283718     10.22283718     10.05554548     10.03535587     10.01603459     10.01603459      9.92522808      9.92522808      9.59202037      9.59202037      9.39798226      9.27474290      9.25409503      8.67848491      8.58205838      8.58205838      8.56955513      8.56955513      8.42908324      8.42908324      8.19448711      8.18878416      7.90058871      7.90058871      7.59757137      7.59757137      7.04588746      7.04588746      6.41822375      6.41822375      6.17454029      5.25197953      5.25197953      5.14780342      4.86982083      4.86982083      4.54212755      4.54212755      4.41530399      4.41530399      2.60570894      2.60570894      2.57701569      1.89495568      1.89495568      1.78970884      0.46071454      0.46071454      0.23268653     -0.23268653     -0.46071454     -0.46071454     -1.78970884     -1.89495568     -1.89495568     -2.57701569     -2.60570894     -2.60570894     -4.41530399     -4.41530399     -4.54212755     -4.54212755     -4.86982083     -4.86982083     -5.14780342     -5.25197953     -5.25197953     -6.17454029     -6.41822375     -6.41822375     -7.04588746     -7.04588746     -7.59757137     -7.59757137     -7.90058871     -7.90058871     -8.18878416     -8.19448711     -8.42908324     -8.42908324     -8.56955513     -8.56955513     -8.58205838     -8.58205838     -8.67848491     -9.25409503     -9.27474290     -9.39798226     -9.59202037     -9.59202037     -9.92522808     -9.92522808    -10.01603459    -10.01603459    -10.03535587    -10.05554548    -10.22283718    -10.22283718    -10.43088048    -10.47362805    -10.47362805    -10.58522764    -10.58522764    -10.66579513    -10.66579513    -10.86728857    -10.86728857    -10.96430181    -10.96430181    -11.10270470    -11.10794901    -11.41299081    -11.41299081
      1.14491494     11.41815303     11.41815303     11.10813936     11.10251050     10.96533448     10.96533448     10.85333776     10.85333776     10.64728026     10.64728026     10.60553506     10.60553506     10.45117751     10.42142495     10.42142495     10.21940946     10.21940946     10.06162531     10.06162531     10.05627184     10.03460101     10.00122724     10.00122724      9.59270024      9.59270024      9.27551433      9.25335163      9.23290860      8.87243370      8.56947450      8.56947450      8.49059235      8.49059235      8.23007075      8.23007075      8.19469837      8.18857723      7.97407427      7.97407427      7.81192406      7.81192406      7.04588947      7.04588947      6.40559926      6.40559926      5.91872039      5.40467084      5.07559003      5.07559003      4.86982221      4.86982221      4.56329670      4.56329670      4.54386653      4.54386653      2.58377674      2.58377674      2.36937982      1.97524599      1.89485959      1.89485959      0.46793200      0.46793200      0.11579781     -0.11579781     -0.46793200     -0.46793200     -1.89485959     -1.89485959     -1.97524599     -2.36937982     -2.58377674     -2.58377674     -4.54386653     -4.54386653     -4.56329670     -4.56329670     -4.86982221     -4.86982221     -5.07559003     -5.07559003     -5.40467084     -5.91872039     -6.40559926     -6.40559926     -7.04588947     -7.04588947     -7.81192406     -7.81192406     -7.97407427     -7.97407427     -8.18857723     -8.19469837     -8.23007075     -8.23007075     -8.49059235     -8.49059235     -8.56947450     -8.56947450     -8.87243370     -9.23290860     -9.25335163     -9.27551433     -9.59270024     -9.59270024    -10.00122724    -10.00122724    -10.03460101    -10.05627184    -10.06162531    -10.06162531    -10.21940946    -10.21940946    -10.42142495    -10.42142495    -10.45117751    -10.60553506    -10.60553506    -10.64728026    -10.64728026    -10.85333776    -10.85333776    -10.96533448    -10.96533448    -11.10251050    -11.10813936    -11.41815303    -11.41815303
      1.15470054     11.41994750     11.41994750     11.10820375     11.10244474     10.96569599     10.96569599     10.84814822     10.84814822     10.63134565     10.63134565     10.62208952     10.62208952     10.45794951     10.39869252     10.39869252     10.21821397     10.21821397     10.07740244     10.07740244     10.05651746     10.03434530     10.03183741     10.03183741      9.59294181      9.59294181      9.27577565      9.25310025      9.06484311      9.05013300      8.56944593      8.56944593      8.45278511      8.45278511      8.19476990      8.18850723      8.04415557      8.04415557      8.00601750      8.00601750      8.00293111      8.00293111      7.04589018      7.04589018      6.40120570      6.40120570      5.66189701      5.66184181      4.98398407      4.98398407      4.86982270      4.86982270      4.64560719      4.64560719      4.54448463      4.54448463      2.57619843      2.57619843      2.17707225      2.16016364      1.89482553      1.89482553      0.47048194      0.47048194      0.00003580     -0.00003580     -0.47048194     -0.47048194     -1.89482553     -1.89482553     -2.16016364     -2.17707225     -2.57619843     -2.57619843     -4.54448463     -4.54448463     -4.64560719     -4.64560719     -4.86982270     -4.86982270     -4.98398407     -4.98398407     -5.66184181     -5.66189701     -6.40120570     -6.40120570     -7.04589018     -7.04589018     -8.00293111     -8.00293111     -8.00601750     -8.00601750     -8.04415557     -8.04415557     -8.18850723     -8.19476990     -8.45278511     -8.45278511     -8.56944593     -8.56944593     -9.05013300     -9.06484311     -9.25310025     -9.27577565     -9.59294181     -9.59294181    -10.03183741    -10.03183741    -10.03434530    -10.05651746    -10.07740244    -10.07740244    -10.21821397    -10.21821397    -10.39869252    -10.39869252    -10.45794951    -10.62208952    -10.62208952    -10.63134565    -10.63134565    -10.84814822    -10.84814822    -10.96569599    -10.96569599    -11.10244474    -11.10820375    -11.41994750    -11.41994750
      1.16450446     11.41720962     11.41490287     11.10861988     11.09702786     10.97120037     10.96201789     10.91346262     10.78145225     10.74611935     10.69238439     10.54539011     10.50659803     10.46182235     10.45314680     10.34019391     10.24661578     10.18032036     10.11330843     10.10333175     10.07079346     10.04591993     10.02013052      9.96003517      9.68092967      9.49027921      9.36956063      9.14271672      9.06801867      9.05098186      8.71170431      8.62770493      8.42221975      8.42084550      8.27649587      8.14508125      8.12679304      8.07993788      7.96625486      7.95355566      7.93079533      7.86678487      7.24607561      6.84402079      6.58732753      6.21314281      5.66663944      5.66658795      5.16874272      5.13689405      4.80879229      4.76625625      4.72413284      4.60498872      4.53107117      4.36973288      2.71011195      2.44304179      2.18079288      2.17589183      2.08361888      1.71602125      0.51290825      0.43975718      0.01019536     -0.01019536     -0.43975718     -0.51290825     -1.71602125     -2.08361888     -2.17589183     -2.18079288     -2.44304179     -2.71011195     -4.36973288     -4.53107117     -4.60498872     -4.72413284     -4.76625625     -4.80879229     -5.13689405     -5.16874272     -5.66658795     -5.66663944     -6.21314281     -6.58732753     -6.84402079     -7.24607561     -7.86678487     -7.93079533     -7.95355566     -7.96625486     -8.07993788     -8.12679304     -8.14508125     -8.27649587     -8.42084550     -8.42221975     -8.62770493     -8.71170431     -9.05098186     -9.06801867     -9.14271672     -9.36956063     -9.49027921     -9.68092967     -9.96003517    -10.02013052    -10.04591993    -10.07079346    -10.10333175    -10.11330843    -10.18032036    -10.24661578    -10.34019391    -10.45314680    -10.46182235    -10.50659803    -10.54539011    -10.69238439    -10.74611935    -10.78145225    -10.91346262    -10.96201789    -10.97120037    -11.09702786    -11.10861988    -11.41490287    -11.41720962
      1.17430838     11.40636948     11.40245602     11.10634551     11.08436106     10.98103459     10.97678361     10.95797583     10.85283276     10.75141446     10.71398566     10.50310753     10.47335422     10.45976595     10.38456688     10.27813103     10.25703919     10.17394022     10.15318202     10.13457890     10.08764672     10.01926994     10.00689357      9.88848034      9.75207441      9.44754234      9.37480098      9.07752054      9.05358012      9.01661161      8.84807997      8.80030984      8.63408940      8.28350598      8.27072990      8.21374393      8.16164713      8.09981151      7.89348031      7.86369379      7.72784648      7.70863265      7.44399313      6.77143511      6.64104398      6.02318529      5.68086718      5.68079794      5.40547655      5.36153827      4.90828598      4.89262499      4.64467001      4.42305446      4.34311243      4.20024100      2.84551753      2.30995270      2.28197507      2.22230050      2.19195319      1.54758062      0.56716081      0.42059623      0.01214911     -0.01214911     -0.42059623     -0.56716081     -1.54758062     -2.19195319     -2.22230050     -2.28197507     -2.30995270     -2.84551753     -4.20024100     -4.34311243     -4.42305446     -4.64467001     -4.89262499     -4.90828598     -5.36153827     -5.40547655     -5.68079794     -5.68086718     -6.02318529     -6.64104398     -6.77143511     -7.44399313     -7.70863265     -7.72784648     -7.86369379     -7.89348031     -8.09981151     -8.16164713     -8.21374393     -8.27072990     -8.28350598     -8.63408940     -8.80030984     -8.84807997     -9.01661161     -9.05358012     -9.07752054     -9.37480098     -9.44754234     -9.75207441     -9.88848034    -10.00689357    -10.01926994    -10.08764672    -10.13457890    -10.15318202    -10.17394022    -10.25703919    -10.27813103    -10.38456688    -10.45976595    -10.47335422    -10.50310753    -10.71398566    -10.75141446    -10.85283276    -10.95797583    -10.97678361    -10.98103459    -11.08436106    -11.10634551    -11.40245602    -11.40636948
      1.18411230     11.38718273     11.38303809     11.10047704     11.06552874     11.03750147     10.99710556     10.95204831     10.94961096     10.80027197     10.64635535     10.54816409     10.49229089     10.36738239     10.32188359     10.24305561     10.21300861     10.19652641     10.19247094     10.09762600     10.08168840     10.01232915      9.99780939      9.81770716      9.80407656      9.48803673      9.24801934      9.09327453      9.05807728      8.97719936      8.96968629      8.95754836      8.76113983      8.42081167      8.30455412      8.24788154      8.11557451      7.92372754      7.82618479      7.80178728      7.63905259      7.58966098      7.45793992      6.95342216      6.43752715      5.83136241      5.70458117      5.70438718      5.67484037      5.56086610      5.09652587      5.02433054      4.49302532      4.32197863      4.08490580      4.03634308      2.98313279      2.48942246      2.29724377      2.21054874      2.17636735      1.38981897      0.63333932      0.41286193      0.02349050     -0.02349050     -0.41286193     -0.63333932     -1.38981897     -2.17636735     -2.21054874     -2.29724377     -2.48942246     -2.98313279     -4.03634308     -4.08490580     -4.32197863     -4.49302532     -5.02433054     -5.09652587     -5.56086610     -5.67484037     -5.70438718     -5.70458117     -5.83136241     -6.43752715     -6.95342216     -7.45793992     -7.58966098     -7.63905259     -7.80178728     -7.82618479     -7.92372754     -8.11557451     -8.24788154     -8.30455412     -8.42081167     -8.76113983     -8.95754836     -8.96968629     -8.97719936     -9.05807728     -9.09327453     -9.24801934     -9.48803673     -9.80407656     -9.81770716     -9.99780939    -10.01232915    -10.08168840    -10.09762600    -10.19247094    -10.19652641    -10.21300861    -10.24305561    -10.32188359    -10.36738239    -10.49229089    -10.54816409    -10.64635535    -10.80027197    -10.94961096    -10.95204831    -10.99710556    -11.03750147    -11.06552874    -11.10047704    -11.38303809    -11.38718273
      1.19391622     11.35950467     11.35712443     11.09501166     11.09140372     11.04044110     11.03655501     11.01925497     10.94273616     10.84059277     10.58795475     10.57916089     10.51822645     10.31712976     10.31002562     10.26915072     10.24281028     10.14535088     10.09885718     10.05657404     10.04305454     10.02213255      9.98183861      9.83484042      9.74822734      9.48463819      9.13495065      9.11515773      9.11113591      9.10900749      9.09656736      9.06470511      8.65958824      8.55650525      8.39874218      8.33845090      7.95729427      7.83065833      7.76468228      7.74924907      7.74523619      7.45268491      7.20233976      7.13314550      6.23402648      5.94425411      5.76528334      5.73778289      5.73721557      5.63769923      5.28840927      5.16099796      4.35509658      4.22828282      3.87834293      3.83106988      3.12361315      2.70544912      2.39765488      2.23657294      2.04193595      1.24298268      0.71150863      0.41643190      0.05306183     -0.05306183     -0.41643190     -0.71150863     -1.24298268     -2.04193595     -2.23657294     -2.39765488     -2.70544912     -3.12361315     -3.83106988     -3.87834293     -4.22828282     -4.35509658     -5.16099796     -5.28840927     -5.63769923     -5.73721557     -5.73778289     -5.76528334     -5.94425411     -6.23402648     -7.13314550     -7.20233976     -7.45268491     -7.74523619     -7.74924907     -7.76468228     -7.83065833     -7.95729427     -8.33845090     -8.39874218     -8.55650525     -8.65958824     -9.06470511     -9.09656736     -9.10900749     -9.11113591     -9.11515773     -9.13495065     -9.48463819     -9.74822734     -9.83484042     -9.98183861    -10.02213255    -10.04305454    -10.05657404    -10.09885718    -10.14535088    -10.24281028    -10.26915072    -10.31002562    -10.31712976    -10.51822645    -10.57916089    -10.58795475    -10.84059277    -10.94273616    -11.01925497    -11.03655501    -11.04044110    -11.09140372    -11.09501166    -11.35712443    -11.35950467
      1.20372015     11.32522973     11.32333195     11.14871769     11.11319639     11.07957328     11.04483758     11.00908670     10.92968611     10.87585521     10.62218116     10.55062661     10.51299119     10.37411975     10.31432324     10.29147446     10.16589852     10.09517622     10.08937925     10.07569699      9.97159776      9.95633931      9.91145553      9.84240942      9.68052698      9.44277721      9.29786839      9.29524107      9.20050788      9.14299967      9.07375490      8.96510334      8.69007702      8.50256892      8.49580305      8.43314769      8.01820905      7.79639649      7.70924628      7.69420164      7.57737574      7.31737473      7.31042335      6.94260292      6.21298652      6.03108451      5.97343073      5.78047223      5.77909049      5.48346964      5.44223286      5.30225778      4.23188128      4.14242585      3.72651341      3.58229214      3.26752422      2.92950729      2.52005647      2.27001819      1.90660620      1.10723688      0.80169123      0.43121141      0.08574197     -0.08574197     -0.43121141     -0.80169123     -1.10723688     -1.90660620     -2.27001819     -2.52005647     -2.92950729     -3.26752422     -3.58229214     -3.72651341     -4.14242585     -4.23188128     -5.30225778     -5.44223286     -5.48346964     -5.77909049     -5.78047223     -5.97343073     -6.03108451     -6.21298652     -6.94260292     -7.31042335     -7.31737473     -7.57737574     -7.69420164     -7.70924628     -7.79639649     -8.01820905     -8.43314769     -8.49580305     -8.50256892     -8.69007702     -8.96510334     -9.07375490     -9.14299967     -9.20050788     -9.29524107     -9.29786839     -9.44277721     -9.68052698     -9.84240942     -9.91145553     -9.95633931     -9.97159776    -10.07569699    -10.08937925    -10.09517622    -10.16589852    -10.29147446    -10.31432324    -10.37411975    -10.51299119    -10.55062661    -10.62218116    -10.87585521    -10.92968611    -11.00908670    -11.04483758    -11.07957328    -11.11319639    -11.14871769    -11.32333195    -11.32522973
      1.21352407     11.28790437     11.27887906     11.19803395     11.17967292     11.07026294     11.06537228     10.97172138     10.91234611     10.90947084     10.65063017     10.58885566     10.44842109     10.43446187     10.34193884     10.30550760     10.15309064     10.07496854     10.05840922     10.00459684      9.96726429      9.88472837      9.83171107      9.77583176      9.61506246      9.48020111      9.44970072      9.37326306      9.27303950      9.17658384      9.08555144      8.82099637      8.81068757      8.59521207      8.53174228      8.33266868      8.20109662      7.66010859      7.64884565      7.63336752      7.48503512      7.40908392      7.18418847      6.67946709      6.48030768      6.18404344      5.83264523      5.82977007      5.82922743      5.68121897      5.44774356      5.24503174      4.12408289      4.06488824      3.58109619      3.41532776      3.33924376      3.16101729      2.66096758      2.31087690      1.77068528      0.98264984      0.90386200      0.45714254      0.12101550     -0.12101550     -0.45714254     -0.90386200     -0.98264984     -1.77068528     -2.31087690     -2.66096758     -3.16101729     -3.33924376     -3.41532776     -3.58109619     -4.06488824     -4.12408289     -5.24503174     -5.44774356     -5.68121897     -5.82922743     -5.82977007     -5.83264523     -6.18404344     -6.48030768     -6.67946709     -7.18418847     -7.40908392     -7.48503512     -7.63336752     -7.64884565     -7.66010859     -8.20109662     -8.33266868     -8.53174228     -8.59521207     -8.81068757     -8.82099637     -9.08555144     -9.17658384     -9.27303950     -9.37326306     -9.44970072     -9.48020111     -9.61506246     -9.77583176     -9.83171107     -9.88472837     -9.96726429    -10.00459684    -10.05840922    -10.07496854    -10.15309064    -10.30550760    -10.34193884    -10.43446187    -10.44842109    -10.58885566    -10.65063017    -10.90947084    -10.91234611    -10.97172138    -11.06537228    -11.07026294    -11.17967292    -11.19803395    -11.27887906    -11.28790437
      1.22332799     11.24573153     11.24238847     11.23606555     11.22672691     11.09259819     11.04912621     10.94318659     10.92903672     10.89052502     10.67320822     10.63220341     10.48989124     10.39360920     10.38600774     10.28930691     10.21187616     10.05654786      9.96895145      9.94744135      9.93260720      9.80772747      9.79551553      9.70100739      9.64578867      9.59744763      9.55225576      9.28461934      9.27238763      9.21564957      9.10042712      8.94870652      8.69642932      8.64852223      8.63397793      8.37870333      8.15507348      7.65672198      7.61745879      7.60933042      7.46867928      7.24530782      7.05358708      6.74548928      6.41365889      6.39595420      5.89429078      5.88896703      5.88114967      5.62896211      5.59708962      5.04621684      4.03208744      3.99617412      3.56737739      3.44230188      3.39937108      3.10257688      2.81715065      2.35914240      1.63486482      1.01794503      0.86917344      0.49420574      0.15809527     -0.15809527     -0.49420574     -0.86917344     -1.01794503     -1.63486482     -2.35914240     -2.81715065     -3.10257688     -3.39937108     -3.44230188     -3.56737739     -3.99617412     -4.03208744     -5.04621684     -5.59708962     -5.62896211     -5.88114967     -5.88896703     -5.89429078     -6.39595420     -6.41365889     -6.74548928     -7.05358708     -7.24530782     -7.46867928     -7.60933042     -7.61745879     -7.65672198     -8.15507348     -8.37870333     -8.63397793     -8.64852223     -8.69642932     -8.94870652     -9.10042712     -9.21564957     -9.27238763     -9.28461934     -9.55225576     -9.59744763     -9.64578867     -9.70100739     -9.79551553     -9.80772747     -9.93260720     -9.94744135     -9.96895145    -10.05654786    -10.21187616    -10.28930691    -10.38600774    -10.39360920    -10.48989124    -10.63220341    -10.67320822    -10.89052502    -10.92903672    -10.94318659    -11.04912621    -11.09259819    -11.22672691    -11.23606555    -11.24238847    -11.24573153
      1.23313191     11.28251483     11.28122557     11.19932481     11.16812796     11.10996795     11.03116058     10.97704392     10.88243750     10.86420688     10.68999867     10.67990965     10.53866811     10.44588408     10.32628704     10.26532588     10.26386752     10.05415427      9.97670782      9.86028793      9.83373799      9.77437047      9.74376572      9.73752178      9.72577681      9.71021346      9.49248960      9.25989438      9.18196384      9.16757036      9.11869892      9.07261756      8.79890444      8.73956539      8.55039578      8.47915336      7.97155063      7.82518781      7.58144437      7.57581660      7.30279260      7.08692078      7.00780370      6.92603518      6.60809189      6.14590281      6.08273646      5.96538589      5.95635325      5.74992895      5.43077277      4.84598362      3.95597416      3.93681307      3.72392063      3.64393562      3.31031059      2.98572164      2.87292180      2.41480927      1.50020009      1.14381205      0.76661990      0.54240933      0.19658515     -0.19658515     -0.54240933     -0.76661990     -1.14381205     -1.50020009     -2.41480927     -2.87292180     -2.98572164     -3.31031059     -3.64393562     -3.72392063     -3.93681307     -3.95597416     -4.84598362     -5.43077277     -5.74992895     -5.95635325     -5.96538589     -6.08273646     -6.14590281     -6.60809189     -6.92603518     -7.00780370     -7.08692078     -7.30279260     -7.57581660     -7.58144437     -7.82518781     -7.97155063     -8.47915336     -8.55039578     -8.73956539     -8.79890444     -9.07261756     -9.11869892     -9.16757036     -9.18196384     -9.25989438     -9.49248960     -9.71021346     -9.72577681     -9.73752178     -9.74376572     -9.77437047     -9.83373799     -9.86028793     -9.97670782    -10.05415427    -10.26386752    -10.26532588    -10.32628704    -10.44588408    -10.53866811    -10.67990965    -10.68999867    -10.86420688    -10.88243750    -10.97704392    -11.03116058    -11.10996795    -11.16812796    -11.19932481    -11.28122557    -11.28251483
      1.24293583     11.31921243     11.31400844     11.14932620     11.12131906     11.10564999     11.01193457     11.01008719     10.83449671     10.83351160     10.73118457     10.70136042     10.57784338     10.49816150     10.30373331     10.26976977     10.23345352     10.11125634      9.99051781      9.86879110      9.82165416      9.78819832      9.77754095      9.71803307      9.66415208      9.63932539      9.43610243      9.30897645      9.19209647      9.14064964      9.06830985      8.99914510      8.90208282      8.84817640      8.71550187      8.30307559      7.99009987      7.78314305      7.55217143      7.54846086      7.26652075      7.13615894      6.93471882      6.81947761      6.80200136      6.28543820      6.04588935      6.03156476      5.90589134      5.87692469      5.23511749      4.64462343      3.89555543      3.89405597      3.88736187      3.88510474      3.18527307      3.16417201      2.65088419      2.47787301      1.36804314      1.28128228      0.67463605      0.60176208      0.23655683     -0.23655683     -0.60176208     -0.67463605     -1.28128228     -1.36804314     -2.47787301     -2.65088419     -3.16417201     -3.18527307     -3.88510474     -3.88736187     -3.89405597     -3.89555543     -4.64462343     -5.23511749     -5.87692469     -5.90589134     -6.03156476     -6.04588935     -6.28543820     -6.80200136     -6.81947761     -6.93471882     -7.13615894     -7.26652075     -7.54846086     -7.55217143     -7.78314305     -7.99009987     -8.30307559     -8.71550187     -8.84817640     -8.90208282     -8.99914510     -9.06830985     -9.14064964     -9.19209647     -9.30897645     -9.43610243     -9.63932539     -9.66415208     -9.71803307     -9.77754095     -9.78819832     -9.82165416     -9.86879110     -9.99051781    -10.11125634    -10.23345352    -10.26976977    -10.30373331    -10.49816150    -10.57784338    -10.70136042    -10.73118457    -10.83351160    -10.83449671    -11.01008719    -11.01193457    -11.10564999    -11.12131906    -11.14932620    -11.31400844    -11.31921243
      1.25273975     11.34639593     11.34022171     11.12613760     11.09640443     11.04443350     11.04101107     10.99229082     10.79866594     10.78947652     10.78522468     10.70809701     10.60202567     10.54984559     10.32581955     10.22144499     10.21693783     10.19371985     10.01030309      9.98978217      9.85075331      9.79305192      9.71689353      9.60106887      9.57601225      9.54881046      9.38338365      9.36251749      9.30645160      9.16651401      9.00541591      8.95943341      8.94553112      8.87378564      8.80181211      8.15108861      8.12076122      7.59065586      7.52970603      7.52741271      7.52090053      7.02921958      6.96922103      6.78940803      6.68195779      6.48869956      6.13573376      6.11420696      6.06460178      5.60745252      5.04242421      4.44254319      4.14905836      4.05098448      3.85043476      3.84840582      3.35034581      3.06731230      2.54832890      2.43704221      1.43012321      1.23993772      0.67222552      0.59267868      0.27851841     -0.27851841     -0.59267868     -0.67222552     -1.23993772     -1.43012321     -2.43704221     -2.54832890     -3.06731230     -3.35034581     -3.84840582     -3.85043476     -4.05098448     -4.14905836     -4.44254319     -5.04242421     -5.60745252     -6.06460178     -6.11420696     -6.13573376     -6.48869956     -6.68195779     -6.78940803     -6.96922103     -7.02921958     -7.52090053     -7.52741271     -7.52970603     -7.59065586     -8.12076122     -8.15108861     -8.80181211     -8.87378564     -8.94553112     -8.95943341     -9.00541591     -9.16651401     -9.30645160     -9.36251749     -9.38338365     -9.54881046     -9.57601225     -9.60106887     -9.71689353     -9.79305192     -9.85075331     -9.98978217    -10.01030309    -10.19371985    -10.21693783    -10.22144499    -10.32581955    -10.54984559    -10.60202567    -10.70809701    -10.78522468    -10.78947652    -10.79866594    -10.99229082    -11.04101107    -11.04443350    -11.09640443    -11.12613760    -11.34022171    -11.34639593
      1.26254368     11.36434502     11.35937383     11.12426704     11.06853393     11.04125339     10.99362286     10.97392913     10.84122473     10.75998214     10.75303594     10.71173502     10.60201007     10.60035321     10.34390023     10.32003600     10.16824020     10.14626628     10.09837919     10.03592474      9.92523782      9.73146599      9.64692098      9.48369591      9.47335471      9.45455171      9.42010576      9.41490566      9.33456899      9.19646906      9.10838834      9.07288310      9.02349294      8.81489712      8.58925010      8.30774581      7.93268381      7.77017890      7.51407622      7.51281087      7.39479431      7.23650750      6.80241316      6.69195246      6.65159693      6.56637923      6.23481564      6.22567917      6.20385995      5.33821581      4.85308649      4.40825306      4.24028277      4.22153058      3.82055953      3.82006949      3.54240011      2.95652561      2.62617007      2.23194374      1.59005224      1.11748982      0.75364721      0.51999723      0.32333943     -0.32333943     -0.51999723     -0.75364721     -1.11748982     -1.59005224     -2.23194374     -2.62617007     -2.95652561     -3.54240011     -3.82006949     -3.82055953     -4.22153058     -4.24028277     -4.40825306     -4.85308649     -5.33821581     -6.20385995     -6.22567917     -6.23481564     -6.56637923     -6.65159693     -6.69195246     -6.80241316     -7.23650750     -7.39479431     -7.51281087     -7.51407622     -7.77017890     -7.93268381     -8.30774581     -8.58925010     -8.81489712     -9.02349294     -9.07288310     -9.10838834     -9.19646906     -9.33456899     -9.41490566     -9.42010576     -9.45455171     -9.47335471     -9.48369591     -9.64692098     -9.73146599     -9.92523782    -10.03592474    -10.09837919    -10.14626628    -10.16824020    -10.32003600    -10.34390023    -10.60035321    -10.60201007    -10.71173502    -10.75303594    -10.75998214    -10.84122473    -10.97392913    -10.99362286    -11.04125339    -11.06853393    -11.12426704    -11.35937383    -11.36434502
      1.27234760     11.37337859     11.37099946     11.11581271     11.09155730     10.98459068     10.96377777     10.96030546     10.89838612     10.72944006     10.71784163     10.71500648     10.64912056     10.56743073     10.45005778     10.29053555     10.19134346     10.12408894     10.09135878     10.06718608      9.99607253      9.65350742      9.57881680      9.51654272      9.48129924      9.36791733      9.35814717      9.35569995      9.28983637      9.23062846      9.21064603      9.18786946      9.16468393      8.67734307      8.45962003      8.36538307      8.01353854      7.73933700      7.50527450      7.50477926      7.44060661      7.19621442      6.89461708      6.63616108      6.52179439      6.45574129      6.38873532      6.34298417      6.30008377      5.06994416      4.67093727      4.66745877      4.39663819      4.03853035      3.80446602      3.80382788      3.73876413      2.85298733      2.71138493      2.03610346      1.76073867      1.00223219      0.84568340      0.45563300      0.37214917     -0.37214917     -0.45563300     -0.84568340     -1.00223219     -1.76073867     -2.03610346     -2.71138493     -2.85298733     -3.73876413     -3.80382788     -3.80446602     -4.03853035     -4.39663819     -4.66745877     -4.67093727     -5.06994416     -6.30008377     -6.34298417     -6.38873532     -6.45574129     -6.52179439     -6.63616108     -6.89461708     -7.19621442     -7.44060661     -7.50477926     -7.50527450     -7.73933700     -8.01353854     -8.36538307     -8.45962003     -8.67734307     -9.16468393     -9.18786946     -9.21064603     -9.23062846     -9.28983637     -9.35569995     -9.35814717     -9.36791733     -9.48129924     -9.51654272     -9.57881680     -9.65350742     -9.99607253    -10.06718608    -10.09135878    -10.12408894    -10.19134346    -10.29053555    -10.45005778    -10.56743073    -10.64912056    -10.71500648    -10.71784163    -10.72944006    -10.89838612    -10.96030546    -10.96377777    -10.98459068    -11.09155730    -11.11581271    -11.37099946    -11.37337859
      1.28215152     11.37466179     11.37385216     11.10921028     11.10110056     10.95791797     10.95716111     10.95592281     10.92715607     10.72240806     10.71784180     10.69561008     10.67268242     10.53611616     10.49652766     10.26383717     10.23051432     10.10383588     10.08485516     10.06123901     10.02944198      9.61018825      9.56445410      9.54562895      9.51310233      9.31336007      9.30217206      9.29626938      9.26903971      9.26164172      9.24930224      9.24547755      9.23173781      8.60620749      8.53360852      8.25004860      8.13271520      7.64085115      7.54124981      7.50342288      7.50326096      7.09610221      6.99554449      6.55337417      6.47088198      6.46002879      6.40242332      6.40041281      6.35051798      4.93639782      4.80336541      4.57613495      4.48585113      3.93810382      3.83813696      3.80103447      3.80079310      2.80395402      2.75675181      1.94180621      1.85000003      0.94772848      0.89550436      0.42621901      0.39844490     -0.39844490     -0.42621901     -0.89550436     -0.94772848     -1.85000003     -1.94180621     -2.75675181     -2.80395402     -3.80079310     -3.80103447     -3.83813696     -3.93810382     -4.48585113     -4.57613495     -4.80336541     -4.93639782     -6.35051798     -6.40041281     -6.40242332     -6.46002879     -6.47088198     -6.55337417     -6.99554449     -7.09610221     -7.50326096     -7.50342288     -7.54124981     -7.64085115     -8.13271520     -8.25004860     -8.53360852     -8.60620749     -9.23173781     -9.24547755     -9.24930224     -9.26164172     -9.26903971     -9.29626938     -9.30217206     -9.31336007     -9.51310233     -9.54562895     -9.56445410     -9.61018825    -10.02944198    -10.06123901    -10.08485516    -10.10383588    -10.23051432    -10.26383717    -10.49652766    -10.53611616    -10.67268242    -10.69561008    -10.71784180    -10.72240806    -10.92715607    -10.95592281    -10.95716111    -10.95791797    -11.10110056    -11.10921028    -11.37385216    -11.37466179
      1.29195544     11.36995485     11.36615545     11.12084742     11.08066790     11.01306526     10.97563048     10.96620418     10.86970973     10.73954459     10.73931779     10.71318004     10.62498871     10.58946797     10.39822807     10.30987848     10.14707746     10.14557207     10.11972168     10.05086492      9.96127218      9.69408993      9.61260237      9.46664145      9.45028057      9.42530896      9.41722811      9.40592702      9.31168367      9.21301868      9.15961092      9.13024450      9.09523014      8.74693537      8.47853031      8.38431090      7.89265304      7.83663700      7.50882362      7.50796673      7.33899880      7.29580439      6.79339499      6.71919137      6.58566662      6.51041299      6.30698446      6.28777568      6.25117865      5.20391380      4.75978840      4.53920334      4.30852348      4.13929386      3.81100245      3.81022486      3.64013197      2.90384659      2.66785678      2.13283553      1.67407326      1.05887277      0.79836952      0.48684302      0.34716815     -0.34716815     -0.48684302     -0.79836952     -1.05887277     -1.67407326     -2.13283553     -2.66785678     -2.90384659     -3.64013197     -3.81022486     -3.81100245     -4.13929386     -4.30852348     -4.53920334     -4.75978840     -5.20391380     -6.25117865     -6.28777568     -6.30698446     -6.51041299     -6.58566662     -6.71919137     -6.79339499     -7.29580439     -7.33899880     -7.50796673     -7.50882362     -7.83663700     -7.89265304     -8.38431090     -8.47853031     -8.74693537     -9.09523014     -9.13024450     -9.15961092     -9.21301868     -9.31168367     -9.40592702     -9.41722811     -9.42530896     -9.45028057     -9.46664145     -9.61260237     -9.69408993     -9.96127218    -10.05086492    -10.11972168    -10.14557207    -10.14707746    -10.30987848    -10.39822807    -10.58946797    -10.62498871    -10.71318004    -10.73931779    -10.73954459    -10.86970973    -10.96620418    -10.97563048    -11.01306526    -11.08066790    -11.12084742    -11.36615545    -11.36995485
      1.30175936     11.35650573     11.35071014     11.12603733     11.06906326     11.05527145     11.01700751     10.98278934     10.81302986     10.77978143     10.76983137     10.71016857     10.60575652     10.57528223     10.32860985     10.28096397     10.19204556     10.17094474     10.04579926     10.02239534      9.88825423      9.76488751      9.68170691      9.54236695      9.52635065      9.50214301      9.39083268      9.36146934      9.35847578      9.18097156      9.05697638      9.01591719      8.94959253      8.88113180      8.69721217      8.22998577      8.02741271      7.64622673      7.52103635      7.51929786      7.49310506      7.13321792      6.88577403      6.71953089      6.62358066      6.59036304      6.18412819      6.15818419      6.14486869      5.47275912      4.94731277      4.34139614      4.27817532      4.13567911      3.83344569      3.83305440      3.44574200      3.01101704      2.58632690      2.33336706      1.50872128      1.17790753      0.71158267      0.55523365      0.30050567     -0.30050567     -0.55523365     -0.71158267     -1.17790753     -1.50872128     -2.33336706     -2.58632690     -3.01101704     -3.44574200     -3.83305440     -3.83344569     -4.13567911     -4.27817532     -4.34139614     -4.94731277     -5.47275912     -6.14486869     -6.15818419     -6.18412819     -6.59036304     -6.62358066     -6.71953089     -6.88577403     -7.13321792     -7.49310506     -7.51929786     -7.52103635     -7.64622673     -8.02741271     -8.22998577     -8.69721217     -8.88113180     -8.94959253     -9.01591719     -9.05697638     -9.18097156     -9.35847578     -9.36146934     -9.39083268     -9.50214301     -9.52635065     -9.54236695     -9.68170691     -9.76488751     -9.88825423    -10.02239534    -10.04579926    -10.17094474    -10.19204556    -10.28096397    -10.32860985    -10.57528223    -10.60575652    -10.71016857    -10.76983137    -10.77978143    -10.81302986    -10.98278934    -11.01700751    -11.05527145    -11.06906326    -11.12603733    -11.35071014    -11.35650573
      1.31156328     11.33397691     11.32796759     11.12456161     11.12318792     11.07441440     11.02589737     11.00208663     10.81658985     10.81128357     10.75790938     10.70523266     10.59228759     10.52411453     10.31737597     10.24286426     10.21456311     10.16313430      9.99967083      9.93068386      9.81351516      9.81343245      9.75241339      9.65966037      9.62208414      9.59455044      9.40926845      9.33521459      9.24996064      9.15308012      9.00797161      8.95376358      8.90350015      8.90325874      8.79528358      8.21266865      8.07110923      7.68736379      7.54008517      7.53713936      7.39429974      7.05270067      6.92460655      6.86116166      6.74145116      6.38703415      6.08964943      6.07198274      5.98492671      5.74220479      5.13837514      4.54364288      4.02098968      3.96745761      3.87111404      3.86653422      3.25641550      3.12540143      2.54290376      2.51217729      1.35429792      1.30338346      0.63561093      0.63244599      0.25724192     -0.25724192     -0.63244599     -0.63561093     -1.30338346     -1.35429792     -2.51217729     -2.54290376     -3.12540143     -3.25641550     -3.86653422     -3.87111404     -3.96745761     -4.02098968     -4.54364288     -5.13837514     -5.74220479     -5.98492671     -6.07198274     -6.08964943     -6.38703415     -6.74145116     -6.86116166     -6.92460655     -7.05270067     -7.39429974     -7.53713936     -7.54008517     -7.68736379     -8.07110923     -8.21266865     -8.79528358     -8.90325874     -8.90350015     -8.95376358     -9.00797161     -9.15308012     -9.24996064     -9.33521459     -9.40926845     -9.59455044     -9.62208414     -9.65966037     -9.75241339     -9.81343245     -9.81351516     -9.93068386     -9.99967083    -10.16313430    -10.21456311    -10.24286426    -10.31737597    -10.52411453    -10.59228759    -10.70523266    -10.75790938    -10.81128357    -10.81658985    -11.00208663    -11.02589737    -11.07441440    -11.12318792    -11.12456161    -11.32796759    -11.33397691
      1.32136721     11.30206877     11.29840652     11.17473330     11.13713269     11.11643795     11.02166550     10.99374638     10.85841251     10.84939444     10.70515108     10.69632095     10.55971630     10.47205993     10.29759713     10.28565207     10.25037693     10.07318132      9.98285956      9.82417958      9.81031074      9.80433841      9.77608993      9.74621581      9.70065219      9.68308563      9.46385435      9.28385358      9.13295265      9.12919849      9.12637586      9.08834638      8.85044033      8.79351522      8.63381791      8.39192335      7.90811028      7.87790384      7.56596017      7.56135942      7.21954127      7.13765779      7.01000031      6.86354907      6.71393646      6.18398236      6.01152105      6.00446507      5.99300485      5.82754307      5.33260087      4.74542189      3.92382360      3.91081284      3.80392708      3.76834302      3.24691429      3.07385448      2.76091400      2.44541681      1.43371471      1.21111010      0.71933600      0.57069266      0.21636352     -0.21636352     -0.57069266     -0.71933600     -1.21111010     -1.43371471     -2.44541681     -2.76091400     -3.07385448     -3.24691429     -3.76834302     -3.80392708     -3.91081284     -3.92382360     -4.74542189     -5.33260087     -5.82754307     -5.99300485     -6.00446507     -6.01152105     -6.18398236     -6.71393646     -6.86354907     -7.01000031     -7.13765779     -7.21954127     -7.56135942     -7.56596017     -7.87790384     -7.90811028     -8.39192335     -8.63381791     -8.79351522     -8.85044033     -9.08834638     -9.12637586     -9.12919849     -9.13295265     -9.28385358     -9.46385435     -9.68308563     -9.70065219     -9.74621581     -9.77608993     -9.80433841     -9.81031074     -9.82417958     -9.98285956    -10.07318132    -10.25037693    -10.28565207    -10.29759713    -10.47205993    -10.55971630    -10.69632095    -10.70515108    -10.84939444    -10.85841251    -10.99374638    -11.02166550    -11.11643795    -11.13713269    -11.17473330    -11.29840652    -11.30206877
      1.33117113     11.26253072     11.26052225     11.22301793     11.19811471     11.10198509     11.04033496     10.96014280     10.90609963     10.87792339     10.68231248     10.65556060     10.51525632     10.41970876     10.35577825     10.27829996     10.23905957     10.05102433      9.97207047      9.89645376      9.89088561      9.77070103      9.76734289      9.71708430      9.69746369      9.66850902      9.52197037      9.23714507      9.23481906      9.23138190      9.10911984      9.01117534      8.74754430      8.68637220      8.56470649      8.46532935      8.06397950      7.74137746      7.59861457      7.59181341      7.38585732      7.16538893      6.98940075      6.87705040      6.50205797      6.27997902      5.98176952      5.92865920      5.92165845      5.67309567      5.52957865      4.94626179      3.99205163      3.96529032      3.64507584      3.52091746      3.37544576      2.98683440      2.90005311      2.38605096      1.56730937      1.07941561      0.81654920      0.51691400      0.17717035     -0.17717035     -0.51691400     -0.81654920     -1.07941561     -1.56730937     -2.38605096     -2.90005311     -2.98683440     -3.37544576     -3.52091746     -3.64507584     -3.96529032     -3.99205163     -4.94626179     -5.52957865     -5.67309567     -5.92165845     -5.92865920     -5.98176952     -6.27997902     -6.50205797     -6.87705040     -6.98940075     -7.16538893     -7.38585732     -7.59181341     -7.59861457     -7.74137746     -8.06397950     -8.46532935     -8.56470649     -8.68637220     -8.74754430     -9.01117534     -9.10911984     -9.23138190     -9.23481906     -9.23714507     -9.52197037     -9.66850902     -9.69746369     -9.71708430     -9.76734289     -9.77070103     -9.89088561     -9.89645376     -9.97207047    -10.05102433    -10.23905957    -10.27829996    -10.35577825    -10.41970876    -10.51525632    -10.65556060    -10.68231248    -10.87792339    -10.90609963    -10.96014280    -11.04033496    -11.10198509    -11.19811471    -11.22301793    -11.26052225    -11.26253072
      1.34097505     11.26738623     11.25370811     11.22086657     11.20912221     11.08195713     11.05748569     10.95097725     10.92628102     10.90200029     10.66265290     10.60993629     10.46288069     10.41691078     10.36766077     10.29836500     10.18297698     10.06546871     10.00331337      9.96867825      9.96735074      9.84687444      9.81589404      9.72799726      9.58330199      9.56584337      9.52447060      9.33094911      9.28545836      9.19544946      9.09258397      8.88528859      8.73053788      8.64562888      8.58242222      8.29059919      8.24469462      7.63796251      7.62834784      7.57126180      7.55120177      7.32657519      7.11853572      6.61321139      6.54685176      6.28990573      5.86228503      5.85832348      5.78094408      5.72886496      5.52195694      5.14581580      4.07609800      4.02939576      3.51085921      3.49080392      3.27937773      3.22007270      2.73733923      2.33408417      1.70270449      0.95942126      0.92453098      0.47428254      0.13936526     -0.13936526     -0.47428254     -0.92453098     -0.95942126     -1.70270449     -2.33408417     -2.73733923     -3.22007270     -3.27937773     -3.49080392     -3.51085921     -4.02939576     -4.07609800     -5.14581580     -5.52195694     -5.72886496     -5.78094408     -5.85832348     -5.86228503     -6.28990573     -6.54685176     -6.61321139     -7.11853572     -7.32657519     -7.55120177     -7.57126180     -7.62834784     -7.63796251     -8.24469462     -8.29059919     -8.58242222     -8.64562888     -8.73053788     -8.88528859     -9.09258397     -9.19544946     -9.28545836     -9.33094911     -9.52447060     -9.56584337     -9.58330199     -9.72799726     -9.81589404     -9.84687444     -9.96735074     -9.96867825    -10.00331337    -10.06546871    -10.18297698    -10.29836500    -10.36766077    -10.41691078    -10.46288069    -10.60993629    -10.66265290    -10.90200029    -10.92628102    -10.95097725    -11.05748569    -11.08195713    -11.20912221    -11.22086657    -11.25370811    -11.26738623
      1.35077897     11.30721017     11.30211532     11.17396064     11.14770174     11.07274774     11.05777861     10.99112490     10.92156895     10.89271364     10.63713702     10.56905547     10.48047091     10.40482330     10.31651851     10.31079269     10.12309944     10.11263566     10.08357219     10.04029301      9.96868401      9.92123460      9.84978601      9.83002265      9.64748801      9.41088288      9.39047300      9.37325380      9.24253346      9.15908926      9.07928894      8.88890122      8.75590236      8.54524748      8.48197311      8.41875391      8.11027406      7.71511862      7.68387731      7.67080367      7.49272254      7.39807779      7.25048738      6.81141434      6.34686906      6.07850417      5.92998819      5.80537375      5.80334664      5.58203947      5.37449527      5.34384307      4.17602336      4.10258619      3.65298938      3.46001054      3.34091480      3.04436819      2.58840823      2.28952131      1.83868541      1.04354854      0.85128162      0.44278509      0.10311061     -0.10311061     -0.44278509     -0.85128162     -1.04354854     -1.83868541     -2.28952131     -2.58840823     -3.04436819     -3.34091480     -3.46001054     -3.65298938     -4.10258619     -4.17602336     -5.34384307     -5.37449527     -5.58203947     -5.80334664     -5.80537375     -5.92998819     -6.07850417     -6.34686906     -6.81141434     -7.25048738     -7.39807779     -7.49272254     -7.67080367     -7.68387731     -7.71511862     -8.11027406     -8.41875391     -8.48197311     -8.54524748     -8.75590236     -8.88890122     -9.07928894     -9.15908926     -9.24253346     -9.37325380     -9.39047300     -9.41088288     -9.64748801     -9.83002265     -9.84978601     -9.92123460     -9.96868401    -10.04029301    -10.08357219    -10.11263566    -10.12309944    -10.31079269    -10.31651851    -10.40482330    -10.48047091    -10.56905547    -10.63713702    -10.89271364    -10.92156895    -10.99112490    -11.05777861    -11.07274774    -11.14770174    -11.17396064    -11.30211532    -11.30721017
      1.36058289     11.34247310     11.34189111     11.12237708     11.08580724     11.07614866     11.03184388     11.02553917     10.93672726     10.85861494     10.60577913     10.54591165     10.53365614     10.34248237     10.31629560     10.26688067     10.21810248     10.11073929     10.09610003     10.06645684      9.98998945      9.98361091      9.97598936      9.84171114      9.71412546      9.46783687      9.21577100      9.20341498      9.15107223      9.12834633      9.06890743      9.03921171      8.62358898      8.58340125      8.44694589      8.38529714      7.92497839      7.87714178      7.73619050      7.71901924      7.66292498      7.38479301      7.22210299      7.07294189      6.13245235      6.07875114      5.86897210      5.75794173      5.75703622      5.54018814      5.38557236      5.23107676      4.29159845      4.18434498      3.80164100      3.70600638      3.19510846      2.81650979      2.45632801      2.25236842      1.97437310      1.17371672      0.75509868      0.42242501      0.06902088     -0.06902088     -0.42242501     -0.75509868     -1.17371672     -1.97437310     -2.25236842     -2.45632801     -2.81650979     -3.19510846     -3.70600638     -3.80164100     -4.18434498     -4.29159845     -5.23107676     -5.38557236     -5.54018814     -5.75703622     -5.75794173     -5.86897210     -6.07875114     -6.13245235     -7.07294189     -7.22210299     -7.38479301     -7.66292498     -7.71901924     -7.73619050     -7.87714178     -7.92497839     -8.38529714     -8.44694589     -8.58340125     -8.62358898     -9.03921171     -9.06890743     -9.12834633     -9.15107223     -9.20341498     -9.21577100     -9.46783687     -9.71412546     -9.84171114     -9.97598936     -9.98361091     -9.98998945    -10.06645684    -10.09610003    -10.11073929    -10.21810248    -10.26688067    -10.31629560    -10.34248237    -10.53365614    -10.54591165    -10.60577913    -10.85861494    -10.93672726    -11.02553917    -11.03184388    -11.07614866    -11.08580724    -11.12237708    -11.34189111    -11.34247310
      1.37038681     11.37440930     11.37086193     11.09631203     11.06669502     11.05377220     11.00753865     10.99441829     10.94777173     10.82130835     10.61266654     10.56873800     10.50441450     10.31894448     10.31788700     10.27685205     10.21933529     10.17946326     10.12758622     10.09938239     10.05271639     10.02461672      9.98912132      9.82222661      9.78277456      9.49174339      9.18077573      9.10345953      9.06110775      9.05288671      9.03833952      9.01995286      8.72592477      8.48889140      8.35125698      8.29263686      8.03679269      7.83622481      7.79469135      7.77283226      7.73532461      7.52099326      7.33070392      7.04357724      6.33574053      5.80958672      5.73475904      5.71999601      5.71965733      5.66252563      5.19204077      5.09206721      4.42227772      4.27418003      3.95739820      3.95658799      3.05297715      2.59639682      2.34447908      2.22263272      2.10926852      1.31502277      0.67092266      0.41324058      0.03793583     -0.03793583     -0.41324058     -0.67092266     -1.31502277     -2.10926852     -2.22263272     -2.34447908     -2.59639682     -3.05297715     -3.95658799     -3.95739820     -4.27418003     -4.42227772     -5.09206721     -5.19204077     -5.66252563     -5.71965733     -5.71999601     -5.73475904     -5.80958672     -6.33574053     -7.04357724     -7.33070392     -7.52099326     -7.73532461     -7.77283226     -7.79469135     -7.83622481     -8.03679269     -8.29263686     -8.35125698     -8.48889140     -8.72592477     -9.01995286     -9.03833952     -9.05288671     -9.06110775     -9.10345953     -9.18077573     -9.49174339     -9.78277456     -9.82222661     -9.98912132    -10.02461672    -10.05271639    -10.09938239    -10.12758622    -10.17946326    -10.21933529    -10.27685205    -10.31788700    -10.31894448    -10.50441450    -10.56873800    -10.61266654    -10.82130835    -10.94777173    -10.99441829    -11.00753865    -11.05377220    -11.06669502    -11.09631203    -11.37086193    -11.37440930
      1.38019073     11.39783118     11.39358970     11.10384070     11.07571955     11.00750587     10.98823635     10.95528641     10.90252868     10.77706754     10.68015329     10.52627273     10.48191902     10.41435949     10.33997986     10.24591990     10.23985911     10.20872399     10.17445285     10.10899479     10.09366022     10.00787084     10.00659552      9.85296351      9.78060861      9.47313034      9.31274139      9.08462257      9.05557854      8.96454115      8.91366333      8.88545749      8.72245237      8.35232917      8.25869610      8.20421023      8.19357562      8.01163172      7.85912711      7.83208114      7.65863106      7.58395031      7.54191722      6.86270176      6.53931801      5.92750553      5.69153829      5.69142764      5.54010649      5.46047760      5.00192222      4.95783426      4.56720571      4.37162192      4.21350631      4.11757309      2.91400613      2.38459347      2.25638160      2.24324998      2.20032193      1.46734778      0.59875435      0.41530890      0.00759300     -0.00759300     -0.41530890     -0.59875435     -1.46734778     -2.20032193     -2.24324998     -2.25638160     -2.38459347     -2.91400613     -4.11757309     -4.21350631     -4.37162192     -4.56720571     -4.95783426     -5.00192222     -5.46047760     -5.54010649     -5.69142764     -5.69153829     -5.92750553     -6.53931801     -6.86270176     -7.54191722     -7.58395031     -7.65863106     -7.83208114     -7.85912711     -8.01163172     -8.19357562     -8.20421023     -8.25869610     -8.35232917     -8.72245237     -8.88545749     -8.91366333     -8.96454115     -9.05557854     -9.08462257     -9.31274139     -9.47313034     -9.78060861     -9.85296351    -10.00659552    -10.00787084    -10.09366022    -10.10899479    -10.17445285    -10.20872399    -10.23985911    -10.24591990    -10.33997986    -10.41435949    -10.48191902    -10.52627273    -10.68015329    -10.77706754    -10.90252868    -10.95528641    -10.98823635    -11.00750587    -11.07571955    -11.10384070    -11.39358970    -11.39783118
      1.38999466     11.41281960     11.40957888     11.10794304     11.09146812     10.97542637     10.96015777     10.94541048     10.80067561     10.74777722     10.72318529     10.50348516     10.47871553     10.46664301     10.44391482     10.30957697     10.25553082     10.15837844     10.13878386     10.13277944     10.07986119     10.03196728     10.01196296      9.92419294      9.71875139      9.43403962      9.41250020      9.07912640      9.07198230      9.05205512      8.78069798      8.71435460      8.53052145      8.34696865      8.21440322      8.18814124      8.16975700      8.12021553      7.92920387      7.89660520      7.83187624      7.79725016      7.34535461      6.74263511      6.67963891      6.11839878      5.67256760      5.67251394      5.27104197      5.26423102      4.82874980      4.81567182      4.72525637      4.47622194      4.47363614      4.28430787      2.77758236      2.37652801      2.19536755      2.18544329      2.18163010      1.63048428      0.53854930      0.42873998      0.01300694     -0.01300694     -0.42873998     -0.53854930     -1.63048428     -2.18163010     -2.18544329     -2.19536755     -2.37652801     -2.77758236     -4.28430787     -4.47363614     -4.47622194     -4.72525637     -4.81567182     -4.82874980     -5.26423102     -5.27104197     -5.67251394     -5.67256760     -6.11839878     -6.67963891     -6.74263511     -7.34535461     -7.79725016     -7.83187624     -7.89660520     -7.92920387     -8.12021553     -8.16975700     -8.18814124     -8.21440322     -8.34696865     -8.53052145     -8.71435460     -8.78069798     -9.05205512     -9.07198230     -9.07912640     -9.41250020     -9.43403962     -9.71875139     -9.92419294    -10.01196296    -10.03196728    -10.07986119    -10.13277944    -10.13878386    -10.15837844    -10.25553082    -10.30957697    -10.44391482    -10.46664301    -10.47871553    -10.50348516    -10.72318529    -10.74777722    -10.80067561    -10.94541048    -10.96015777    -10.97542637    -11.09146812    -11.10794304    -11.40957888    -11.41281960
      1.39979858     11.41957292     11.41837552     11.10849908     11.10089826     10.96806438     10.96377791     10.88101637     10.81493468     10.68927298     10.65912540     10.58532777     10.56898775     10.45891909     10.42645408     10.36991939     10.23380135     10.20031085     10.09482996     10.06765861     10.06159869     10.06108152     10.02922350      9.99593957      9.63889960      9.54332044      9.32045821      9.20427557      9.06563739      9.05034440      8.64124648      8.54047602      8.49640649      8.36475138      8.30759168      8.08490791      8.07559967      8.07351397      8.04083599      8.00458795      7.96624406      7.93639322      7.14622973      6.94512975      6.49451310      6.30741345      5.66308261      5.66302879      5.07526322      5.00312399      4.89509704      4.73708085      4.70519245      4.63372050      4.58754999      4.45647331      2.64301487      2.50957052      2.17800243      2.16410820      1.98799908      1.80415005      0.49022415      0.45366533      0.00551792     -0.00551792     -0.45366533     -0.49022415     -1.80415005     -1.98799908     -2.16410820     -2.17800243     -2.50957052     -2.64301487     -4.45647331     -4.58754999     -4.63372050     -4.70519245     -4.73708085     -4.89509704     -5.00312399     -5.07526322     -5.66302879     -5.66308261     -6.30741345     -6.49451310     -6.94512975     -7.14622973     -7.93639322     -7.96624406     -8.00458795     -8.04083599     -8.07351397     -8.07559967     -8.08490791     -8.30759168     -8.36475138     -8.49640649     -8.54047602     -8.64124648     -9.05034440     -9.06563739     -9.20427557     -9.32045821     -9.54332044     -9.63889960     -9.99593957    -10.02922350    -10.06108152    -10.06159869    -10.06765861    -10.09482996    -10.20031085    -10.23380135    -10.36991939    -10.42645408    -10.45891909    -10.56898775    -10.58532777    -10.65912540    -10.68927298    -10.81493468    -10.88101637    -10.96377791    -10.96806438    -11.10089826    -11.10849908    -11.41837552    -11.41957292
      1.40960250     11.41957292     11.41837552     11.10849908     11.10089826     10.96806438     10.96377791     10.88101637     10.81493468     10.68927298     10.65912540     10.58532777     10.56898775     10.45891909     10.42645408     10.36991939     10.23380135     10.20031085     10.09482996     10.06765861     10.06159869     10.06108152     10.02922350      9.99593957      9.63889960      9.54332044      9.32045821      9.20427557      9.06563739      9.05034440      8.64124648      8.54047602      8.49640649      8.36475138      8.30759168      8.08490791      8.07559967      8.07351397      8.04083599      8.00458795      7.96624406      7.93639322      7.14622973      6.94512975      6.49451310      6.30741345      5.66308261      5.66302879      5.07526322      5.00312399      4.89509704      4.73708085      4.70519245      4.63372050      4.58754999      4.45647331      2.64301487      2.50957052      2.17800243      2.16410820      1.98799908      1.80415005      0.49022415      0.45366533      0.00551792     -0.00551792     -0.45366533     -0.49022415     -1.80415005     -1.98799908     -2.16410820     -2.17800243     -2.50957052     -2.64301487     -4.45647331     -4.58754999     -4.63372050     -4.70519245     -4.73708085     -4.89509704     -5.00312399     -5.07526322     -5.66302879     -5.66308261     -6.30741345     -6.49451310     -6.94512975     -7.14622973     -7.93639322     -7.96624406     -8.00458795     -8.04083599     -8.07351397     -8.07559967     -8.08490791     -8.30759168     -8.36475138     -8.49640649     -8.54047602     -8.64124648     -9.05034440     -9.06563739     -9.20427557     -9.32045821     -9.54332044     -9.63889960     -9.99593957    -10.02922350    -10.06108152    -10.06159869    -10.06765861    -10.09482996    -10.20031085    -10.23380135    -10.36991939    -10.42645408    -10.45891909    -10.56898775    -10.58532777    -10.65912540    -10.68927298    -10.81493468    -10.88101637    -10.96377791    -10.96806438    -11.10089826    -11.10849908    -11.41837552    -11.41957292
      1.41940642     11.41281960     11.40957888     11.10794304     11.09146812     10.97542637     10.96015777     10.94541048     10.80067561     10.74777722     10.72318529     10.50348516     10.47871553     10.46664301     10.44391482     10.30957697     10.25553082     10.15837844     10.13878386     10.13277944     10.07986119     10.03196728     10.01196296      9.92419294      9.71875139      9.43403962      9.41250020      9.07912640      9.07198230      9.05205512      8.78069798      8.71435460      8.53052145      8.34696865      8.21440322      8.18814124      8.16975700      8.12021553      7.92920387      7.89660520      7.83187624      7.79725016      7.34535461      6.74263511      6.67963891      6.11839878      5.67256760      5.67251394      5.27104197      5.26423102      4.82874980      4.81567182      4.72525637      4.47622194      4.47363614      4.28430787      2.77758236      2.37652801      2.19536755      2.18544329      2.18163010      1.63048428      0.53854930      0.42873998      0.01300694     -0.01300694     -0.42873998     -0.53854930     -1.63048428     -2.18163010     -2.18544329     -2.19536755     -2.37652801     -2.77758236     -4.28430787     -4.47363614     -4.47622194     -4.72525637     -4.81567182     -4.82874980     -5.26423102     -5.27104197     -5.67251394     -5.67256760     -6.11839878     -6.67963891     -6.74263511     -7.34535461     -7.79725016     -7.83187624     -7.89660520     -7.92920387     -8.12021553     -8.16975700     -8.18814124     -8.21440322     -8.34696865     -8.53052145     -8.71435460     -8.78069798     -9.05205512     -9.07198230     -9.07912640     -9.41250020     -9.43403962     -9.71875139     -9.92419294    -10.01196296    -10.03196728    -10.07986119    -10.13277944    -10.13878386    -10.15837844    -10.25553082    -10.30957697    -10.44391482    -10.46664301    -10.47871553    -10.50348516    -10.72318529    -10.74777722    -10.80067561    -10.94541048    -10.96015777    -10.97542637    -11.09146812    -11.10794304    -11.40957888    -11.41281960
      1.42921034     11.39783118     11.39358970     11.10384070     11.07571955     11.00750587     10.98823635     10.95528641     10.90252868     10.77706754     10.68015329     10.52627273     10.48191902     10.41435949     10.33997986     10.24591990     10.23985911     10.20872399     10.17445285     10.10899479     10.09366022     10.00787084     10.00659552      9.85296351      9.78060861      9.47313034      9.31274139      9.08462257      9.05557854      8.96454115      8.91366333      8.88545749      8.72245237      8.35232917      8.25869610      8.20421023      8.19357562      8.01163172      7.85912711      7.83208114      7.65863106      7.58395031      7.54191722      6.86270176      6.53931801      5.92750553      5.69153829      5.69142764      5.54010649      5.46047760      5.00192222      4.95783426      4.56720571      4.37162192      4.21350631      4.11757309      2.91400613      2.38459347      2.25638160      2.24324998      2.20032193      1.46734778      0.59875435      0.41530890      0.00759300     -0.00759300     -0.41530890     -0.59875435     -1.46734778     -2.20032193     -2.24324998     -2.25638160     -2.38459347     -2.91400613     -4.11757309     -4.21350631     -4.37162192     -4.56720571     -4.95783426     -5.00192222     -5.46047760     -5.54010649     -5.69142764     -5.69153829     -5.92750553     -6.53931801     -6.86270176     -7.54191722     -7.58395031     -7.65863106     -7.83208114     -7.85912711     -8.01163172     -8.19357562     -8.20421023     -8.25869610     -8.35232917     -8.72245237     -8.88545749     -8.91366333     -8.96454115     -9.05557854     -9.08462257     -9.31274139     -9.47313034     -9.78060861     -9.85296351    -10.00659552    -10.00787084    -10.09366022    -10.10899479    -10.17445285    -10.20872399    -10.23985911    -10.24591990    -10.33997986    -10.41435949    -10.48191902    -10.52627273    -10.68015329    -10.77706754    -10.90252868    -10.95528641    -10.98823635    -11.00750587    -11.07571955    -11.10384070    -11.39358970    -11.39783118
      1.43901426     11.37440930     11.37086193     11.09631203     11.06669502     11.05377220     11.00753865     10.99441829     10.94777173     10.82130835     10.61266654     10.56873800     10.50441450     10.31894448     10.31788700     10.27685205     10.21933529     10.17946326     10.12758622     10.09938239     10.05271639     10.02461672      9.98912132      9.82222661      9.78277456      9.49174339      9.18077573      9.10345953      9.06110775      9.05288671      9.03833952      9.01995286      8.72592477      8.48889140      8.35125698      8.29263686      8.03679269      7.83622481      7.79469135      7.77283226      7.73532461      7.52099326      7.33070392      7.04357724      6.33574053      5.80958672      5.73475904      5.71999601      5.71965733      5.66252563      5.19204077      5.09206721      4.42227772      4.27418003      3.95739820      3.95658799      3.05297715      2.59639682      2.34447908      2.22263272      2.10926852      1.31502277      0.67092266      0.41324058      0.03793583     -0.03793583     -0.41324058     -0.67092266     -1.31502277     -2.10926852     -2.22263272     -2.34447908     -2.59639682     -3.05297715     -3.95658799     -3.95739820     -4.27418003     -4.42227772     -5.09206721     -5.19204077     -5.66252563     -5.71965733     -5.71999601     -5.73475904     -5.80958672     -6.33574053     -7.04357724     -7.33070392     -7.52099326     -7.73532461     -7.77283226     -7.79469135     -7.83622481     -8.03679269     -8.29263686     -8.35125698     -8.48889140     -8.72592477     -9.01995286     -9.03833952     -9.05288671     -9.06110775     -9.10345953     -9.18077573     -9.49174339     -9.78277456     -9.82222661     -9.98912132    -10.02461672    -10.05271639    -10.09938239    -10.12758622    -10.17946326    -10.21933529    -10.27685205    -10.31788700    -10.31894448    -10.50441450    -10.56873800    -10.61266654    -10.82130835    -10.94777173    -10.99441829    -11.00753865    -11.05377220    -11.06669502    -11.09631203    -11.37086193    -11.37440930
      1.44881819     11.34247310     11.34189111     11.12237708     11.08580724     11.07614866     11.03184388     11.02553917     10.93672726     10.85861494     10.60577913     10.54591165     10.53365614     10.34248237     10.31629560     10.26688067     10.21810248     10.11073929     10.09610003     10.06645684      9.98998945      9.98361091      9.97598936      9.84171114      9.71412546      9.46783687      9.21577100      9.20341498      9.15107223      9.12834633      9.06890743      9.03921171      8.62358898      8.58340125      8.44694589      8.38529714      7.92497839      7.87714178      7.73619050      7.71901924      7.66292498      7.38479301      7.22210299      7.07294189      6.13245235      6.07875114      5.86897210      5.75794173      5.75703622      5.54018814      5.38557236      5.23107676      4.29159845      4.18434498      3.80164100      3.70600638      3.19510846      2.81650979      2.45632801      2.25236842      1.97437310      1.17371672      0.75509868      0.42242501      0.06902088     -0.06902088     -0.42242501     -0.75509868     -1.17371672     -1.97437310     -2.25236842     -2.45632801     -2.81650979     -3.19510846     -3.70600638     -3.80164100     -4.18434498     -4.29159845     -5.23107676     -5.38557236     -5.54018814     -5.75703622     -5.75794173     -5.86897210     -6.07875114     -6.13245235     -7.07294189     -7.22210299     -7.38479301     -7.66292498     -7.71901924     -7.73619050     -7.87714178     -7.92497839     -8.38529714     -8.44694589     -8.58340125     -8.62358898     -9.03921171     -9.06890743     -9.12834633     -9.15107223     -9.20341498     -9.21577100     -9.46783687     -9.71412546     -9.84171114     -9.97598936     -9.98361091     -9.98998945    -10.06645684    -10.09610003    -10.11073929    -10.21810248    -10.26688067    -10.31629560    -10.34248237    -10.53365614    -10.54591165    -10.60577913    -10.85861494    -10.93672726    -11.02553917    -11.03184388    -11.07614866    -11.08580724    -11.12237708    -11.34189111    -11.34247310
      1.45862211     11.30721017     11.30211532     11.17396064     11.14770174     11.07274774     11.05777861     10.99112490     10.92156895     10.89271364     10.63713702     10.56905547     10.48047091     10.40482330     10.31651851     10.31079269     10.12309944     10.11263566     10.08357219     10.04029301      9.96868401      9.92123460      9.84978601      9.83002265      9.64748801      9.41088288      9.39047300      9.37325380      9.24253346      9.15908926      9.07928894      8.88890122      8.75590236      8.54524748      8.48197311      8.41875391      8.11027406      7.71511862      7.68387731      7.67080367      7.49272254      7.39807779      7.25048738      6.81141434      6.34686906      6.07850417      5.92998819      5.80537375      5.80334664      5.58203947      5.37449527      5.34384307      4.17602336      4.10258619      3.65298938      3.46001054      3.34091480      3.04436819      2.58840823      2.28952131      1.83868541      1.04354854      0.85128162      0.44278509      0.10311061     -0.10311061     -0.44278509     -0.85128162     -1.04354854     -1.83868541     -2.28952131     -2.58840823     -3.04436819     -3.34091480     -3.46001054     -3.65298938     -4.10258619     -4.17602336     -5.34384307     -5.37449527     -5.58203947     -5.80334664     -5.80537375     -5.92998819     -6.07850417     -6.34686906     -6.81141434     -7.25048738     -7.39807779     -7.49272254     -7.67080367     -7.68387731     -7.71511862     -8.11027406     -8.41875391     -8.48197311     -8.54524748     -8.75590236     -8.88890122     -9.07928894     -9.15908926     -9.24253346     -9.37325380     -9.39047300     -9.41088288     -9.64748801     -9.83002265     -9.84978601     -9.92123460     -9.96868401    -10.04029301    -10.08357219    -10.11263566    -10.12309944    -10.31079269    -10.31651851    -10.40482330    -10.48047091    -10.56905547    -10.63713702    -10.89271364    -10.92156895    -10.99112490    -11.05777861    -11.07274774    -11.14770174    -11.17396064    -11.30211532    -11.30721017
      1.46842603     11.26738623     11.25370811     11.22086657     11.20912221     11.08195713     11.05748569     10.95097725     10.92628102     10.90200029     10.66265290     10.60993629     10.46288069     10.41691078     10.36766077     10.29836500     10.18297698     10.06546871     10.00331337      9.96867825      9.96735074      9.84687444      9.81589404      9.72799726      9.58330199      9.56584337      9.52447060      9.33094911      9.28545836      9.19544946      9.09258397      8.88528859      8.73053788      8.64562888      8.58242222      8.29059919      8.24469462      7.63796251      7.62834784      7.57126180      7.55120177      7.32657519      7.11853572      6.61321139      6.54685176      6.28990573      5.86228503      5.85832348      5.78094408      5.72886496      5.52195694      5.14581580      4.07609800      4.02939576      3.51085921      3.49080392      3.27937773      3.22007270      2.73733923      2.33408417      1.70270449      0.95942126      0.92453098      0.47428254      0.13936526     -0.13936526     -0.47428254     -0.92453098     -0.95942126     -1.70270449     -2.33408417     -2.73733923     -3.22007270     -3.27937773     -3.49080392     -3.51085921     -4.02939576     -4.07609800     -5.14581580     -5.52195694     -5.72886496     -5.78094408     -5.85832348     -5.86228503     -6.28990573     -6.54685176     -6.61321139     -7.11853572     -7.32657519     -7.55120177     -7.57126180     -7.62834784     -7.63796251     -8.24469462     -8.29059919     -8.58242222     -8.64562888     -8.73053788     -8.88528859     -9.09258397     -9.19544946     -9.28545836     -9.33094911     -9.52447060     -9.56584337     -9.58330199     -9.72799726     -9.81589404     -9.84687444     -9.96735074     -9.96867825    -10.00331337    -10.06546871    -10.18297698    -10.29836500    -10.36766077    -10.41691078    -10.46288069    -10.60993629    -10.66265290    -10.90200029    -10.92628102    -10.95097725    -11.05748569    -11.08195713    -11.20912221    -11.22086657    -11.25370811    -11.26738623
      1.47822995     11.26253072     11.26052225     11.22301793     11.19811471     11.10198509     11.04033496     10.96014280     10.90609963     10.87792339     10.68231248     10.65556060     10.51525632     10.41970876     10.35577825     10.27829996     10.23905957     10.05102433      9.97207047      9.89645376      9.89088561      9.77070103      9.76734289      9.71708430      9.69746369      9.66850902      9.52197037      9.23714507      9.23481906      9.23138190      9.10911984      9.01117534      8.74754430      8.68637220      8.56470649      8.46532935      8.06397950      7.74137746      7.59861457      7.59181341      7.38585732      7.16538893      6.98940075      6.87705040      6.50205797      6.27997902      5.98176952      5.92865920      5.92165845      5.67309567      5.52957865      4.94626179      3.99205163      3.96529032      3.64507584      3.52091746      3.37544576      2.98683440      2.90005311      2.38605096      1.56730937      1.07941561      0.81654920      0.51691400      0.17717035     -0.17717035     -0.51691400     -0.81654920     -1.07941561     -1.56730937     -2.38605096     -2.90005311     -2.98683440     -3.37544576     -3.52091746     -3.64507584     -3.96529032     -3.99205163     -4.94626179     -5.52957865     -5.67309567     -5.92165845     -5.92865920     -5.98176952     -6.27997902     -6.50205797     -6.87705040     -6.98940075     -7.16538893     -7.38585732     -7.59181341     -7.59861457     -7.74137746     -8.06397950     -8.46532935     -8.56470649     -8.68637220     -8.74754430     -9.01117534     -9.10911984     -9.23138190     -9.23481906     -9.23714507     -9.52197037     -9.66850902     -9.69746369     -9.71708430     -9.76734289     -9.77070103     -9.89088561     -9.89645376     -9.97207047    -10.05102433    -10.23905957    -10.27829996    -10.35577825    -10.41970876    -10.51525632    -10.65556060    -10.68231248    -10.87792339    -10.90609963    -10.96014280    -11.04033496    -11.10198509    -11.19811471    -11.22301793    -11.26052225    -11.26253072
      1.48803387     11.30206877     11.29840652     11.17473330     11.13713269     11.11643795     11.02166550     10.99374638     10.85841251     10.84939444     10.70515108     10.69632095     10.55971630     10.47205993     10.29759713     10.28565207     10.25037693     10.07318132      9.98285956      9.82417958      9.81031074      9.80433841      9.77608993      9.74621581      9.70065219      9.68308563      9.46385435      9.28385358      9.13295265      9.12919849      9.12637586      9.08834638      8.85044033      8.79351522      8.63381791      8.39192335      7.90811028      7.87790384      7.56596017      7.56135942      7.21954127      7.13765779      7.01000031      6.86354907      6.71393646      6.18398236      6.01152105      6.00446507      5.99300485      5.82754307      5.33260087      4.74542189      3.92382360      3.91081284      3.80392708      3.76834302      3.24691429      3.07385448      2.76091400      2.44541681      1.43371471      1.21111010      0.71933600      0.57069266      0.21636352     -0.21636352     -0.57069266     -0.71933600     -1.21111010     -1.43371471     -2.44541681     -2.76091400     -3.07385448     -3.24691429     -3.76834302     -3.80392708     -3.91081284     -3.92382360     -4.74542189     -5.33260087     -5.82754307     -5.99300485     -6.00446507     -6.01152105     -6.18398236     -6.71393646     -6.86354907     -7.01000031     -7.13765779     -7.21954127     -7.56135942     -7.56596017     -7.87790384     -7.90811028     -8.39192335     -8.63381791     -8.79351522     -8.85044033     -9.08834638     -9.12637586     -9.12919849     -9.13295265     -9.28385358     -9.46385435     -9.68308563     -9.70065219     -9.74621581     -9.77608993     -9.80433841     -9.81031074     -9.82417958     -9.98285956    -10.07318132    -10.25037693    -10.28565207    -10.29759713    -10.47205993    -10.55971630    -10.69632095    -10.70515108    -10.84939444    -10.85841251    -10.99374638    -11.02166550    -11.11643795    -11.13713269    -11.17473330    -11.29840652    -11.30206877
      1.49783779     11.33397691     11.32796759     11.12456161     11.12318792     11.07441440     11.02589737     11.00208663     10.81658985     10.81128357     10.75790938     10.70523266     10.59228759     10.52411453     10.31737597     10.24286426     10.21456311     10.16313430      9.99967083      9.93068386      9.81351516      9.81343245      9.75241339      9.65966037      9.62208414      9.59455044      9.40926845      9.33521459      9.24996064      9.15308012      9.00797161      8.95376358      8.90350015      8.90325874      8.79528358      8.21266865      8.07110923      7.68736379      7.54008517      7.53713936      7.39429974      7.05270067      6.92460655      6.86116166      6.74145116      6.38703415      6.08964943      6.07198274      5.98492671      5.74220479      5.13837514      4.54364288      4.02098968      3.96745761      3.87111404      3.86653422      3.25641550      3.12540143      2.54290376      2.51217729      1.35429792      1.30338346      0.63561093      0.63244599      0.25724192     -0.25724192     -0.63244599     -0.63561093     -1.30338346     -1.35429792     -2.51217729     -2.54290376     -3.12540143     -3.25641550     -3.86653422     -3.87111404     -3.96745761     -4.02098968     -4.54364288     -5.13837514     -5.74220479     -5.98492671     -6.07198274     -6.08964943     -6.38703415     -6.74145116     -6.86116166     -6.92460655     -7.05270067     -7.39429974     -7.53713936     -7.54008517     -7.68736379     -8.07110923     -8.21266865     -8.79528358     -8.90325874     -8.90350015     -8.95376358     -9.00797161     -9.15308012     -9.24996064     -9.33521459     -9.40926845     -9.59455044     -9.62208414     -9.65966037     -9.75241339     -9.81343245     -9.81351516     -9.93068386     -9.99967083    -10.16313430    -10.21456311    -10.24286426    -10.31737597    -10.52411453    -10.59228759    -10.70523266    -10.75790938    -10.81128357    -10.81658985    -11.00208663    -11.02589737    -11.07441440    -11.12318792    -11.12456161    -11.32796759    -11.33397691
      1.50764171     11.35650573     11.35071014     11.12603733     11.06906326     11.05527145     11.01700751     10.98278934     10.81302986     10.77978143     10.76983137     10.71016857     10.60575652     10.57528223     10.32860985     10.28096397     10.19204556     10.17094474     10.04579926     10.02239534      9.88825423      9.76488751      9.68170691      9.54236695      9.52635065      9.50214301      9.39083268      9.36146934      9.35847578      9.18097156      9.05697638      9.01591719      8.94959253      8.88113180      8.69721217      8.22998577      8.02741271      7.64622673      7.52103635      7.51929786      7.49310506      7.13321792      6.88577403      6.71953089      6.62358066      6.59036304      6.18412819      6.15818419      6.14486869      5.47275912      4.94731277      4.34139614      4.27817532      4.13567911      3.83344569      3.83305440      3.44574200      3.01101704      2.58632690      2.33336706      1.50872128      1.17790753      0.71158267      0.55523365      0.30050567     -0.30050567     -0.55523365     -0.71158267     -1.17790753     -1.50872128     -2.33336706     -2.58632690     -3.01101704     -3.44574200     -3.83305440     -3.83344569     -4.13567911     -4.27817532     -4.34139614     -4.94731277     -5.47275912     -6.14486869     -6.15818419     -6.18412819     -6.59036304     -6.62358066     -6.71953089     -6.88577403     -7.13321792     -7.49310506     -7.51929786     -7.52103635     -7.64622673     -8.02741271     -8.22998577     -8.69721217     -8.88113180     -8.94959253     -9.01591719     -9.05697638     -9.18097156     -9.35847578     -9.36146934     -9.39083268     -9.50214301     -9.52635065     -9.54236695     -9.68170691     -9.76488751     -9.88825423    -10.02239534    -10.04579926    -10.17094474    -10.19204556    -10.28096397    -10.32860985    -10.57528223    -10.60575652    -10.71016857    -10.76983137    -10.77978143    -10.81302986    -10.98278934    -11.01700751    -11.05527145    -11.06906326    -11.12603733    -11.35071014    -11.35650573
      1.51744564     11.36995485     11.36615545     11.12084742     11.08066790     11.01306526     10.97563048     10.96620418     10.86970973     10.73954459     10.73931779     10.71318004     10.62498871     10.58946797     10.39822807     10.30987848     10.14707746     10.14557207     10.11972168     10.05086492      9.96127218      9.69408993      9.61260237      9.46664145      9.45028057      9.42530896      9.41722811      9.40592702      9.31168367      9.21301868      9.15961092      9.13024450      9.09523014      8.74693537      8.47853031      8.38431090      7.89265304      7.83663700      7.50882362      7.50796673      7.33899880      7.29580439      6.79339499      6.71919137      6.58566662      6.51041299      6.30698446      6.28777568      6.25117865      5.20391380      4.75978840      4.53920334      4.30852348      4.13929386      3.81100245      3.81022486      3.64013197      2.90384659      2.66785678      2.13283553      1.67407326      1.05887277      0.79836952      0.48684302      0.34716815     -0.34716815     -0.48684302     -0.79836952     -1.05887277     -1.67407326     -2.13283553     -2.66785678     -2.90384659     -3.64013197     -3.81022486     -3.81100245     -4.13929386     -4.30852348     -4.53920334     -4.75978840     -5.20391380     -6.25117865     -6.28777568     -6.30698446     -6.51041299     -6.58566662     -6.71919137     -6.79339499     -7.29580439     -7.33899880     -7.50796673     -7.50882362     -7.83663700     -7.89265304     -8.38431090     -8.47853031     -8.74693537     -9.09523014     -9.13024450     -9.15961092     -9.21301868     -9.31168367     -9.40592702     -9.41722811     -9.42530896     -9.45028057     -9.46664145     -9.61260237     -9.69408993     -9.96127218    -10.05086492    -10.11972168    -10.14557207    -10.14707746    -10.30987848    -10.39822807    -10.58946797    -10.62498871    -10.71318004    -10.73931779    -10.73954459    -10.86970973    -10.96620418    -10.97563048    -11.01306526    -11.08066790    -11.12084742    -11.36615545    -11.36995485
      1.52724956     11.37466179     11.37385216     11.10921028     11.10110056     10.95791797     10.95716111     10.95592281     10.92715607     10.72240806     10.71784180     10.69561008     10.67268242     10.53611616     10.49652766     10.26383717     10.23051432     10.10383588     10.08485516     10.06123901     10.02944198      9.61018825      9.56445410      9.54562895      9.51310233      9.31336007      9.30217206      9.29626938      9.26903971      9.26164172      9.24930224      9.24547755      9.23173781      8.60620749      8.53360852      8.25004860      8.13271520      7.64085115      7.54124981      7.50342288      7.50326096      7.09610221      6.99554449      6.55337417      6.47088198      6.46002879      6.40242332      6.40041281      6.35051798      4.93639782      4.80336541      4.57613495      4.48585113      3.93810382      3.83813696      3.80103447      3.80079310      2.80395402      2.75675181      1.94180621      1.85000003      0.94772848      0.89550436      0.42621901      0.39844490     -0.39844490     -0.42621901     -0.89550436     -0.94772848     -1.85000003     -1.94180621     -2.75675181     -2.80395402     -3.80079310     -3.80103447     -3.83813696     -3.93810382     -4.48585113     -4.57613495     -4.80336541     -4.93639782     -6.35051798     -6.40041281     -6.40242332     -6.46002879     -6.47088198     -6.55337417     -6.99554449     -7.09610221     -7.50326096     -7.50342288     -7.54124981     -7.64085115     -8.13271520     -8.25004860     -8.53360852     -8.60620749     -9.23173781     -9.24547755     -9.24930224     -9.26164172     -9.26903971     -9.29626938     -9.30217206     -9.31336007     -9.51310233     -9.54562895     -9.56445410     -9.61018825    -10.02944198    -10.06123901    -10.08485516    -10.10383588    -10.23051432    -10.26383717    -10.49652766    -10.53611616    -10.67268242    -10.69561008    -10.71784180    -10.72240806    -10.92715607    -10.95592281    -10.95716111    -10.95791797    -11.10110056    -11.10921028    -11.37385216    -11.37466179
      1.53705348     11.37337859     11.37099946     11.11581271     11.09155730     10.98459068     10.96377777     10.96030546     10.89838612     10.72944006     10.71784163     10.71500648     10.64912056     10.56743073     10.45005778     10.29053555     10.19134346     10.12408894     10.09135878     10.06718608      9.99607253      9.65350742      9.57881680      9.51654272      9.48129924      9.36791733      9.35814717      9.35569995      9.28983637      9.23062846      9.21064603      9.18786946      9.16468393      8.67734307      8.45962003      8.36538307      8.01353854      7.73933700      7.50527450      7.50477926      7.44060661      7.19621442      6.89461708      6.63616108      6.52179439      6.45574129      6.38873532      6.34298417      6.30008377      5.06994416      4.67093727      4.66745877      4.39663819      4.03853035      3.80446602      3.80382788      3.73876413      2.85298733      2.71138493      2.03610346      1.76073867      1.00223219      0.84568340      0.45563300      0.37214917     -0.37214917     -0.45563300     -0.84568340     -1.00223219     -1.76073867     -2.03610346     -2.71138493     -2.85298733     -3.73876413     -3.80382788     -3.80446602     -4.03853035     -4.39663819     -4.66745877     -4.67093727     -5.06994416     -6.30008377     -6.34298417     -6.38873532     -6.45574129     -6.52179439     -6.63616108     -6.89461708     -7.19621442     -7.44060661     -7.50477926     -7.50527450     -7.73933700     -8.01353854     -8.36538307     -8.45962003     -8.67734307     -9.16468393     -9.18786946     -9.21064603     -9.23062846     -9.28983637     -9.35569995     -9.35814717     -9.36791733     -9.48129924     -9.51654272     -9.57881680     -9.65350742     -9.99607253    -10.06718608    -10.09135878    -10.12408894    -10.19134346    -10.29053555    -10.45005778    -10.56743073    -10.64912056    -10.71500648    -10.71784163    -10.72944006    -10.89838612    -10.96030546    -10.96377777    -10.98459068    -11.09155730    -11.11581271    -11.37099946    -11.37337859
      1.54685740     11.36434502     11.35937383     11.12426704     11.06853393     11.04125339     10.99362286     10.97392913     10.84122473     10.75998214     10.75303594     10.71173502     10.60201007     10.60035321     10.34390023     10.32003600     10.16824020     10.14626628     10.09837919     10.03592474      9.92523782      9.73146599      9.64692098      9.48369591      9.47335471      9.45455171      9.42010576      9.41490566      9.33456899      9.19646906      9.10838834      9.07288310      9.02349294      8.81489712      8.58925010      8.30774581      7.93268381      7.77017890      7.51407622      7.51281087      7.39479431      7.23650750      6.80241316      6.69195246      6.65159693      6.56637923      6.23481564      6.22567917      6.20385995      5.33821581      4.85308649      4.40825306      4.24028277      4.22153058      3.82055953      3.82006949      3.54240011      2.95652561      2.62617007      2.23194374      1.59005224      1.11748982      0.75364721      0.51999723      0.32333943     -0.32333943     -0.51999723     -0.75364721     -1.11748982     -1.59005224     -2.23194374     -2.62617007     -2.95652561     -3.54240011     -3.82006949     -3.82055953     -4.22153058     -4.24028277     -4.40825306     -4.85308649     -5.33821581     -6.20385995     -6.22567917     -6.23481564     -6.56637923     -6.65159693     -6.69195246     -6.80241316     -7.23650750     -7.39479431     -7.51281087     -7.51407622     -7.77017890     -7.93268381     -8.30774581     -8.58925010     -8.81489712     -9.02349294     -9.07288310     -9.10838834     -9.19646906     -9.33456899     -9.41490566     -9.42010576     -9.45455171     -9.47335471     -9.48369591     -9.64692098     -9.73146599     -9.92523782    -10.03592474    -10.09837919    -10.14626628    -10.16824020    -10.32003600    -10.34390023    -10.60035321    -10.60201007    -10.71173502    -10.75303594    -10.75998214    -10.84122473    -10.97392913    -10.99362286    -11.04125339    -11.06853393    -11.12426704    -11.35937383    -11.36434502
      1.55666132     11.34639593     11.34022171     11.12613760     11.09640443     11.04443350     11.04101107     10.99229082     10.79866594     10.78947652     10.78522468     10.70809701     10.60202567     10.54984559     10.32581955     10.22144499     10.21693783     10.19371985     10.01030309      9.98978217      9.85075331      9.79305192      9.71689353      9.60106887      9.57601225      9.54881046      9.38338365      9.36251749      9.30645160      9.16651401      9.00541591      8.95943341      8.94553112      8.87378564      8.80181211      8.15108861      8.12076122      7.59065586      7.52970603      7.52741271      7.52090053      7.02921958      6.96922103      6.78940803      6.68195779      6.48869956      6.13573376      6.11420696      6.06460178      5.60745252      5.04242421      4.44254319      4.14905836      4.05098448      3.85043476      3.84840582      3.35034581      3.06731230      2.54832890      2.43704221      1.43012321      1.23993772      0.67222552      0.59267868      0.27851841     -0.27851841     -0.59267868     -0.67222552     -1.23993772     -1.43012321     -2.43704221     -2.54832890     -3.06731230     -3.35034581     -3.84840582     -3.85043476     -4.05098448     -4.14905836     -4.44254319     -5.04242421     -5.60745252     -6.06460178     -6.11420696     -6.13573376     -6.48869956     -6.68195779     -6.78940803     -6.96922103     -7.02921958     -7.52090053     -7.52741271     -7.52970603     -7.59065586     -8.12076122     -8.15108861     -8.80181211     -8.87378564     -8.94553112     -8.95943341     -9.00541591     -9.16651401     -9.30645160     -9.36251749     -9.38338365     -9.54881046     -9.57601225     -9.60106887     -9.71689353     -9.79305192     -9.85075331     -9.98978217    -10.01030309    -10.19371985    -10.21693783    -10.22144499    -10.32581955    -10.54984559    -10.60202567    -10.70809701    -10.78522468    -10.78947652    -10.79866594    -10.99229082    -11.04101107    -11.04443350    -11.09640443    -11.12613760    -11.34022171    -11.34639593
      1.56646524     11.31921243     11.31400844     11.14932620     11.12131906     11.10564999     11.01193457     11.01008719     10.83449671     10.83351160     10.73118457     10.70136042     10.57784338     10.49816150     10.30373331     10.26976977     10.23345352     10.11125634      9.99051781      9.86879110      9.82165416      9.78819832      9.77754095      9.71803307      9.66415208      9.63932539      9.43610243      9.30897645      9.19209647      9.14064964      9.06830985      8.99914510      8.90208282      8.84817640      8.71550187      8.30307559      7.99009987      7.78314305      7.55217143      7.54846086      7.26652075      7.13615894      6.93471882      6.81947761      6.80200136      6.28543820      6.04588935      6.03156476      5.90589134      5.87692469      5.23511749      4.64462343      3.89555543      3.89405597      3.88736187      3.88510474      3.18527307      3.16417201      2.65088419      2.47787301      1.36804314      1.28128228      0.67463605      0.60176208      0.23655683     -0.23655683     -0.60176208     -0.67463605     -1.28128228     -1.36804314     -2.47787301     -2.65088419     -3.16417201     -3.18527307     -3.88510474     -3.88736187     -3.89405597     -3.89555543     -4.64462343     -5.23511749     -5.87692469     -5.90589134     -6.03156476     -6.04588935     -6.28543820     -6.80200136     -6.81947761     -6.93471882     -7.13615894     -7.26652075     -7.54846086     -7.55217143     -7.78314305     -7.99009987     -8.30307559     -8.71550187     -8.84817640     -8.90208282     -8.99914510     -9.06830985     -9.14064964     -9.19209647     -9.30897645     -9.43610243     -9.63932539     -9.66415208     -9.71803307     -9.77754095     -9.78819832     -9.82165416     -9.86879110     -9.99051781    -10.11125634    -10.23345352    -10.26976977    -10.30373331    -10.49816150    -10.57784338    -10.70136042    -10.73118457    -10.83351160    -10.83449671    -11.01008719    -11.01193457    -11.10564999    -11.12131906    -11.14932620    -11.31400844    -11.31921243
      1.57626917     11.28251483     11.28122557     11.19932481     11.16812796     11.10996795     11.03116058     10.97704392     10.88243750     10.86420688     10.68999867     10.67990965     10.53866811     10.44588408     10.32628704     10.26532588     10.26386752     10.05415427      9.97670782      9.86028793      9.83373799      9.77437047      9.74376571      9.73752178      9.72577681      9.71021346      9.49248960      9.25989438      9.18196384      9.16757036      9.11869892      9.07261756      8.79890444      8.73956539      8.55039578      8.47915336      7.97155063      7.82518781      7.58144437      7.57581660      7.30279260      7.08692078      7.00780370      6.92603518      6.60809189      6.14590281      6.08273646      5.96538589      5.95635325      5.74992895      5.43077277      4.84598362      3.95597416      3.93681307      3.72392063      3.64393562      3.31031059      2.98572164      2.87292180      2.41480927      1.50020009      1.14381205      0.76661990      0.54240933      0.19658515     -0.19658515     -0.54240933     -0.76661990     -1.14381205     -1.50020009     -2.41480927     -2.87292180     -2.98572164     -3.31031059     -3.64393562     -3.72392063     -3.93681307     -3.95597416     -4.84598362     -5.43077277     -5.74992895     -5.95635325     -5.96538589     -6.08273646     -6.14590281     -6.60809189     -6.92603518     -7.00780370     -7.08692078     -7.30279260     -7.57581660     -7.58144437     -7.82518781     -7.97155063     -8.47915336     -8.55039578     -8.73956539     -8.79890444     -9.07261756     -9.11869892     -9.16757036     -9.18196384     -9.25989438     -9.49248960     -9.71021346     -9.72577681     -9.73752178     -9.74376572     -9.77437047     -9.83373799     -9.86028793     -9.97670782    -10.05415427    -10.26386752    -10.26532588    -10.32628704    -10.44588408    -10.53866811    -10.67990965    -10.68999867    -10.86420688    -10.88243750    -10.97704392    -11.03116058    -11.10996795    -11.16812796    -11.19932481    -11.28122557    -11.28251483
      1.58607309     11.24573153     11.24238847     11.23606555     11.22672691     11.09259819     11.04912621     10.94318659     10.92903672     10.89052502     10.67320822     10.63220341     10.48989124     10.39360920     10.38600774     10.28930691     10.21187616     10.05654786      9.96895145      9.94744135      9.93260720      9.80772747      9.79551553      9.70100739      9.64578867      9.59744763      9.55225576      9.28461934      9.27238763      9.21564957      9.10042712      8.94870652      8.69642932      8.64852223      8.63397793      8.37870333      8.15507348      7.65672198      7.61745879      7.60933042      7.46867928      7.24530782      7.05358708      6.74548928      6.41365889      6.39595420      5.89429078      5.88896703      5.88114967      5.62896211      5.59708962      5.04621684      4.03208744      3.99617412      3.56737739      3.44230188      3.39937108      3.10257688      2.81715065      2.35914240      1.63486482      1.01794503      0.86917344      0.49420574      0.15809527     -0.15809527     -0.49420574     -0.86917344     -1.01794503     -1.63486482     -2.35914240     -2.81715065     -3.10257688     -3.39937108     -3.44230188     -3.56737739     -3.99617412     -4.03208744     -5.04621684     -5.59708962     -5.62896211     -5.88114967     -5.88896703     -5.89429078     -6.39595420     -6.41365889     -6.74548928     -7.05358708     -7.24530782     -7.46867928     -7.60933042     -7.61745879     -7.65672198     -8.15507348     -8.37870333     -8.63397793     -8.64852223     -8.69642932     -8.94870652     -9.10042712     -9.21564957     -9.27238763     -9.28461934     -9.55225576     -9.59744763     -9.64578867     -9.70100739     -9.79551553     -9.80772747     -9.93260720     -9.94744135     -9.96895145    -10.05654786    -10.21187616    -10.28930691    -10.38600774    -10.39360920    -10.48989124    -10.63220341    -10.67320822    -10.89052502    -10.92903672    -10.94318659    -11.04912621    -11.09259819    -11.22672691    -11.23606555    -11.24238847    -11.24573153
      1.59587701     11.28790437     11.27887906     11.19803395     11.17967292     11.07026294     11.06537228     10.97172138     10.91234611     10.90947084     10.65063017     10.58885566     10.44842109     10.43446187     10.34193884     10.30550760     10.15309064     10.07496854     10.05840922     10.00459684      9.96726429      9.88472837      9.83171107      9.77583176      9.61506246      9.48020111      9.44970072      9.37326306      9.27303950      9.17658384      9.08555144      8.82099637      8.81068757      8.59521207      8.53174228      8.33266868      8.20109662      7.66010859      7.64884565      7.63336752      7.48503512      7.40908392      7.18418847      6.67946709      6.48030768      6.18404344      5.83264523      5.82977007      5.82922743      5.68121897      5.44774356      5.24503174      4.12408289      4.06488824      3.58109619      3.41532776      3.33924376      3.16101729      2.66096758      2.31087690      1.77068528      0.98264984      0.90386200      0.45714254      0.12101550     -0.12101550     -0.45714254     -0.90386200     -0.98264984     -1.77068528     -2.31087690     -2.66096758     -3.16101729     -3.33924376     -3.41532776     -3.58109619     -4.06488824     -4.12408289     -5.24503174     -5.44774356     -5.68121897     -5.82922743     -5.82977007     -5.83264523     -6.18404344     -6.48030768     -6.67946709     -7.18418847     -7.40908392     -7.48503512     -7.63336752     -7.64884565     -7.66010859     -8.20109662     -8.33266868     -8.53174228     -8.59521207     -8.81068757     -8.82099637     -9.08555144     -9.17658384     -9.27303950     -9.37326306     -9.44970072     -9.48020111     -9.61506246     -9.77583176     -9.83171107     -9.88472837     -9.96726429    -10.00459684    -10.05840922    -10.07496854    -10.15309064    -10.30550760    -10.34193884    -10.43446187    -10.44842109    -10.58885566    -10.65063017    -10.90947084    -10.91234611    -10.97172138    -11.06537228    -11.07026294    -11.17967292    -11.19803395    -11.27887906    -11.28790437
      1.60568093     11.32522973     11.32333195     11.14871769     11.11319639     11.07957328     11.04483758     11.00908670     10.92968611     10.87585521     10.62218116     10.55062661     10.51299119     10.37411975     10.31432324     10.29147446     10.16589852     10.09517622     10.08937925     10.07569699      9.97159776      9.95633931      9.91145553      9.84240942      9.68052698      9.44277721      9.29786839      9.29524107      9.20050788      9.14299967      9.07375490      8.96510334      8.69007702      8.50256892      8.49580305      8.43314769      8.01820905      7.79639649      7.70924628      7.69420164      7.57737574      7.31737473      7.31042335      6.94260292      6.21298652      6.03108451      5.97343073      5.78047223      5.77909049      5.48346964      5.44223286      5.30225778      4.23188128      4.14242585      3.72651341      3.58229214      3.26752422      2.92950729      2.52005647      2.27001819      1.90660620      1.10723688      0.80169123      0.43121141      0.08574197     -0.08574197     -0.43121141     -0.80169123     -1.10723688     -1.90660620     -2.27001819     -2.52005647     -2.92950729     -3.26752422     -3.58229214     -3.72651341     -4.14242585     -4.23188128     -5.30225778     -5.44223286     -5.48346964     -5.77909049     -5.78047223     -5.97343073     -6.03108451     -6.21298652     -6.94260292     -7.31042335     -7.31737473     -7.57737574     -7.69420164     -7.70924628     -7.79639649     -8.01820905     -8.43314769     -8.49580305     -8.50256892     -8.69007702     -8.96510334     -9.07375490     -9.14299967     -9.20050788     -9.29524107     -9.29786839     -9.44277721     -9.68052698     -9.84240942     -9.91145553     -9.95633931     -9.97159776    -10.07569699    -10.08937925    -10.09517622    -10.16589852    -10.29147446    -10.31432324    -10.37411975    -10.51299119    -10.55062661    -10.62218116    -10.87585521    -10.92968611    -11.00908670    -11.04483758    -11.07957328    -11.11319639    -11.14871769    -11.32333195    -11.32522973
      1.61548485     11.35950467     11.35712443     11.09501166     11.09140372     11.04044110     11.03655501     11.01925497     10.94273616     10.84059277     10.58795475     10.57916089     10.51822645     10.31712976     10.31002562     10.26915072     10.24281028     10.14535088     10.09885718     10.05657404     10.04305454     10.02213255      9.98183861      9.83484042      9.74822734      9.48463819      9.13495065      9.11515773      9.11113591      9.10900749      9.09656736      9.06470511      8.65958824      8.55650525      8.39874218      8.33845090      7.95729427      7.83065833      7.76468228      7.74924907      7.74523619      7.45268491      7.20233976      7.13314550      6.23402648      5.94425411      5.76528334      5.73778289      5.73721557      5.63769923      5.28840927      5.16099796      4.35509658      4.22828282      3.87834293      3.83106988      3.12361315      2.70544912      2.39765488      2.23657294      2.04193595      1.24298268      0.71150863      0.41643190      0.05306183     -0.05306183     -0.41643190     -0.71150863     -1.24298268     -2.04193595     -2.23657294     -2.39765488     -2.70544912     -3.12361315     -3.83106988     -3.87834293     -4.22828282     -4.35509658     -5.16099796     -5.28840927     -5.63769923     -5.73721557     -5.73778289     -5.76528334     -5.94425411     -6.23402648     -7.13314550     -7.20233976     -7.45268491     -7.74523619     -7.74924907     -7.76468228     -7.83065833     -7.95729427     -8.33845090     -8.39874218     -8.55650525     -8.65958824     -9.06470511     -9.09656736     -9.10900749     -9.11113591     -9.11515773     -9.13495065     -9.48463819     -9.74822734     -9.83484042     -9.98183861    -10.02213255    -10.04305454    -10.05657404    -10.09885718    -10.14535088    -10.24281028    -10.26915072    -10.31002562    -10.31712976    -10.51822645    -10.57916089    -10.58795475    -10.84059277    -10.94273616    -11.01925497    -11.03655501    -11.04044110    -11.09140372    -11.09501166    -11.35712443    -11.35950467
      1.62528877     11.38718273     11.38303809     11.10047704     11.06552874     11.03750147     10.99710556     10.95204831     10.94961096     10.80027197     10.64635535     10.54816409     10.49229089     10.36738239     10.32188359     10.24305561     10.21300861     10.19652641     10.19247094     10.09762600     10.08168840     10.01232915      9.99780939      9.81770716      9.80407656      9.48803673      9.24801934      9.09327453      9.05807728      8.97719936      8.96968629      8.95754836      8.76113983      8.42081167      8.30455412      8.24788154      8.11557451      7.92372754      7.82618479      7.80178728      7.63905259      7.58966098      7.45793992      6.95342216      6.43752715      5.83136241      5.70458117      5.70438718      5.67484037      5.56086610      5.09652587      5.02433054      4.49302532      4.32197863      4.08490580      4.03634308      2.98313279      2.48942246      2.29724377      2.21054874      2.17636735      1.38981897      0.63333932      0.41286193      0.02349050     -0.02349050     -0.41286193     -0.63333932     -1.38981897     -2.17636735     -2.21054874     -2.29724377     -2.48942246     -2.98313279     -4.03634308     -4.08490580     -4.32197863     -4.49302532     -5.02433054     -5.09652587     -5.56086610     -5.67484037     -5.70438718     -5.70458117     -5.83136241     -6.43752715     -6.95342216     -7.45793992     -7.58966098     -7.63905259     -7.80178728     -7.82618479     -7.92372754     -8.11557451     -8.24788154     -8.30455412     -8.42081167     -8.76113983     -8.95754836     -8.96968629     -8.97719936     -9.05807728     -9.09327453     -9.24801934     -9.48803673     -9.80407656     -9.81770716     -9.99780939    -10.01232915    -10.08168840    -10.09762600    -10.19247094    -10.19652641    -10.21300861    -10.24305561    -10.32188359    -10.36738239    -10.49229089    -10.54816409    -10.64635535    -10.80027197    -10.94961096    -10.95204831    -10.99710556    -11.03750147    -11.06552874    -11.10047704    -11.38303809    -11.38718273
      1.63509270     11.40636948     11.40245602     11.10634551     11.08436106     10.98103459     10.97678361     10.95797583     10.85283276     10.75141446     10.71398566     10.50310753     10.47335422     10.45976595     10.38456688     10.27813103     10.25703919     10.17394022     10.15318202     10.13457890     10.08764672     10.01926994     10.00689357      9.88848034      9.75207441      9.44754234      9.37480098      9.07752054      9.05358012      9.01661161      8.84807997      8.80030984      8.63408940      8.28350598      8.27072990      8.21374393      8.16164713      8.09981151      7.89348031      7.86369379      7.72784648      7.70863265      7.44399313      6.77143511      6.64104398      6.02318529      5.68086718      5.68079794      5.40547655      5.36153827      4.90828598      4.89262499      4.64467001      4.42305446      4.34311243      4.20024100      2.84551753      2.30995270      2.28197507      2.22230050      2.19195319      1.54758062      0.56716081      0.42059623      0.01214911     -0.01214911     -0.42059623     -0.56716081     -1.54758062     -2.19195319     -2.22230050     -2.28197507     -2.30995270     -2.84551753     -4.20024100     -4.34311243     -4.42305446     -4.64467001     -4.89262499     -4.90828598     -5.36153827     -5.40547655     -5.68079794     -5.68086718     -6.02318529     -6.64104398     -6.77143511     -7.44399313     -7.70863265     -7.72784648     -7.86369379     -7.89348031     -8.09981151     -8.16164713     -8.21374393     -8.27072990     -8.28350598     -8.63408940     -8.80030984     -8.84807997     -9.01661161     -9.05358012     -9.07752054     -9.37480098     -9.44754234     -9.75207441     -9.88848034    -10.00689357    -10.01926994    -10.08764672    -10.13457890    -10.15318202    -10.17394022    -10.25703919    -10.27813103    -10.38456688    -10.45976595    -10.47335422    -10.50310753    -10.71398566    -10.75141446    -10.85283276    -10.95797583    -10.97678361    -10.98103459    -11.08436106    -11.10634551    -11.40245602    -11.40636948
      1.64489662     11.41720962     11.41490287     11.10861988     11.09702786     10.97120037     10.96201789     10.91346262     10.78145225     10.74611935     10.69238439     10.54539011     10.50659803     10.46182235     10.45314680     10.34019391     10.24661578     10.18032036     10.11330843     10.10333175     10.07079346     10.04591993     10.02013052      9.96003517      9.68092967      9.49027921      9.36956063      9.14271672      9.06801867      9.05098186      8.71170431      8.62770493      8.42221975      8.42084550      8.27649587      8.14508125      8.12679304      8.07993788      7.96625486      7.95355566      7.93079533      7.86678487      7.24607561      6.84402079      6.58732753      6.21314281      5.66663944      5.66658795      5.16874272      5.13689405      4.80879229      4.76625625      4.72413284      4.60498872      4.53107117      4.36973288      2.71011195      2.44304179      2.18079288      2.17589183      2.08361888      1.71602125      0.51290825      0.43975718      0.01019536     -0.01019536     -0.43975718     -0.51290825     -1.71602125     -2.08361888     -2.17589183     -2.18079288     -2.44304179     -2.71011195     -4.36973288     -4.53107117     -4.60498872     -4.72413284     -4.76625625     -4.80879229     -5.13689405     -5.16874272     -5.66658795     -5.66663944     -6.21314281     -6.58732753     -6.84402079     -7.24607561     -7.86678487     -7.93079533     -7.95355566     -7.96625486     -8.07993788     -8.12679304     -8.14508125     -8.27649587     -8.42084550     -8.42221975     -8.62770493     -8.71170431     -9.05098186     -9.06801867     -9.14271672     -9.36956063     -9.49027921     -9.68092967     -9.96003517    -10.02013052    -10.04591993    -10.07079346    -10.10333175    -10.11330843    -10.18032036    -10.24661578    -10.34019391    -10.45314680    -10.46182235    -10.50659803    -10.54539011    -10.69238439    -10.74611935    -10.78145225    -10.91346262    -10.96201789    -10.97120037    -11.09702786    -11.10861988    -11.41490287    -11.41720962
      1.65470054     11.41994750     11.41994750     11.10820375     11.10244474     10.96569599     10.96569599     10.84814822     10.84814822     10.63134565     10.63134565     10.62208952     10.62208952     10.45794951     10.39869252     10.39869252     10.21821397     10.21821397     10.07740244     10.07740244     10.05651746     10.03434530     10.03183741     10.03183741      9.59294181      9.59294181      9.27577565      9.25310025      9.06484311      9.05013300      8.56944593      8.56944593      8.45278511      8.45278511      8.19476990      8.18850723      8.04415557      8.04415557      8.00601750      8.00601750      8.00293111      8.00293111      7.04589018      7.04589018      6.40120570      6.40120570      5.66189701      5.66184181      4.98398407      4.98398407      4.86982270      4.86982270      4.64560719      4.64560719      4.54448463      4.54448463      2.57619843      2.57619843      2.17707225      2.16016364      1.89482553      1.89482553      0.47048194      0.47048194      0.00003580     -0.00003580     -0.47048194     -0.47048194     -1.89482553     -1.89482553     -2.16016364     -2.17707225     -2.57619843     -2.57619843     -4.54448463     -4.54448463     -4.64560719     -4.64560719     -4.86982270     -4.86982270     -4.98398407     -4.98398407     -5.66184181     -5.66189701     -6.40120570     -6.40120570     -7.04589018     -7.04589018     -8.00293111     -8.00293111     -8.00601750     -8.00601750     -8.04415557     -8.04415557     -8.18850723     -8.19476990     -8.45278511     -8.45278511     -8.56944593     -8.56944593     -9.05013300     -9.06484311     -9.25310025     -9.27577565     -9.59294181     -9.59294181    -10.03183741    -10.03183741    -10.03434530    -10.05651746    -10.07740244    -10.07740244    -10.21821397    -10.21821397    -10.39869252    -10.39869252    -10.45794951    -10.62208952    -10.62208952    -10.63134565    -10.63134565    -10.84814822    -10.84814822    -10.96569599    -10.96569599    -11.10244474    -11.10820375    -11.41994750    -11.41994750
      1.66450446     11.41720962     11.41490287     11.10861988     11.09702786     10.97120037     10.96201789     10.91346262     10.78145225     10.74611935     10.69238439     10.54539011     10.50659803     10.46182235     10.45314680     10.34019391     10.24661578     10.18032036     10.11330843     10.10333175     10.07079346     10.04591993     10.02013052      9.96003517      9.68092967      9.49027921      9.36956063      9.14271672      9.06801867      9.05098186      8.71170431      8.62770493      8.42221975      8.42084550      8.27649587      8.14508125      8.12679304      8.07993788      7.96625486      7.95355566      7.93079533      7.86678487      7.24607561      6.84402079      6.58732753      6.21314281      5.66663944      5.66658795      5.16874272      5.13689405      4.80879229      4.76625625      4.72413284      4.60498872      4.53107117      4.36973288      2.71011195      2.44304179      2.18079288      2.17589183      2.08361888      1.71602125      0.51290825      0.43975718      0.01019536     -0.01019536     -0.43975718     -0.51290825     -1.71602125     -2.08361888     -2.17589183     -2.18079288     -2.44304179     -2.71011195     -4.36973288     -4.53107117     -4.60498872     -4.72413284     -4.76625625     -4.80879229     -5.13689405     -5.16874272     -5.66658795     -5.66663944     -6.21314281     -6.58732753     -6.84402079     -7.24607561     -7.86678487     -7.93079533     -7.95355566     -7.96625486     -8.07993788     -8.12679304     -8.14508125     -8.27649587     -8.42084550     -8.42221975     -8.62770493     -8.71170431     -9.05098186     -9.06801867     -9.14271672     -9.36956063     -9.49027921     -9.68092967     -9.96003517    -10.02013052    -10.04591993    -10.07079346    -10.10333175    -10.11330843    -10.18032036    -10.24661578    -10.34019391    -10.45314680    -10.46182235    -10.50659803    -10.54539011    -10.69238439    -10.74611935    -10.78145225    -10.91346262    -10.96201789    -10.97120037    -11.09702786    -11.10861988    -11.41490287    -11.41720962
      1.67430838     11.40636948     11.40245602     11.10634551     11.08436106     10.98103459     10.97678361     10.95797583     10.85283276     10.75141446     10.71398566     10.50310753     10.47335422     10.45976595     10.38456688     10.27813103     10.25703919     10.17394022     10.15318202     10.13457890     10.08764672     10.01926994     10.00689357      9.88848034      9.75207441      9.44754234      9.37480098      9.07752054      9.05358012      9.01661161      8.84807997      8.80030984      8.63408940      8.28350598      8.27072990      8.21374393      8.16164713      8.09981151      7.89348031      7.86369379      7.72784648      7.70863265      7.44399313      6.77143511      6.64104398      6.02318529      5.68086718      5.68079794      5.40547655      5.36153827      4.90828598      4.89262499      4.64467001      4.42305446      4.34311243      4.20024100      2.84551753      2.30995270      2.28197507      2.22230050      2.19195319      1.54758062      0.56716081      0.42059623      0.01214911     -0.01214911     -0.42059623     -0.56716081     -1.54758062     -2.19195319     -2.22230050     -2.28197507     -2.30995270     -2.84551753     -4.20024100     -4.34311243     -4.42305446     -4.64467001     -4.89262499     -4.90828598     -5.36153827     -5.40547655     -5.68079794     -5.68086718     -6.02318529     -6.64104398     -6.77143511     -7.44399313     -7.70863265     -7.72784648     -7.86369379     -7.89348031     -8.09981151     -8.16164713     -8.21374393     -8.27072990     -8.28350598     -8.63408940     -8.80030984     -8.84807997     -9.01661161     -9.05358012     -9.07752054     -9.37480098     -9.44754234     -9.75207441     -9.88848034    -10.00689357    -10.01926994    -10.08764672    -10.13457890    -10.15318202    -10.17394022    -10.25703919    -10.27813103    -10.38456688    -10.45976595    -10.47335422    -10.50310753    -10.71398566    -10.75141446    -10.85283276    -10.95797583    -10.97678361    -10.98103459    -11.08436106    -11.10634551    -11.40245602    -11.40636948
      1.68411230     11.38718273     11.38303809     11.10047704     11.06552874     11.03750147     10.99710556     10.95204831     10.94961096     10.80027197     10.64635535     10.54816409     10.49229089     10.36738239     10.32188359     10.24305561     10.21300861     10.19652641     10.19247094     10.09762600     10.08168840     10.01232915      9.99780939      9.81770716      9.80407656      9.48803673      9.24801934      9.09327453      9.05807728      8.97719936      8.96968629      8.95754836      8.76113983      8.42081167      8.30455412      8.24788154      8.11557451      7.92372754      7.82618479      7.80178728      7.63905259      7.58966098      7.45793992      6.95342216      6.43752715      5.83136241      5.70458117      5.70438718      5.67484037      5.56086610      5.09652587      5.02433054      4.49302532      4.32197863      4.08490580      4.03634308      2.98313279      2.48942246      2.29724377      2.21054874      2.17636735      1.38981897      0.63333932      0.41286193      0.02349050     -0.02349050     -0.41286193     -0.63333932     -1.38981897     -2.17636735     -2.21054874     -2.29724377     -2.48942246     -2.98313279     -4.03634308     -4.08490580     -4.32197863     -4.49302532     -5.02433054     -5.09652587     -5.56086610     -5.67484037     -5.70438718     -5.70458117     -5.83136241     -6.43752715     -6.95342216     -7.45793992     -7.58966098     -7.63905259     -7.80178728     -7.82618479     -7.92372754     -8.11557451     -8.24788154     -8.30455412     -8.42081167     -8.76113983     -8.95754836     -8.96968629     -8.97719936     -9.05807728     -9.09327453     -9.24801934     -9.48803673     -9.80407656     -9.81770716     -9.99780939    -10.01232915    -10.08168840    -10.09762600    -10.19247094    -10.19652641    -10.21300861    -10.24305561    -10.32188359    -10.36738239    -10.49229089    -10.54816409    -10.64635535    -10.80027197    -10.94961096    -10.95204831    -10.99710556    -11.03750147    -11.06552874    -11.10047704    -11.38303809    -11.38718273
      1.69391622     11.35950467     11.35712443     11.09501166     11.09140372     11.04044110     11.03655501     11.01925497     10.94273616     10.84059277     10.58795475     10.57916089     10.51822645     10.31712976     10.31002562     10.26915072     10.24281028     10.14535088     10.09885718     10.05657404     10.04305454     10.02213255      9.98183861      9.83484042      9.74822734      9.48463819      9.13495065      9.11515773      9.11113591      9.10900749      9.09656736      9.06470511      8.65958824      8.55650525      8.39874218      8.33845090      7.95729427      7.83065833      7.76468228      7.74924907      7.74523619      7.45268491      7.20233976      7.13314550      6.23402648      5.94425411      5.76528334      5.73778289      5.73721557      5.63769923      5.28840927      5.16099796      4.35509658      4.22828282      3.87834293      3.83106988      3.12361315      2.70544912      2.39765488      2.23657294      2.04193595      1.24298268      0.71150863      0.41643190      0.05306183     -0.05306183     -0.41643190     -0.71150863     -1.24298268     -2.04193595     -2.23657294     -2.39765488     -2.70544912     -3.12361315     -3.83106988     -3.87834293     -4.22828282     -4.35509658     -5.16099796     -5.28840927     -5.63769923     -5.73721557     -5.73778289     -5.76528334     -5.94425411     -6.23402648     -7.13314550     -7.20233976     -7.45268491     -7.74523619     -7.74924907     -7.76468228     -7.83065833     -7.95729427     -8.33845090     -8.39874218     -8.55650525     -8.65958824     -9.06470511     -9.09656736     -9.10900749     -9.11113591     -9.11515773     -9.13495065     -9.48463819     -9.74822734     -9.83484042     -9.98183861    -10.02213255    -10.04305454    -10.05657404    -10.09885718    -10.14535088    -10.24281028    -10.26915072    -10.31002562    -10.31712976    -10.51822645    -10.57916089    -10.58795475    -10.84059277    -10.94273616    -11.01925497    -11.03655501    -11.04044110    -11.09140372    -11.09501166    -11.35712443    -11.35950467
      1.70372015     11.32522973     11.32333195     11.14871769     11.11319639     11.07957328     11.04483758     11.00908670     10.92968611     10.87585521     10.62218116     10.55062661     10.51299119     10.37411975     10.31432324     10.29147446     10.16589852     10.09517622     10.08937925     10.07569699      9.97159776      9.95633931      9.91145553      9.84240942      9.68052698      9.44277721      9.29786839      9.29524107      9.20050788      9.14299967      9.07375490      8.96510334      8.69007702      8.50256892      8.49580305      8.43314769      8.01820905      7.79639649      7.70924628      7.69420164      7.57737574      7.31737473      7.31042335      6.94260292      6.21298652      6.03108451      5.97343073      5.78047223      5.77909049      5.48346964      5.44223286      5.30225778      4.23188128      4.14242585      3.72651341      3.58229214      3.26752422      2.92950729      2.52005647      2.27001819      1.90660620      1.10723688      0.80169123      0.43121141      0.08574197     -0.08574197     -0.43121141     -0.80169123     -1.10723688     -1.90660620     -2.27001819     -2.52005647     -2.92950729     -3.26752422     -3.58229214     -3.72651341     -4.14242585     -4.23188128     -5.30225778     -5.44223286     -5.48346964     -5.77909049     -5.78047223     -5.97343073     -6.03108451     -6.21298652     -6.94260292     -7.31042335     -7.31737473     -7.57737574     -7.69420164     -7.70924628     -7.79639649     -8.01820905     -8.43314769     -8.49580305     -8.50256892     -8.69007702     -8.96510334     -9.07375490     -9.14299967     -9.20050788     -9.29524107     -9.29786839     -9.44277721     -9.68052698     -9.84240942     -9.91145553     -9.95633931     -9.97159776    -10.07569699    -10.08937925    -10.09517622    -10.16589852    -10.29147446    -10.31432324    -10.37411975    -10.51299119    -10.55062661    -10.62218116    -10.87585521    -10.92968611    -11.00908670    -11.04483758    -11.07957328    -11.11319639    -11.14871769    -11.32333195    -11.32522973
      1.71352407     11.28790437     11.27887906     11.19803395     11.17967292     11.07026294     11.06537228     10.97172138     10.91234611     10.90947084     10.65063017     10.58885566     10.44842109     10.43446187     10.34193884     10.30550760     10.15309064     10.07496854     10.05840922     10.00459684      9.96726429      9.88472837      9.83171107      9.77583176      9.61506246      9.48020111      9.44970072      9.37326306      9.27303950      9.17658384      9.08555144      8.82099637      8.81068757      8.59521207      8.53174228      8.33266868      8.20109662      7.66010859      7.64884565      7.63336752      7.48503512      7.40908392      7.18418847      6.67946709      6.48030768      6.18404344      5.83264523      5.82977007      5.82922743      5.68121897      5.44774356      5.24503174      4.12408289      4.06488824      3.58109619      3.41532776      3.33924376      3.16101729      2.66096758      2.31087690      1.77068528      0.98264984      0.90386200      0.45714254      0.12101550     -0.12101550     -0.45714254     -0.90386200     -0.98264984     -1.77068528     -2.31087690     -2.66096758     -3.16101729     -3.33924376     -3.41532776     -3.58109619     -4.06488824     -4.12408289     -5.24503174     -5.44774356     -5.68121897     -5.82922743     -5.82977007     -5.83264523     -6.18404344     -6.48030768     -6.67946709     -7.18418847     -7.40908392     -7.48503512     -7.63336752     -7.64884565     -7.66010859     -8.20109662     -8.33266868     -8.53174228     -8.59521207     -8.81068757     -8.82099637     -9.08555144     -9.17658384     -9.27303950     -9.37326306     -9.44970072     -9.48020111     -9.61506246     -9.77583176     -9.83171107     -9.88472837     -9.96726429    -10.00459684    -10.05840922    -10.07496854    -10.15309064    -10.30550760    -10.34193884    -10.43446187    -10.44842109    -10.58885566    -10.65063017    -10.90947084    -10.91234611    -10.97172138    -11.06537228    -11.07026294    -11.17967292    -11.19803395    -11.27887906    -11.28790437
      1.72332799     11.24573153     11.24238847     11.23606555     11.22672691     11.09259819     11.04912621     10.94318659     10.92903672     10.89052502     10.67320822     10.63220341     10.48989124     10.39360920     10.38600774     10.28930691     10.21187616     10.05654786      9.96895145      9.94744135      9.93260720      9.80772747      9.79551553      9.70100739      9.64578867      9.59744763      9.55225576      9.28461934      9.27238763      9.21564957      9.10042712      8.94870652      8.69642932      8.64852223      8.63397793      8.37870333      8.15507348      7.65672198      7.61745879      7.60933042      7.46867928      7.24530782      7.05358708      6.74548928      6.41365889      6.39595420      5.89429078      5.88896703      5.88114967      5.62896211      5.59708962      5.04621684      4.03208744      3.99617412      3.56737739      3.44230188      3.39937108      3.10257688      2.81715065      2.35914240      1.63486482      1.01794503      0.86917344      0.49420574      0.15809527     -0.15809527     -0.49420574     -0.86917344     -1.01794503     -1.63486482     -2.35914240     -2.81715065     -3.10257688     -3.39937108     -3.44230188     -3.56737739     -3.99617412     -4.03208744     -5.04621684     -5.59708962     -5.62896211     -5.88114967     -5.88896703     -5.89429078     -6.39595420     -6.41365889     -6.74548928     -7.05358708     -7.24530782     -7.46867928     -7.60933042     -7.61745879     -7.65672198     -8.15507348     -8.37870333     -8.63397793     -8.64852223     -8.69642932     -8.94870652     -9.10042712     -9.21564957     -9.27238763     -9.28461934     -9.55225576     -9.59744763     -9.64578867     -9.70100739     -9.79551553     -9.80772747     -9.93260720     -9.94744135     -9.96895145    -10.05654786    -10.21187616    -10.28930691    -10.38600774    -10.39360920    -10.48989124    -10.63220341    -10.67320822    -10.89052502    -10.92903672    -10.94318659    -11.04912621    -11.09259819    -11.22672691    -11.23606555    -11.24238847    -11.24573153
      1.73313191     11.28251483     11.28122557     11.19932481     11.16812796     11.10996795     11.03116058     10.97704392     10.88243750     10.86420688     10.68999867     10.67990965     10.53866811     10.44588408     10.32628704     10.26532588     10.26386752     10.05415427      9.97670782      9.86028793      9.83373799      9.77437047      9.74376572      9.73752178      9.72577681      9.71021346      9.49248960      9.25989438      9.18196384      9.16757036      9.11869892      9.07261756      8.79890444      8.73956539      8.55039578      8.47915336      7.97155063      7.82518781      7.58144437      7.57581660      7.30279260      7.08692078      7.00780370      6.92603518      6.60809189      6.14590281      6.08273646      5.96538589      5.95635325      5.74992895      5.43077277      4.84598362      3.95597416      3.93681307      3.72392063      3.64393562      3.31031059      2.98572164      2.87292180      2.41480927      1.50020009      1.14381205      0.76661990      0.54240933      0.19658515     -0.19658515     -0.54240933     -0.76661990     -1.14381205     -1.50020009     -2.41480927     -2.87292180     -2.98572164     -3.31031059     -3.64393562     -3.72392063     -3.93681307     -3.95597416     -4.84598362     -5.43077277     -5.74992895     -5.95635325     -5.96538589     -6.08273646     -6.14590281     -6.60809189     -6.92603518     -7.00780370     -7.08692078     -7.30279260     -7.57581660     -7.58144437     -7.82518781     -7.97155063     -8.47915336     -8.55039578     -8.73956539     -8.79890444     -9.07261756     -9.11869892     -9.16757036     -9.18196384     -9.25989438     -9.49248960     -9.71021346     -9.72577681     -9.73752178     -9.74376572     -9.77437047     -9.83373799     -9.86028793     -9.97670782    -10.05415427    -10.26386752    -10.26532588    -10.32628704    -10.44588408    -10.53866811    -10.67990965    -10.68999867    -10.86420688    -10.88243750    -10.97704392    -11.03116058    -11.10996795    -11.16812796    -11.19932481    -11.28122557    -11.28251483
      1.74293583     11.31921243     11.31400844     11.14932620     11.12131906     11.10564999     11.01193457     11.01008719     10.83449671     10.83351160     10.73118457     10.70136042     10.57784338     10.49816150     10.30373331     10.26976977     10.23345352     10.11125634      9.99051781      9.86879110      9.82165416      9.78819832      9.77754095      9.71803307      9.66415208      9.63932539      9.43610243      9.30897645      9.19209647      9.14064964      9.06830985      8.99914510      8.90208282      8.84817640      8.71550187      8.30307559      7.99009987      7.78314305      7.55217143      7.54846086      7.26652075      7.13615894      6.93471882      6.81947761      6.80200136      6.28543820      6.04588935      6.03156476      5.90589134      5.87692469      5.23511749      4.64462343      3.89555543      3.89405597      3.88736187      3.88510474      3.18527307      3.16417201      2.65088419      2.47787301      1.36804314      1.28128228      0.67463605      0.60176208      0.23655683     -0.23655683     -0.60176208     -0.67463605     -1.28128228     -1.36804314     -2.47787301     -2.65088419     -3.16417201     -3.18527307     -3.88510474     -3.88736187     -3.89405597     -3.89555543     -4.64462343     -5.23511749     -5.87692469     -5.90589134     -6.03156476     -6.04588935     -6.28543820     -6.80200136     -6.81947761     -6.93471882     -7.13615894     -7.26652075     -7.54846086     -7.55217143     -7.78314305     -7.99009987     -8.30307559     -8.71550187     -8.84817640     -8.90208282     -8.99914510     -9.06830985     -9.14064964     -9.19209647     -9.30897645     -9.43610243     -9.63932539     -9.66415208     -9.71803307     -9.77754095     -9.78819832     -9.82165416     -9.86879110     -9.99051781    -10.11125634    -10.23345352    -10.26976977    -10.30373331    -10.49816150    -10.57784338    -10.70136042    -10.73118457    -10.83351160    -10.83449671    -11.01008719    -11.01193457    -11.10564999    -11.12131906    -11.14932620    -11.31400844    -11.31921243
      1.75273975     11.34639593     11.34022171     11.12613760     11.09640443     11.04443350     11.04101107     10.99229082     10.79866594     10.78947652     10.78522468     10.70809701     10.60202567     10.54984559     10.32581955     10.22144499     10.21693783     10.19371985     10.01030309      9.98978217      9.85075331      9.79305192      9.71689353      9.60106887      9.57601225      9.54881046      9.38338365      9.36251749      9.30645160      9.16651401      9.00541591      8.95943341      8.94553112      8.87378564      8.80181211      8.15108861      8.12076122      7.59065586      7.52970603      7.52741271      7.52090053      7.02921958      6.96922103      6.78940803      6.68195779      6.48869956      6.13573376      6.11420696      6.06460178      5.60745252      5.04242421      4.44254319      4.14905836      4.05098448      3.85043476      3.84840582      3.35034581      3.06731230      2.54832890      2.43704221      1.43012321      1.23993772      0.67222552      0.59267868      0.27851841     -0.27851841     -0.59267868     -0.67222552     -1.23993772     -1.43012321     -2.43704221     -2.54832890     -3.06731230     -3.35034581     -3.84840582     -3.85043476     -4.05098448     -4.14905836     -4.44254319     -5.04242421     -5.60745252     -6.06460178     -6.11420696     -6.13573376     -6.48869956     -6.68195779     -6.78940803     -6.96922103     -7.02921958     -7.52090053     -7.52741271     -7.52970603     -7.59065586     -8.12076122     -8.15108861     -8.80181211     -8.87378564     -8.94553112     -8.95943341     -9.00541591     -9.16651401     -9.30645160     -9.36251749     -9.38338365     -9.54881046     -9.57601225     -9.60106887     -9.71689353     -9.79305192     -9.85075331     -9.98978217    -10.01030309    -10.19371985    -10.21693783    -10.22144499    -10.32581955    -10.54984559    -10.60202567    -10.70809701    -10.78522468    -10.78947652    -10.79866594    -10.99229082    -11.04101107    -11.04443350    -11.09640443    -11.12613760    -11.34022171    -11.34639593
      1.76254368     11.36434502     11.35937383     11.12426704     11.06853393     11.04125339     10.99362286     10.97392913     10.84122473     10.75998214     10.75303594     10.71173502     10.60201007     10.60035321     10.34390023     10.32003600     10.16824020     10.14626628     10.09837919     10.03592474      9.92523782      9.73146599      9.64692098      9.48369591      9.47335471      9.45455171      9.42010576      9.41490566      9.33456899      9.19646906      9.10838834      9.07288310      9.02349294      8.81489712      8.58925010      8.30774581      7.93268381      7.77017890      7.51407622      7.51281087      7.39479431      7.23650750      6.80241316      6.69195246      6.65159693      6.56637923      6.23481564      6.22567917      6.20385995      5.33821581      4.85308649      4.40825306      4.24028277      4.22153058      3.82055953      3.82006949      3.54240011      2.95652561      2.62617007      2.23194374      1.59005224      1.11748982      0.75364721      0.51999723      0.32333943     -0.32333943     -0.51999723     -0.75364721     -1.11748982     -1.59005224     -2.23194374     -2.62617007     -2.95652561     -3.54240011     -3.82006949     -3.82055953     -4.22153058     -4.24028277     -4.40825306     -4.85308649     -5.33821581     -6.20385995     -6.22567917     -6.23481564     -6.56637923     -6.65159693     -6.69195246     -6.80241316     -7.23650750     -7.39479431     -7.51281087     -7.51407622     -7.77017890     -7.93268381     -8.30774581     -8.58925010     -8.81489712     -9.02349294     -9.07288310     -9.10838834     -9.19646906     -9.33456899     -9.41490566     -9.42010576     -9.45455171     -9.47335471     -9.48369591     -9.64692098     -9.73146599     -9.92523782    -10.03592474    -10.09837919    -10.14626628    -10.16824020    -10.32003600    -10.34390023    -10.60035321    -10.60201007    -10.71173502    -10.75303594    -10.75998214    -10.84122473    -10.97392913    -10.99362286    -11.04125339    -11.06853393    -11.12426704    -11.35937383    -11.36434502
      1.77234760     11.37337859     11.37099946     11.11581271     11.09155730     10.98459068     10.96377777     10.96030546     10.89838612     10.72944006     10.71784163     10.71500648     10.64912056     10.56743073     10.45005778     10.29053555     10.19134346     10.12408894     10.09135878     10.06718608      9.99607253      9.65350742      9.57881680      9.51654272      9.48129924      9.36791733      9.35814717      9.35569995      9.28983637      9.23062846      9.21064603      9.18786946      9.16468393      8.67734307      8.45962003      8.36538307      8.01353854      7.73933700      7.50527450      7.50477926      7.44060661      7.19621442      6.89461708      6.63616108      6.52179439      6.45574129      6.38873532      6.34298417      6.30008377      5.06994416      4.67093727      4.66745877      4.39663819      4.03853035      3.80446602      3.80382788      3.73876413      2.85298733      2.71138493      2.03610346      1.76073867      1.00223219      0.84568340      0.45563300      0.37214917     -0.37214917     -0.45563300     -0.84568340     -1.00223219     -1.76073867     -2.03610346     -2.71138493     -2.85298733     -3.73876413     -3.80382788     -3.80446602     -4.03853035     -4.39663819     -4.66745877     -4.67093727     -5.06994416     -6.30008377     -6.34298417     -6.38873532     -6.45574129     -6.52179439     -6.63616108     -6.89461708     -7.19621442     -7.44060661     -7.50477926     -7.50527450     -7.73933700     -8.01353854     -8.36538307     -8.45962003     -8.67734307     -9.16468393     -9.18786946     -9.21064603     -9.23062846     -9.28983637     -9.35569995     -9.35814717     -9.36791733     -9.48129924     -9.51654272     -9.57881680     -9.65350742     -9.99607253    -10.06718608    -10.09135878    -10.12408894    -10.19134346    -10.29053555    -10.45005778    -10.56743073    -10.64912056    -10.71500648    -10.71784163    -10.72944006    -10.89838612    -10.96030546    -10.96377777    -10.98459068    -11.09155730    -11.11581271    -11.37099946    -11.37337859
      1.78215152     11.37466179     11.37385216     11.10921028     11.10110056     10.95791797     10.95716111     10.95592281     10.92715607     10.72240806     10.71784180     10.69561008     10.67268242     10.53611616     10.49652766     10.26383717     10.23051432     10.10383588     10.08485516     10.06123901     10.02944198      9.61018825      9.56445410      9.54562895      9.51310233      9.31336007      9.30217206      9.29626938      9.26903971      9.26164172      9.24930224      9.24547755      9.23173781      8.60620749      8.53360852      8.25004860      8.13271520      7.64085115      7.54124981      7.50342288      7.50326096      7.09610221      6.99554449      6.55337417      6.47088198      6.46002879      6.40242332      6.40041281      6.35051798      4.93639782      4.80336541      4.57613495      4.48585113      3.93810382      3.83813696      3.80103447      3.80079310      2.80395402      2.75675181      1.94180621      1.85000003      0.94772848      0.89550436      0.42621901      0.39844490     -0.39844490     -0.42621901     -0.89550436     -0.94772848     -1.85000003     -1.94180621     -2.75675181     -2.80395402     -3.80079310     -3.80103447     -3.83813696     -3.93810382     -4.48585113     -4.57613495     -4.80336541     -4.93639782     -6.35051798     -6.40041281     -6.40242332     -6.46002879     -6.47088198     -6.55337417     -6.99554449     -7.09610221     -7.50326096     -7.50342288     -7.54124981     -7.64085115     -8.13271520     -8.25004860     -8.53360852     -8.60620749     -9.23173781     -9.24547755     -9.24930224     -9.26164172     -9.26903971     -9.29626938     -9.30217206     -9.31336007     -9.51310233     -9.54562895     -9.56445410     -9.61018825    -10.02944198    -10.06123901    -10.08485516    -10.10383588    -10.23051432    -10.26383717    -10.49652766    -10.53611616    -10.67268242    -10.69561008    -10.71784180    -10.72240806    -10.92715607    -10.95592281    -10.95716111    -10.95791797    -11.10110056    -11.10921028    -11.37385216    -11.37466179
      1.79195544     11.36995485     11.36615545     11.12084742     11.08066790     11.01306526     10.97563048     10.96620418     10.86970973     10.73954459     10.73931779     10.71318004     10.62498871     10.58946797     10.39822807     10.30987848     10.14707746     10.14557207     10.11972168     10.05086492      9.96127218      9.69408993      9.61260237      9.46664145      9.45028057      9.42530896      9.41722811      9.40592702      9.31168367      9.21301868      9.15961092      9.13024450      9.09523014      8.74693537      8.47853031      8.38431090      7.89265304      7.83663700      7.50882362      7.50796673      7.33899880      7.29580439      6.79339499      6.71919137      6.58566662      6.51041299      6.30698446      6.28777568      6.25117865      5.20391380      4.75978840      4.53920334      4.30852348      4.13929386      3.81100245      3.81022486      3.64013197      2.90384659      2.66785678      2.13283553      1.67407326      1.05887277      0.79836952      0.48684302      0.34716815     -0.34716815     -0.48684302     -0.79836952     -1.05887277     -1.67407326     -2.13283553     -2.66785678     -2.90384659     -3.64013197     -3.81022486     -3.81100245     -4.13929386     -4.30852348     -4.53920334     -4.75978840     -5.20391380     -6.25117865     -6.28777568     -6.30698446     -6.51041299     -6.58566662     -6.71919137     -6.79339499     -7.29580439     -7.33899880     -7.50796673     -7.50882362     -7.83663700     -7.89265304     -8.38431090     -8.47853031     -8.74693537     -9.09523014     -9.13024450     -9.15961092     -9.21301868     -9.31168367     -9.40592702     -9.41722811     -9.42530896     -9.45028057     -9.46664145     -9.61260237     -9.69408993     -9.96127218    -10.05086492    -10.11972168    -10.14557207    -10.14707746    -10.30987848    -10.39822807    -10.58946797    -10.62498871    -10.71318004    -10.73931779    -10.73954459    -10.86970973    -10.96620418    -10.97563048    -11.01306526    -11.08066790    -11.12084742    -11.36615545    -11.36995485
      1.80175936     11.35650573     11.35071014     11.12603733     11.06906326     11.05527145     11.01700751     10.98278934     10.81302986     10.77978143     10.76983137     10.71016857     10.60575652     10.57528223     10.32860985     10.28096397     10.19204556     10.17094474     10.04579926     10.02239534      9.88825423      9.76488751      9.68170691      9.54236695      9.52635065      9.50214301      9.39083268      9.36146934      9.35847578      9.18097156      9.05697638      9.01591719      8.94959253      8.88113180      8.69721217      8.22998577      8.02741271      7.64622673      7.52103635      7.51929786      7.49310506      7.13321792      6.88577403      6.71953089      6.62358066      6.59036304      6.18412819      6.15818419      6.14486869      5.47275912      4.94731277      4.34139614      4.27817532      4.13567911      3.83344569      3.83305440      3.44574200      3.01101704      2.58632690      2.33336706      1.50872128      1.17790753      0.71158267      0.55523365      0.30050567     -0.30050567     -0.55523365     -0.71158267     -1.17790753     -1.50872128     -2.33336706     -2.58632690     -3.01101704     -3.44574200     -3.83305440     -3.83344569     -4.13567911     -4.27817532     -4.34139614     -4.94731277     -5.47275912     -6.14486869     -6.15818419     -6.18412819     -6.59036304     -6.62358066     -6.71953089     -6.88577403     -7.13321792     -7.49310506     -7.51929786     -7.52103635     -7.64622673     -8.02741271     -8.22998577     -8.69721217     -8.88113180     -8.94959253     -9.01591719     -9.05697638     -9.18097156     -9.35847578     -9.36146934     -9.39083268     -9.50214301     -9.52635065     -9.54236695     -9.68170691     -9.76488751     -9.88825423    -10.02239534    -10.04579926    -10.17094474    -10.19204556    -10.28096397    -10.32860985    -10.57528223    -10.60575652    -10.71016857    -10.76983137    -10.77978143    -10.81302986    -10.98278934    -11.01700751    -11.05527145    -11.06906326    -11.12603733    -11.35071014    -11.35650573
      1.81156328     11.33397691     11.32796759     11.12456161     11.12318792     11.07441440     11.02589737     11.00208663     10.81658985     10.81128357     10.75790938     10.70523266     10.59228759     10.52411453     10.31737597     10.24286426     10.21456311     10.16313430      9.99967083      9.93068386      9.81351516      9.81343245      9.75241339      9.65966037      9.62208414      9.59455044      9.40926845      9.33521459      9.24996064      9.15308012      9.00797161      8.95376358      8.90350015      8.90325874      8.79528358      8.21266865      8.07110923      7.68736379      7.54008517      7.53713936      7.39429974      7.05270067      6.92460655      6.86116166      6.74145116      6.38703415      6.08964943      6.07198274      5.98492671      5.74220479      5.13837514      4.54364288      4.02098968      3.96745761      3.87111404      3.86653422      3.25641550      3.12540143      2.54290376      2.51217729      1.35429792      1.30338346      0.63561093      0.63244599      0.25724192     -0.25724192     -0.63244599     -0.63561093     -1.30338346     -1.35429792     -2.51217729     -2.54290376     -3.12540143     -3.25641550     -3.86653422     -3.87111404     -3.96745761     -4.02098968     -4.54364288     -5.13837514     -5.74220479     -5.98492671     -6.07198274     -6.08964943     -6.38703415     -6.74145116     -6.86116166     -6.92460655     -7.05270067     -7.39429974     -7.53713936     -7.54008517     -7.68736379     -8.07110923     -8.21266865     -8.79528358     -8.90325874     -8.90350015     -8.95376358     -9.00797161     -9.15308012     -9.24996064     -9.33521459     -9.40926845     -9.59455044     -9.62208414     -9.65966037     -9.75241339     -9.81343245     -9.81351516     -9.93068386     -9.99967083    -10.16313430    -10.21456311    -10.24286426    -10.31737597    -10.52411453    -10.59228759    -10.70523266    -10.75790938    -10.81128357    -10.81658985    -11.00208663    -11.02589737    -11.07441440    -11.12318792    -11.12456161    -11.32796759    -11.33397691
      1.82136721     11.30206877     11.29840652     11.17473330     11.13713269     11.11643795     11.02166550     10.99374638     10.85841251     10.84939444     10.70515108     10.69632095     10.55971630     10.47205993     10.29759713     10.28565207     10.25037693     10.07318132      9.98285956      9.82417958      9.81031074      9.80433841      9.77608993      9.74621581      9.70065219      9.68308563      9.46385435      9.28385358      9.13295265      9.12919849      9.12637586      9.08834638      8.85044033      8.79351522      8.63381791      8.39192335      7.90811028      7.87790384      7.56596017      7.56135942      7.21954127      7.13765779      7.01000031      6.86354907      6.71393646      6.18398236      6.01152105      6.00446507      5.99300485      5.82754307      5.33260087      4.74542189      3.92382360      3.91081284      3.80392708      3.76834302      3.24691429      3.07385448      2.76091400      2.44541681      1.43371471      1.21111010      0.71933600      0.57069266      0.21636352     -0.21636352     -0.57069266     -0.71933600     -1.21111010     -1.43371471     -2.44541681     -2.76091400     -3.07385448     -3.24691429     -3.76834302     -3.80392708     -3.91081284     -3.92382360     -4.74542189     -5.33260087     -5.82754307     -5.99300485     -6.00446507     -6.01152105     -6.18398236     -6.71393646     -6.86354907     -7.01000031     -7.13765779     -7.21954127     -7.56135942     -7.56596017     -7.87790384     -7.90811028     -8.39192335     -8.63381791     -8.79351522     -8.85044033     -9.08834638     -9.12637586     -9.12919849     -9.13295265     -9.28385358     -9.46385435     -9.68308563     -9.70065219     -9.74621581     -9.77608993     -9.80433841     -9.81031074     -9.82417958     -9.98285956    -10.07318132    -10.25037693    -10.28565207    -10.29759713    -10.47205993    -10.55971630    -10.69632095    -10.70515108    -10.84939444    -10.85841251    -10.99374638    -11.02166550    -11.11643795    -11.13713269    -11.17473330    -11.29840652    -11.30206877
      1.83117113     11.26253072     11.26052225     11.22301793     11.19811471     11.10198509     11.04033496     10.96014280     10.90609963     10.87792339     10.68231248     10.65556060     10.51525632     10.41970876     10.35577825     10.27829996     10.23905957     10.05102433      9.97207047      9.89645376      9.89088561      9.77070103      9.76734289      9.71708430      9.69746369      9.66850902      9.52197037      9.23714507      9.23481906      9.23138190      9.10911984      9.01117534      8.74754430      8.68637220      8.56470649      8.46532935      8.06397950      7.74137746      7.59861457      7.59181341      7.38585732      7.16538893      6.98940075      6.87705040      6.50205797      6.27997902      5.98176952      5.92865920      5.92165845      5.67309567      5.52957865      4.94626179      3.99205163      3.96529032      3.64507584      3.52091746      3.37544576      2.98683440      2.90005311      2.38605096      1.56730937      1.07941561      0.81654920      0.51691400      0.17717035     -0.17717035     -0.51691400     -0.81654920     -1.07941561     -1.56730937     -2.38605096     -2.90005311     -2.98683440     -3.37544576     -3.52091746     -3.64507584     -3.96529032     -3.99205163     -4.94626179     -5.52957865     -5.67309567     -5.92165845     -5.92865920     -5.98176952     -6.27997902     -6.50205797     -6.87705040     -6.98940075     -7.16538893     -7.38585732     -7.59181341     -7.59861457     -7.74137746     -8.06397950     -8.46532935     -8.56470649     -8.68637220     -8.74754430     -9.01117534     -9.10911984     -9.23138190     -9.23481906     -9.23714507     -9.52197037     -9.66850902     -9.69746369     -9.71708430     -9.76734289     -9.77070103     -9.89088561     -9.89645376     -9.97207047    -10.05102433    -10.23905957    -10.27829996    -10.35577825    -10.41970876    -10.51525632    -10.65556060    -10.68231248    -10.87792339    -10.90609963    -10.96014280    -11.04033496    -11.10198509    -11.19811471    -11.22301793    -11.26052225    -11.26253072
      1.84097505     11.26738623     11.25370811     11.22086657     11.20912221     11.08195713     11.05748569     10.95097725     10.92628102     10.90200029     10.66265290     10.60993629     10.46288069     10.41691078     10.36766077     10.29836500     10.18297698     10.06546871     10.00331337      9.96867825      9.96735074      9.84687444      9.81589404      9.72799726      9.58330199      9.56584337      9.52447060      9.33094911      9.28545836      9.19544946      9.09258397      8.88528859      8.73053788      8.64562888      8.58242222      8.29059919      8.24469462      7.63796251      7.62834784      7.57126180      7.55120177      7.32657519      7.11853572      6.61321139      6.54685176      6.28990573      5.86228503      5.85832348      5.78094408      5.72886496      5.52195694      5.14581580      4.07609800      4.02939576      3.51085921      3.49080392      3.27937773      3.22007270      2.73733923      2.33408417      1.70270449      0.95942126      0.92453098      0.47428254      0.13936526     -0.13936526     -0.47428254     -0.92453098     -0.95942126     -1.70270449     -2.33408417     -2.73733923     -3.22007270     -3.27937773     -3.49080392     -3.51085921     -4.02939576     -4.07609800     -5.14581580     -5.52195694     -5.72886496     -5.78094408     -5.85832348     -5.86228503     -6.28990573     -6.54685176     -6.61321139     -7.11853572     -7.32657519     -7.55120177     -7.57126180     -7.62834784     -7.63796251     -8.24469462     -8.29059919     -8.58242222     -8.64562888     -8.73053788     -8.88528859     -9.09258397     -9.19544946     -9.28545836     -9.33094911     -9.52447060     -9.56584337     -9.58330199     -9.72799726     -9.81589404     -9.84687444     -9.96735074     -9.96867825    -10.00331337    -10.06546871    -10.18297698    -10.29836500    -10.36766077    -10.41691078    -10.46288069    -10.60993629    -10.66265290    -10.90200029    -10.92628102    -10.95097725    -11.05748569    -11.08195713    -11.20912221    -11.22086657    -11.25370811    -11.26738623
      1.85077897     11.30721017     11.30211532     11.17396064     11.14770174     11.07274774     11.05777861     10.99112490     10.92156895     10.89271364     10.63713702     10.56905547     10.48047091     10.40482330     10.31651851     10.31079269     10.12309944     10.11263566     10.08357219     10.04029301      9.96868401      9.92123460      9.84978601      9.83002265      9.64748801      9.41088288      9.39047300      9.37325380      9.24253346      9.15908926      9.07928894      8.88890122      8.75590236      8.54524748      8.48197311      8.41875391      8.11027406      7.71511862      7.68387731      7.67080367      7.49272254      7.39807779      7.25048738      6.81141434      6.34686906      6.07850417      5.92998819      5.80537375      5.80334664      5.58203947      5.37449527      5.34384307      4.17602336      4.10258619      3.65298938      3.46001054      3.34091480      3.04436819      2.58840823      2.28952131      1.83868541      1.04354854      0.85128162      0.44278509      0.10311061     -0.10311061     -0.44278509     -0.85128162     -1.04354854     -1.83868541     -2.28952131     -2.58840823     -3.04436819     -3.34091480     -3.46001054     -3.65298938     -4.10258619     -4.17602336     -5.34384307     -5.37449527     -5.58203947     -5.80334664     -5.80537375     -5.92998819     -6.07850417     -6.34686906     -6.81141434     -7.25048738     -7.39807779     -7.49272254     -7.67080367     -7.68387731     -7.71511862     -8.11027406     -8.41875391     -8.48197311     -8.54524748     -8.75590236     -8.88890122     -9.07928894     -9.15908926     -9.24253346     -9.37325380     -9.39047300     -9.41088288     -9.64748801     -9.83002265     -9.84978601     -9.92123460     -9.96868401    -10.04029301    -10.08357219    -10.11263566    -10.12309944    -10.31079269    -10.31651851    -10.40482330    -10.48047091    -10.56905547    -10.63713702    -10.89271364    -10.92156895    -10.99112490    -11.05777861    -11.07274774    -11.14770174    -11.17396064    -11.30211532    -11.30721017
      1.86058289     11.34247310     11.34189111     11.12237708     11.08580724     11.07614866     11.03184388     11.02553917     10.93672726     10.85861494     10.60577913     10.54591165     10.53365614     10.34248237     10.31629560     10.26688067     10.21810248     10.11073929     10.09610003     10.06645684      9.98998945      9.98361091      9.97598936      9.84171114      9.71412546      9.46783687      9.21577100      9.20341498      9.15107223      9.12834633      9.06890743      9.03921171      8.62358898      8.58340125      8.44694589      8.38529714      7.92497839      7.87714178      7.73619050      7.71901924      7.66292498      7.38479301      7.22210299      7.07294189      6.13245235      6.07875114      5.86897210      5.75794173      5.75703622      5.54018814      5.38557236      5.23107676      4.29159845      4.18434498      3.80164100      3.70600638      3.19510846      2.81650979      2.45632801      2.25236842      1.97437310      1.17371672      0.75509868      0.42242501      0.06902088     -0.06902088     -0.42242501     -0.75509868     -1.17371672     -1.97437310     -2.25236842     -2.45632801     -2.81650979     -3.19510846     -3.70600638     -3.80164100     -4.18434498     -4.29159845     -5.23107676     -5.38557236     -5.54018814     -5.75703622     -5.75794173     -5.86897210     -6.07875114     -6.13245235     -7.07294189     -7.22210299     -7.38479301     -7.66292498     -7.71901924     -7.73619050     -7.87714178     -7.92497839     -8.38529714     -8.44694589     -8.58340125     -8.62358898     -9.03921171     -9.06890743     -9.12834633     -9.15107223     -9.20341498     -9.21577100     -9.46783687     -9.71412546     -9.84171114     -9.97598936     -9.98361091     -9.98998945    -10.06645684    -10.09610003    -10.11073929    -10.21810248    -10.26688067    -10.31629560    -10.34248237    -10.53365614    -10.54591165    -10.60577913    -10.85861494    -10.93672726    -11.02553917    -11.03184388    -11.07614866    -11.08580724    -11.12237708    -11.34189111    -11.34247310
      1.87038681     11.37440930     11.37086193     11.09631203     11.06669502     11.05377220     11.00753865     10.99441829     10.94777173     10.82130835     10.61266654     10.56873800     10.50441450     10.31894448     10.31788700     10.27685205     10.21933529     10.17946326     10.12758622     10.09938239     10.05271639     10.02461672      9.98912132      9.82222661      9.78277456      9.49174339      9.18077573      9.10345953      9.06110775      9.05288671      9.03833952      9.01995286      8.72592477      8.48889140      8.35125698      8.29263686      8.03679269      7.83622481      7.79469135      7.77283226      7.73532461      7.52099326      7.33070392      7.04357724      6.33574053      5.80958672      5.73475904      5.71999601      5.71965733      5.66252563      5.19204077      5.09206721      4.42227772      4.27418003      3.95739820      3.95658799      3.05297715      2.59639682      2.34447908      2.22263272      2.10926852      1.31502277      0.67092266      0.41324058      0.03793583     -0.03793583     -0.41324058     -0.67092266     -1.31502277     -2.10926852     -2.22263272     -2.34447908     -2.59639682     -3.05297715     -3.95658799     -3.95739820     -4.27418003     -4.42227772     -5.09206721     -5.19204077     -5.66252563     -5.71965733     -5.71999601     -5.73475904     -5.80958672     -6.33574053     -7.04357724     -7.33070392     -7.52099326     -7.73532461     -7.77283226     -7.79469135     -7.83622481     -8.03679269     -8.29263686     -8.35125698     -8.48889140     -8.72592477     -9.01995286     -9.03833952     -9.05288671     -9.06110775     -9.10345953     -9.18077573     -9.49174339     -9.78277456     -9.82222661     -9.98912132    -10.02461672    -10.05271639    -10.09938239    -10.12758622    -10.17946326    -10.21933529    -10.27685205    -10.31788700    -10.31894448    -10.50441450    -10.56873800    -10.61266654    -10.82130835    -10.94777173    -10.99441829    -11.00753865    -11.05377220    -11.06669502    -11.09631203    -11.37086193    -11.37440930
      1.88019073     11.39783118     11.39358970     11.10384070     11.07571955     11.00750587     10.98823635     10.95528641     10.90252868     10.77706754     10.68015329     10.52627273     10.48191902     10.41435949     10.33997986     10.24591990     10.23985911     10.20872399     10.17445285     10.10899479     10.09366022     10.00787084     10.00659552      9.85296351      9.78060861      9.47313034      9.31274139      9.08462257      9.05557854      8.96454115      8.91366333      8.88545749      8.72245237      8.35232917      8.25869610      8.20421023      8.19357562      8.01163172      7.85912711      7.83208114      7.65863106      7.58395031      7.54191722      6.86270176      6.53931801      5.92750553      5.69153829      5.69142764      5.54010649      5.46047760      5.00192222      4.95783426      4.56720571      4.37162192      4.21350631      4.11757309      2.91400613      2.38459347      2.25638160      2.24324998      2.20032193      1.46734778      0.59875435      0.41530890      0.00759300     -0.00759300     -0.41530890     -0.59875435     -1.46734778     -2.20032193     -2.24324998     -2.25638160     -2.38459347     -2.91400613     -4.11757309     -4.21350631     -4.37162192     -4.56720571     -4.95783426     -5.00192222     -5.46047760     -5.54010649     -5.69142764     -5.69153829     -5.92750553     -6.53931801     -6.86270176     -7.54191722     -7.58395031     -7.65863106     -7.83208114     -7.85912711     -8.01163172     -8.19357562     -8.20421023     -8.25869610     -8.35232917     -8.72245237     -8.88545749     -8.91366333     -8.96454115     -9.05557854     -9.08462257     -9.31274139     -9.47313034     -9.78060861     -9.85296351    -10.00659552    -10.00787084    -10.09366022    -10.10899479    -10.17445285    -10.20872399    -10.23985911    -10.24591990    -10.33997986    -10.41435949    -10.48191902    -10.52627273    -10.68015329    -10.77706754    -10.90252868    -10.95528641    -10.98823635    -11.00750587    -11.07571955    -11.10384070    -11.39358970    -11.39783118
      1.88999466     11.41281960     11.40957888     11.10794304     11.09146812     10.97542637     10.96015777     10.94541048     10.80067561     10.74777722     10.72318529     10.50348516     10.47871553     10.46664301     10.44391482     10.30957697     10.25553082     10.15837844     10.13878386     10.13277944     10.07986119     10.03196728     10.01196296      9.92419294      9.71875139      9.43403962      9.41250020      9.07912640      9.07198230      9.05205512      8.78069798      8.71435460      8.53052145      8.34696865      8.21440322      8.18814124      8.16975700      8.12021553      7.92920387      7.89660520      7.83187624      7.79725016      7.34535461      6.74263511      6.67963891      6.11839878      5.67256760      5.67251394      5.27104197      5.26423102      4.82874980      4.81567182      4.72525637      4.47622194      4.47363614      4.28430787      2.77758236      2.37652801      2.19536755      2.18544329      2.18163010      1.63048428      0.53854930      0.42873998      0.01300694     -0.01300694     -0.42873998     -0.53854930     -1.63048428     -2.18163010     -2.18544329     -2.19536755     -2.37652801     -2.77758236     -4.28430787     -4.47363614     -4.47622194     -4.72525637     -4.81567182     -4.82874980     -5.26423102     -5.27104197     -5.67251394     -5.67256760     -6.11839878     -6.67963891     -6.74263511     -7.34535461     -7.79725016     -7.83187624     -7.89660520     -7.92920387     -8.12021553     -8.16975700     -8.18814124     -8.21440322     -8.34696865     -8.53052145     -8.71435460     -8.78069798     -9.05205512     -9.07198230     -9.07912640     -9.41250020     -9.43403962     -9.71875139     -9.92419294    -10.01196296    -10.03196728    -10.07986119    -10.13277944    -10.13878386    -10.15837844    -10.25553082    -10.30957697    -10.44391482    -10.46664301    -10.47871553    -10.50348516    -10.72318529    -10.74777722    -10.80067561    -10.94541048    -10.96015777    -10.97542637    -11.09146812    -11.10794304    -11.40957888    -11.41281960
      1.89979858     11.41957292     11.41837552     11.10849908     11.10089826     10.96806438     10.96377791     10.88101637     10.81493468     10.68927298     10.65912540     10.58532777     10.56898775     10.45891909     10.42645408     10.36991939     10.23380135     10.20031085     10.09482996     10.06765861     10.06159869     10.06108152     10.02922350      9.99593957      9.63889960      9.54332044      9.32045821      9.20427557      9.06563739      9.05034440      8.64124648      8.54047602      8.49640649      8.36475138      8.30759168      8.08490791      8.07559967      8.07351397      8.04083599      8.00458795      7.96624406      7.93639322      7.14622973      6.94512975      6.49451310      6.30741345      5.66308261      5.66302879      5.07526322      5.00312399      4.89509704      4.73708085      4.70519245      4.63372050      4.58754999      4.45647331      2.64301487      2.50957052      2.17800243      2.16410820      1.98799908      1.80415005      0.49022415      0.45366533      0.00551792     -0.00551792     -0.45366533     -0.49022415     -1.80415005     -1.98799908     -2.16410820     -2.17800243     -2.50957052     -2.64301487     -4.45647331     -4.58754999     -4.63372050     -4.70519245     -4.73708085     -4.89509704     -5.00312399     -5.07526322     -5.66302879     -5.66308261     -6.30741345     -6.49451310     -6.94512975     -7.14622973     -7.93639322     -7.96624406     -8.00458795     -8.04083599     -8.07351397     -8.07559967     -8.08490791     -8.30759168     -8.36475138     -8.49640649     -8.54047602     -8.64124648     -9.05034440     -9.06563739     -9.20427557     -9.32045821     -9.54332044     -9.63889960     -9.99593957    -10.02922350    -10.06108152    -10.06159869    -10.06765861    -10.09482996    -10.20031085    -10.23380135    -10.36991939    -10.42645408    -10.45891909    -10.56898775    -10.58532777    -10.65912540    -10.68927298    -10.81493468    -10.88101637    -10.96377791    -10.96806438    -11.10089826    -11.10849908    -11.41837552    -11.41957292
      1.90960250     11.41957292     11.41837552     11.10849908     11.10089826     10.96806438     10.96377791     10.88101637     10.81493468     10.68927298     10.65912540     10.58532777     10.56898775     10.45891909     10.42645408     10.36991939     10.23380135     10.20031085     10.09482996     10.06765861     10.06159869     10.06108152     10.02922350      9.99593957      9.63889960      9.54332044      9.32045821      9.20427557      9.06563739      9.05034440      8.64124648      8.54047602      8.49640649      8.36475138      8.30759168      8.08490791      8.07559967      8.07351397      8.04083599      8.00458795      7.96624406      7.93639322      7.14622973      6.94512975      6.49451310      6.30741345      5.66308261      5.66302879      5.07526322      5.00312399      4.89509704      4.73708085      4.70519245      4.63372050      4.58754999      4.45647331      2.64301487      2.50957052      2.17800243      2.16410820      1.98799908      1.80415005      0.49022415      0.45366533      0.00551792     -0.00551792     -0.45366533     -0.49022415     -1.80415005     -1.98799908     -2.16410820     -2.17800243     -2.50957052     -2.64301487     -4.45647331     -4.58754999     -4.63372050     -4.70519245     -4.73708085     -4.89509704     -5.00312399     -5.07526322     -5.66302879     -5.66308261     -6.30741345     -6.49451310     -6.94512975     -7.14622973     -7.93639322     -7.96624406     -8.00458795     -8.04083599     -8.07351397     -8.07559967     -8.08490791     -8.30759168     -8.36475138     -8.49640649     -8.54047602     -8.64124648     -9.05034440     -9.06563739     -9.20427557     -9.32045821     -9.54332044     -9.63889960     -9.99593957    -10.02922350    -10.06108152    -10.06159869    -10.06765861    -10.09482996    -10.20031085    -10.23380135    -10.36991939    -10.42645408    -10.45891909    -10.56898775    -10.58532777    -10.65912540    -10.68927298    -10.81493468    -10.88101637    -10.96377791    -10.96806438    -11.10089826    -11.10849908    -11.41837552    -11.41957292
      1.91940642     11.41281960     11.40957888     11.10794304     11.09146812     10.97542637     10.96015777     10.94541048     10.80067561     10.74777722     10.72318529     10.50348516     10.47871553     10.46664301     10.44391482     10.30957697     10.25553082     10.15837844     10.13878386     10.13277944     10.07986119     10.03196728     10.01196296      9.92419294      9.71875139      9.43403962      9.41250020      9.07912640      9.07198230      9.05205512      8.78069798      8.71435460      8.53052145      8.34696865      8.21440322      8.18814124      8.16975700      8.12021553      7.92920387      7.89660520      7.83187624      7.79725016      7.34535461      6.74263511      6.67963891      6.11839878      5.67256760      5.67251394      5.27104197      5.26423102      4.82874980      4.81567182      4.72525637      4.47622194      4.47363614      4.28430787      2.77758236      2.37652801      2.19536755      2.18544329      2.18163010      1.63048428      0.53854930      0.42873998      0.01300694     -0.01300694     -0.42873998     -0.53854930     -1.63048428     -2.18163010     -2.18544329     -2.19536755     -2.37652801     -2.77758236     -4.28430787     -4.47363614     -4.47622194     -4.72525637     -4.81567182     -4.82874980     -5.26423102     -5.27104197     -5.67251394     -5.67256760     -6.11839878     -6.67963891     -6.74263511     -7.34535461     -7.79725016     -7.83187624     -7.89660520     -7.92920387     -8.12021553     -8.16975700     -8.18814124     -8.21440322     -8.34696865     -8.53052145     -8.71435460     -8.78069798     -9.05205512     -9.07198230     -9.07912640     -9.41250020     -9.43403962     -9.71875139     -9.92419294    -10.01196296    -10.03196728    -10.07986119    -10.13277944    -10.13878386    -10.15837844    -10.25553082    -10.30957697    -10.44391482    -10.46664301    -10.47871553    -10.50348516    -10.72318529    -10.74777722    -10.80067561    -10.94541048    -10.96015777    -10.97542637    -11.09146812    -11.10794304    -11.40957888    -11.41281960
      1.92921034     11.39783118     11.39358970     11.10384070     11.07571955     11.00750587     10.98823635     10.95528641     10.90252868     10.77706754     10.68015329     10.52627273     10.48191902     10.41435949     10.33997986     10.24591990     10.23985911     10.20872399     10.17445285     10.10899479     10.09366022     10.00787084     10.00659552      9.85296351      9.78060861      9.47313034      9.31274139      9.08462257      9.05557854      8.96454115      8.91366333      8.88545749      8.72245237      8.35232917      8.25869610      8.20421023      8.19357562      8.01163172      7.85912711      7.83208114      7.65863106      7.58395031      7.54191722      6.86270176      6.53931801      5.92750553      5.69153829      5.69142764      5.54010649      5.46047760      5.00192222      4.95783426      4.56720571      4.37162192      4.21350631      4.11757309      2.91400613      2.38459347      2.25638160      2.24324998      2.20032193      1.46734778      0.59875435      0.41530890      0.00759300     -0.00759300     -0.41530890     -0.59875435     -1.46734778     -2.20032193     -2.24324998     -2.25638160     -2.38459347     -2.91400613     -4.11757309     -4.21350631     -4.37162192     -4.56720571     -4.95783426     -5.00192222     -5.46047760     -5.54010649     -5.69142764     -5.69153829     -5.92750553     -6.53931801     -6.86270176     -7.54191722     -7.58395031     -7.65863106     -7.83208114     -7.85912711     -8.01163172     -8.19357562     -8.20421023     -8.25869610     -8.35232917     -8.72245237     -8.88545749     -8.91366333     -8.96454115     -9.05557854     -9.08462257     -9.31274139     -9.47313034     -9.78060861     -9.85296351    -10.00659552    -10.00787084    -10.09366022    -10.10899479    -10.17445285    -10.20872399    -10.23985911    -10.24591990    -10.33997986    -10.41435949    -10.48191902    -10.52627273    -10.68015329    -10.77706754    -10.90252868    -10.95528641    -10.98823635    -11.00750587    -11.07571955    -11.10384070    -11.39358970    -11.39783118
      1.93901426     11.37440930     11.37086193     11.09631203     11.06669502     11.05377220     11.00753865     10.99441829     10.94777173     10.82130835     10.61266654     10.56873800     10.50441450     10.31894448     10.31788700     10.27685205     10.21933529     10.17946326     10.12758622     10.09938239     10.05271639     10.02461672      9.98912132      9.82222661      9.78277456      9.49174339      9.18077573      9.10345953      9.06110775      9.05288671      9.03833952      9.01995286      8.72592477      8.48889140      8.35125698      8.29263686      8.03679269      7.83622481      7.79469135      7.77283226      7.73532461      7.52099326      7.33070392      7.04357724      6.33574053      5.80958672      5.73475904      5.71999601      5.71965733      5.66252563      5.19204077      5.09206721      4.42227772      4.27418003      3.95739820      3.95658799      3.05297715      2.59639682      2.34447908      2.22263272      2.10926852      1.31502277      0.67092266      0.41324058      0.03793583     -0.03793583     -0.41324058     -0.67092266     -1.31502277     -2.10926852     -2.22263272     -2.34447908     -2.59639682     -3.05297715     -3.95658799     -3.95739820     -4.27418003     -4.42227772     -5.09206721     -5.19204077     -5.66252563     -5.71965733     -5.71999601     -5.73475904     -5.80958672     -6.33574053     -7.04357724     -7.33070392     -7.52099326     -7.73532461     -7.77283226     -7.79469135     -7.83622481     -8.03679269     -8.29263686     -8.35125698     -8.48889140     -8.72592477     -9.01995286     -9.03833952     -9.05288671     -9.06110775     -9.10345953     -9.18077573     -9.49174339     -9.78277456     -9.82222661     -9.98912132    -10.02461672    -10.05271639    -10.09938239    -10.12758622    -10.17946326    -10.21933529    -10.27685205    -10.31788700    -10.31894448    -10.50441450    -10.56873800    -10.61266654    -10.82130835    -10.94777173    -10.99441829    -11.00753865    -11.05377220    -11.06669502    -11.09631203    -11.37086193    -11.37440930
      1.94881819     11.34247310     11.34189111     11.12237708     11.08580724     11.07614866     11.03184388     11.02553917     10.93672726     10.85861494     10.60577913     10.54591165     10.53365614     10.34248237     10.31629560     10.26688067     10.21810248     10.11073929     10.09610003     10.06645684      9.98998945      9.98361091      9.97598936      9.84171114      9.71412546      9.46783687      9.21577100      9.20341498      9.15107223      9.12834633      9.06890743      9.03921171      8.62358898      8.58340125      8.44694589      8.38529714      7.92497839      7.87714178      7.73619050      7.71901924      7.66292498      7.38479301      7.22210299      7.07294189      6.13245235      6.07875114      5.86897210      5.75794173      5.75703622      5.54018814      5.38557236      5.23107676      4.29159845      4.18434498      3.80164100      3.70600638      3.19510846      2.81650979      2.45632801      2.25236842      1.97437310      1.17371672      0.75509868      0.42242501      0.06902088     -0.06902088     -0.42242501     -0.75509868     -1.17371672     -1.97437310     -2.25236842     -2.45632801     -2.81650979     -3.19510846     -3.70600638     -3.80164100     -4.18434498     -4.29159845     -5.23107676     -5.38557236     -5.54018814     -5.75703622     -5.75794173     -5.86897210     -6.07875114     -6.13245235     -7.07294189     -7.22210299     -7.38479301     -7.66292498     -7.71901924     -7.73619050     -7.87714178     -7.92497839     -8.38529714     -8.44694589     -8.58340125     -8.62358898     -9.03921171     -9.06890743     -9.12834633     -9.15107223     -9.20341498     -9.21577100     -9.46783687     -9.71412546     -9.84171114     -9.97598936     -9.98361091     -9.98998945    -10.06645684    -10.09610003    -10.11073929    -10.21810248    -10.26688067    -10.31629560    -10.34248237    -10.53365614    -10.54591165    -10.60577913    -10.85861494    -10.93672726    -11.02553917    -11.03184388    -11.07614866    -11.08580724    -11.12237708    -11.34189111    -11.34247310
      1.95862211     11.30721017     11.30211532     11.17396064     11.14770174     11.07274774     11.05777861     10.99112490     10.92156895     10.89271364     10.63713702     10.56905547     10.48047091     10.40482330     10.31651851     10.31079269     10.12309944     10.11263566     10.08357219     10.04029301      9.96868401      9.92123460      9.84978601      9.83002265      9.64748801      9.41088288      9.39047300      9.37325380      9.24253346      9.15908926      9.07928894      8.88890122      8.75590236      8.54524748      8.48197311      8.41875391      8.11027406      7.71511862      7.68387731      7.67080367      7.49272254      7.39807779      7.25048738      6.81141434      6.34686906      6.07850417      5.92998819      5.80537375      5.80334664      5.58203947      5.37449527      5.34384307      4.17602336      4.10258619      3.65298938      3.46001054      3.34091480      3.04436819      2.58840823      2.28952131      1.83868541      1.04354854      0.85128162      0.44278509      0.10311061     -0.10311061     -0.44278509     -0.85128162     -1.04354854     -1.83868541     -2.28952131     -2.58840823     -3.04436819     -3.34091480     -3.46001054     -3.65298938     -4.10258619     -4.17602336     -5.34384307     -5.37449527     -5.58203947     -5.80334664     -5.80537375     -5.92998819     -6.07850417     -6.34686906     -6.81141434     -7.25048738     -7.39807779     -7.49272254     -7.67080367     -7.68387731     -7.71511862     -8.11027406     -8.41875391     -8.48197311     -8.54524748     -8.75590236     -8.88890122     -9.07928894     -9.15908926     -9.24253346     -9.37325380     -9.39047300     -9.41088288     -9.64748801     -9.83002265     -9.84978601     -9.92123460     -9.96868401    -10.04029301    -10.08357219    -10.11263566    -10.12309944    -10.31079269    -10.31651851    -10.40482330    -10.48047091    -10.56905547    -10.63713702    -10.89271364    -10.92156895    -10.99112490    -11.05777861    -11.07274774    -11.14770174    -11.17396064    -11.30211532    -11.30721017
      1.96842603     11.26738623     11.25370811     11.22086657     11.20912221     11.08195713     11.05748569     10.95097725     10.92628102     10.90200029     10.66265290     10.60993629     10.46288069     10.41691078     10.36766077     10.29836500     10.18297698     10.06546871     10.00331337      9.96867825      9.96735074      9.84687444      9.81589404      9.72799726      9.58330199      9.56584337      9.52447060      9.33094911      9.28545836      9.19544946      9.09258397      8.88528859      8.73053788      8.64562888      8.58242222      8.29059919      8.24469462      7.63796251      7.62834784      7.57126180      7.55120177      7.32657519      7.11853572      6.61321139      6.54685176      6.28990573      5.86228503      5.85832348      5.78094408      5.72886496      5.52195694      5.14581580      4.07609800      4.02939576      3.51085921      3.49080392      3.27937773      3.22007270      2.73733923      2.33408417      1.70270449      0.95942126      0.92453098      0.47428254      0.13936526     -0.13936526     -0.47428254     -0.92453098     -0.95942126     -1.70270449     -2.33408417     -2.73733923     -3.22007270     -3.27937773     -3.49080392     -3.51085921     -4.02939576     -4.07609800     -5.14581580     -5.52195694     -5.72886496     -5.78094408     -5.85832348     -5.86228503     -6.28990573     -6.54685176     -6.61321139     -7.11853572     -7.32657519     -7.55120177     -7.57126180     -7.62834784     -7.63796251     -8.24469462     -8.29059919     -8.58242222     -8.64562888     -8.73053788     -8.88528859     -9.09258397     -9.19544946     -9.28545836     -9.33094911     -9.52447060     -9.56584337     -9.58330199     -9.72799726     -9.81589404     -9.84687444     -9.96735074     -9.96867825    -10.00331337    -10.06546871    -10.18297698    -10.29836500    -10.36766077    -10.41691078    -10.46288069    -10.60993629    -10.66265290    -10.90200029    -10.92628102    -10.95097725    -11.05748569    -11.08195713    -11.20912221    -11.22086657    -11.25370811    -11.26738623
      1.97822995     11.26253072     11.26052225     11.22301793     11.19811471     11.10198509     11.04033496     10.96014280     10.90609963     10.87792339     10.68231248     10.65556060     10.51525632     10.41970876     10.35577825     10.27829996     10.23905957     10.05102433      9.97207047      9.89645376      9.89088561      9.77070103      9.76734289      9.71708430      9.69746369      9.66850902      9.52197037      9.23714507      9.23481906      9.23138190      9.10911984      9.01117534      8.74754430      8.68637220      8.56470649      8.46532935      8.06397950      7.74137746      7.59861457      7.59181341      7.38585732      7.16538893      6.98940075      6.87705040      6.50205797      6.27997902      5.98176952      5.92865920      5.92165845      5.67309567      5.52957865      4.94626179      3.99205163      3.96529032      3.64507584      3.52091746      3.37544576      2.98683440      2.90005311      2.38605096      1.56730937      1.07941561      0.81654920      0.51691400      0.17717035     -0.17717035     -0.51691400     -0.81654920     -1.07941561     -1.56730937     -2.38605096     -2.90005311     -2.98683440     -3.37544576     -3.52091746     -3.64507584     -3.96529032     -3.99205163     -4.94626179     -5.52957865     -5.67309567     -5.92165845     -5.92865920     -5.98176952     -6.27997902     -6.50205797     -6.87705040     -6.98940075     -7.16538893     -7.38585732     -7.59181341     -7.59861457     -7.74137746     -8.06397950     -8.46532935     -8.56470649     -8.68637220     -8.74754430     -9.01117534     -9.10911984     -9.23138190     -9.23481906     -9.23714507     -9.52197037     -9.66850902     -9.69746369     -9.71708430     -9.76734289     -9.77070103     -9.89088561     -9.89645376     -9.97207047    -10.05102433    -10.23905957    -10.27829996    -10.35577825    -10.41970876    -10.51525632    -10.65556060    -10.68231248    -10.87792339    -10.90609963    -10.96014280    -11.04033496    -11.10198509    -11.19811471    -11.22301793    -11.26052225    -11.26253072
      1.98803387     11.30206877     11.29840652     11.17473330     11.13713269     11.11643795     11.02166550     10.99374638     10.85841251     10.84939444     10.70515108     10.69632095     10.55971630     10.47205993     10.29759713     10.28565207     10.25037693     10.07318132      9.98285956      9.82417958      9.81031074      9.80433841      9.77608993      9.74621581      9.70065219      9.68308563      9.46385435      9.28385358      9.13295265      9.12919849      9.12637586      9.08834638      8.85044033      8.79351522      8.63381791      8.39192335      7.90811028      7.87790384      7.56596017      7.56135942      7.21954127      7.13765779      7.01000031      6.86354907      6.71393646      6.18398236      6.01152105      6.00446507      5.99300485      5.82754307      5.33260087      4.74542189      3.92382360      3.91081284      3.80392708      3.76834302      3.24691429      3.07385448      2.76091400      2.44541681      1.43371471      1.21111010      0.71933600      0.57069266      0.21636352     -0.21636352     -0.57069266     -0.71933600     -1.21111010     -1.43371471     -2.44541681     -2.76091400     -3.07385448     -3.24691429     -3.76834302     -3.80392708     -3.91081284     -3.92382360     -4.74542189     -5.33260087     -5.82754307     -5.99300485     -6.00446507     -6.01152105     -6.18398236     -6.71393646     -6.86354907     -7.01000031     -7.13765779     -7.21954127     -7.56135942     -7.56596017     -7.87790384     -7.90811028     -8.39192335     -8.63381791     -8.79351522     -8.85044033     -9.08834638     -9.12637586     -9.12919849     -9.13295265     -9.28385358     -9.46385435     -9.68308563     -9.70065219     -9.74621581     -9.77608993     -9.80433841     -9.81031074     -9.82417958     -9.98285956    -10.07318132    -10.25037693    -10.28565207    -10.29759713    -10.47205993    -10.55971630    -10.69632095    -10.70515108    -10.84939444    -10.85841251    -10.99374638    -11.02166550    -11.11643795    -11.13713269    -11.17473330    -11.29840652    -11.30206877
      1.99783779     11.33397691     11.32796759     11.12456161     11.12318792     11.07441440     11.02589737     11.00208663     10.81658985     10.81128357     10.75790938     10.70523266     10.59228759     10.52411453     10.31737597     10.24286426     10.21456311     10.16313430      9.99967083      9.93068386      9.81351516      9.81343245      9.75241339      9.65966037      9.62208414      9.59455044      9.40926845      9.33521459      9.24996064      9.15308012      9.00797161      8.95376358      8.90350015      8.90325874      8.79528358      8.21266865      8.07110923      7.68736379      7.54008517      7.53713936      7.39429974      7.05270067      6.92460655      6.86116166      6.74145116      6.38703415      6.08964943      6.07198274      5.98492671      5.74220479      5.13837514      4.54364288      4.02098968      3.96745761      3.87111404      3.86653422      3.25641550      3.12540143      2.54290376      2.51217729      1.35429792      1.30338346      0.63561093      0.63244599      0.25724192     -0.25724192     -0.63244599     -0.63561093     -1.30338346     -1.35429792     -2.51217729     -2.54290376     -3.12540143     -3.25641550     -3.86653422     -3.87111404     -3.96745761     -4.02098968     -4.54364288     -5.13837514     -5.74220479     -5.98492671     -6.07198274     -6.08964943     -6.38703415     -6.74145116     -6.86116166     -6.92460655     -7.05270067     -7.39429974     -7.53713936     -7.54008517     -7.68736379     -8.07110923     -8.21266865     -8.79528358     -8.90325874     -8.90350015     -8.95376358     -9.00797161     -9.15308012     -9.24996064     -9.33521459     -9.40926845     -9.59455044     -9.62208414     -9.65966037     -9.75241339     -9.81343245     -9.81351516     -9.93068386     -9.99967083    -10.16313430    -10.21456311    -10.24286426    -10.31737597    -10.52411453    -10.59228759    -10.70523266    -10.75790938    -10.81128357    -10.81658985    -11.00208663    -11.02589737    -11.07441440    -11.12318792    -11.12456161    -11.32796759    -11.33397691
      2.00764171     11.35650573     11.35071014     11.12603733     11.06906326     11.05527145     11.01700751     10.98278934     10.81302986     10.77978143     10.76983137     10.71016857     10.60575652     10.57528223     10.32860985     10.28096397     10.19204556     10.17094474     10.04579926     10.02239534      9.88825423      9.76488751      9.68170691      9.54236695      9.52635065      9.50214301      9.39083268      9.36146934      9.35847578      9.18097156      9.05697638      9.01591719      8.94959253      8.88113180      8.69721217      8.22998577      8.02741271      7.64622673      7.52103635      7.51929786      7.49310506      7.13321792      6.88577403      6.71953089      6.62358066      6.59036304      6.18412819      6.15818419      6.14486869      5.47275912      4.94731277      4.34139614      4.27817532      4.13567911      3.83344569      3.83305440      3.44574200      3.01101704      2.58632690      2.33336706      1.50872128      1.17790753      0.71158267      0.55523365      0.30050567     -0.30050567     -0.55523365     -0.71158267     -1.17790753     -1.50872128     -2.33336706     -2.58632690     -3.01101704     -3.44574200     -3.83305440     -3.83344569     -4.13567911     -4.27817532     -4.34139614     -4.94731277     -5.47275912     -6.14486869     -6.15818419     -6.18412819     -6.59036304     -6.62358066     -6.71953089     -6.88577403     -7.13321792     -7.49310506     -7.51929786     -7.52103635     -7.64622673     -8.02741271     -8.22998577     -8.69721217     -8.88113180     -8.94959253     -9.01591719     -9.05697638     -9.18097156     -9.35847578     -9.36146934     -9.39083268     -9.50214301     -9.52635065     -9.54236695     -9.68170691     -9.76488751     -9.88825423    -10.02239534    -10.04579926    -10.17094474    -10.19204556    -10.28096397    -10.32860985    -10.57528223    -10.60575652    -10.71016857    -10.76983137    -10.77978143    -10.81302986    -10.98278934    -11.01700751    -11.05527145    -11.06906326    -11.12603733    -11.35071014    -11.35650573
      2.01744564     11.36995485     11.36615545     11.12084742     11.08066790     11.01306526     10.97563048     10.96620418     10.86970973     10.73954459     10.73931779     10.71318004     10.62498871     10.58946797     10.39822807     10.30987848     10.14707746     10.14557207     10.11972168     10.05086492      9.96127218      9.69408993      9.61260237      9.46664145      9.45028057      9.42530896      9.41722811      9.40592702      9.31168367      9.21301868      9.15961092      9.13024450      9.09523014      8.74693537      8.47853031      8.38431090      7.89265304      7.83663700      7.50882362      7.50796673      7.33899880      7.29580439      6.79339499      6.71919137      6.58566662      6.51041299      6.30698446      6.28777568      6.25117865      5.20391380      4.75978840      4.53920334      4.30852348      4.13929386      3.81100245      3.81022486      3.64013197      2.90384659      2.66785678      2.13283553      1.67407326      1.05887277      0.79836952      0.48684302      0.34716815     -0.34716815     -0.48684302     -0.79836952     -1.05887277     -1.67407326     -2.13283553     -2.66785678     -2.90384659     -3.64013197     -3.81022486     -3.81100245     -4.13929386     -4.30852348     -4.53920334     -4.75978840     -5.20391380     -6.25117865     -6.28777568     -6.30698446     -6.51041299     -6.58566662     -6.71919137     -6.79339499     -7.29580439     -7.33899880     -7.50796673     -7.50882362     -7.83663700     -7.89265304     -8.38431090     -8.47853031     -8.74693537     -9.09523014     -9.13024450     -9.15961092     -9.21301868     -9.31168367     -9.40592702     -9.41722811     -9.42530896     -9.45028057     -9.46664145     -9.61260237     -9.69408993     -9.96127218    -10.05086492    -10.11972168    -10.14557207    -10.14707746    -10.30987848    -10.39822807    -10.58946797    -10.62498871    -10.71318004    -10.73931779    -10.73954459    -10.86970973    -10.96620418    -10.97563048    -11.01306526    -11.08066790    -11.12084742    -11.36615545    -11.36995485
      2.02724956     11.37466179     11.37385216     11.10921028     11.10110056     10.95791797     10.95716111     10.95592281     10.92715607     10.72240806     10.71784180     10.69561008     10.67268242     10.53611616     10.49652766     10.26383717     10.23051432     10.10383588     10.08485516     10.06123901     10.02944198      9.61018825      9.56445410      9.54562895      9.51310233      9.31336007      9.30217206      9.29626938      9.26903971      9.26164172      9.24930224      9.24547755      9.23173781      8.60620749      8.53360852      8.25004860      8.13271520      7.64085115      7.54124981      7.50342288      7.50326096      7.09610221      6.99554449      6.55337417      6.47088198      6.46002879      6.40242332      6.40041281      6.35051798      4.93639782      4.80336541      4.57613495      4.48585113      3.93810382      3.83813696      3.80103447      3.80079310      2.80395402      2.75675181      1.94180621      1.85000003      0.94772848      0.89550436      0.42621901      0.39844490     -0.39844490     -0.42621901     -0.89550436     -0.94772848     -1.85000003     -1.94180621     -2.75675181     -2.80395402     -3.80079310     -3.80103447     -3.83813696     -3.93810382     -4.48585113     -4.57613495     -4.80336541     -4.93639782     -6.35051798     -6.40041281     -6.40242332     -6.46002879     -6.47088198     -6.55337417     -6.99554449     -7.09610221     -7.50326096     -7.50342288     -7.54124981     -7.64085115     -8.13271520     -8.25004860     -8.53360852     -8.60620749     -9.23173781     -9.24547755     -9.24930224     -9.26164172     -9.26903971     -9.29626938     -9.30217206     -9.31336007     -9.51310233     -9.54562895     -9.56445410     -9.61018825    -10.02944198    -10.06123901    -10.08485516    -10.10383588    -10.23051432    -10.26383717    -10.49652766    -10.53611616    -10.67268242    -10.69561008    -10.71784180    -10.72240806    -10.92715607    -10.95592281    -10.95716111    -10.95791797    -11.10110056    -11.10921028    -11.37385216    -11.37466179
      2.03705348     11.37337859     11.37099946     11.11581271     11.09155730     10.98459068     10.96377777     10.96030546     10.89838612     10.72944006     10.71784163     10.71500648     10.64912056     10.56743073     10.45005778     10.29053555     10.19134346     10.12408894     10.09135878     10.06718608      9.99607253      9.65350742      9.57881680      9.51654272      9.48129924      9.36791733      9.35814717      9.35569995      9.28983637      9.23062846      9.21064603      9.18786946      9.16468393      8.67734307      8.45962003      8.36538307      8.01353854      7.73933700      7.50527450      7.50477926      7.44060661      7.19621442      6.89461708      6.63616108      6.52179439      6.45574129      6.38873532      6.34298417      6.30008377      5.06994416      4.67093727      4.66745877      4.39663819      4.03853035      3.80446602      3.80382788      3.73876413      2.85298733      2.71138493      2.03610346      1.76073867      1.00223219      0.84568340      0.45563300      0.37214917     -0.37214917     -0.45563300     -0.84568340     -1.00223219     -1.76073867     -2.03610346     -2.71138493     -2.85298733     -3.73876413     -3.80382788     -3.80446602     -4.03853035     -4.39663819     -4.66745877     -4.67093727     -5.06994416     -6.30008377     -6.34298417     -6.38873532     -6.45574129     -6.52179439     -6.63616108     -6.89461708     -7.19621442     -7.44060661     -7.50477926     -7.50527450     -7.73933700     -8.01353854     -8.36538307     -8.45962003     -8.67734307     -9.16468393     -9.18786946     -9.21064603     -9.23062846     -9.28983637     -9.35569995     -9.35814717     -9.36791733     -9.48129924     -9.51654272     -9.57881680     -9.65350742     -9.99607253    -10.06718608    -10.09135878    -10.12408894    -10.19134346    -10.29053555    -10.45005778    -10.56743073    -10.64912056    -10.71500648    -10.71784163    -10.72944006    -10.89838612    -10.96030546    -10.96377777    -10.98459068    -11.09155730    -11.11581271    -11.37099946    -11.37337859
      2.04685740     11.36434502     11.35937383     11.12426704     11.06853393     11.04125339     10.99362286     10.97392913     10.84122473     10.75998214     10.75303594     10.71173502     10.60201007     10.60035321     10.34390023     10.32003600     10.16824020     10.14626628     10.09837919     10.03592474      9.92523782      9.73146599      9.64692098      9.48369591      9.47335471      9.45455171      9.42010576      9.41490566      9.33456899      9.19646906      9.10838834      9.07288310      9.02349294      8.81489712      8.58925010      8.30774581      7.93268381      7.77017890      7.51407622      7.51281087      7.39479431      7.23650750      6.80241316      6.69195246      6.65159693      6.56637923      6.23481564      6.22567917      6.20385995      5.33821581      4.85308649      4.40825306      4.24028277      4.22153058      3.82055953      3.82006949      3.54240011      2.95652561      2.62617007      2.23194374      1.59005224      1.11748982      0.75364721      0.51999723      0.32333943     -0.32333943     -0.51999723     -0.75364721     -1.11748982     -1.59005224     -2.23194374     -2.62617007     -2.95652561     -3.54240011     -3.82006949     -3.82055953     -4.22153058     -4.24028277     -4.40825306     -4.85308649     -5.33821581     -6.20385995     -6.22567917     -6.23481564     -6.56637923     -6.65159693     -6.69195246     -6.80241316     -7.23650750     -7.39479431     -7.51281087     -7.51407622     -7.77017890     -7.93268381     -8.30774581     -8.58925010     -8.81489712     -9.02349294     -9.07288310     -9.10838834     -9.19646906     -9.33456899     -9.41490566     -9.42010576     -9.45455171     -9.47335471     -9.48369591     -9.64692098     -9.73146599     -9.92523782    -10.03592474    -10.09837919    -10.14626628    -10.16824020    -10.32003600    -10.34390023    -10.60035321    -10.60201007    -10.71173502    -10.75303594    -10.75998214    -10.84122473    -10.97392913    -10.99362286    -11.04125339    -11.06853393    -11.12426704    -11.35937383    -11.36434502
      2.05666132     11.34639593     11.34022171     11.12613760     11.09640443     11.04443350     11.04101107     10.99229082     10.79866594     10.78947652     10.78522468     10.70809701     10.60202567     10.54984559     10.32581955     10.22144499     10.21693783     10.19371985     10.01030309      9.98978217      9.85075331      9.79305192      9.71689353      9.60106887      9.57601225      9.54881046      9.38338365      9.36251749      9.30645160      9.16651401      9.00541591      8.95943341      8.94553112      8.87378564      8.80181211      8.15108861      8.12076122      7.59065586      7.52970603      7.52741271      7.52090053      7.02921958      6.96922103      6.78940803      6.68195779      6.48869956      6.13573376      6.11420696      6.06460178      5.60745252      5.04242421      4.44254319      4.14905836      4.05098448      3.85043476      3.84840582      3.35034581      3.06731230      2.54832890      2.43704221      1.43012321      1.23993772      0.67222552      0.59267868      0.27851841     -0.27851841     -0.59267868     -0.67222552     -1.23993772     -1.43012321     -2.43704221     -2.54832890     -3.06731230     -3.35034581     -3.84840582     -3.85043476     -4.05098448     -4.14905836     -4.44254319     -5.04242421     -5.60745252     -6.06460178     -6.11420696     -6.13573376     -6.48869956     -6.68195779     -6.78940803     -6.96922103     -7.02921958     -7.52090053     -7.52741271     -7.52970603     -7.59065586     -8.12076122     -8.15108861     -8.80181211     -8.87378564     -8.94553112     -8.95943341     -9.00541591     -9.16651401     -9.30645160     -9.36251749     -9.38338365     -9.54881046     -9.57601225     -9.60106887     -9.71689353     -9.79305192     -9.85075331     -9.98978217    -10.01030309    -10.19371985    -10.21693783    -10.22144499    -10.32581955    -10.54984559    -10.60202567    -10.70809701    -10.78522468    -10.78947652    -10.79866594    -10.99229082    -11.04101107    -11.04443350    -11.09640443    -11.12613760    -11.34022171    -11.34639593
      2.06646524     11.31921243     11.31400844     11.14932620     11.12131906     11.10564999     11.01193457     11.01008719     10.83449671     10.83351160     10.73118457     10.70136042     10.57784338     10.49816150     10.30373331     10.26976977     10.23345352     10.11125634      9.99051781      9.86879110      9.82165416      9.78819832      9.77754095      9.71803307      9.66415208      9.63932539      9.43610243      9.30897645      9.19209647      9.14064964      9.06830985      8.99914510      8.90208282      8.84817640      8.71550187      8.30307559      7.99009987      7.78314305      7.55217143      7.54846086      7.26652075      7.13615894      6.93471882      6.81947761      6.80200136      6.28543820      6.04588935      6.03156476      5.90589134      5.87692469      5.23511749      4.64462343      3.89555543      3.89405597      3.88736187      3.88510474      3.18527307      3.16417201      2.65088419      2.47787301      1.36804314      1.28128228      0.67463605      0.60176208      0.23655683     -0.23655683     -0.60176208     -0.67463605     -1.28128228     -1.36804314     -2.47787301     -2.65088419     -3.16417201     -3.18527307     -3.88510474     -3.88736187     -3.89405597     -3.89555543     -4.64462343     -5.23511749     -5.87692469     -5.90589134     -6.03156476     -6.04588935     -6.28543820     -6.80200136     -6.81947761     -6.93471882     -7.13615894     -7.26652075     -7.54846086     -7.55217143     -7.78314305     -7.99009987     -8.30307559     -8.71550187     -8.84817640     -8.90208282     -8.99914510     -9.06830985     -9.14064964     -9.19209647     -9.30897645     -9.43610243     -9.63932539     -9.66415208     -9.71803307     -9.77754095     -9.78819832     -9.82165416     -9.86879110     -9.99051781    -10.11125634    -10.23345352    -10.26976977    -10.30373331    -10.49816150    -10.57784338    -10.70136042    -10.73118457    -10.83351160    -10.83449671    -11.01008719    -11.01193457    -11.10564999    -11.12131906    -11.14932620    -11.31400844    -11.31921243
      2.07626917     11.28251483     11.28122557     11.19932481     11.16812796     11.10996795     11.03116058     10.97704392     10.88243750     10.86420688     10.68999867     10.67990965     10.53866811     10.44588408     10.32628704     10.26532588     10.26386752     10.05415427      9.97670782      9.86028793      9.83373799      9.77437047      9.74376571      9.73752178      9.72577681      9.71021346      9.49248960      9.25989438      9.18196384      9.16757036      9.11869892      9.07261756      8.79890444      8.73956539      8.55039578      8.47915336      7.97155063      7.82518781      7.58144437      7.57581660      7.30279260      7.08692078      7.00780370      6.92603518      6.60809189      6.14590281      6.08273646      5.96538589      5.95635325      5.74992895      5.43077277      4.84598362      3.95597416      3.93681307      3.72392063      3.64393562      3.31031059      2.98572164      2.87292180      2.41480927      1.50020009      1.14381205      0.76661990      0.54240933      0.19658515     -0.19658515     -0.54240933     -0.76661990     -1.14381205     -1.50020009     -2.41480927     -2.87292180     -2.98572164     -3.31031059     -3.64393562     -3.72392063     -3.93681307     -3.95597416     -4.84598362     -5.43077277     -5.74992895     -5.95635325     -5.96538589     -6.08273646     -6.14590281     -6.60809189     -6.92603518     -7.00780370     -7.08692078     -7.30279260     -7.57581660     -7.58144437     -7.82518781     -7.97155063     -8.47915336     -8.55039578     -8.73956539     -8.79890444     -9.07261756     -9.11869892     -9.16757036     -9.18196384     -9.25989438     -9.49248960     -9.71021346     -9.72577681     -9.73752178     -9.74376572     -9.77437047     -9.83373799     -9.86028793     -9.97670782    -10.05415427    -10.26386752    -10.26532588    -10.32628704    -10.44588408    -10.53866811    -10.67990965    -10.68999867    -10.86420688    -10.88243750    -10.97704392    -11.03116058    -11.10996795    -11.16812796    -11.19932481    -11.28122557    -11.28251483
      2.08607309     11.24573153     11.24238847     11.23606555     11.22672691     11.09259819     11.04912621     10.94318659     10.92903672     10.89052502     10.67320822     10.63220341     10.48989124     10.39360920     10.38600774     10.28930691     10.21187616     10.05654786      9.96895145      9.94744135      9.93260720      9.80772747      9.79551553      9.70100739      9.64578867      9.59744763      9.55225576      9.28461934      9.27238763      9.21564957      9.10042712      8.94870652      8.69642932      8.64852223      8.63397793      8.37870333      8.15507348      7.65672198      7.61745879      7.60933042      7.46867928      7.24530782      7.05358708      6.74548928      6.41365889      6.39595420      5.89429078      5.88896703      5.88114967      5.62896211      5.59708962      5.04621684      4.03208744      3.99617412      3.56737739      3.44230188      3.39937108      3.10257688      2.81715065      2.35914240      1.63486482      1.01794503      0.86917344      0.49420574      0.15809527     -0.15809527     -0.49420574     -0.86917344     -1.01794503     -1.63486482     -2.35914240     -2.81715065     -3.10257688     -3.39937108     -3.44230188     -3.56737739     -3.99617412     -4.03208744     -5.04621684     -5.59708962     -5.62896211     -5.88114967     -5.88896703     -5.89429078     -6.39595420     -6.41365889     -6.74548928     -7.05358708     -7.24530782     -7.46867928     -7.60933042     -7.61745879     -7.65672198     -8.15507348     -8.37870333     -8.63397793     -8.64852223     -8.69642932     -8.94870652     -9.10042712     -9.21564957     -9.27238763     -9.28461934     -9.55225576     -9.59744763     -9.64578867     -9.70100739     -9.79551553     -9.80772747     -9.93260720     -9.94744135     -9.96895145    -10.05654786    -10.21187616    -10.28930691    -10.38600774    -10.39360920    -10.48989124    -10.63220341    -10.67320822    -10.89052502    -10.92903672    -10.94318659    -11.04912621    -11.09259819    -11.22672691    -11.23606555    -11.24238847    -11.24573153
      2.09587701     11.28790437     11.27887906     11.19803395     11.17967292     11.07026294     11.06537228     10.97172138     10.91234611     10.90947084     10.65063017     10.58885566     10.44842109     10.43446187     10.34193884     10.30550760     10.15309064     10.07496854     10.05840922     10.00459684      9.96726429      9.88472837      9.83171107      9.77583176      9.61506246      9.48020111      9.44970072      9.37326306      9.27303950      9.17658384      9.08555144      8.82099637      8.81068757      8.59521207      8.53174228      8.33266868      8.20109662      7.66010859      7.64884565      7.63336752      7.48503512      7.40908392      7.18418847      6.67946709      6.48030768      6.18404344      5.83264523      5.82977007      5.82922743      5.68121897      5.44774356      5.24503174      4.12408289      4.06488824      3.58109619      3.41532776      3.33924376      3.16101729      2.66096758      2.31087690      1.77068528      0.98264984      0.90386200      0.45714254      0.12101550     -0.12101550     -0.45714254     -0.90386200     -0.98264984     -1.77068528     -2.31087690     -2.66096758     -3.16101729     -3.33924376     -3.41532776     -3.58109619     -4.06488824     -4.12408289     -5.24503174     -5.44774356     -5.68121897     -5.82922743     -5.82977007     -5.83264523     -6.18404344     -6.48030768     -6.67946709     -7.18418847     -7.40908392     -7.48503512     -7.63336752     -7.64884565     -7.66010859     -8.20109662     -8.33266868     -8.53174228     -8.59521207     -8.81068757     -8.82099637     -9.08555144     -9.17658384     -9.27303950     -9.37326306     -9.44970072     -9.48020111     -9.61506246     -9.77583176     -9.83171107     -9.88472837     -9.96726429    -10.00459684    -10.05840922    -10.07496854    -10.15309064    -10.30550760    -10.34193884    -10.43446187    -10.44842109    -10.58885566    -10.65063017    -10.90947084    -10.91234611    -10.97172138    -11.06537228    -11.07026294    -11.17967292    -11.19803395    -11.27887906    -11.28790437
      2.10568093     11.32522973     11.32333195     11.14871769     11.11319639     11.07957328     11.04483758     11.00908670     10.92968611     10.87585521     10.62218116     10.55062661     10.51299119     10.37411975     10.31432324     10.29147446     10.16589852     10.09517622     10.08937925     10.07569699      9.97159776      9.95633931      9.91145553      9.84240942      9.68052698      9.44277721      9.29786839      9.29524107      9.20050788      9.14299967      9.07375490      8.96510334      8.69007702      8.50256892      8.49580305      8.43314769      8.01820905      7.79639649      7.70924628      7.69420164      7.57737574      7.31737473      7.31042335      6.94260292      6.21298652      6.03108451      5.97343073      5.78047223      5.77909049      5.48346964      5.44223286      5.30225778      4.23188128      4.14242585      3.72651341      3.58229214      3.26752422      2.92950729      2.52005647      2.27001819      1.90660620      1.10723688      0.80169123      0.43121141      0.08574197     -0.08574197     -0.43121141     -0.80169123     -1.10723688     -1.90660620     -2.27001819     -2.52005647     -2.92950729     -3.26752422     -3.58229214     -3.72651341     -4.14242585     -4.23188128     -5.30225778     -5.44223286     -5.48346964     -5.77909049     -5.78047223     -5.97343073     -6.03108451     -6.21298652     -6.94260292     -7.31042335     -7.31737473     -7.57737574     -7.69420164     -7.70924628     -7.79639649     -8.01820905     -8.43314769     -8.49580305     -8.50256892     -8.69007702     -8.96510334     -9.07375490     -9.14299967     -9.20050788     -9.29524107     -9.29786839     -9.44277721     -9.68052698     -9.84240942     -9.91145553     -9.95633931     -9.97159776    -10.07569699    -10.08937925    -10.09517622    -10.16589852    -10.29147446    -10.31432324    -10.37411975    -10.51299119    -10.55062661    -10.62218116    -10.87585521    -10.92968611    -11.00908670    -11.04483758    -11.07957328    -11.11319639    -11.14871769    -11.32333195    -11.32522973
      2.11548485     11.35950467     11.35712443     11.09501166     11.09140372     11.04044110     11.03655501     11.01925497     10.94273616     10.84059277     10.58795475     10.57916089     10.51822645     10.31712976     10.31002562     10.26915072     10.24281028     10.14535088     10.09885718     10.05657404     10.04305454     10.02213255      9.98183861      9.83484042      9.74822734      9.48463819      9.13495065      9.11515773      9.11113591      9.10900749      9.09656736      9.06470511      8.65958824      8.55650525      8.39874218      8.33845090      7.95729427      7.83065833      7.76468228      7.74924907      7.74523619      7.45268491      7.20233976      7.13314550      6.23402648      5.94425411      5.76528334      5.73778289      5.73721557      5.63769923      5.28840927      5.16099796      4.35509658      4.22828282      3.87834293      3.83106988      3.12361315      2.70544912      2.39765488      2.23657294      2.04193595      1.24298268      0.71150863      0.41643190      0.05306183     -0.05306183     -0.41643190     -0.71150863     -1.24298268     -2.04193595     -2.23657294     -2.39765488     -2.70544912     -3.12361315     -3.83106988     -3.87834293     -4.22828282     -4.35509658     -5.16099796     -5.28840927     -5.63769923     -5.73721557     -5.73778289     -5.76528334     -5.94425411     -6.23402648     -7.13314550     -7.20233976     -7.45268491     -7.74523619     -7.74924907     -7.76468228     -7.83065833     -7.95729427     -8.33845090     -8.39874218     -8.55650525     -8.65958824     -9.06470511     -9.09656736     -9.10900749     -9.11113591     -9.11515773     -9.13495065     -9.48463819     -9.74822734     -9.83484042     -9.98183861    -10.02213255    -10.04305454    -10.05657404    -10.09885718    -10.14535088    -10.24281028    -10.26915072    -10.31002562    -10.31712976    -10.51822645    -10.57916089    -10.58795475    -10.84059277    -10.94273616    -11.01925497    -11.03655501    -11.04044110    -11.09140372    -11.09501166    -11.35712443    -11.35950467
      2.12528877     11.38718273     11.38303809     11.10047704     11.06552874     11.03750147     10.99710556     10.95204831     10.94961096     10.80027197     10.64635535     10.54816409     10.49229089     10.36738239     10.32188359     10.24305561     10.21300861     10.19652641     10.19247094     10.09762600     10.08168840     10.01232915      9.99780939      9.81770716      9.80407656      9.48803673      9.24801934      9.09327453      9.05807728      8.97719936      8.96968629      8.95754836      8.76113983      8.42081167      8.30455412      8.24788154      8.11557451      7.92372754      7.82618479      7.80178728      7.63905259      7.58966098      7.45793992      6.95342216      6.43752715      5.83136241      5.70458117      5.70438718      5.67484037      5.56086610      5.09652587      5.02433054      4.49302532      4.32197863      4.08490580      4.03634308      2.98313279      2.48942246      2.29724377      2.21054874      2.17636735      1.38981897      0.63333932      0.41286193      0.02349050     -0.02349050     -0.41286193     -0.63333932     -1.38981897     -2.17636735     -2.21054874     -2.29724377     -2.48942246     -2.98313279     -4.03634308     -4.08490580     -4.32197863     -4.49302532     -5.02433054     -5.09652587     -5.56086610     -5.67484037     -5.70438718     -5.70458117     -5.83136241     -6.43752715     -6.95342216     -7.45793992     -7.58966098     -7.63905259     -7.80178728     -7.82618479     -7.92372754     -8.11557451     -8.24788154     -8.30455412     -8.42081167     -8.76113983     -8.95754836     -8.96968629     -8.97719936     -9.05807728     -9.09327453     -9.24801934     -9.48803673     -9.80407656     -9.81770716     -9.99780939    -10.01232915    -10.08168840    -10.09762600    -10.19247094    -10.19652641    -10.21300861    -10.24305561    -10.32188359    -10.36738239    -10.49229089    -10.54816409    -10.64635535    -10.80027197    -10.94961096    -10.95204831    -10.99710556    -11.03750147    -11.06552874    -11.10047704    -11.38303809    -11.38718273
      2.13509270     11.40636948     11.40245602     11.10634551     11.08436106     10.98103459     10.97678361     10.95797583     10.85283276     10.75141446     10.71398566     10.50310753     10.47335422     10.45976595     10.38456688     10.27813103     10.25703919     10.17394022     10.15318202     10.13457890     10.08764672     10.01926994     10.00689357      9.88848034      9.75207441      9.44754234      9.37480098      9.07752054      9.05358012      9.01661161      8.84807997      8.80030984      8.63408940      8.28350598      8.27072990      8.21374393      8.16164713      8.09981151      7.89348031      7.86369379      7.72784648      7.70863265      7.44399313      6.77143511      6.64104398      6.02318529      5.68086718      5.68079794      5.40547655      5.36153827      4.90828598      4.89262499      4.64467001      4.42305446      4.34311243      4.20024100      2.84551753      2.30995270      2.28197507      2.22230050      2.19195319      1.54758062      0.56716081      0.42059623      0.01214911     -0.01214911     -0.42059623     -0.56716081     -1.54758062     -2.19195319     -2.22230050     -2.28197507     -2.30995270     -2.84551753     -4.20024100     -4.34311243     -4.42305446     -4.64467001     -4.89262499     -4.90828598     -5.36153827     -5.40547655     -5.68079794     -5.68086718     -6.02318529     -6.64104398     -6.77143511     -7.44399313     -7.70863265     -7.72784648     -7.86369379     -7.89348031     -8.09981151     -8.16164713     -8.21374393     -8.27072990     -8.28350598     -8.63408940     -8.80030984     -8.84807997     -9.01661161     -9.05358012     -9.07752054     -9.37480098     -9.44754234     -9.75207441     -9.88848034    -10.00689357    -10.01926994    -10.08764672    -10.13457890    -10.15318202    -10.17394022    -10.25703919    -10.27813103    -10.38456688    -10.45976595    -10.47335422    -10.50310753    -10.71398566    -10.75141446    -10.85283276    -10.95797583    -10.97678361    -10.98103459    -11.08436106    -11.10634551    -11.40245602    -11.40636948
      2.14489662     11.41720962     11.41490287     11.10861988     11.09702786     10.97120037     10.96201789     10.91346262     10.78145225     10.74611935     10.69238439     10.54539011     10.50659803     10.46182235     10.45314680     10.34019391     10.24661578     10.18032036     10.11330843     10.10333175     10.07079346     10.04591993     10.02013052      9.96003517      9.68092967      9.49027921      9.36956063      9.14271672      9.06801867      9.05098186      8.71170431      8.62770493      8.42221975      8.42084550      8.27649587      8.14508125      8.12679304      8.07993788      7.96625486      7.95355566      7.93079533      7.86678487      7.24607561      6.84402079      6.58732753      6.21314281      5.66663944      5.66658795      5.16874272      5.13689405      4.80879229      4.76625625      4.72413284      4.60498872      4.53107117      4.36973288      2.71011195      2.44304179      2.18079288      2.17589183      2.08361888      1.71602125      0.51290825      0.43975718      0.01019536     -0.01019536     -0.43975718     -0.51290825     -1.71602125     -2.08361888     -2.17589183     -2.18079288     -2.44304179     -2.71011195     -4.36973288     -4.53107117     -4.60498872     -4.72413284     -4.76625625     -4.80879229     -5.13689405     -5.16874272     -5.66658795     -5.66663944     -6.21314281     -6.58732753     -6.84402079     -7.24607561     -7.86678487     -7.93079533     -7.95355566     -7.96625486     -8.07993788     -8.12679304     -8.14508125     -8.27649587     -8.42084550     -8.42221975     -8.62770493     -8.71170431     -9.05098186     -9.06801867     -9.14271672     -9.36956063     -9.49027921     -9.68092967     -9.96003517    -10.02013052    -10.04591993    -10.07079346    -10.10333175    -10.11330843    -10.18032036    -10.24661578    -10.34019391    -10.45314680    -10.46182235    -10.50659803    -10.54539011    -10.69238439    -10.74611935    -10.78145225    -10.91346262    -10.96201789    -10.97120037    -11.09702786    -11.10861988    -11.41490287    -11.41720962
      2.15470054     11.41994750     11.41994750     11.10820375     11.10244474     10.96569599     10.96569599     10.84814822     10.84814822     10.63134565     10.63134565     10.62208952     10.62208952     10.45794951     10.39869252     10.39869252     10.21821397     10.21821397     10.07740244     10.07740244     10.05651746     10.03434530     10.03183741     10.03183741      9.59294181      9.59294181      9.27577565      9.25310025      9.06484311      9.05013300      8.56944593      8.56944593      8.45278511      8.45278511      8.19476990      8.18850723      8.04415557      8.04415557      8.00601750      8.00601750      8.00293111      8.00293111      7.04589018      7.04589018      6.40120570      6.40120570      5.66189701      5.66184181      4.98398407      4.98398407      4.86982270      4.86982270      4.64560719      4.64560719      4.54448463      4.54448463      2.57619843      2.57619843      2.17707225      2.16016364      1.89482553      1.89482553      0.47048194      0.47048194      0.00003580     -0.00003580     -0.47048194     -0.47048194     -1.89482553     -1.89482553     -2.16016364     -2.17707225     -2.57619843     -2.57619843     -4.54448463     -4.54448463     -4.64560719     -4.64560719     -4.86982270     -4.86982270     -4.98398407     -4.98398407     -5.66184181     -5.66189701     -6.40120570     -6.40120570     -7.04589018     -7.04589018     -8.00293111     -8.00293111     -8.00601750     -8.00601750     -8.04415557     -8.04415557     -8.18850723     -8.19476990     -8.45278511     -8.45278511     -8.56944593     -8.56944593     -9.05013300     -9.06484311     -9.25310025     -9.27577565     -9.59294181     -9.59294181    -10.03183741    -10.03183741    -10.03434530    -10.05651746    -10.07740244    -10.07740244    -10.21821397    -10.21821397    -10.39869252    -10.39869252    -10.45794951    -10.62208952    -10.62208952    -10.63134565    -10.63134565    -10.84814822    -10.84814822    -10.96569599    -10.96569599    -11.10244474    -11.10820375    -11.41994750    -11.41994750
      2.16470054     11.41707317     11.41472512     11.10860982     11.09683611     10.97134638     10.96194701     10.91475062     10.78010843     10.74834656     10.69366477     10.54375050     10.50408380     10.46197851     10.45419148     10.33898593     10.24705890     10.17947943     10.11406862     10.10475457     10.07117057     10.04533829     10.01976835      9.95859983      9.68252525      9.48808963      9.37140928      9.14019687      9.06814687      9.05101634      8.71449305      8.63118281      8.42531060      8.41922961      8.27296277      8.14785759      8.12849125      8.08152656      7.96474789      7.94872032      7.92940343      7.86400169      7.25005814      6.83997020      6.59102971      6.20936210      5.66683104      5.66677959      5.17252496      5.14225332      4.80539646      4.76872886      4.72777310      4.59971982      4.52884557      4.36629033      2.71280299      2.44038149      2.18094319      2.17652447      2.08749379      1.71254972      0.51387702      0.43926111      0.01035171     -0.01035171     -0.43926111     -0.51387702     -1.71254972     -2.08749379     -2.17652447     -2.18094319     -2.44038149     -2.71280299     -4.36629033     -4.52884557     -4.59971982     -4.72777310     -4.76872886     -4.80539646     -5.14225332     -5.17252496     -5.66677959     -5.66683104     -6.20936210     -6.59102971     -6.83997020     -7.25005814     -7.86400169     -7.92940343     -7.94872032     -7.96474789     -8.08152656     -8.12849125     -8.14785759     -8.27296277     -8.41922961     -8.42531060     -8.63118281     -8.71449305     -9.05101634     -9.06814687     -9.14019687     -9.37140928     -9.48808963     -9.68252525     -9.95859983    -10.01976835    -10.04533829    -10.07117057    -10.10475457    -10.11406862    -10.17947943    -10.24705890    -10.33898593    -10.45419148    -10.46197851    -10.50408380    -10.54375050    -10.69366477    -10.74834656    -10.78010843    -10.91475062    -10.96194701    -10.97134638    -11.09683611    -11.10860982    -11.41472512    -11.41707317
      2.17470054     11.40576359     11.40181012     11.10617798     11.08372634     10.98155009     10.97926634     10.95778157     10.85689967     10.75356075     10.71127957     10.50500653     10.47397175     10.45619393     10.38022105     10.27558144     10.25658592     10.17673767     10.15485259     10.13259697     10.08819760     10.01830969     10.00667408      9.88563093      9.75453716      9.44995664      9.36993781      9.07803132      9.05372225      9.01184059      8.85339566      8.80715286      8.64193632      8.28902293      8.26459032      8.21730536      8.16501085      8.09274995      7.89068108      7.86111672      7.72230156      7.69870948      7.45185433      6.77875614      6.63290993      6.01554803      5.68163359      5.68156218      5.41624097      5.36939581      4.91573998      4.89779327      4.63835576      4.41887529      4.33270900      4.19357556      2.85097511      2.30462196      2.29010170      2.22476848      2.19255430      1.54106324      0.56957841      0.42006834      0.01180283     -0.01180283     -0.42006834     -0.56957841     -1.54106324     -2.19255430     -2.22476848     -2.29010170     -2.30462196     -2.85097511     -4.19357556     -4.33270900     -4.41887529     -4.63835576     -4.89779327     -4.91573998     -5.36939581     -5.41624097     -5.68156218     -5.68163359     -6.01554803     -6.63290993     -6.77875614     -7.45185433     -7.69870948     -7.72230156     -7.86111672     -7.89068108     -8.09274995     -8.16501085     -8.21730536     -8.26459032     -8.28902293     -8.64193632     -8.80715286     -8.85339566     -9.01184059     -9.05372225     -9.07803132     -9.36993781     -9.44995664     -9.75453716     -9.88563093    -10.00667408    -10.01830969    -10.08819760    -10.13259697    -10.15485259    -10.17673767    -10.25658592    -10.27558144    -10.38022105    -10.45619393    -10.47397175    -10.50500653    -10.71127957    -10.75356075    -10.85689967    -10.95778157    -10.97926634    -10.98155009    -11.08372634    -11.10617798    -11.40181012    -11.40576359
      2.18470054     11.38576233     11.38166151     11.10001839     11.06420090     11.04104852     10.99827896     10.95530408     10.95139641     10.80290369     10.64230547     10.55070334     10.49365441     10.36164487     10.32098620     10.24714112     10.20901533     10.19922600     10.18527406     10.09795566     10.07829862     10.01345695      9.99669364      9.81349693      9.80653996      9.48907364      9.24008064      9.09441615      9.05841220      8.98467095      8.97972678      8.96201050      8.76017710      8.42900374      8.31011508      8.25319543      8.10616063      7.91320353      7.82232835      7.79824159      7.65065229      7.58140377      7.44273436      6.96427102      6.42531118      5.81979424      5.70630571      5.70609802      5.69101107      5.57300160      5.10794067      5.03239436      4.48435157      4.31614429      4.06954547      4.02669389      2.99147471      2.50214742      2.30258387      2.21190077      2.16832744      1.38069863      0.63769090      0.41275845      0.02520973     -0.02520973     -0.41275845     -0.63769090     -1.38069863     -2.16832744     -2.21190077     -2.30258387     -2.50214742     -2.99147471     -4.02669389     -4.06954547     -4.31614429     -4.48435157     -5.03239436     -5.10794067     -5.57300160     -5.69101107     -5.70609802     -5.70630571     -5.81979424     -6.42531118     -6.96427102     -7.44273436     -7.58140377     -7.65065229     -7.79824159     -7.82232835     -7.91320353     -8.10616063     -8.25319543     -8.31011508     -8.42900374     -8.76017710     -8.96201050     -8.97972678     -8.98467095     -9.05841220     -9.09441615     -9.24008064     -9.48907364     -9.80653996     -9.81349693     -9.99669364    -10.01345695    -10.07829863    -10.09795566    -10.18527406    -10.19922600    -10.20901533    -10.24714112    -10.32098620    -10.36164487    -10.49365441    -10.55070334    -10.64230547    -10.80290369    -10.95139641    -10.95530408    -10.99827896    -11.04104852    -11.06420090    -11.10001839    -11.38166151    -11.38576233
      2.19470054     11.35692227     11.35478588     11.09945597     11.09055316     11.04306107     11.03816204     11.02122242     10.94184186     10.84354812     10.59090106     10.57382189     10.52058842     10.31704227     10.31526942     10.26106471     10.24662339     10.13984480     10.09856186     10.04650470     10.04496047     10.01709308      9.98080572      9.83633157      9.74273958      9.48256583      9.14796825      9.12397120      9.11716839      9.10556521      9.09977882      9.06533580      8.64784368      8.56727596      8.40640817      8.34587764      7.94451222      7.84581962      7.76002082      7.74094828      7.73539021      7.44179274      7.18170315      7.14742040      6.21776348      5.96578745      5.78181523      5.74084891      5.74023555      5.62212762      5.30390353      5.17213461      4.34468661      4.22111957      3.86596609      3.81097252      3.13499298      2.72308570      2.40668471      2.23897557      2.03114097      1.23171332      0.71828117      0.41720276      0.05556004     -0.05556004     -0.41720276     -0.71828117     -1.23171332     -2.03114097     -2.23897557     -2.40668471     -2.72308570     -3.13499298     -3.81097252     -3.86596609     -4.22111957     -4.34468661     -5.17213461     -5.30390353     -5.62212762     -5.74023555     -5.74084891     -5.78181523     -5.96578745     -6.21776348     -7.14742040     -7.18170315     -7.44179274     -7.73539021     -7.74094828     -7.76002082     -7.84581962     -7.94451222     -8.34587764     -8.40640817     -8.56727596     -8.64784368     -9.06533580     -9.09977882     -9.10556521     -9.11716839     -9.12397120     -9.14796825     -9.48256583     -9.74273958     -9.83633157     -9.98080572    -10.01709308    -10.04496047    -10.04650470    -10.09856186    -10.13984480    -10.24662339    -10.26106471    -10.31526942    -10.31704227    -10.52058842    -10.57382189    -10.59090106    -10.84354812    -10.94184186    -11.02122242    -11.03816204    -11.04306107    -11.09055316    -11.09945597    -11.35478588    -11.35692227
      2.20470054     11.32173220     11.31925323     11.15385641     11.12030065     11.07825411     11.04744387     11.00561334     10.92814990     10.87924661     10.62528867     10.55419844     10.50645286     10.38033908     10.31375007     10.29644960     10.15532759     10.10005116     10.08895199     10.06864291      9.97089620      9.94943304      9.89749453      9.84165715      9.67387267      9.43690122      9.31657909      9.31096364      9.20960589      9.14610365      9.07480544      8.95002768      8.70329728      8.50564708      8.48601421      8.44283575      8.03671775      7.78018161      7.70404563      7.68940782      7.56036958      7.32800848      7.30395295      6.91643025      6.23979417      6.01084146      5.99440109      5.78526288      5.78376664      5.50313180      5.42258930      5.31662222      4.22039880      4.13428959      3.71167942      3.55771856      3.28212273      2.95233278      2.53337053      2.27377058      1.89303232      1.09427585      0.81136968      0.43330331      0.08916765     -0.08916765     -0.43330331     -0.81136968     -1.09427585     -1.89303232     -2.27377058     -2.53337053     -2.95233278     -3.28212273     -3.55771856     -3.71167942     -4.13428959     -4.22039880     -5.31662222     -5.42258930     -5.50313180     -5.78376664     -5.78526288     -5.99440109     -6.01084146     -6.23979417     -6.91643025     -7.30395295     -7.32800848     -7.56036958     -7.68940782     -7.70404563     -7.78018161     -8.03671775     -8.44283575     -8.48601421     -8.50564708     -8.70329728     -8.95002768     -9.07480544     -9.14610365     -9.20960589     -9.31096364     -9.31657909     -9.43690122     -9.67387267     -9.84165715     -9.89749453     -9.94943304     -9.97089620    -10.06864291    -10.08895199    -10.10005116    -10.15532759    -10.29644960    -10.31375007    -10.38033908    -10.50645286    -10.55419844    -10.62528867    -10.87924661    -10.92814990    -11.00561334    -11.04744387    -11.07825411    -11.12030065    -11.15385641    -11.31925323    -11.32173220
      2.21470054     11.28308776     11.27301054     11.20362959     11.18697021     11.07315264     11.06352469     10.96686041     10.91349717     10.90996594     10.65364981     10.59380173     10.44140008     10.44080683     10.34808742     10.30396550     10.16030990     10.07272847     10.04526197      9.99599403      9.96714730      9.87576429      9.82828539      9.76288972      9.60737740      9.50117308      9.46780271      9.36350928      9.27796553      9.18098788      9.08716747      8.83650232      8.79162549      8.60727344      8.54382369      8.31171649      8.22270056      7.65464476      7.64379224      7.61368336      7.50579747      7.38917451      7.16837070      6.64769693      6.51225678      6.20942619      5.83954287      5.83643010      5.80510178      5.70510567      5.46546847      5.22125608      4.11220475      4.05616647      3.56408736      3.43334368      3.31049416      3.18927065      2.67896353      2.31627780      1.75436391      0.96844834      0.91692503      0.46100237      0.12538178     -0.12538178     -0.46100237     -0.91692503     -0.96844834     -1.75436391     -2.31627780     -2.67896353     -3.18927065     -3.31049416     -3.43334368     -3.56408736     -4.05616647     -4.11220475     -5.22125608     -5.46546847     -5.70510567     -5.80510178     -5.83643010     -5.83954287     -6.20942619     -6.51225678     -6.64769693     -7.16837070     -7.38917451     -7.50579747     -7.61368336     -7.64379224     -7.65464476     -8.22270056     -8.31171649     -8.54382369     -8.60727344     -8.79162549     -8.83650232     -9.08716747     -9.18098788     -9.27796553     -9.36350928     -9.46780271     -9.50117308     -9.60737740     -9.76288972     -9.82828539     -9.87576429     -9.96714730     -9.99599403    -10.04526197    -10.07272847    -10.16030990    -10.30396550    -10.34808742    -10.44080683    -10.44140008    -10.59380173    -10.65364981    -10.90996594    -10.91349717    -10.96686041    -11.06352469    -11.07315264    -11.18697021    -11.20362959    -11.27301054    -11.28308776
      2.22470054     11.24817031     11.24316317     11.23947508     11.21887053     11.09536024     11.04670628     10.94793286     10.92270458     10.88710975     10.67590260     10.63863773     10.49717103     10.40090508     10.37747278     10.28642242     10.21968958     10.05448710      9.96967166      9.93167070      9.92248953      9.79654213      9.78898606      9.69777471      9.66679989      9.61754342      9.54369723      9.27100517      9.26361508      9.22153948      9.10277382      8.96629674      8.71071279      8.64856546      8.62523253      8.40311107      8.12970919      7.68050832      7.61201446      7.60427356      7.44551687      7.22279011      7.03553555      6.78240255      6.42566317      6.37627372      5.90928434      5.90367595      5.89791607      5.61828526      5.60107985      5.01826402      4.02047717      3.98728808      3.58901853      3.43325099      3.42340980      3.06998893      2.84006618      2.36649031      1.61591400      1.03486059      0.85416459      0.50028323      0.16340229     -0.16340229     -0.50028323     -0.85416459     -1.03486059     -1.61591400     -2.36649031     -2.84006618     -3.06998893     -3.42340980     -3.43325099     -3.58901853     -3.98728808     -4.02047717     -5.01826402     -5.60107985     -5.61828526     -5.89791607     -5.90367595     -5.90928434     -6.37627372     -6.42566317     -6.78240255     -7.03553555     -7.22279011     -7.44551687     -7.60427356     -7.61201446     -7.68050832     -8.12970919     -8.40311107     -8.62523253     -8.64856546     -8.71071279     -8.96629674     -9.10277382     -9.22153948     -9.26361508     -9.27100517     -9.54369723     -9.61754342     -9.66679989     -9.69777471     -9.78898606     -9.79654213     -9.92248953     -9.93167070     -9.96967166    -10.05448710    -10.21968958    -10.28642242    -10.37747278    -10.40090508    -10.49717103    -10.63863773    -10.67590260    -10.88710975    -10.92270458    -10.94793286    -11.04670628    -11.09536024    -11.21887053    -11.23947508    -11.24316317    -11.24817031
      2.23470054     11.28903611     11.28689133     11.19154934     11.15829787     11.11220718     11.02815353     10.98241788     10.87476875     10.85958504     10.69216691     10.68789461     10.54568393     10.45426389     10.31701611     10.27119909     10.26075721     10.05819410      9.97851191      9.84872366      9.81534068      9.78851747      9.75914961      9.73795446      9.71327742      9.71223534      9.48323246      9.26743186      9.16445966      9.14358345      9.12195708      9.09204919      8.81538013      8.75674912      8.57727396      8.45141935      7.94171098      7.85182171      7.57630549      7.57102187      7.27616981      7.06213335      7.04945923      6.90594112      6.64198832      6.11510808      6.10292954      5.97763559      5.96787115      5.77468274      5.39928614      4.81383262      3.94526062      3.92822008      3.74939573      3.68359882      3.28983378      3.01366985      2.83686853      2.42440251      1.47884801      1.16503298      0.75120392      0.55115668      0.20287275     -0.20287275     -0.55115668     -0.75120392     -1.16503298     -1.47884801     -2.42440251     -2.83686853     -3.01366985     -3.28983378     -3.68359882     -3.74939573     -3.92822008     -3.94526062     -4.81383262     -5.39928614     -5.77468274     -5.96787115     -5.97763559     -6.10292954     -6.11510808     -6.64198832     -6.90594112     -7.04945923     -7.06213335     -7.27616981     -7.57102187     -7.57630549     -7.85182171     -7.94171098     -8.45141935     -8.57727396     -8.75674912     -8.81538013     -9.09204919     -9.12195708     -9.14358345     -9.16445966     -9.26743186     -9.48323246     -9.71223534     -9.71327742     -9.73795446     -9.75914961     -9.78851747     -9.81534068     -9.84872366     -9.97851191    -10.05819410    -10.26075721    -10.27119909    -10.31701611    -10.45426389    -10.54568393    -10.68789461    -10.69216691    -10.85958504    -10.87476875    -10.98241788    -11.02815353    -11.11220718    -11.15829787    -11.19154934    -11.28689133    -11.28903611
      2.24470054     11.32480002     11.31922627     11.13999619     11.12267703     11.09433045     11.01584879     11.00839523     10.82753764     10.82602433     10.74073113     10.70288162     10.58351491     10.50752556     10.30919603     10.25997456     10.22687897     10.12876123      9.99364143      9.89137870      9.82055805      9.79017627      9.77528953      9.69705035      9.64951213      9.62332056      9.42633475      9.31829629      9.21307975      9.14501046      9.04684031      8.96526674      8.92068702      8.86801929      8.74445883      8.27070565      8.01937871      7.74877506      7.54762396      7.54420250      7.31265095      7.10611985      6.90803533      6.85737704      6.78008528      6.32200028      6.06137445      6.04590386      5.93426739      5.82843500      5.20020220      4.60828831      3.93961593      3.91461634      3.88631889      3.87955778      3.19717069      3.16351472      2.61177147      2.49000969      1.34463858      1.30724204      0.65916276      0.61362802      0.24394207     -0.24394207     -0.61362802     -0.65916276     -1.30724204     -1.34463858     -2.49000969     -2.61177147     -3.16351472     -3.19717069     -3.87955778     -3.88631889     -3.91461634     -3.93961593     -4.60828831     -5.20020220     -5.82843500     -5.93426739     -6.04590386     -6.06137445     -6.32200028     -6.78008528     -6.85737704     -6.90803533     -7.10611985     -7.31265095     -7.54420250     -7.54762396     -7.74877506     -8.01937871     -8.27070565     -8.74445883     -8.86801929     -8.92068702     -8.96526674     -9.04684031     -9.14501046     -9.21307975     -9.31829629     -9.42633475     -9.62332056     -9.64951213     -9.69705035     -9.77528953     -9.79017627     -9.82055805     -9.89137870     -9.99364143    -10.12876123    -10.22687897    -10.25997456    -10.30919603    -10.50752556    -10.58351491    -10.70288162    -10.74073113    -10.82602433    -10.82753764    -11.00839523    -11.01584879    -11.09433045    -11.12267703    -11.13999619    -11.31922627    -11.32480002
      2.25470054     11.35071484     11.34463231     11.12629864     11.08552994     11.04682602     11.03307510     10.98843823     10.79629359     10.79122493     10.78131731     10.70900651     10.60431977     10.56005960     10.32759969     10.24535486     10.20685382     10.18484021     10.01496599     10.01257693      9.86577914      9.78253778      9.70277510      9.57759458      9.55656240      9.53025341      9.37372510      9.37330183      9.32864133      9.17217319      9.02605451      8.98196442      8.91999915      8.90428845      8.76045467      8.18278036      8.08359138      7.57118945      7.55173198      7.52603297      7.52397243      7.07089805      6.93583531      6.76122812      6.65846966      6.52936921      6.15481520      6.13159052      6.09664021      5.55356299      5.00427628      4.40208573      4.20058423      4.08472271      3.84320053      3.84192760      3.38834017      3.04457834      2.56330659      2.39530607      1.46123187      1.21494460      0.68764095      0.57742807      0.28722075     -0.28722075     -0.57742807     -0.68764095     -1.21494460     -1.46123187     -2.39530607     -2.56330659     -3.04457834     -3.38834017     -3.84192760     -3.84320053     -4.08472271     -4.20058423     -4.40208573     -5.00427628     -5.55356299     -6.09664021     -6.13159052     -6.15481520     -6.52936921     -6.65846966     -6.76122812     -6.93583531     -7.07089805     -7.52397243     -7.52603297     -7.55173198     -7.57118945     -8.08359138     -8.18278036     -8.76045467     -8.90428845     -8.91999915     -8.98196442     -9.02605451     -9.17217319     -9.32864133     -9.37330183     -9.37372510     -9.53025341     -9.55656240     -9.57759458     -9.70277510     -9.78253778     -9.86577914    -10.01257693    -10.01496599    -10.18484021    -10.20685382    -10.24535486    -10.32759969    -10.56005960    -10.60431977    -10.70900651    -10.78131731    -10.79122493    -10.79629359    -10.98843823    -11.03307510    -11.04682602    -11.08552994    -11.12629864    -11.34463231    -11.35071484
      2.26470054     11.36708550     11.36259294     11.12296388     11.07401911     11.02889182     10.98497867     10.97035454     10.85372825     10.75099333     10.74667824     10.71235899     10.61125055     10.59763594     10.36761797     10.31711072     10.15812323     10.13481401     10.12031461     10.04232630      9.94122927      9.71545480      9.63175931      9.45794675      9.44903378      9.43788643      9.43329961      9.43327497      9.32437253      9.20362070      9.13095102      9.09807962      9.05533124      8.78520078      8.54085084      8.34158520      7.89058180      7.82425598      7.51155490      7.51047620      7.35131771      7.28170716      6.76577532      6.73660960      6.62233739      6.54159840      6.26139544      6.25783941      6.22448109      5.27908781      4.81191853      4.46576893      4.25966790      4.19582659      3.81598761      3.81530768      3.58528043      2.93312309      2.64428521      2.18804725      1.62669270      1.09146576      0.77300109      0.50516075      0.33369235     -0.33369235     -0.50516075     -0.77300109     -1.09146576     -1.62669270     -2.18804725     -2.64428521     -2.93312309     -3.58528043     -3.81530768     -3.81598761     -4.19582659     -4.25966790     -4.46576893     -4.81191853     -5.27908781     -6.22448109     -6.25783941     -6.26139544     -6.54159840     -6.62233739     -6.73660960     -6.76577532     -7.28170716     -7.35131771     -7.51047620     -7.51155490     -7.82425598     -7.89058180     -8.34158520     -8.54085084     -8.78520078     -9.05533124     -9.09807962     -9.13095102     -9.20362070     -9.32437253     -9.43327497     -9.43329961     -9.43788643     -9.44903378     -9.45794675     -9.63175931     -9.71545480     -9.94122927    -10.04232630    -10.12031461    -10.13481401    -10.15812323    -10.31711072    -10.36761797    -10.59763594    -10.61125055    -10.71235899    -10.74667824    -10.75099333    -10.85372825    -10.97035454    -10.98497867    -11.02889182    -11.07401911    -11.12296388    -11.36259294    -11.36708550
      2.27470054     11.37425878     11.37262050     11.11283578     11.09631177     10.97084844     10.96025913     10.95838599     10.91219001     10.72571362     10.71619863     10.70726117     10.66050539     10.55350987     10.47312852     10.27859443     10.21082613     10.11421129     10.07711614     10.07550118     10.01227819      9.63303344      9.56280810      9.53979914      9.49647054      9.34125766      9.33052838      9.32878577      9.27972223      9.23945901      9.23510708      9.21555348      9.19717666      8.64338552      8.49530345      8.31028296      8.07096448      7.69220753      7.50417431      7.50384145      7.48904057      7.14822099      6.94310361      6.59638981      6.49188122      6.42997608      6.42811940      6.37027475      6.32410491      5.00578350      4.73442167      4.62349563      4.43932494      3.99027628      3.80242615      3.80195688      3.78637997      2.82922312      2.73293175      1.99053339      1.80326324      0.97579451      0.86929052      0.44129960      0.38459696     -0.38459696     -0.44129960     -0.86929052     -0.97579451     -1.80326324     -1.99053339     -2.73293175     -2.82922312     -3.78637997     -3.80195688     -3.80242615     -3.99027628     -4.43932494     -4.62349563     -4.73442167     -5.00578350     -6.32410491     -6.37027475     -6.42811940     -6.42997608     -6.49188122     -6.59638981     -6.94310361     -7.14822099     -7.48904057     -7.50384145     -7.50417431     -7.69220753     -8.07096448     -8.31028296     -8.49530345     -8.64338552     -9.19717666     -9.21555348     -9.23510708     -9.23945901     -9.27972223     -9.32878577     -9.33052838     -9.34125766     -9.49647054     -9.53979914     -9.56280810     -9.63303344    -10.01227819    -10.07550118    -10.07711614    -10.11421129    -10.21082613    -10.27859443    -10.47312852    -10.55350987    -10.66050539    -10.70726117    -10.71619863    -10.72571362    -10.91219001    -10.95838599    -10.96025913    -10.97084844    -11.09631177    -11.11283578    -11.37262050    -11.37425878
      2.28470054     11.37425878     11.37262050     11.11283578     11.09631177     10.97084844     10.96025913     10.95838599     10.91219001     10.72571362     10.71619863     10.70726117     10.66050539     10.55350987     10.47312852     10.27859443     10.21082613     10.11421129     10.07711614     10.07550118     10.01227819      9.63303344      9.56280810      9.53979914      9.49647054      9.34125766      9.33052838      9.32878577      9.27972223      9.23945901      9.23510708      9.21555348      9.19717666      8.64338552      8.49530345      8.31028296      8.07096448      7.69220753      7.50417431      7.50384145      7.48904057      7.14822099      6.94310361      6.59638981      6.49188122      6.42997608      6.42811940      6.37027475      6.32410491      5.00578350      4.73442167      4.62349563      4.43932494      3.99027628      3.80242615      3.80195688      3.78637997      2.82922312      2.73293175      1.99053339      1.80326324      0.97579451      0.86929052      0.44129960      0.38459696     -0.38459696     -0.44129960     -0.86929052     -0.97579451     -1.80326324     -1.99053339     -2.73293175     -2.82922312     -3.78637997     -3.80195688     -3.80242615     -3.99027628     -4.43932494     -4.62349563     -4.73442167     -5.00578350     -6.32410491     -6.37027475     -6.42811940     -6.42997608     -6.49188122     -6.59638981     -6.94310361     -7.14822099     -7.48904057     -7.50384145     -7.50417431     -7.69220753     -8.07096448     -8.31028296     -8.49530345     -8.64338552     -9.19717666     -9.21555348     -9.23510708     -9.23945901     -9.27972223     -9.32878577     -9.33052838     -9.34125766     -9.49647054     -9.53979914     -9.56280810     -9.63303344    -10.01227819    -10.07550118    -10.07711614    -10.11421129    -10.21082613    -10.27859443    -10.47312852    -10.55350987    -10.66050539    -10.70726117    -10.71619863    -10.72571362    -10.91219001    -10.95838599    -10.96025913    -10.97084844    -11.09631177    -11.11283578    -11.37262050    -11.37425878
      2.29470054     11.36708550     11.36259294     11.12296388     11.07401911     11.02889182     10.98497867     10.97035454     10.85372825     10.75099333     10.74667824     10.71235899     10.61125055     10.59763594     10.36761797     10.31711072     10.15812323     10.13481401     10.12031461     10.04232630      9.94122927      9.71545480      9.63175931      9.45794675      9.44903378      9.43788643      9.43329961      9.43327497      9.32437253      9.20362070      9.13095102      9.09807962      9.05533124      8.78520078      8.54085084      8.34158520      7.89058180      7.82425598      7.51155490      7.51047620      7.35131771      7.28170716      6.76577532      6.73660960      6.62233739      6.54159840      6.26139544      6.25783941      6.22448109      5.27908781      4.81191853      4.46576893      4.25966790      4.19582659      3.81598761      3.81530768      3.58528043      2.93312309      2.64428521      2.18804725      1.62669270      1.09146576      0.77300109      0.50516075      0.33369235     -0.33369235     -0.50516075     -0.77300109     -1.09146576     -1.62669270     -2.18804725     -2.64428521     -2.93312309     -3.58528043     -3.81530768     -3.81598761     -4.19582659     -4.25966790     -4.46576893     -4.81191853     -5.27908781     -6.22448109     -6.25783941     -6.26139544     -6.54159840     -6.62233739     -6.73660960     -6.76577532     -7.28170716     -7.35131771     -7.51047620     -7.51155490     -7.82425598     -7.89058180     -8.34158520     -8.54085084     -8.78520078     -9.05533124     -9.09807962     -9.13095102     -9.20362070     -9.32437253     -9.43327497     -9.43329961     -9.43788643     -9.44903378     -9.45794675     -9.63175931     -9.71545480     -9.94122927    -10.04232630    -10.12031461    -10.13481401    -10.15812323    -10.31711072    -10.36761797    -10.59763594    -10.61125055    -10.71235899    -10.74667824    -10.75099333    -10.85372825    -10.97035454    -10.98497867    -11.02889182    -11.07401911    -11.12296388    -11.36259294    -11.36708550
      2.30470054     11.35071484     11.34463231     11.12629864     11.08552994     11.04682602     11.03307510     10.98843823     10.79629359     10.79122493     10.78131731     10.70900651     10.60431977     10.56005960     10.32759969     10.24535486     10.20685382     10.18484021     10.01496599     10.01257693      9.86577914      9.78253778      9.70277510      9.57759458      9.55656240      9.53025341      9.37372510      9.37330183      9.32864133      9.17217319      9.02605451      8.98196442      8.91999915      8.90428845      8.76045467      8.18278036      8.08359138      7.57118945      7.55173198      7.52603297      7.52397243      7.07089805      6.93583531      6.76122812      6.65846966      6.52936921      6.15481520      6.13159052      6.09664021      5.55356299      5.00427628      4.40208573      4.20058423      4.08472271      3.84320053      3.84192760      3.38834017      3.04457834      2.56330659      2.39530607      1.46123187      1.21494460      0.68764095      0.57742807      0.28722075     -0.28722075     -0.57742807     -0.68764095     -1.21494460     -1.46123187     -2.39530607     -2.56330659     -3.04457834     -3.38834017     -3.84192760     -3.84320053     -4.08472271     -4.20058423     -4.40208573     -5.00427628     -5.55356299     -6.09664021     -6.13159052     -6.15481520     -6.52936921     -6.65846966     -6.76122812     -6.93583531     -7.07089805     -7.52397243     -7.52603297     -7.55173198     -7.57118945     -8.08359138     -8.18278036     -8.76045467     -8.90428845     -8.91999915     -8.98196442     -9.02605451     -9.17217319     -9.32864133     -9.37330183     -9.37372510     -9.53025341     -9.55656240     -9.57759458     -9.70277510     -9.78253778     -9.86577914    -10.01257693    -10.01496599    -10.18484021    -10.20685382    -10.24535486    -10.32759969    -10.56005960    -10.60431977    -10.70900651    -10.78131731    -10.79122493    -10.79629359    -10.98843823    -11.03307510    -11.04682602    -11.08552994    -11.12629864    -11.34463231    -11.35071484
      2.31470054     11.32480002     11.31922627     11.13999619     11.12267703     11.09433045     11.01584879     11.00839523     10.82753764     10.82602433     10.74073113     10.70288162     10.58351491     10.50752556     10.30919603     10.25997456     10.22687897     10.12876123      9.99364143      9.89137870      9.82055805      9.79017627      9.77528953      9.69705035      9.64951213      9.62332056      9.42633475      9.31829629      9.21307975      9.14501046      9.04684031      8.96526674      8.92068702      8.86801929      8.74445883      8.27070565      8.01937871      7.74877506      7.54762396      7.54420250      7.31265095      7.10611985      6.90803533      6.85737704      6.78008528      6.32200028      6.06137445      6.04590386      5.93426739      5.82843500      5.20020220      4.60828831      3.93961593      3.91461634      3.88631889      3.87955778      3.19717069      3.16351472      2.61177147      2.49000969      1.34463858      1.30724204      0.65916276      0.61362802      0.24394207     -0.24394207     -0.61362802     -0.65916276     -1.30724204     -1.34463858     -2.49000969     -2.61177147     -3.16351472     -3.19717069     -3.87955778     -3.88631889     -3.91461634     -3.93961593     -4.60828831     -5.20020220     -5.82843500     -5.93426739     -6.04590386     -6.06137445     -6.32200028     -6.78008528     -6.85737704     -6.90803533     -7.10611985     -7.31265095     -7.54420250     -7.54762396     -7.74877506     -8.01937871     -8.27070565     -8.74445883     -8.86801929     -8.92068702     -8.96526674     -9.04684031     -9.14501046     -9.21307975     -9.31829629     -9.42633475     -9.62332056     -9.64951213     -9.69705035     -9.77528953     -9.79017627     -9.82055805     -9.89137870     -9.99364143    -10.12876123    -10.22687897    -10.25997456    -10.30919603    -10.50752556    -10.58351491    -10.70288162    -10.74073113    -10.82602433    -10.82753764    -11.00839523    -11.01584879    -11.09433045    -11.12267703    -11.13999619    -11.31922627    -11.32480002
      2.32470054     11.28903611     11.28689133     11.19154934     11.15829787     11.11220718     11.02815353     10.98241788     10.87476875     10.85958504     10.69216691     10.68789461     10.54568393     10.45426389     10.31701611     10.27119909     10.26075721     10.05819410      9.97851191      9.84872366      9.81534068      9.78851747      9.75914961      9.73795446      9.71327742      9.71223534      9.48323246      9.26743186      9.16445966      9.14358345      9.12195708      9.09204919      8.81538013      8.75674912      8.57727396      8.45141935      7.94171098      7.85182171      7.57630549      7.57102187      7.27616981      7.06213335      7.04945923      6.90594112      6.64198832      6.11510808      6.10292954      5.97763559      5.96787115      5.77468274      5.39928614      4.81383262      3.94526062      3.92822008      3.74939573      3.68359882      3.28983378      3.01366985      2.83686853      2.42440251      1.47884801      1.16503298      0.75120392      0.55115668      0.20287275     -0.20287275     -0.55115668     -0.75120392     -1.16503298     -1.47884801     -2.42440251     -2.83686853     -3.01366985     -3.28983378     -3.68359882     -3.74939573     -3.92822008     -3.94526062     -4.81383262     -5.39928614     -5.77468274     -5.96787115     -5.97763559     -6.10292954     -6.11510808     -6.64198832     -6.90594112     -7.04945923     -7.06213335     -7.27616981     -7.57102187     -7.57630549     -7.85182171     -7.94171098     -8.45141935     -8.57727396     -8.75674912     -8.81538013     -9.09204919     -9.12195708     -9.14358345     -9.16445966     -9.26743186     -9.48323246     -9.71223534     -9.71327742     -9.73795446     -9.75914961     -9.78851747     -9.81534068     -9.84872366     -9.97851191    -10.05819410    -10.26075721    -10.27119909    -10.31701611    -10.45426389    -10.54568393    -10.68789461    -10.69216691    -10.85958504    -10.87476875    -10.98241788    -11.02815353    -11.11220718    -11.15829787    -11.19154934    -11.28689133    -11.28903611
      2.33470054     11.24817031     11.24316317     11.23947508     11.21887053     11.09536024     11.04670628     10.94793286     10.92270458     10.88710975     10.67590260     10.63863773     10.49717103     10.40090508     10.37747278     10.28642242     10.21968958     10.05448710      9.96967166      9.93167070      9.92248953      9.79654213      9.78898606      9.69777471      9.66679989      9.61754342      9.54369723      9.27100517      9.26361508      9.22153948      9.10277382      8.96629674      8.71071279      8.64856546      8.62523253      8.40311107      8.12970919      7.68050832      7.61201446      7.60427356      7.44551687      7.22279011      7.03553555      6.78240255      6.42566317      6.37627372      5.90928434      5.90367595      5.89791607      5.61828526      5.60107985      5.01826402      4.02047717      3.98728808      3.58901853      3.43325099      3.42340980      3.06998893      2.84006618      2.36649031      1.61591400      1.03486059      0.85416459      0.50028323      0.16340229     -0.16340229     -0.50028323     -0.85416459     -1.03486059     -1.61591400     -2.36649031     -2.84006618     -3.06998893     -3.42340980     -3.43325099     -3.58901853     -3.98728808     -4.02047717     -5.01826402     -5.60107985     -5.61828526     -5.89791607     -5.90367595     -5.90928434     -6.37627372     -6.42566317     -6.78240255     -7.03553555     -7.22279011     -7.44551687     -7.60427356     -7.61201446     -7.68050832     -8.12970919     -8.40311107     -8.62523253     -8.64856546     -8.71071279     -8.96629674     -9.10277382     -9.22153948     -9.26361508     -9.27100517     -9.54369723     -9.61754342     -9.66679989     -9.69777471     -9.78898606     -9.79654213     -9.92248953     -9.93167070     -9.96967166    -10.05448710    -10.21968958    -10.28642242    -10.37747278    -10.40090508    -10.49717103    -10.63863773    -10.67590260    -10.88710975    -10.92270458    -10.94793286    -11.04670628    -11.09536024    -11.21887053    -11.23947508    -11.24316317    -11.24817031
      2.34470054     11.28308776     11.27301054     11.20362959     11.18697021     11.07315264     11.06352469     10.96686041     10.91349717     10.90996594     10.65364981     10.59380173     10.44140008     10.44080683     10.34808742     10.30396550     10.16030990     10.07272847     10.04526197      9.99599403      9.96714730      9.87576429      9.82828539      9.76288972      9.60737740      9.50117308      9.46780271      9.36350928      9.27796553      9.18098788      9.08716747      8.83650232      8.79162549      8.60727344      8.54382369      8.31171649      8.22270056      7.65464476      7.64379224      7.61368336      7.50579747      7.38917451      7.16837070      6.64769693      6.51225678      6.20942619      5.83954287      5.83643010      5.80510178      5.70510567      5.46546847      5.22125608      4.11220475      4.05616647      3.56408736      3.43334368      3.31049416      3.18927065      2.67896353      2.31627780      1.75436391      0.96844834      0.91692503      0.46100237      0.12538178     -0.12538178     -0.46100237     -0.91692503     -0.96844834     -1.75436391     -2.31627780     -2.67896353     -3.18927065     -3.31049416     -3.43334368     -3.56408736     -4.05616647     -4.11220475     -5.22125608     -5.46546847     -5.70510567     -5.80510178     -5.83643010     -5.83954287     -6.20942619     -6.51225678     -6.64769693     -7.16837070     -7.38917451     -7.50579747     -7.61368336     -7.64379224     -7.65464476     -8.22270056     -8.31171649     -8.54382369     -8.60727344     -8.79162549     -8.83650232     -9.08716747     -9.18098788     -9.27796553     -9.36350928     -9.46780271     -9.50117308     -9.60737740     -9.76288972     -9.82828539     -9.87576429     -9.96714730     -9.99599403    -10.04526197    -10.07272847    -10.16030990    -10.30396550    -10.34808742    -10.44080683    -10.44140008    -10.59380173    -10.65364981    -10.90996594    -10.91349717    -10.96686041    -11.06352469    -11.07315264    -11.18697021    -11.20362959    -11.27301054    -11.28308776
      2.35470054     11.32173220     11.31925323     11.15385641     11.12030065     11.07825411     11.04744387     11.00561334     10.92814990     10.87924661     10.62528867     10.55419844     10.50645286     10.38033908     10.31375007     10.29644960     10.15532759     10.10005116     10.08895199     10.06864291      9.97089620      9.94943304      9.89749453      9.84165715      9.67387267      9.43690122      9.31657909      9.31096364      9.20960589      9.14610365      9.07480544      8.95002768      8.70329728      8.50564708      8.48601421      8.44283575      8.03671775      7.78018161      7.70404563      7.68940782      7.56036958      7.32800848      7.30395295      6.91643025      6.23979417      6.01084146      5.99440109      5.78526288      5.78376664      5.50313180      5.42258930      5.31662222      4.22039880      4.13428959      3.71167942      3.55771856      3.28212273      2.95233278      2.53337053      2.27377058      1.89303232      1.09427585      0.81136968      0.43330331      0.08916765     -0.08916765     -0.43330331     -0.81136968     -1.09427585     -1.89303232     -2.27377058     -2.53337053     -2.95233278     -3.28212273     -3.55771856     -3.71167942     -4.13428959     -4.22039880     -5.31662222     -5.42258930     -5.50313180     -5.78376664     -5.78526288     -5.99440109     -6.01084146     -6.23979417     -6.91643025     -7.30395295     -7.32800848     -7.56036958     -7.68940782     -7.70404563     -7.78018161     -8.03671775     -8.44283575     -8.48601421     -8.50564708     -8.70329728     -8.95002768     -9.07480544     -9.14610365     -9.20960589     -9.31096364     -9.31657909     -9.43690122     -9.67387267     -9.84165715     -9.89749453     -9.94943304     -9.97089620    -10.06864291    -10.08895199    -10.10005116    -10.15532759    -10.29644960    -10.31375007    -10.38033908    -10.50645286    -10.55419844    -10.62528867    -10.87924661    -10.92814990    -11.00561334    -11.04744387    -11.07825411    -11.12030065    -11.15385641    -11.31925323    -11.32173220
      2.36448614     11.31961675     11.31735829     11.15706595     11.12521316     11.07997163     11.04704597     11.00329496     10.91882995     10.88010937     10.64581989     10.54835569     10.51703429     10.35479544     10.31139054     10.28422997     10.17870755     10.13563667     10.09931165     10.05030854      9.94850538      9.92786941      9.91117360      9.82947117      9.63339505      9.44957945      9.32600804      9.30734287      9.28341215      9.21002234      8.95318674      8.92723418      8.69389040      8.65757440      8.48623392      8.28637570      8.03670289      7.91992136      7.77956281      7.64838801      7.46826574      7.32941865      7.22014258      6.91642735      6.23979415      6.03617158      6.03378575      6.01089431      5.53266996      5.50298562      5.43217413      5.28802046      4.40836385      3.95244060      3.70966570      3.55771649      3.28518183      2.95233869      2.63130999      2.18635240      1.90867852      1.09446091      0.81091783      0.42384543      0.12958022     -0.12958022     -0.42384543     -0.81091783     -1.09446091     -1.90867852     -2.18635240     -2.63130999     -2.95233869     -3.28518183     -3.55771649     -3.70966570     -3.95244060     -4.40836385     -5.28802046     -5.43217413     -5.50298562     -5.53266996     -6.01089431     -6.03378575     -6.03617158     -6.23979415     -6.91642735     -7.22014258     -7.32941865     -7.46826574     -7.64838801     -7.77956281     -7.91992136     -8.03670289     -8.28637570     -8.48623392     -8.65757440     -8.69389040     -8.92723418     -8.95318674     -9.21002234     -9.28341215     -9.30734287     -9.32600804     -9.44957945     -9.63339505     -9.82947117     -9.91117360     -9.92786941     -9.94850538    -10.05030854    -10.09931165    -10.13563667    -10.17870755    -10.28422997    -10.31139054    -10.35479544    -10.51703429    -10.54835569    -10.64581989    -10.88010937    -10.91882995    -11.00329496    -11.04704597    -11.07997163    -11.12521316    -11.15706595    -11.31735829    -11.31961675
      2.37427173     11.31353301     11.31185319     11.16585479     11.13736110     11.08434776     11.04590553     10.99720969     10.89354538     10.88255152     10.69127931     10.54374035     10.53101298     10.30453514     10.29419931     10.24860384     10.23145548     10.17247633     10.16710443     10.00423833      9.93764124      9.88643242      9.88078041      9.80741699      9.53597175      9.48004573      9.43982070      9.36795947      9.28720272      9.21120454      8.96226023      8.83124627      8.73989787      8.66896863      8.48685566      8.13694880      8.09900423      8.03666096      7.80525776      7.77782349      7.33342636      7.23542808      7.07634918      6.91641917      6.28693481      6.23979408      6.13586041      6.01104347      5.50257350      5.46003532      5.28134283      5.21859214      4.63834295      3.74103300      3.70403270      3.55771063      3.29391525      2.95235536      2.80753519      2.04209051      1.95413503      1.09498327      0.80964376      0.39688210      0.20688293     -0.20688293     -0.39688210     -0.80964376     -1.09498327     -1.95413503     -2.04209051     -2.80753519     -2.95235536     -3.29391525     -3.55771063     -3.70403270     -3.74103300     -4.63834295     -5.21859214     -5.28134283     -5.46003532     -5.50257350     -6.01104347     -6.13586041     -6.23979408     -6.28693481     -6.91641917     -7.07634918     -7.23542808     -7.33342636     -7.77782349     -7.80525776     -8.03666096     -8.09900423     -8.13694880     -8.48685566     -8.66896863     -8.73989787     -8.83124627     -8.96226023     -9.21120454     -9.28720272     -9.36795947     -9.43982070     -9.48004573     -9.53597175     -9.80741699     -9.88078041     -9.88643242     -9.93764124    -10.00423833    -10.16710443    -10.17247633    -10.23145548    -10.24860384    -10.29419931    -10.30453514    -10.53101298    -10.54374035    -10.69127931    -10.88255152    -10.89354538    -10.99720969    -11.04590553    -11.08434776    -11.13736110    -11.16585479    -11.31185319    -11.31353301
      2.38405733     11.30427965     11.30330711     11.17810137     11.15210070     11.08986474     11.04418215     10.98914741     10.88615872     10.85723038     10.74237605     10.57691793     10.50280973     10.29453575     10.29386279     10.24246062     10.21753002     10.20492424     10.19235139      9.96661476      9.95623307      9.82782167      9.79452574      9.78553956      9.58505965      9.51915371      9.42987332      9.41054437      9.26529235      9.21295850      8.99875342      8.97603764      8.63579386      8.54256482      8.48777271      8.34727174      8.03659947      7.97538579      7.90826362      7.77528928      7.33938532      6.99870614      6.92966030      6.91640717      6.53610366      6.27490111      6.23979398      6.01126237      5.50345673      5.50196982      5.13492565      5.03123481      4.87386435      3.69589497      3.55770204      3.53732773      3.30701363      3.00413159      2.95237981      2.02539179      1.90021429      1.09575013      0.80777691      0.35617498      0.29016060     -0.29016060     -0.35617498     -0.80777691     -1.09575013     -1.90021429     -2.02539179     -2.95237981     -3.00413159     -3.30701363     -3.53732773     -3.55770204     -3.69589497     -4.87386435     -5.03123481     -5.13492565     -5.50196982     -5.50345673     -6.01126237     -6.23979398     -6.27490111     -6.53610366     -6.91640717     -6.92966030     -6.99870614     -7.33938532     -7.77528928     -7.90826362     -7.97538579     -8.03659947     -8.34727174     -8.48777271     -8.54256482     -8.63579386     -8.97603764     -8.99875342     -9.21295850     -9.26529235     -9.41054437     -9.42987332     -9.51915371     -9.58505965     -9.78553956     -9.79452574     -9.82782167     -9.95623307     -9.96661476    -10.19235139    -10.20492424    -10.21753002    -10.24246062    -10.29386279    -10.29453575    -10.50280973    -10.57691793    -10.74237605    -10.85723038    -10.88615872    -10.98914741    -11.04418215    -11.08986474    -11.15210070    -11.17810137    -11.30330711    -11.30427965
      2.39384293     11.29320608     11.29276366     11.19123877     11.16607950     11.09526993     11.04213838     10.98078394     10.89031344     10.81387063     10.79021986     10.60893147     10.46516216     10.36009186     10.31164237     10.28055887     10.23208528     10.13313924     10.11949130      9.99488655      9.90699687      9.77779501      9.76650237      9.71639782      9.68079932      9.56274446      9.50492857      9.26981600      9.24569628      9.21498697      9.15741236      8.99251249      8.60157606      8.55002081      8.48882518      8.33678007      8.14918623      8.03652943      7.77242572      7.71594978      7.34629740      6.91639350      6.79266338      6.78297725      6.75884159      6.43465143      6.23979387      6.01151198      5.55768679      5.50128307      5.11308675      5.05457958      4.78304989      3.68679486      3.55769225      3.34500070      3.32238782      3.21193763      2.95240768      2.11661576      1.77247492      1.09662491      0.80565241      0.37029532      0.30696623     -0.30696623     -0.37029532     -0.80565241     -1.09662491     -1.77247492     -2.11661576     -2.95240768     -3.21193763     -3.32238782     -3.34500070     -3.55769225     -3.68679486     -4.78304989     -5.05457958     -5.11308675     -5.50128307     -5.55768679     -6.01151198     -6.23979387     -6.43465143     -6.75884159     -6.78297725     -6.79266338     -6.91639350     -7.34629740     -7.71594978     -7.77242572     -8.03652943     -8.14918623     -8.33678007     -8.48882518     -8.55002081     -8.60157606     -8.99251249     -9.15741236     -9.21498697     -9.24569628     -9.26981600     -9.50492857     -9.56274446     -9.68079932     -9.71639782     -9.76650237     -9.77779501     -9.90699687     -9.99488655    -10.11949130    -10.13313924    -10.23208528    -10.28055887    -10.31164237    -10.36009186    -10.46516216    -10.60893147    -10.79021986    -10.81387063    -10.89031344    -10.98078394    -11.04213838    -11.09526993    -11.16607950    -11.19123877    -11.29276366    -11.29320608
      2.40362853     11.28217073     11.28184486     11.20294297     11.17744324     11.09976969     11.04012286     10.97343306     10.89428758     10.83015378     10.76673559     10.63523765     10.42396054     10.42113725     10.36793763     10.26645788     10.25313074     10.04505253     10.03560401     10.02014732      9.85730149      9.83025886      9.75150555      9.73571086      9.60876408      9.58768222      9.55053191      9.30339571      9.23018997      9.21693152      9.11913460      9.00895163      8.74408926      8.57186676      8.48982582      8.32345672      8.12337500      8.03646335      7.76974649      7.52372504      7.35294549      7.02685821      6.91638060      6.67396108      6.60624744      6.51655718      6.23979377      6.01174770      5.61531812      5.50063612      5.35501075      4.98774032      4.53749663      3.67836776      3.55768301      3.42819586      3.33737321      3.16934337      2.95243399      2.21974141      1.66605917      1.09745137      0.80365022      0.44088466      0.25571610     -0.25571610     -0.44088466     -0.80365022     -1.09745137     -1.66605917     -2.21974141     -2.95243399     -3.16934337     -3.33737321     -3.42819586     -3.55768301     -3.67836776     -4.53749663     -4.98774032     -5.35501075     -5.50063612     -5.61531812     -6.01174770     -6.23979377     -6.51655718     -6.60624744     -6.67396108     -6.91638060     -7.02685821     -7.35294549     -7.52372504     -7.76974649     -8.03646335     -8.12337500     -8.32345672     -8.48982582     -8.57186676     -8.74408926     -9.00895163     -9.11913460     -9.21693152     -9.23018997     -9.30339571     -9.55053191     -9.58768222     -9.60876408     -9.73571086     -9.75150555     -9.83025886     -9.85730149    -10.02014732    -10.03560401    -10.04505253    -10.25313074    -10.26645788    -10.36793763    -10.42113725    -10.42396054    -10.63523765    -10.76673559    -10.83015378    -10.89428758    -10.97343306    -11.04012286    -11.09976969    -11.17744324    -11.20294297    -11.28184486    -11.28217073
      2.41341413     11.27333392     11.27274058     11.21145790     11.18522679     11.10290065     11.03852497     10.96809010     10.89735616     10.85865807     10.72057902     10.65336759     10.48111802     10.40705465     10.37768231     10.26731480     10.25425813     10.03960951      9.95717390      9.95094081      9.91939789      9.80861228      9.74132129      9.70557174      9.67280303      9.65522706      9.42784817      9.40815325      9.21968696      9.21843300      9.02215922      8.96151487      8.92724369      8.55054775      8.49614353      8.49059286      8.03641304      7.90306255      7.76772068      7.35809444      7.33482292      7.26705192      6.91637077      6.78297731      6.58442568      6.27257986      6.23979369      6.01192734      5.66532947      5.59879495      5.50014412      4.94085844      4.29531319      3.67204950      3.65147582      3.55767598      3.34912392      3.02226959      2.95245402      2.32064041      1.58904599      1.09808142      0.80212706      0.49430696      0.21108603     -0.21108603     -0.49430696     -0.80212706     -1.09808142     -1.58904599     -2.32064041     -2.95245402     -3.02226959     -3.34912392     -3.55767598     -3.65147582     -3.67204950     -4.29531319     -4.94085844     -5.50014412     -5.59879495     -5.66532947     -6.01192734     -6.23979369     -6.27257986     -6.58442568     -6.78297731     -6.91637077     -7.26705192     -7.33482292     -7.35809444     -7.76772068     -7.90306255     -8.03641304     -8.49059286     -8.49614353     -8.55054775     -8.92724369     -8.96151487     -9.02215922     -9.21843300     -9.21968696     -9.40815325     -9.42784817     -9.65522706     -9.67280303     -9.70557174     -9.74132129     -9.80861228     -9.91939789     -9.95094081     -9.95717390    -10.03960951    -10.25425813    -10.26731480    -10.37768231    -10.40705465    -10.48111802    -10.65336759    -10.72057902    -10.85865807    -10.89735616    -10.96809010    -11.03852497    -11.10290065    -11.18522679    -11.21145790    -11.27274058    -11.27333392
      2.42319972     11.26868382     11.26779715     11.21566477     11.18894755     11.10441043     11.03769013     10.96544208     10.89893176     10.87276599     10.68805962     10.66206104     10.51879212     10.42601288     10.34947368     10.27406825     10.24737545     10.04987150      9.96896208      9.89151454      9.88358622      9.76801877      9.74529098      9.73645666      9.69481967      9.69065842      9.50565538      9.26845723      9.21920315      9.21468613      9.08577340      9.02913404      8.80227683      8.66234337      8.54007612      8.49098438      8.03638748      7.76669581      7.67655539      7.50283976      7.36074105      7.16794202      6.94447662      6.91636578      6.53779879      6.23979365      6.02768061      6.01201869      5.84361402      5.69361401      5.49989430      4.91806778      4.05765807      3.88035158      3.66887008      3.55767240      3.35521611      2.95246420      2.93363368      2.38802732      1.55032538      1.09840187      0.80135343      0.52195765      0.18523304     -0.18523304     -0.52195765     -0.80135343     -1.09840187     -1.55032538     -2.38802732     -2.93363368     -2.95246420     -3.35521611     -3.55767240     -3.66887008     -3.88035158     -4.05765807     -4.91806778     -5.49989430     -5.69361401     -5.84361402     -6.01201869     -6.02768061     -6.23979365     -6.53779879     -6.91636578     -6.94447662     -7.16794202     -7.36074105     -7.50283976     -7.67655539     -7.76669581     -8.03638748     -8.49098438     -8.54007612     -8.66234337     -8.80227683     -9.02913404     -9.08577340     -9.21468613     -9.21920315     -9.26845723     -9.50565538     -9.69065842     -9.69481967     -9.73645666     -9.74529098     -9.76801877     -9.88358622     -9.89151454     -9.96896208    -10.04987150    -10.24737545    -10.27406825    -10.34947368    -10.42601288    -10.51879212    -10.66206104    -10.68805962    -10.87276599    -10.89893176    -10.96544208    -11.03769013    -11.10441043    -11.18894755    -11.21566477    -11.26779715    -11.26868382
      2.43298532     11.26937047     11.26853438     11.21505481     11.18841276     11.10419292     11.03781314     10.96582654     10.89870077     10.87071548     10.69357432     10.66081055     10.51254025     10.42327574     10.35398287     10.27309803     10.24841639     10.04834827      9.96140069      9.90147720      9.89820341      9.77611626      9.73715605      9.73082376      9.69282487      9.68686380      9.49307408      9.30000401      9.21909030      9.21540433      9.05154320      9.02810281      8.84115424      8.62247387      8.54159246      8.49092709      8.03639121      7.76684540      7.73371648      7.44435273      7.36035298      7.20360398      6.91636651      6.90957257      6.54469605      6.23979365      6.08893924      6.01200534      5.78236647      5.68933279      5.49993080      4.92135988      4.11647482      3.82278756      3.66933343      3.55767292      3.35432053      2.95246272      2.94765836      2.37702669      1.55598479      1.09835502      0.80146647      0.51788203      0.18919543     -0.18919543     -0.51788203     -0.80146647     -1.09835502     -1.55598479     -2.37702669     -2.94765836     -2.95246272     -3.35432053     -3.55767292     -3.66933343     -3.82278756     -4.11647482     -4.92135988     -5.49993080     -5.68933279     -5.78236647     -6.01200534     -6.08893924     -6.23979365     -6.54469605     -6.90957257     -6.91636651     -7.20360398     -7.36035298     -7.44435273     -7.73371648     -7.76684540     -8.03639121     -8.49092709     -8.54159246     -8.62247387     -8.84115424     -9.02810281     -9.05154320     -9.21540433     -9.21909030     -9.30000401     -9.49307408     -9.68686380     -9.69282487     -9.73082376     -9.73715605     -9.77611626     -9.89820341     -9.90147720     -9.96140069    -10.04834827    -10.24841639    -10.27309803    -10.35398287    -10.42327574    -10.51254025    -10.66081055    -10.69357432    -10.87071548    -10.89870077    -10.96582654    -11.03781314    -11.10419292    -11.18841276    -11.21505481    -11.26853438    -11.26937047
      2.44277092     11.27521926     11.27471336     11.20970008     11.18364883     11.10226287     11.03886464     10.96919445     10.89670974     10.85277851     10.73157848     10.64968572     10.46791339     10.39907050     10.38785318     10.26444719     10.25694768     10.03546951      9.97877480      9.97120532      9.90008166      9.82052830      9.74338412      9.71179005      9.65170947      9.64374704      9.44455498      9.39966987      9.22181104      9.21811682      9.01933675      9.00141849      8.88273384      8.55493373      8.49043175      8.45324349      8.03642358      7.95875042      7.76814421      7.38136897      7.35700902      7.20738721      6.91637283      6.73879366      6.60334611      6.33369263      6.23979370      6.01188969      5.65429087      5.53771842      5.50024718      4.95044619      4.35549901      3.67336670      3.59506026      3.55767745      3.34663583      3.05518245      2.95244982      2.29689217      1.60504807      1.09794934      0.80244615      0.48303728      0.22101540     -0.22101540     -0.48303728     -0.80244615     -1.09794934     -1.60504807     -2.29689217     -2.95244982     -3.05518245     -3.34663583     -3.55767745     -3.59506026     -3.67336670     -4.35549901     -4.95044619     -5.50024718     -5.53771842     -5.65429087     -6.01188969     -6.23979370     -6.33369263     -6.60334611     -6.73879366     -6.91637283     -7.20738721     -7.35700902     -7.38136897     -7.76814421     -7.95875042     -8.03642358     -8.45324349     -8.49043175     -8.55493373     -8.88273384     -9.00141849     -9.01933675     -9.21811682     -9.22181104     -9.39966987     -9.44455498     -9.64374704     -9.65170947     -9.71179005     -9.74338412     -9.82052830     -9.90008166     -9.97120532     -9.97877480    -10.03546951    -10.25694768    -10.26444719    -10.38785318    -10.39907050    -10.46791339    -10.64968572    -10.73157848    -10.85277851    -10.89670974    -10.96919445    -11.03886464    -11.10226287    -11.18364883    -11.20970008    -11.27471336    -11.27521926
      2.45255652     11.28480957     11.28449791     11.20025824     11.17491069     11.09875929     11.04060283     10.97511633     10.89335187     10.82111266     10.77867345     10.62935687     10.43246161     10.40837016     10.35533096     10.26992665     10.24848570     10.06724161     10.05719009     10.01425343      9.86971238      9.80373047      9.75482892      9.74525886      9.59712290      9.58442178      9.56653721      9.26842313      9.23362435      9.21647353      9.15755838      9.00501653      8.69646950      8.57863328      8.48959089      8.27995954      8.17740093      8.03647882      7.77037180      7.57165156      7.35137771      6.96620654      6.91638362      6.70138807      6.57731555      6.56258979      6.23979379      6.01169250      5.60112493      5.50078749      5.29432370      5.00278688      4.59859892      3.68032724      3.55768518      3.37342658      3.33382089      3.21123208      2.95242783      2.19344114      1.69024924      1.09725779      0.80411877      0.42451871      0.26830075     -0.26830075     -0.42451871     -0.80411877     -1.09725779     -1.69024924     -2.19344114     -2.95242783     -3.21123208     -3.33382089     -3.37342658     -3.55768518     -3.68032724     -4.59859892     -5.00278688     -5.29432370     -5.50078749     -5.60112493     -6.01169250     -6.23979379     -6.56258979     -6.57731555     -6.70138807     -6.91638362     -6.96620654     -7.35137771     -7.57165156     -7.77037180     -8.03647882     -8.17740093     -8.27995954     -8.48959089     -8.57863328     -8.69646950     -9.00501653     -9.15755838     -9.21647353     -9.23362435     -9.26842313     -9.56653721     -9.58442178     -9.59712290     -9.74525886     -9.75482892     -9.80373047     -9.86971238    -10.01425343    -10.05719009    -10.06724161    -10.24848570    -10.26992665    -10.35533096    -10.40837016    -10.43246161    -10.62935687    -10.77867345    -10.82111266    -10.89335187    -10.97511633    -11.04060283    -11.09875929    -11.17491069    -11.20025824    -11.28449791    -11.28480957
      2.46234211     11.29605107     11.29550870     11.18800640     11.16277702     11.09397932     11.04266147     10.98282536     10.88926235     10.82519382     10.77884969     10.60132970     10.47533385     10.34371442     10.29535175     10.28404437     10.22583682     10.15471160     10.13899804      9.98800776      9.91938344      9.78972679      9.77091980      9.71095319      9.68502484      9.55155343      9.48525047      9.30607749      9.25026069      9.21447318      9.11874270      8.98827935      8.60989400      8.50009649      8.48855943      8.38896981      8.10560244      8.03654706      7.77314431      7.76409402      7.34454450      6.91639694      6.82555004      6.81906281      6.72151223      6.39333315      6.23979390      6.01144912      5.54346670      5.50145587      5.07371474      5.05299305      4.84487725      3.68906924      3.55769472      3.39178788      3.31846972      3.15912197      2.95240067      2.09232342      1.80269265      1.09640456      0.80618704      0.35089706      0.31973739     -0.31973739     -0.35089706     -0.80618704     -1.09640456     -1.80269265     -2.09232342     -2.95240067     -3.15912197     -3.31846972     -3.39178788     -3.55769472     -3.68906924     -4.84487725     -5.05299305     -5.07371474     -5.50145587     -5.54346670     -6.01144912     -6.23979390     -6.39333315     -6.72151223     -6.81906281     -6.82555004     -6.91639694     -7.34454450     -7.76409402     -7.77314431     -8.03654706     -8.10560244     -8.38896981     -8.48855943     -8.50009649     -8.60989400     -8.98827935     -9.11874270     -9.21447318     -9.25026069     -9.30607749     -9.48525047     -9.55155343     -9.68502484     -9.71095319     -9.77091980     -9.78972679     -9.91938344     -9.98800776    -10.13899804    -10.15471160    -10.22583682    -10.28404437    -10.29535175    -10.34371442    -10.47533385    -10.60132970    -10.77884969    -10.82519382    -10.88926235    -10.98282536    -11.04266147    -11.09397932    -11.16277702    -11.18800640    -11.29550870    -11.29605107
      2.47212771     11.30682574     11.30568081     11.17485609     11.14838648     11.08845550     11.04465496     10.99125040     10.88517879     10.86710317     10.72967200     10.56849300     10.51081980     10.29683347     10.27833396     10.23763131     10.22384342     10.20814740     10.19727463      9.96837595      9.95934571      9.84102671      9.81980645      9.79080567      9.54995150      9.50885000      9.44364542      9.41292028      9.27065469      9.21248123      8.97224869      8.95760095      8.64444228      8.59272874      8.48752381      8.29536549      8.03661611      7.95615361      7.93232293      7.77597346      7.33776224      7.05820955      6.96576022      6.91641042      6.47399930      6.23979401      6.23773324      6.01120309      5.50213318      5.49136370      5.15605324      5.09360904      4.81459078      3.69808401      3.58733113      3.55770437      3.30343210      2.95376230      2.95237319      2.00544983      1.93465509      1.09554242      0.80828215      0.36737256      0.26938340     -0.26938340     -0.36737256     -0.80828215     -1.09554242     -1.93465509     -2.00544983     -2.95237319     -2.95376230     -3.30343210     -3.55770437     -3.58733113     -3.69808401     -4.81459078     -5.09360904     -5.15605324     -5.49136370     -5.50213318     -6.01120309     -6.23773324     -6.23979401     -6.47399930     -6.91641042     -6.96576022     -7.05820955     -7.33776224     -7.77597346     -7.93232293     -7.95615361     -8.03661611     -8.29536549     -8.48752381     -8.59272874     -8.64444228     -8.95760095     -8.97224869     -9.21248123     -9.27065469     -9.41292028     -9.44364542     -9.50885000     -9.54995150     -9.79080567     -9.81980645     -9.84102671     -9.95934571     -9.96837595    -10.19727463    -10.20814740    -10.22384342    -10.23763131    -10.27833396    -10.29683347    -10.51081980    -10.56849300    -10.72967200    -10.86710317    -10.88517879    -10.99125040    -11.04465496    -11.08845550    -11.14838648    -11.17485609    -11.30568081    -11.30682574
      2.48191331     11.31539166     11.31354407     11.16323624     11.13391050     11.08308751     11.04625333     10.99898912     10.90108686     10.88181149     10.67885689     10.53640143     10.53608600     10.31136823     10.30664137     10.25957676     10.21681435     10.16363955     10.14862484     10.01596855      9.93059843      9.90512889      9.89361938      9.81309183      9.56374389      9.47136713      9.40163361      9.35530863      9.29265459      9.21084581      8.95948982      8.78828664      8.78777361      8.67627934      8.48666730      8.14626226      8.08328751      8.03667364      7.77834860      7.76407166      7.33220950      7.29403203      7.11337389      6.91642165      6.23979410      6.22436603      6.10600231      6.01099834      5.50269811      5.45147304      5.34408782      5.23820070      4.58020556      3.79332901      3.70572915      3.55771240      3.29125725      2.95235032      2.76085685      2.07871406      1.94016025      1.09482523      0.81002903      0.40508977      0.18643767     -0.18643767     -0.40508977     -0.81002903     -1.09482523     -1.94016025     -2.07871406     -2.76085685     -2.95235032     -3.29125725     -3.55771240     -3.70572915     -3.79332901     -4.58020556     -5.23820070     -5.34408782     -5.45147304     -5.50269811     -6.01099834     -6.10600231     -6.22436603     -6.23979410     -6.91642165     -7.11337389     -7.29403203     -7.33220950     -7.76407166     -7.77834860     -8.03667364     -8.08328751     -8.14626226     -8.48666730     -8.67627934     -8.78777361     -8.78828664     -8.95948982     -9.21084581     -9.29265459     -9.35530863     -9.40163361     -9.47136713     -9.56374389     -9.81309183     -9.89361938     -9.90512889     -9.93059843    -10.01596855    -10.14862484    -10.16363955    -10.21681435    -10.25957676    -10.30664137    -10.31136823    -10.53608600    -10.53640143    -10.67885689    -10.88181149    -10.90108686    -10.99898912    -11.04625333    -11.08308751    -11.13391050    -11.16323624    -11.31354407    -11.31539166
      2.49169891     11.32053690     11.31818371     11.15568011     11.12312945     11.07923913     11.04721896     11.00428840     10.92284022     10.87973497     10.63734039     10.55090826     10.51252852     10.36546987     10.31241827     10.28955393     10.16904636     10.12588587     10.08663986     10.06139839      9.95817653      9.93673164      9.90579743      9.83419538      9.65036238      9.44426684      9.31950000      9.31114957      9.24324439      9.20984154      8.97189459      8.95181293      8.69792955      8.61376474      8.48613858      8.33217039      8.03670933      7.86472477      7.77983107      7.61501695      7.52576656      7.32880632      7.25166365      6.91642861      6.23979416      6.01698541      6.01087138      5.97331415      5.59560963      5.50304902      5.42799904      5.30009711      4.35244763      4.00567671      3.71053805      3.55771739      3.28385262      2.95233612      2.59422836      2.21882305      1.90186500      1.09438063      0.81111381      0.42795298      0.11372494     -0.11372494     -0.42795298     -0.81111381     -1.09438063     -1.90186500     -2.21882305     -2.59422836     -2.95233612     -3.28385262     -3.55771739     -3.71053805     -4.00567671     -4.35244763     -5.30009711     -5.42799904     -5.50304902     -5.59560963     -5.97331415     -6.01087138     -6.01698541     -6.23979416     -6.91642861     -7.25166365     -7.32880632     -7.52576656     -7.61501695     -7.77983107     -7.86472477     -8.03670933     -8.33217039     -8.48613858     -8.61376474     -8.69792955     -8.95181293     -8.97189459     -9.20984154     -9.24324439     -9.31114957     -9.31950000     -9.44426684     -9.65036238     -9.83419538     -9.90579743     -9.93673164     -9.95817653    -10.06139839    -10.08663986    -10.12588587    -10.16904636    -10.28955393    -10.31241827    -10.36546987    -10.51252852    -10.55090826    -10.63734039    -10.87973497    -10.92284022    -11.00428840    -11.04721896    -11.07923913    -11.12312945    -11.15568011    -11.31818371    -11.32053690
      2.50148451     11.32159871     11.31913394     11.15406141     11.12062387     11.07836609     11.04741874     11.00546334     10.92755082     10.87930127     10.62670288     10.55383241     10.50714454     10.37861207     10.31360151     10.29568057     10.15693882     10.10637223     10.08244008     10.07075328      9.96946614      9.94793431      9.89852788      9.84071741      9.67115023      9.43775445      9.31594098      9.31192187      9.20963225      9.16649385      9.05377445      8.95022709      8.70269081      8.52961014      8.48602813      8.41858986      8.03671681      7.78014234      7.75348984      7.63963452      7.56750105      7.32809771      7.29708236      6.91643007      6.23979417      6.01084481      5.99697031      5.84747826      5.72153951      5.50312253      5.42319270      5.31472546      4.24817888      4.10689074      3.71155149      3.55771843      3.28231610      2.95233315      2.54135081      2.26644600      1.89401780      1.09428758      0.81134103      0.43270493      0.09222644     -0.09222644     -0.43270493     -0.81134103     -1.09428758     -1.89401780     -2.26644600     -2.54135081     -2.95233315     -3.28231610     -3.55771843     -3.71155149     -4.10689074     -4.24817888     -5.31472546     -5.42319270     -5.50312253     -5.72153951     -5.84747826     -5.99697031     -6.01084481     -6.23979417     -6.91643007     -7.29708236     -7.32809771     -7.56750105     -7.63963452     -7.75348984     -7.78014234     -8.03671681     -8.41858986     -8.48602813     -8.52961014     -8.70269081     -8.95022709     -9.05377445     -9.16649385     -9.20963225     -9.31192187     -9.31594098     -9.43775445     -9.67115023     -9.84071741     -9.89852788     -9.94793431     -9.96946614    -10.07075328    -10.08244008    -10.10637223    -10.15693882    -10.29568057    -10.31360151    -10.37861207    -10.50714454    -10.55383241    -10.62670288    -10.87930127    -10.92755082    -11.00546334    -11.04741874    -11.07836609    -11.12062387    -11.15406141    -11.31913394    -11.32159871
      2.51127010     11.31844596     11.31630537     11.15880707     11.12775785     11.08087380     11.04682605     11.00206170     10.91381217     10.88058382     10.65582253     10.54508229     10.52256942     10.34196611     10.31007961     10.27743440     10.19014779     10.14520025     10.11425827     10.03902062      9.93633190      9.91746625      9.91723708      9.82424295      9.61291607      9.45598875      9.33421666      9.32333735      9.30286977      9.21025163      8.95493415      8.88152641      8.70137399      8.68886164      8.48635474      8.24001936      8.03669472      7.97475954      7.77922347      7.68506794      7.41046448      7.33019543      7.18586204      6.91642576      6.23979414      6.09897340      6.05453301      6.01092334      5.50290536      5.46976240      5.43750030      5.27336051      4.46511749      3.89914296      3.70856358      3.55771535      3.28686994      2.95234193      2.67217405      2.15143514      1.91736778      1.09456257      0.81066972      0.41863200      0.14740310     -0.14740310     -0.41863200     -0.81066972     -1.09456257     -1.91736778     -2.15143514     -2.67217405     -2.95234193     -3.28686994     -3.55771535     -3.70856358     -3.89914296     -4.46511749     -5.27336051     -5.43750030     -5.46976240     -5.50290536     -6.01092334     -6.05453301     -6.09897340     -6.23979414     -6.91642576     -7.18586204     -7.33019543     -7.41046448     -7.68506794     -7.77922347     -7.97475954     -8.03669472     -8.24001936     -8.48635474     -8.68886164     -8.70137399     -8.88152641     -8.95493415     -9.21025163     -9.30286977     -9.32333735     -9.33421666     -9.45598875     -9.61291607     -9.82424295     -9.91723708     -9.91746625     -9.93633190    -10.03902062    -10.11425827    -10.14520025    -10.19014779    -10.27743440    -10.31007961    -10.34196611    -10.52256942    -10.54508229    -10.65582253    -10.88058382    -10.91381217    -11.00206170    -11.04682605    -11.08087380    -11.12775785    -11.15880707    -11.31630537    -11.31844596
      2.52105570     11.31147355     11.30996994     11.16869147     11.14096486     11.08567733     11.04552078     10.99530793     10.88532178     10.88336538     10.70399822     10.55178460     10.52494225     10.30218793     10.27608284     10.24668557     10.23633623     10.18597063     10.18103711      9.99238892      9.94481616      9.86762964      9.86588509      9.80177911      9.50653753      9.48923739      9.47729545      9.38185504      9.28166752      9.21159953      8.96532855      8.87381048      8.69141461      8.66114455      8.48706274      8.19019083      8.05154802      8.03664703      7.84714417      7.77724800      7.33476694      7.17658193      7.03926477      6.91641646      6.34940393      6.23979406      6.16796823      6.01109301      5.50243675      5.46957978      5.21867404      5.19815208      4.69680680      3.70217757      3.68923368      3.55770869      3.29684994      2.95236090      2.85535655      2.00574017      1.96973054      1.09515682      0.80922092      0.38780864      0.22762524     -0.22762524     -0.38780864     -0.80922092     -1.09515682     -1.96973054     -2.00574017     -2.85535655     -2.95236090     -3.29684994     -3.55770869     -3.68923368     -3.70217757     -4.69680680     -5.19815208     -5.21867404     -5.46957978     -5.50243675     -6.01109301     -6.16796823     -6.23979406     -6.34940393     -6.91641646     -7.03926477     -7.17658193     -7.33476694     -7.77724800     -7.84714417     -8.03664703     -8.05154802     -8.19019083     -8.48706274     -8.66114455     -8.69141461     -8.87381048     -8.96532855     -9.21159953     -9.28166752     -9.38185504     -9.47729545     -9.48923739     -9.50653753     -9.80177911     -9.86588509     -9.86762964     -9.94481616     -9.99238892    -10.18103711    -10.18597063    -10.23633623    -10.24668557    -10.27608284    -10.30218793    -10.52494225    -10.55178460    -10.70399822    -10.88336538    -10.88532178    -10.99530793    -11.04552078    -11.08567733    -11.14096486    -11.16869147    -11.30996994    -11.31147355
      2.53084130     11.30161721     11.30080570     11.18140088     11.15575984     11.09126461     11.04368888     10.98702748     10.88717342     10.84692154     10.75485951     10.58525412     10.49420212     10.31087740     10.29072455     10.26066264     10.21224327     10.19696426     10.17551121      9.97383756      9.94401293      9.81481461      9.78045604      9.76789579      9.61930383      9.52972870      9.44763965      9.37651805      9.26008439      9.21345324      9.03935841      8.97999884      8.62708931      8.49187466      8.48803021      8.39870558      8.03658228      8.01865754      7.86027519      7.77458428      7.34106910      6.93900636      6.91640382      6.89417533      6.59806454      6.31332780      6.23979396      6.01132360      5.51623790      5.50180120      5.11404054      4.96898076      4.93336683      3.69364536      3.55769964      3.48802738      3.31074032      3.05518100      2.95238665      2.04659071      1.86666853      1.09596468      0.80725535      0.34444099      0.31073463     -0.31073463     -0.34444099     -0.80725535     -1.09596468     -1.86666853     -2.04659071     -2.95238665     -3.05518100     -3.31074032     -3.48802738     -3.55769964     -3.69364536     -4.93336683     -4.96898076     -5.11404054     -5.50180120     -5.51623790     -6.01132360     -6.23979396     -6.31332780     -6.59806454     -6.89417533     -6.91640382     -6.93900636     -7.34106910     -7.77458428     -7.86027519     -8.01865754     -8.03658228     -8.39870558     -8.48803021     -8.49187466     -8.62708931     -8.97999884     -9.03935841     -9.21345324     -9.26008439     -9.37651805     -9.44763965     -9.52972870     -9.61930383     -9.76789579     -9.78045604     -9.81481461     -9.94401293     -9.97383756    -10.17551121    -10.19696426    -10.21224327    -10.26066264    -10.29072455    -10.31087740    -10.49420212    -10.58525412    -10.75485951    -10.84692154    -10.88717342    -10.98702748    -11.04368888    -11.09126461    -11.15575984    -11.18140088    -11.30080570    -11.30161721
      2.54062690     11.29036182     11.28999215     11.19437862     11.16921440     11.09650237     11.04161682     10.97880731     10.89135325     10.80230631     10.80109149     10.61616668     10.45457465     10.37636681     10.32711769     10.27701921     10.23795114     10.11133746     10.09927719     10.00157996      9.89457928      9.76636325      9.76233922      9.74669482      9.64961729      9.57408641      9.52508509      9.24139116      9.23294252      9.21549552      9.19530996      8.99674591      8.59940632      8.59354810      8.48908766      8.28411449      8.19279481      8.03651204      7.77171888      7.66780587      7.34803392      6.91639011      6.84425522      6.76090707      6.69846910      6.47669848      6.23979384      6.01157397      5.57213760      5.50111281      5.17334870      5.03630522      4.72138691      3.68456358      3.55768982      3.32628266      3.29922769      3.26527644      2.95241460      2.14167649      1.74358333      1.09684220      0.80512555      0.38910481      0.29405750     -0.29405750     -0.38910481     -0.80512555     -1.09684220     -1.74358333     -2.14167649     -2.95241460     -3.26527644     -3.29922769     -3.32628266     -3.55768982     -3.68456358     -4.72138691     -5.03630522     -5.17334870     -5.50111281     -5.57213760     -6.01157397     -6.23979384     -6.47669848     -6.69846910     -6.76090707     -6.84425522     -6.91639011     -7.34803392     -7.66780587     -7.77171888     -8.03651204     -8.19279481     -8.28411449     -8.48908766     -8.59354810     -8.59940632     -8.99674591     -9.19530996     -9.21549552     -9.23294252     -9.24139116     -9.52508509     -9.57408641     -9.64961729     -9.74669482     -9.76233922     -9.76636325     -9.89457928    -10.00157996    -10.09927719    -10.11133746    -10.23795114    -10.27701921    -10.32711769    -10.37636681    -10.45457465    -10.61616668    -10.80109149    -10.80230631    -10.89135325    -10.97880731    -11.04161682    -11.09650237    -11.16921440    -11.19437862    -11.28999215    -11.29036182
      2.55041249     11.27966997     11.27930400     11.20542521     11.17974982     11.10069356     11.03966918     10.97187675     10.89516602     10.83847866     10.75482737     10.64060179     10.43916237     10.40980866     10.37946496     10.26310346     10.25734609     10.02568287     10.02285223     10.01390233      9.85528140      9.84493991      9.74848420      9.72691232      9.62044526      9.60899670      9.51586817      9.33709223      9.22707016      9.21736146      9.08027632      9.01268413      8.79104896      8.56563147      8.49004596      8.36685820      8.06891742      8.03644888      7.76916263      7.47597452      7.35441844      7.08727944      6.91637777      6.65024943      6.64833851      6.45569291      6.23979374      6.01179935      5.62905426      5.50049457      5.41581388      4.97395165      4.47660434      3.67654212      3.55768099      3.48340285      3.34072137      3.12915783      2.95243975      2.24598188      1.64370027      1.09763250      0.80321205      0.45618496      0.24352513     -0.24352513     -0.45618496     -0.80321205     -1.09763250     -1.64370027     -2.24598188     -2.95243975     -3.12915783     -3.34072137     -3.48340285     -3.55768099     -3.67654212     -4.47660434     -4.97395165     -5.41581388     -5.50049457     -5.62905426     -6.01179935     -6.23979374     -6.45569291     -6.64833851     -6.65024943     -6.91637777     -7.08727944     -7.35441844     -7.47597452     -7.76916263     -8.03644888     -8.06891742     -8.36685820     -8.49004596     -8.56563147     -8.79104896     -9.01268413     -9.08027632     -9.21736146     -9.22707016     -9.33709223     -9.51586817     -9.60899670     -9.62044526     -9.72691232     -9.74848420     -9.84493991     -9.85528140    -10.01390233    -10.02285223    -10.02568287    -10.25734609    -10.26310346    -10.37946496    -10.40980866    -10.43916237    -10.64060179    -10.75482737    -10.83847866    -10.89516602    -10.97187675    -11.03966918    -11.10069356    -11.17974982    -11.20542521    -11.27930400    -11.27966997
      2.56019809     11.27171445     11.27103183     11.21294348     11.18654948     11.10343642     11.03823375     10.96715590     10.89790791     10.86363216     10.71032582     10.65645618     10.49321070     10.41377191     10.36842479     10.26971662     10.25190374     10.04317165      9.93627977      9.93618208      9.93207762      9.79704913      9.73959222      9.70031198      9.69338867      9.66643017      9.45328952      9.37154333      9.21870278      9.21790808      9.02458604      8.97059338      8.92138775      8.54684610      8.53876169      8.49073015      8.03640407      7.84698636      7.76736059      7.35902110      7.32644240      7.28916605      6.91636902      6.82669155      6.56819744      6.23979367      6.21140790      6.01195940      5.67499892      5.65993757      5.50005642      4.93278669      4.23539399      3.70825673      3.67093110      3.55767472      3.35125284      2.99285642      2.95245759      2.34244300      1.57544973      1.09819388      0.80185547      0.50395413      0.20232527     -0.20232527     -0.50395413     -0.80185547     -1.09819388     -1.57544973     -2.34244300     -2.95245759     -2.99285642     -3.35125284     -3.55767472     -3.67093110     -3.70825673     -4.23539399     -4.93278669     -5.50005642     -5.65993757     -5.67499892     -6.01195940     -6.21140790     -6.23979367     -6.56819744     -6.82669155     -6.91636902     -7.28916605     -7.32644240     -7.35902110     -7.76736059     -7.84698636     -8.03640407     -8.49073015     -8.53876169     -8.54684610     -8.92138775     -8.97059338     -9.02458604     -9.21790808     -9.21870278     -9.37154333     -9.45328952     -9.66643017     -9.69338867     -9.70031198     -9.73959222     -9.79704913     -9.93207762     -9.93618208     -9.93627977    -10.04317165    -10.25190374    -10.26971662    -10.36842479    -10.41377191    -10.49321070    -10.65645618    -10.71032582    -10.86363216    -10.89790791    -10.96715590    -11.03823375    -11.10343642    -11.18654948    -11.21294348    -11.27103183    -11.27171445
      2.56998369     11.26833761     11.26742444     11.21597087     11.18921534     11.10451940     11.03762814     10.96524907     10.89904800     10.87379583     10.68513888     10.66268734     10.52208155     10.42738513     10.34714517     10.27455405     10.24684707     10.05064095      9.97281685      9.88627105      9.87496496      9.76321402      9.75383813      9.73610641      9.69955377      9.68957055      9.51220730      9.24703679      9.21925994      9.21432656      9.10853470      9.02965417      8.76946777      8.69564817      8.53931540      8.49101319      8.03638560      7.76662062      7.61914182      7.56091631      7.36093636      7.14498651      6.96705450      6.91636541      6.53431771      6.23979364      6.01202540      5.96653117      5.90475795      5.69578762      5.49987594      4.91641715      4.00039101      3.93699245      3.66863726      3.55767214      3.35566713      2.95246495      2.92639385      2.39375656      1.54747858      1.09842542      0.80129659      0.52401225      0.18321298     -0.18321298     -0.52401225     -0.80129659     -1.09842542     -1.54747858     -2.39375656     -2.92639385     -2.95246495     -3.35566713     -3.55767214     -3.66863726     -3.93699245     -4.00039101     -4.91641715     -5.49987594     -5.69578762     -5.90475795     -5.96653117     -6.01202540     -6.23979364     -6.53431771     -6.91636541     -6.96705450     -7.14498651     -7.36093636     -7.56091631     -7.61914182     -7.76662062     -8.03638560     -8.49101319     -8.53931540     -8.69564817     -8.76946777     -9.02965417     -9.10853470     -9.21432656     -9.21925994     -9.24703679     -9.51220730     -9.68957055     -9.69955377     -9.73610641     -9.75383813     -9.76321402     -9.87496496     -9.88627105     -9.97281685    -10.05064095    -10.24684707    -10.27455405    -10.34714517    -10.42738513    -10.52208155    -10.66268734    -10.68513888    -10.87379583    -10.89904800    -10.96524907    -11.03762814    -11.10451940    -11.18921534    -11.21597087    -11.26742444    -11.26833761
      2.57976929     11.27038621     11.26962022     11.21414546     11.18761259     11.10386779     11.03799527     10.96639935     10.89835802     10.86766224     10.70117287     10.65894011     10.50383643     10.41918826     10.36040954     10.27164614     10.24993976     10.04610117      9.95039661      9.91625002      9.91530841      9.78607180      9.73820234      9.71300654      9.69605161      9.67712154      9.47531042      9.33517238      9.21892280      9.21647926      9.02657822      9.01234531      8.88116885      8.58096963      8.54385421      8.49084201      8.03639676      7.79053334      7.76706778      7.38554704      7.35977719      7.24500302      6.91636759      6.86931710      6.55488595      6.23979366      6.15018946      6.01198550      5.72113311      5.68306968      5.49998504      4.92627523      4.17576591      3.76537645      3.67002272      3.55767370      3.35299317      2.96769747      2.95246050      2.36153083      1.56439079      1.09828543      0.80163445      0.51185024      0.19495637     -0.19495637     -0.51185024     -0.80163445     -1.09828543     -1.56439079     -2.36153083     -2.95246050     -2.96769747     -3.35299317     -3.55767370     -3.67002272     -3.76537645     -4.17576591     -4.92627523     -5.49998504     -5.68306968     -5.72113311     -6.01198550     -6.15018946     -6.23979366     -6.55488595     -6.86931710     -6.91636759     -7.24500302     -7.35977719     -7.38554704     -7.76706778     -7.79053334     -8.03639676     -8.49084201     -8.54385421     -8.58096963     -8.88116885     -9.01234531     -9.02657822     -9.21647926     -9.21892280     -9.33517238     -9.47531042     -9.67712154     -9.69605161     -9.71300654     -9.73820234     -9.78607180     -9.91530841     -9.91625002     -9.95039661    -10.04610117    -10.24993976    -10.27164614    -10.36040954    -10.41918826    -10.50383643    -10.65894011    -10.70117287    -10.86766224    -10.89835802    -10.96639935    -11.03799527    -11.10386779    -11.18761259    -11.21414546    -11.26962022    -11.27038621
      2.58955489     11.27734173     11.27691388     11.20768380     11.18182098     11.10152600     11.03924785     10.97046007     10.89597668     10.84603655     10.74305976     10.64542471     10.45386251     10.39864502     10.38985905     10.26112141     10.25991510     10.03080846     10.00072245      9.99233047      9.87862560      9.83266452      9.74577424      9.71892055      9.63212511      9.63038142      9.48050880      9.36928424      9.22427445      9.21775817      9.04102322      9.01616253      8.83729164      8.55997352      8.49024873      8.41013261      8.03643558      8.01403898      7.76862659      7.42848240      7.35577856      7.14745940      6.91637517      6.69448066      6.62472685      6.39473421      6.23979372      6.01184686      5.64212063      5.50036444      5.47672058      4.96149744      4.41593417      3.67486935      3.55767913      3.53903004      3.34382245      3.09097584      2.95244505      2.27183512      1.62331471      1.09779912      0.80280918      0.47028278      0.23189620     -0.23189620     -0.47028278     -0.80280918     -1.09779912     -1.62331471     -2.27183512     -2.95244505     -3.09097584     -3.34382245     -3.53903004     -3.55767913     -3.67486935     -4.41593417     -4.96149744     -5.47672058     -5.50036444     -5.64212063     -6.01184686     -6.23979372     -6.39473421     -6.62472685     -6.69448066     -6.91637517     -7.14745940     -7.35577856     -7.42848240     -7.76862659     -8.01403898     -8.03643558     -8.41013261     -8.49024873     -8.55997352     -8.83729164     -9.01616253     -9.04102322     -9.21775817     -9.22427445     -9.36928424     -9.48050880     -9.63038142     -9.63212511     -9.71892055     -9.74577424     -9.83266452     -9.87862560     -9.99233047    -10.00072245    -10.03080846    -10.25991510    -10.26112141    -10.38985905    -10.39864502    -10.45386251    -10.64542471    -10.74305976    -10.84603655    -10.89597668    -10.97046007    -11.03924785    -11.10152600    -11.18182098    -11.20768380    -11.27691388    -11.27734173
      2.59934048     11.28755156     11.28722563     11.19739471     11.17216333     11.09766800     11.04110290     10.97691273     10.89236995     10.81140741     10.79055394     10.62298849     10.44364446     10.39248092     10.34170331     10.27346177     10.24342197     10.08935490     10.07846674     10.00804940      9.88214536      9.77583732      9.75844393      9.75549679      9.61747094      9.58555439      9.54564592      9.23736230      9.23234929      9.21599298      9.19550818      9.00093076      8.64823119      8.58587946      8.48934388      8.23639591      8.23098441      8.03649511      7.77103170      7.61969396      7.34973401      6.91638680      6.90533526      6.73042849      6.63795664      6.51937575      6.23979382      6.01163437      5.58667144      5.50094699      5.23376539      5.01900644      4.65989949      3.68239990      3.55768745      3.33010890      3.31911345      3.25458874      2.95242134      2.16734649      1.71613389      1.09705396      0.80461240      0.40721771      0.28112711     -0.28112711     -0.40721771     -0.80461240     -1.09705396     -1.71613389     -2.16734649     -2.95242134     -3.25458874     -3.31911345     -3.33010890     -3.55768745     -3.68239990     -4.65989949     -5.01900644     -5.23376539     -5.50094699     -5.58667144     -6.01163437     -6.23979382     -6.51937575     -6.63795664     -6.73042849     -6.90533526     -6.91638680     -7.34973401     -7.61969396     -7.77103169     -8.03649511     -8.23098441     -8.23639591     -8.48934388     -8.58587946     -8.64823119     -9.00093076     -9.19550818     -9.21599298     -9.23234929     -9.23736230     -9.54564592     -9.58555439     -9.61747094     -9.75549679     -9.75844393     -9.77583732     -9.88214536    -10.00804940    -10.07846674    -10.08935490    -10.24342197    -10.27346177    -10.34170331    -10.39248092    -10.44364446    -10.62298849    -10.79055394    -10.81140741    -10.89236995    -10.97691273    -11.04110290    -11.09766800    -11.17216333    -11.19739471    -11.28722563    -11.28755156
      2.60912608     11.29886487     11.29819822     11.18471516     11.15932862     11.09264044     11.04318019     10.98491311     10.88821178     10.83622667     10.76704127     10.59341603     10.48503011     10.32729060     10.28744283     10.27832789     10.21921850     10.17600458     10.15770032      9.98097987      9.93172606      9.80209058      9.77557656      9.74001040      9.65264159      9.54053896      9.46612731      9.34166800      9.25506453      9.21396001      9.07937168      8.98409333      8.61842602      8.48829344      8.44965238      8.44067206      8.06207922      8.03656474      7.81221085      7.77386656      7.34279519      6.91640039      6.87912150      6.85943033      6.65987103      6.35285151      6.23979393      6.01138608      5.52961047      5.50162923      5.09358286      4.99308155      4.90685790      3.69136138      3.55769719      3.43949082      3.31457283      3.10685836      2.95239363      2.06893970      1.83412610      1.09618365      0.80672338      0.33226290      0.33101136     -0.33101136     -0.33226290     -0.80672338     -1.09618365     -1.83412610     -2.06893970     -2.95239363     -3.10685836     -3.31457283     -3.43949082     -3.55769719     -3.69136138     -4.90685790     -4.99308155     -5.09358286     -5.50162923     -5.52961047     -6.01138608     -6.23979393     -6.35285151     -6.65987103     -6.85943033     -6.87912150     -6.91640039     -7.34279519     -7.77386656     -7.81221085     -8.03656474     -8.06207922     -8.44067206     -8.44965238     -8.48829344     -8.61842602     -8.98409333     -9.07937168     -9.21396001     -9.25506453     -9.34166800     -9.46612731     -9.54053896     -9.65264159     -9.74001040     -9.77557656     -9.80209058     -9.93172606     -9.98097987    -10.15770032    -10.17600458    -10.21921850    -10.27832789    -10.28744283    -10.32729060    -10.48503011    -10.59341603    -10.76704127    -10.83622667    -10.88821178    -10.98491311    -11.04318019    -11.09264044    -11.15932862    -11.18471516    -11.29819822    -11.29886487
      2.61891168     11.30923111     11.30790746     11.17170568     11.14465850     11.08705349     11.04510261     10.99331244     10.88424430     10.87648639     10.71684178     10.56007777     10.51820490     10.29961497     10.26235175     10.25718353     10.22283053     10.20495526     10.18930777      9.98043132      9.95206632      9.85433346      9.84363239      9.79622909      9.51401793      9.49886045      9.47569561      9.39687910      9.27613013      9.21202661      8.96866801      8.91594089      8.65292977      8.64235118      8.48728628      8.24300073      8.03663203      8.00392278      7.88954331      7.77662891      7.33621730      7.11750527      7.00234376      6.91641353      6.41176241      6.23979404      6.20201417      6.01114642      5.50228942      5.48004555      5.17721069      5.15609245      4.75556455      3.70018661      3.63798326      3.55770659      3.30003275      2.95236686      2.90414058      1.98686481      1.96987455      1.09534390      0.80876532      0.37794530      0.24850179     -0.24850179     -0.37794530     -0.80876532     -1.09534390     -1.96987455     -1.98686481     -2.90414058     -2.95236686     -3.30003275     -3.55770659     -3.63798326     -3.70018661     -4.75556455     -5.15609245     -5.17721069     -5.48004555     -5.50228942     -6.01114642     -6.20201417     -6.23979404     -6.41176241     -6.91641353     -7.00234376     -7.11750527     -7.33621730     -7.77662891     -7.88954331     -8.00392278     -8.03663203     -8.24300073     -8.48728628     -8.64235118     -8.65292977     -8.91594089     -8.96866801     -9.21202661     -9.27613013     -9.39687910     -9.47569561     -9.49886045     -9.51401793     -9.79622909     -9.84363239     -9.85433346     -9.95206632     -9.98043132    -10.18930777    -10.20495526    -10.22283053    -10.25718353    -10.26235175    -10.29961497    -10.51820490    -10.56007777    -10.71684178    -10.87648639    -10.88424430    -10.99331244    -11.04510261    -11.08705349    -11.14465850    -11.17170568    -11.30790746    -11.30923111
      2.62869728     11.31703381     11.31503132     11.16087484     11.13068378     11.08192100     11.04656108     11.00061651     10.90786969     10.88115323     10.66694723     10.54109471     10.52897496     10.32737947     10.30849335     10.26920273     10.20295969     10.15454183     10.13086881     10.02756745      9.92376243      9.92181720      9.90593695      9.81873380      9.58952914      9.46330481      9.36278292      9.34402151      9.29792021      9.21052707      8.95704096      8.83500330      8.74497614      8.68295169      8.48649972      8.19328505      8.03668494      8.02921992      7.77881711      7.72386414      7.35238175      7.33112886      7.15003072      6.91642385      6.23979412      6.16170856      6.07875596      6.01095815      5.50280916      5.44394611      5.40689801      5.25659896      4.52244015      3.84606024      3.70724581      3.55771398      3.28890140      2.95234582      2.71559336      2.11531269      1.92788174      1.09468447      0.81037232      0.41236115      0.16650787     -0.16650787     -0.41236115     -0.81037232     -1.09468447     -1.92788174     -2.11531269     -2.71559336     -2.95234582     -3.28890140     -3.55771398     -3.70724581     -3.84606024     -4.52244015     -5.25659896     -5.40689801     -5.44394611     -5.50280916     -6.01095815     -6.07875596     -6.16170856     -6.23979412     -6.91642385     -7.15003072     -7.33112886     -7.35238175     -7.72386414     -7.77881711     -8.02921992     -8.03668494     -8.19328505     -8.48649972     -8.68295169     -8.74497614     -8.83500330     -8.95704096     -9.21052707     -9.29792021     -9.34402151     -9.36278292     -9.46330481     -9.58952914     -9.81873380     -9.90593695     -9.92181720     -9.92376243    -10.02756745    -10.13086881    -10.15454183    -10.20295969    -10.26920273    -10.30849335    -10.32737947    -10.52897496    -10.54109471    -10.66694723    -10.88115323    -10.90786969    -11.00061651    -11.04656108    -11.08192100    -11.13068378    -11.16087484    -11.31503132    -11.31703381
      2.63848287     11.32119926     11.31877675     11.15467285     11.12157984     11.07869817     11.04734357     11.00501759     10.92576757     10.87946464     10.63082620     10.55273500     10.50919419     10.37354996     10.31315671     10.29337776     10.16163320     10.11602672     10.07690899     10.07221285      9.96520159      9.94357823      9.90143805      9.83808786      9.66315754      9.44025892      9.31478175      9.31408187      9.20971106      9.20346425      9.01488119      8.95082375      8.70088666      8.57044105      8.48606973      8.37691008      8.03671399      7.80920477      7.78002503      7.58698672      7.58293225      7.32836454      7.27838101      6.91642952      6.23979417      6.01085482      6.00458535      5.91041234      5.65857018      5.50309483      5.42499943      5.30912899      4.29809619      4.05811794      3.71116938      3.55771804      3.28289448      2.95233427      2.56307534      2.24669007      1.89696811      1.09432264      0.81125541      0.43091567      0.10083855     -0.10083855     -0.43091567     -0.81125541     -1.09432264     -1.89696811     -2.24669007     -2.56307534     -2.95233427     -3.28289448     -3.55771804     -3.71116938     -4.05811794     -4.29809619     -5.30912899     -5.42499943     -5.50309483     -5.65857018     -5.91041234     -6.00458535     -6.01085482     -6.23979417     -6.91642952     -7.27838101     -7.32836454     -7.58293225     -7.58698672     -7.78002503     -7.80920477     -8.03671399     -8.37691008     -8.48606973     -8.57044105     -8.70088666     -8.95082375     -9.01488119     -9.20346425     -9.20971106     -9.31408187     -9.31478175     -9.44025892     -9.66315754     -9.83808786     -9.90143805     -9.94357823     -9.96520159    -10.07221285    -10.07690899    -10.11602672    -10.16163320    -10.29337776    -10.31315671    -10.37354996    -10.50919419    -10.55273500    -10.63082620    -10.87946464    -10.92576757    -11.00501759    -11.04734357    -11.07869817    -11.12157984    -11.15467285    -11.31877675    -11.32119926
      2.64826847     11.32119926     11.31877675     11.15467285     11.12157984     11.07869817     11.04734357     11.00501759     10.92576757     10.87946464     10.63082620     10.55273500     10.50919419     10.37354996     10.31315671     10.29337776     10.16163320     10.11602672     10.07690899     10.07221285      9.96520159      9.94357823      9.90143805      9.83808786      9.66315754      9.44025892      9.31478175      9.31408187      9.20971106      9.20346425      9.01488119      8.95082375      8.70088666      8.57044105      8.48606973      8.37691008      8.03671399      7.80920477      7.78002503      7.58698672      7.58293225      7.32836454      7.27838101      6.91642952      6.23979417      6.01085482      6.00458535      5.91041234      5.65857018      5.50309483      5.42499943      5.30912899      4.29809619      4.05811794      3.71116938      3.55771804      3.28289448      2.95233427      2.56307534      2.24669007      1.89696811      1.09432264      0.81125541      0.43091567      0.10083855     -0.10083855     -0.43091567     -0.81125541     -1.09432264     -1.89696811     -2.24669007     -2.56307534     -2.95233427     -3.28289448     -3.55771804     -3.71116938     -4.05811794     -4.29809619     -5.30912899     -5.42499943     -5.50309483     -5.65857018     -5.91041234     -6.00458535     -6.01085482     -6.23979417     -6.91642952     -7.27838101     -7.32836454     -7.58293225     -7.58698672     -7.78002503     -7.80920477     -8.03671399     -8.37691008     -8.48606973     -8.57044105     -8.70088666     -8.95082375     -9.01488119     -9.20346425     -9.20971106     -9.31408187     -9.31478175     -9.44025892     -9.66315754     -9.83808786     -9.90143805     -9.94357823     -9.96520159    -10.07221285    -10.07690899    -10.11602672    -10.16163320    -10.29337776    -10.31315671    -10.37354996    -10.50919419    -10.55273500    -10.63082620    -10.87946464    -10.92576757    -11.00501759    -11.04734357    -11.07869817    -11.12157984    -11.15467285    -11.31877675    -11.32119926
      2.65805407     11.31703381     11.31503132     11.16087484     11.13068378     11.08192100     11.04656108     11.00061651     10.90786969     10.88115323     10.66694723     10.54109471     10.52897496     10.32737947     10.30849335     10.26920273     10.20295969     10.15454183     10.13086881     10.02756745      9.92376243      9.92181720      9.90593695      9.81873380      9.58952914      9.46330481      9.36278292      9.34402151      9.29792021      9.21052707      8.95704096      8.83500330      8.74497614      8.68295169      8.48649972      8.19328505      8.03668494      8.02921992      7.77881711      7.72386414      7.35238175      7.33112886      7.15003072      6.91642385      6.23979412      6.16170856      6.07875596      6.01095815      5.50280916      5.44394611      5.40689801      5.25659896      4.52244015      3.84606024      3.70724581      3.55771398      3.28890140      2.95234582      2.71559336      2.11531269      1.92788174      1.09468447      0.81037232      0.41236115      0.16650787     -0.16650787     -0.41236115     -0.81037232     -1.09468447     -1.92788174     -2.11531269     -2.71559336     -2.95234582     -3.28890140     -3.55771398     -3.70724581     -3.84606024     -4.52244015     -5.25659896     -5.40689801     -5.44394611     -5.50280916     -6.01095815     -6.07875596     -6.16170856     -6.23979412     -6.91642385     -7.15003072     -7.33112886     -7.35238175     -7.72386414     -7.77881711     -8.02921992     -8.03668494     -8.19328505     -8.48649972     -8.68295169     -8.74497614     -8.83500330     -8.95704096     -9.21052707     -9.29792021     -9.34402151     -9.36278292     -9.46330481     -9.58952914     -9.81873380     -9.90593695     -9.92181720     -9.92376243    -10.02756745    -10.13086881    -10.15454183    -10.20295969    -10.26920273    -10.30849335    -10.32737947    -10.52897496    -10.54109471    -10.66694723    -10.88115323    -10.90786969    -11.00061651    -11.04656108    -11.08192100    -11.13068378    -11.16087484    -11.31503132    -11.31703381
      2.66783967     11.30923111     11.30790746     11.17170568     11.14465850     11.08705349     11.04510261     10.99331244     10.88424430     10.87648639     10.71684178     10.56007777     10.51820490     10.29961497     10.26235175     10.25718353     10.22283053     10.20495526     10.18930777      9.98043132      9.95206632      9.85433346      9.84363239      9.79622909      9.51401793      9.49886045      9.47569561      9.39687910      9.27613013      9.21202661      8.96866801      8.91594089      8.65292977      8.64235118      8.48728628      8.24300073      8.03663203      8.00392278      7.88954331      7.77662891      7.33621730      7.11750527      7.00234376      6.91641353      6.41176241      6.23979404      6.20201417      6.01114642      5.50228942      5.48004555      5.17721069      5.15609245      4.75556455      3.70018661      3.63798326      3.55770659      3.30003275      2.95236686      2.90414058      1.98686481      1.96987455      1.09534390      0.80876532      0.37794530      0.24850179     -0.24850179     -0.37794530     -0.80876532     -1.09534390     -1.96987455     -1.98686481     -2.90414058     -2.95236686     -3.30003275     -3.55770659     -3.63798326     -3.70018661     -4.75556455     -5.15609245     -5.17721069     -5.48004555     -5.50228942     -6.01114642     -6.20201417     -6.23979404     -6.41176241     -6.91641353     -7.00234376     -7.11750527     -7.33621730     -7.77662891     -7.88954331     -8.00392278     -8.03663203     -8.24300073     -8.48728628     -8.64235118     -8.65292977     -8.91594089     -8.96866801     -9.21202661     -9.27613013     -9.39687910     -9.47569561     -9.49886045     -9.51401793     -9.79622909     -9.84363239     -9.85433346     -9.95206632     -9.98043132    -10.18930777    -10.20495526    -10.22283053    -10.25718353    -10.26235175    -10.29961497    -10.51820490    -10.56007777    -10.71684178    -10.87648639    -10.88424430    -10.99331244    -11.04510261    -11.08705349    -11.14465850    -11.17170568    -11.30790746    -11.30923111
      2.67762527     11.29886487     11.29819822     11.18471516     11.15932862     11.09264044     11.04318019     10.98491311     10.88821178     10.83622667     10.76704127     10.59341603     10.48503011     10.32729060     10.28744283     10.27832789     10.21921850     10.17600458     10.15770032      9.98097987      9.93172606      9.80209058      9.77557656      9.74001040      9.65264159      9.54053896      9.46612731      9.34166800      9.25506453      9.21396001      9.07937168      8.98409333      8.61842602      8.48829344      8.44965238      8.44067206      8.06207922      8.03656474      7.81221085      7.77386656      7.34279519      6.91640039      6.87912150      6.85943033      6.65987103      6.35285151      6.23979393      6.01138608      5.52961047      5.50162923      5.09358286      4.99308155      4.90685790      3.69136138      3.55769719      3.43949082      3.31457283      3.10685836      2.95239363      2.06893970      1.83412610      1.09618365      0.80672338      0.33226290      0.33101136     -0.33101136     -0.33226290     -0.80672338     -1.09618365     -1.83412610     -2.06893970     -2.95239363     -3.10685836     -3.31457283     -3.43949082     -3.55769719     -3.69136138     -4.90685790     -4.99308155     -5.09358286     -5.50162923     -5.52961047     -6.01138608     -6.23979393     -6.35285151     -6.65987103     -6.85943033     -6.87912150     -6.91640039     -7.34279519     -7.77386656     -7.81221085     -8.03656474     -8.06207922     -8.44067206     -8.44965238     -8.48829344     -8.61842602     -8.98409333     -9.07937168     -9.21396001     -9.25506453     -9.34166800     -9.46612731     -9.54053896     -9.65264159     -9.74001040     -9.77557656     -9.80209058     -9.93172606     -9.98097987    -10.15770032    -10.17600458    -10.21921850    -10.27832789    -10.28744283    -10.32729060    -10.48503011    -10.59341603    -10.76704127    -10.83622667    -10.88821178    -10.98491311    -11.04318019    -11.09264044    -11.15932862    -11.18471516    -11.29819822    -11.29886487
      2.68741086     11.28755156     11.28722563     11.19739471     11.17216333     11.09766800     11.04110290     10.97691273     10.89236995     10.81140741     10.79055394     10.62298849     10.44364446     10.39248092     10.34170331     10.27346177     10.24342197     10.08935490     10.07846674     10.00804940      9.88214536      9.77583732      9.75844393      9.75549679      9.61747094      9.58555439      9.54564592      9.23736230      9.23234929      9.21599298      9.19550818      9.00093076      8.64823119      8.58587946      8.48934388      8.23639591      8.23098441      8.03649511      7.77103170      7.61969396      7.34973401      6.91638680      6.90533526      6.73042849      6.63795664      6.51937575      6.23979382      6.01163437      5.58667144      5.50094699      5.23376539      5.01900644      4.65989949      3.68239990      3.55768745      3.33010890      3.31911345      3.25458874      2.95242134      2.16734649      1.71613389      1.09705396      0.80461240      0.40721771      0.28112711     -0.28112711     -0.40721771     -0.80461240     -1.09705396     -1.71613389     -2.16734649     -2.95242134     -3.25458874     -3.31911345     -3.33010890     -3.55768745     -3.68239990     -4.65989949     -5.01900644     -5.23376539     -5.50094699     -5.58667144     -6.01163437     -6.23979382     -6.51937575     -6.63795664     -6.73042849     -6.90533526     -6.91638680     -7.34973401     -7.61969396     -7.77103170     -8.03649511     -8.23098441     -8.23639591     -8.48934388     -8.58587946     -8.64823119     -9.00093076     -9.19550818     -9.21599298     -9.23234929     -9.23736230     -9.54564592     -9.58555439     -9.61747094     -9.75549679     -9.75844393     -9.77583732     -9.88214536    -10.00804940    -10.07846674    -10.08935490    -10.24342197    -10.27346177    -10.34170331    -10.39248092    -10.44364446    -10.62298849    -10.79055394    -10.81140741    -10.89236995    -10.97691273    -11.04110290    -11.09766800    -11.17216333    -11.19739471    -11.28722563    -11.28755156
      2.69719646     11.27734173     11.27691388     11.20768380     11.18182098     11.10152600     11.03924785     10.97046007     10.89597668     10.84603655     10.74305976     10.64542471     10.45386251     10.39864502     10.38985905     10.26112141     10.25991510     10.03080846     10.00072245      9.99233047      9.87862560      9.83266452      9.74577424      9.71892055      9.63212511      9.63038142      9.48050880      9.36928424      9.22427445      9.21775817      9.04102322      9.01616253      8.83729164      8.55997352      8.49024873      8.41013261      8.03643558      8.01403898      7.76862659      7.42848240      7.35577856      7.14745940      6.91637517      6.69448066      6.62472685      6.39473421      6.23979372      6.01184686      5.64212063      5.50036444      5.47672058      4.96149744      4.41593417      3.67486935      3.55767913      3.53903004      3.34382245      3.09097584      2.95244505      2.27183512      1.62331471      1.09779912      0.80280918      0.47028278      0.23189620     -0.23189620     -0.47028278     -0.80280918     -1.09779912     -1.62331471     -2.27183512     -2.95244505     -3.09097584     -3.34382245     -3.53903004     -3.55767913     -3.67486935     -4.41593417     -4.96149744     -5.47672058     -5.50036444     -5.64212063     -6.01184686     -6.23979372     -6.39473421     -6.62472685     -6.69448066     -6.91637517     -7.14745940     -7.35577856     -7.42848240     -7.76862659     -8.01403898     -8.03643558     -8.41013261     -8.49024873     -8.55997352     -8.83729164     -9.01616253     -9.04102322     -9.21775817     -9.22427445     -9.36928424     -9.48050880     -9.63038142     -9.63212511     -9.71892055     -9.74577424     -9.83266452     -9.87862560     -9.99233047    -10.00072245    -10.03080846    -10.25991510    -10.26112141    -10.38985905    -10.39864502    -10.45386251    -10.64542471    -10.74305976    -10.84603655    -10.89597668    -10.97046007    -11.03924785    -11.10152600    -11.18182098    -11.20768380    -11.27691388    -11.27734173
      2.70698206     11.27038621     11.26962022     11.21414546     11.18761259     11.10386779     11.03799527     10.96639935     10.89835802     10.86766224     10.70117287     10.65894011     10.50383643     10.41918826     10.36040954     10.27164614     10.24993976     10.04610117      9.95039661      9.91625002      9.91530841      9.78607180      9.73820234      9.71300654      9.69605161      9.67712154      9.47531042      9.33517238      9.21892280      9.21647926      9.02657822      9.01234531      8.88116885      8.58096963      8.54385421      8.49084201      8.03639676      7.79053334      7.76706778      7.38554704      7.35977719      7.24500302      6.91636759      6.86931710      6.55488595      6.23979366      6.15018946      6.01198550      5.72113311      5.68306968      5.49998504      4.92627523      4.17576591      3.76537645      3.67002272      3.55767370      3.35299317      2.96769747      2.95246050      2.36153083      1.56439079      1.09828543      0.80163445      0.51185024      0.19495637     -0.19495637     -0.51185024     -0.80163445     -1.09828543     -1.56439079     -2.36153083     -2.95246050     -2.96769747     -3.35299317     -3.55767370     -3.67002272     -3.76537645     -4.17576591     -4.92627523     -5.49998504     -5.68306968     -5.72113311     -6.01198550     -6.15018946     -6.23979366     -6.55488595     -6.86931710     -6.91636759     -7.24500302     -7.35977719     -7.38554704     -7.76706778     -7.79053334     -8.03639676     -8.49084201     -8.54385421     -8.58096963     -8.88116885     -9.01234531     -9.02657822     -9.21647926     -9.21892280     -9.33517238     -9.47531042     -9.67712154     -9.69605161     -9.71300654     -9.73820234     -9.78607180     -9.91530841     -9.91625002     -9.95039661    -10.04610117    -10.24993976    -10.27164614    -10.36040954    -10.41918826    -10.50383643    -10.65894011    -10.70117287    -10.86766224    -10.89835802    -10.96639935    -11.03799527    -11.10386779    -11.18761259    -11.21414546    -11.26962022    -11.27038621
      2.71676766     11.26833761     11.26742444     11.21597087     11.18921534     11.10451940     11.03762814     10.96524907     10.89904800     10.87379583     10.68513888     10.66268734     10.52208155     10.42738513     10.34714517     10.27455405     10.24684707     10.05064095      9.97281685      9.88627105      9.87496496      9.76321402      9.75383813      9.73610641      9.69955377      9.68957055      9.51220730      9.24703679      9.21925994      9.21432656      9.10853470      9.02965417      8.76946777      8.69564817      8.53931540      8.49101319      8.03638560      7.76662062      7.61914182      7.56091631      7.36093636      7.14498651      6.96705450      6.91636541      6.53431771      6.23979364      6.01202540      5.96653117      5.90475795      5.69578762      5.49987594      4.91641715      4.00039101      3.93699245      3.66863726      3.55767214      3.35566713      2.95246495      2.92639385      2.39375656      1.54747858      1.09842542      0.80129659      0.52401225      0.18321298     -0.18321298     -0.52401225     -0.80129659     -1.09842542     -1.54747858     -2.39375656     -2.92639385     -2.95246495     -3.35566713     -3.55767214     -3.66863726     -3.93699245     -4.00039101     -4.91641715     -5.49987594     -5.69578762     -5.90475795     -5.96653117     -6.01202540     -6.23979364     -6.53431771     -6.91636541     -6.96705450     -7.14498651     -7.36093636     -7.56091631     -7.61914182     -7.76662062     -8.03638560     -8.49101319     -8.53931540     -8.69564817     -8.76946777     -9.02965417     -9.10853470     -9.21432656     -9.21925994     -9.24703679     -9.51220730     -9.68957055     -9.69955377     -9.73610641     -9.75383813     -9.76321402     -9.87496496     -9.88627105     -9.97281685    -10.05064095    -10.24684707    -10.27455405    -10.34714517    -10.42738513    -10.52208155    -10.66268734    -10.68513888    -10.87379583    -10.89904800    -10.96524907    -11.03762814    -11.10451940    -11.18921534    -11.21597087    -11.26742444    -11.26833761
      2.72655325     11.27171445     11.27103183     11.21294348     11.18654948     11.10343642     11.03823375     10.96715590     10.89790791     10.86363216     10.71032582     10.65645618     10.49321070     10.41377191     10.36842479     10.26971662     10.25190374     10.04317165      9.93627977      9.93618208      9.93207762      9.79704913      9.73959222      9.70031198      9.69338867      9.66643017      9.45328952      9.37154333      9.21870278      9.21790808      9.02458604      8.97059338      8.92138775      8.54684610      8.53876169      8.49073015      8.03640407      7.84698636      7.76736059      7.35902110      7.32644240      7.28916605      6.91636902      6.82669155      6.56819744      6.23979367      6.21140790      6.01195940      5.67499892      5.65993757      5.50005642      4.93278669      4.23539399      3.70825673      3.67093110      3.55767472      3.35125284      2.99285642      2.95245759      2.34244300      1.57544973      1.09819388      0.80185547      0.50395413      0.20232527     -0.20232527     -0.50395413     -0.80185547     -1.09819388     -1.57544973     -2.34244300     -2.95245759     -2.99285642     -3.35125284     -3.55767472     -3.67093110     -3.70825673     -4.23539399     -4.93278669     -5.50005642     -5.65993757     -5.67499892     -6.01195940     -6.21140790     -6.23979367     -6.56819744     -6.82669155     -6.91636902     -7.28916605     -7.32644240     -7.35902110     -7.76736059     -7.84698636     -8.03640407     -8.49073015     -8.53876169     -8.54684610     -8.92138775     -8.97059338     -9.02458604     -9.21790808     -9.21870278     -9.37154333     -9.45328952     -9.66643017     -9.69338867     -9.70031198     -9.73959222     -9.79704913     -9.93207762     -9.93618208     -9.93627977    -10.04317165    -10.25190374    -10.26971662    -10.36842479    -10.41377191    -10.49321070    -10.65645618    -10.71032582    -10.86363216    -10.89790791    -10.96715590    -11.03823375    -11.10343642    -11.18654948    -11.21294348    -11.27103183    -11.27171445
      2.73633885     11.27966997     11.27930400     11.20542521     11.17974982     11.10069356     11.03966918     10.97187675     10.89516602     10.83847866     10.75482737     10.64060179     10.43916237     10.40980866     10.37946496     10.26310346     10.25734609     10.02568287     10.02285223     10.01390233      9.85528140      9.84493991      9.74848420      9.72691232      9.62044526      9.60899670      9.51586817      9.33709223      9.22707016      9.21736146      9.08027632      9.01268413      8.79104896      8.56563147      8.49004596      8.36685820      8.06891742      8.03644888      7.76916263      7.47597452      7.35441844      7.08727944      6.91637777      6.65024943      6.64833851      6.45569291      6.23979374      6.01179935      5.62905426      5.50049457      5.41581388      4.97395165      4.47660434      3.67654212      3.55768099      3.48340285      3.34072137      3.12915783      2.95243975      2.24598188      1.64370027      1.09763250      0.80321205      0.45618496      0.24352513     -0.24352513     -0.45618496     -0.80321205     -1.09763250     -1.64370027     -2.24598188     -2.95243975     -3.12915783     -3.34072137     -3.48340285     -3.55768099     -3.67654212     -4.47660434     -4.97395165     -5.41581388     -5.50049457     -5.62905426     -6.01179935     -6.23979374     -6.45569291     -6.64833851     -6.65024943     -6.91637777     -7.08727944     -7.35441844     -7.47597452     -7.76916263     -8.03644888     -8.06891742     -8.36685820     -8.49004596     -8.56563147     -8.79104896     -9.01268413     -9.08027632     -9.21736146     -9.22707016     -9.33709223     -9.51586817     -9.60899670     -9.62044526     -9.72691232     -9.74848420     -9.84493991     -9.85528140    -10.01390233    -10.02285223    -10.02568287    -10.25734609    -10.26310346    -10.37946496    -10.40980866    -10.43916237    -10.64060179    -10.75482737    -10.83847866    -10.89516602    -10.97187675    -11.03966918    -11.10069356    -11.17974982    -11.20542521    -11.27930400    -11.27966997
      2.74612445     11.29036182     11.28999215     11.19437862     11.16921440     11.09650237     11.04161682     10.97880731     10.89135325     10.80230631     10.80109149     10.61616668     10.45457465     10.37636681     10.32711769     10.27701921     10.23795114     10.11133746     10.09927719     10.00157996      9.89457928      9.76636325      9.76233922      9.74669482      9.64961729      9.57408641      9.52508509      9.24139116      9.23294252      9.21549552      9.19530996      8.99674591      8.59940632      8.59354810      8.48908766      8.28411449      8.19279481      8.03651204      7.77171888      7.66780587      7.34803392      6.91639011      6.84425522      6.76090707      6.69846910      6.47669848      6.23979384      6.01157397      5.57213760      5.50111281      5.17334870      5.03630522      4.72138691      3.68456358      3.55768982      3.32628266      3.29922769      3.26527644      2.95241460      2.14167649      1.74358333      1.09684220      0.80512555      0.38910481      0.29405750     -0.29405750     -0.38910481     -0.80512555     -1.09684220     -1.74358333     -2.14167649     -2.95241460     -3.26527644     -3.29922769     -3.32628266     -3.55768982     -3.68456358     -4.72138691     -5.03630522     -5.17334870     -5.50111281     -5.57213760     -6.01157397     -6.23979384     -6.47669848     -6.69846910     -6.76090707     -6.84425522     -6.91639011     -7.34803392     -7.66780587     -7.77171888     -8.03651204     -8.19279481     -8.28411449     -8.48908766     -8.59354810     -8.59940632     -8.99674591     -9.19530996     -9.21549552     -9.23294252     -9.24139116     -9.52508509     -9.57408641     -9.64961729     -9.74669482     -9.76233922     -9.76636325     -9.89457928    -10.00157996    -10.09927719    -10.11133746    -10.23795114    -10.27701921    -10.32711769    -10.37636681    -10.45457465    -10.61616668    -10.80109149    -10.80230631    -10.89135325    -10.97880731    -11.04161682    -11.09650237    -11.16921440    -11.19437862    -11.28999215    -11.29036182
      2.75591005     11.30161721     11.30080570     11.18140088     11.15575984     11.09126461     11.04368888     10.98702748     10.88717342     10.84692154     10.75485951     10.58525412     10.49420212     10.31087740     10.29072455     10.26066264     10.21224327     10.19696426     10.17551121      9.97383756      9.94401293      9.81481461      9.78045604      9.76789579      9.61930383      9.52972870      9.44763965      9.37651805      9.26008439      9.21345324      9.03935841      8.97999884      8.62708931      8.49187466      8.48803021      8.39870558      8.03658228      8.01865754      7.86027519      7.77458428      7.34106910      6.93900636      6.91640382      6.89417533      6.59806454      6.31332780      6.23979396      6.01132360      5.51623790      5.50180120      5.11404054      4.96898076      4.93336683      3.69364536      3.55769964      3.48802738      3.31074032      3.05518100      2.95238665      2.04659071      1.86666853      1.09596468      0.80725535      0.34444099      0.31073463     -0.31073463     -0.34444099     -0.80725535     -1.09596468     -1.86666853     -2.04659071     -2.95238665     -3.05518100     -3.31074032     -3.48802738     -3.55769964     -3.69364536     -4.93336683     -4.96898076     -5.11404054     -5.50180120     -5.51623790     -6.01132360     -6.23979396     -6.31332780     -6.59806454     -6.89417533     -6.91640382     -6.93900636     -7.34106910     -7.77458428     -7.86027519     -8.01865754     -8.03658228     -8.39870558     -8.48803021     -8.49187466     -8.62708931     -8.97999884     -9.03935841     -9.21345324     -9.26008439     -9.37651805     -9.44763965     -9.52972870     -9.61930383     -9.76789579     -9.78045604     -9.81481461     -9.94401293     -9.97383756    -10.17551121    -10.19696426    -10.21224327    -10.26066264    -10.29072455    -10.31087740    -10.49420212    -10.58525412    -10.75485951    -10.84692154    -10.88717342    -10.98702748    -11.04368888    -11.09126461    -11.15575984    -11.18140088    -11.30080570    -11.30161721
      2.76569565     11.31147355     11.30996994     11.16869147     11.14096486     11.08567733     11.04552078     10.99530793     10.88532178     10.88336538     10.70399822     10.55178460     10.52494225     10.30218793     10.27608284     10.24668557     10.23633623     10.18597063     10.18103711      9.99238892      9.94481616      9.86762964      9.86588509      9.80177911      9.50653753      9.48923739      9.47729545      9.38185504      9.28166752      9.21159953      8.96532855      8.87381048      8.69141461      8.66114455      8.48706274      8.19019083      8.05154802      8.03664703      7.84714417      7.77724800      7.33476694      7.17658193      7.03926477      6.91641646      6.34940393      6.23979406      6.16796823      6.01109301      5.50243675      5.46957978      5.21867404      5.19815208      4.69680680      3.70217757      3.68923368      3.55770869      3.29684994      2.95236090      2.85535655      2.00574017      1.96973054      1.09515682      0.80922092      0.38780864      0.22762524     -0.22762524     -0.38780864     -0.80922092     -1.09515682     -1.96973054     -2.00574017     -2.85535655     -2.95236090     -3.29684994     -3.55770869     -3.68923368     -3.70217757     -4.69680680     -5.19815208     -5.21867404     -5.46957978     -5.50243675     -6.01109301     -6.16796823     -6.23979406     -6.34940393     -6.91641646     -7.03926477     -7.17658193     -7.33476694     -7.77724800     -7.84714417     -8.03664703     -8.05154802     -8.19019083     -8.48706274     -8.66114455     -8.69141461     -8.87381048     -8.96532855     -9.21159953     -9.28166752     -9.38185504     -9.47729545     -9.48923739     -9.50653753     -9.80177911     -9.86588509     -9.86762964     -9.94481616     -9.99238892    -10.18103711    -10.18597063    -10.23633623    -10.24668557    -10.27608284    -10.30218793    -10.52494225    -10.55178460    -10.70399822    -10.88336538    -10.88532178    -10.99530793    -11.04552078    -11.08567733    -11.14096486    -11.16869147    -11.30996994    -11.31147355
      2.77548124     11.31844596     11.31630537     11.15880707     11.12775785     11.08087380     11.04682605     11.00206170     10.91381217     10.88058382     10.65582253     10.54508229     10.52256942     10.34196611     10.31007961     10.27743440     10.19014779     10.14520025     10.11425827     10.03902062      9.93633190      9.91746625      9.91723708      9.82424295      9.61291607      9.45598875      9.33421666      9.32333735      9.30286977      9.21025163      8.95493415      8.88152641      8.70137399      8.68886164      8.48635474      8.24001936      8.03669472      7.97475954      7.77922347      7.68506794      7.41046448      7.33019543      7.18586204      6.91642576      6.23979414      6.09897340      6.05453301      6.01092334      5.50290536      5.46976240      5.43750030      5.27336051      4.46511749      3.89914296      3.70856358      3.55771535      3.28686994      2.95234193      2.67217405      2.15143514      1.91736778      1.09456257      0.81066972      0.41863200      0.14740310     -0.14740310     -0.41863200     -0.81066972     -1.09456257     -1.91736778     -2.15143514     -2.67217405     -2.95234193     -3.28686994     -3.55771535     -3.70856358     -3.89914296     -4.46511749     -5.27336051     -5.43750030     -5.46976240     -5.50290536     -6.01092334     -6.05453301     -6.09897340     -6.23979414     -6.91642576     -7.18586204     -7.33019543     -7.41046448     -7.68506794     -7.77922347     -7.97475954     -8.03669472     -8.24001936     -8.48635474     -8.68886164     -8.70137399     -8.88152641     -8.95493415     -9.21025163     -9.30286977     -9.32333735     -9.33421666     -9.45598875     -9.61291607     -9.82424295     -9.91723708     -9.91746625     -9.93633190    -10.03902062    -10.11425827    -10.14520025    -10.19014779    -10.27743440    -10.31007961    -10.34196611    -10.52256942    -10.54508229    -10.65582253    -10.88058382    -10.91381217    -11.00206170    -11.04682605    -11.08087380    -11.12775785    -11.15880707    -11.31630537    -11.31844596
      2.78526684     11.32159871     11.31913394     11.15406141     11.12062387     11.07836609     11.04741874     11.00546334     10.92755082     10.87930127     10.62670288     10.55383241     10.50714454     10.37861207     10.31360151     10.29568057     10.15693882     10.10637223     10.08244008     10.07075328      9.96946614      9.94793431      9.89852788      9.84071741      9.67115023      9.43775445      9.31594098      9.31192187      9.20963225      9.16649385      9.05377445      8.95022709      8.70269081      8.52961014      8.48602813      8.41858986      8.03671681      7.78014234      7.75348984      7.63963452      7.56750105      7.32809771      7.29708236      6.91643007      6.23979417      6.01084481      5.99697031      5.84747826      5.72153951      5.50312253      5.42319270      5.31472546      4.24817888      4.10689074      3.71155149      3.55771843      3.28231610      2.95233315      2.54135081      2.26644600      1.89401780      1.09428758      0.81134103      0.43270493      0.09222644     -0.09222644     -0.43270493     -0.81134103     -1.09428758     -1.89401780     -2.26644600     -2.54135081     -2.95233315     -3.28231610     -3.55771843     -3.71155149     -4.10689074     -4.24817888     -5.31472546     -5.42319270     -5.50312253     -5.72153951     -5.84747826     -5.99697031     -6.01084481     -6.23979417     -6.91643007     -7.29708236     -7.32809771     -7.56750105     -7.63963452     -7.75348984     -7.78014234     -8.03671681     -8.41858986     -8.48602813     -8.52961014     -8.70269081     -8.95022709     -9.05377445     -9.16649385     -9.20963225     -9.31192187     -9.31594098     -9.43775445     -9.67115023     -9.84071741     -9.89852788     -9.94793431     -9.96946614    -10.07075328    -10.08244008    -10.10637223    -10.15693882    -10.29568057    -10.31360151    -10.37861207    -10.50714454    -10.55383241    -10.62670288    -10.87930127    -10.92755082    -11.00546334    -11.04741874    -11.07836609    -11.12062387    -11.15406141    -11.31913394    -11.32159871
      2.79505244     11.32053690     11.31818371     11.15568011     11.12312945     11.07923913     11.04721896     11.00428840     10.92284022     10.87973497     10.63734039     10.55090826     10.51252852     10.36546987     10.31241827     10.28955393     10.16904636     10.12588587     10.08663986     10.06139839      9.95817653      9.93673164      9.90579743      9.83419538      9.65036238      9.44426684      9.31950000      9.31114957      9.24324439      9.20984154      8.97189459      8.95181293      8.69792955      8.61376474      8.48613858      8.33217039      8.03670933      7.86472477      7.77983107      7.61501695      7.52576656      7.32880632      7.25166365      6.91642861      6.23979416      6.01698541      6.01087138      5.97331415      5.59560963      5.50304902      5.42799904      5.30009711      4.35244763      4.00567671      3.71053805      3.55771739      3.28385262      2.95233612      2.59422836      2.21882305      1.90186500      1.09438063      0.81111381      0.42795298      0.11372494     -0.11372494     -0.42795298     -0.81111381     -1.09438063     -1.90186500     -2.21882305     -2.59422836     -2.95233612     -3.28385262     -3.55771739     -3.71053805     -4.00567671     -4.35244763     -5.30009711     -5.42799904     -5.50304902     -5.59560963     -5.97331415     -6.01087138     -6.01698541     -6.23979416     -6.91642861     -7.25166365     -7.32880632     -7.52576656     -7.61501695     -7.77983107     -7.86472477     -8.03670933     -8.33217039     -8.48613858     -8.61376474     -8.69792955     -8.95181293     -8.97189459     -9.20984154     -9.24324439     -9.31114957     -9.31950000     -9.44426684     -9.65036238     -9.83419538     -9.90579743     -9.93673164     -9.95817653    -10.06139839    -10.08663986    -10.12588587    -10.16904636    -10.28955393    -10.31241827    -10.36546987    -10.51252852    -10.55090826    -10.63734039    -10.87973497    -10.92284022    -11.00428840    -11.04721896    -11.07923913    -11.12312945    -11.15568011    -11.31818371    -11.32053690
      2.80483804     11.31539166     11.31354407     11.16323624     11.13391050     11.08308751     11.04625333     10.99898912     10.90108686     10.88181149     10.67885689     10.53640143     10.53608600     10.31136823     10.30664137     10.25957676     10.21681435     10.16363955     10.14862484     10.01596855      9.93059843      9.90512889      9.89361938      9.81309183      9.56374389      9.47136713      9.40163361      9.35530863      9.29265459      9.21084581      8.95948982      8.78828664      8.78777361      8.67627934      8.48666730      8.14626226      8.08328751      8.03667364      7.77834860      7.76407166      7.33220950      7.29403203      7.11337389      6.91642165      6.23979410      6.22436603      6.10600231      6.01099834      5.50269811      5.45147304      5.34408782      5.23820070      4.58020556      3.79332901      3.70572915      3.55771240      3.29125725      2.95235032      2.76085685      2.07871406      1.94016025      1.09482523      0.81002903      0.40508977      0.18643767     -0.18643767     -0.40508977     -0.81002903     -1.09482523     -1.94016025     -2.07871406     -2.76085685     -2.95235032     -3.29125725     -3.55771240     -3.70572915     -3.79332901     -4.58020556     -5.23820070     -5.34408782     -5.45147304     -5.50269811     -6.01099834     -6.10600231     -6.22436603     -6.23979410     -6.91642165     -7.11337389     -7.29403203     -7.33220950     -7.76407166     -7.77834860     -8.03667364     -8.08328751     -8.14626226     -8.48666730     -8.67627934     -8.78777361     -8.78828664     -8.95948982     -9.21084581     -9.29265459     -9.35530863     -9.40163361     -9.47136713     -9.56374389     -9.81309183     -9.89361938     -9.90512889     -9.93059843    -10.01596855    -10.14862484    -10.16363955    -10.21681435    -10.25957676    -10.30664137    -10.31136823    -10.53608600    -10.53640143    -10.67885689    -10.88181149    -10.90108686    -10.99898912    -11.04625333    -11.08308751    -11.13391050    -11.16323624    -11.31354407    -11.31539166
      2.81462363     11.30682574     11.30568081     11.17485609     11.14838648     11.08845550     11.04465496     10.99125040     10.88517879     10.86710317     10.72967200     10.56849300     10.51081980     10.29683347     10.27833396     10.23763131     10.22384342     10.20814740     10.19727463      9.96837595      9.95934571      9.84102671      9.81980645      9.79080567      9.54995150      9.50885000      9.44364542      9.41292028      9.27065469      9.21248123      8.97224869      8.95760095      8.64444228      8.59272874      8.48752381      8.29536549      8.03661611      7.95615361      7.93232293      7.77597346      7.33776224      7.05820955      6.96576022      6.91641042      6.47399930      6.23979401      6.23773324      6.01120309      5.50213318      5.49136370      5.15605324      5.09360904      4.81459078      3.69808401      3.58733113      3.55770437      3.30343210      2.95376230      2.95237319      2.00544983      1.93465509      1.09554242      0.80828215      0.36737256      0.26938340     -0.26938340     -0.36737256     -0.80828215     -1.09554242     -1.93465509     -2.00544983     -2.95237319     -2.95376230     -3.30343210     -3.55770437     -3.58733113     -3.69808401     -4.81459078     -5.09360904     -5.15605324     -5.49136370     -5.50213318     -6.01120309     -6.23773324     -6.23979401     -6.47399930     -6.91641042     -6.96576022     -7.05820955     -7.33776224     -7.77597346     -7.93232293     -7.95615361     -8.03661611     -8.29536549     -8.48752381     -8.59272874     -8.64444228     -8.95760095     -8.97224869     -9.21248123     -9.27065469     -9.41292028     -9.44364542     -9.50885000     -9.54995150     -9.79080567     -9.81980645     -9.84102671     -9.95934571     -9.96837595    -10.19727463    -10.20814740    -10.22384342    -10.23763131    -10.27833396    -10.29683347    -10.51081980    -10.56849300    -10.72967200    -10.86710317    -10.88517879    -10.99125040    -11.04465496    -11.08845550    -11.14838648    -11.17485609    -11.30568081    -11.30682574
      2.82440923     11.29605107     11.29550870     11.18800640     11.16277702     11.09397932     11.04266147     10.98282536     10.88926235     10.82519382     10.77884969     10.60132970     10.47533385     10.34371442     10.29535175     10.28404437     10.22583682     10.15471160     10.13899804      9.98800776      9.91938345      9.78972679      9.77091980      9.71095319      9.68502484      9.55155343      9.48525047      9.30607749      9.25026069      9.21447318      9.11874270      8.98827935      8.60989400      8.50009649      8.48855943      8.38896981      8.10560244      8.03654706      7.77314431      7.76409402      7.34454450      6.91639694      6.82555004      6.81906281      6.72151223      6.39333315      6.23979390      6.01144912      5.54346670      5.50145587      5.07371474      5.05299305      4.84487725      3.68906924      3.55769472      3.39178788      3.31846972      3.15912197      2.95240067      2.09232342      1.80269265      1.09640456      0.80618704      0.35089706      0.31973739     -0.31973739     -0.35089706     -0.80618704     -1.09640456     -1.80269265     -2.09232342     -2.95240067     -3.15912197     -3.31846972     -3.39178788     -3.55769472     -3.68906924     -4.84487725     -5.05299305     -5.07371474     -5.50145587     -5.54346670     -6.01144912     -6.23979390     -6.39333315     -6.72151223     -6.81906281     -6.82555004     -6.91639694     -7.34454450     -7.76409402     -7.77314431     -8.03654706     -8.10560244     -8.38896981     -8.48855943     -8.50009649     -8.60989400     -8.98827935     -9.11874270     -9.21447318     -9.25026069     -9.30607749     -9.48525047     -9.55155343     -9.68502484     -9.71095319     -9.77091980     -9.78972679     -9.91938345     -9.98800776    -10.13899804    -10.15471160    -10.22583682    -10.28404437    -10.29535175    -10.34371442    -10.47533385    -10.60132970    -10.77884969    -10.82519382    -10.88926235    -10.98282536    -11.04266147    -11.09397932    -11.16277702    -11.18800640    -11.29550870    -11.29605107
      2.83419483     11.28480957     11.28449791     11.20025824     11.17491069     11.09875929     11.04060283     10.97511633     10.89335187     10.82111266     10.77867345     10.62935687     10.43246161     10.40837016     10.35533096     10.26992665     10.24848570     10.06724161     10.05719009     10.01425343      9.86971238      9.80373047      9.75482892      9.74525886      9.59712290      9.58442178      9.56653721      9.26842313      9.23362435      9.21647353      9.15755838      9.00501653      8.69646950      8.57863328      8.48959089      8.27995954      8.17740093      8.03647882      7.77037180      7.57165156      7.35137771      6.96620654      6.91638362      6.70138807      6.57731555      6.56258979      6.23979379      6.01169250      5.60112493      5.50078749      5.29432370      5.00278688      4.59859892      3.68032724      3.55768518      3.37342658      3.33382089      3.21123208      2.95242783      2.19344114      1.69024924      1.09725779      0.80411877      0.42451871      0.26830075     -0.26830075     -0.42451871     -0.80411877     -1.09725779     -1.69024924     -2.19344114     -2.95242783     -3.21123208     -3.33382089     -3.37342658     -3.55768518     -3.68032724     -4.59859892     -5.00278688     -5.29432370     -5.50078749     -5.60112493     -6.01169250     -6.23979379     -6.56258979     -6.57731555     -6.70138807     -6.91638362     -6.96620654     -7.35137771     -7.57165156     -7.77037180     -8.03647882     -8.17740093     -8.27995954     -8.48959089     -8.57863328     -8.69646950     -9.00501653     -9.15755838     -9.21647353     -9.23362435     -9.26842313     -9.56653721     -9.58442178     -9.59712290     -9.74525886     -9.75482892     -9.80373047     -9.86971238    -10.01425343    -10.05719009    -10.06724161    -10.24848570    -10.26992665    -10.35533096    -10.40837016    -10.43246161    -10.62935687    -10.77867345    -10.82111266    -10.89335187    -10.97511633    -11.04060283    -11.09875929    -11.17491069    -11.20025824    -11.28449791    -11.28480957
      2.84398043     11.27521926     11.27471336     11.20970008     11.18364883     11.10226287     11.03886464     10.96919445     10.89670974     10.85277851     10.73157848     10.64968572     10.46791339     10.39907050     10.38785318     10.26444719     10.25694768     10.03546951      9.97877480      9.97120532      9.90008166      9.82052830      9.74338412      9.71179005      9.65170947      9.64374704      9.44455498      9.39966987      9.22181104      9.21811682      9.01933675      9.00141849      8.88273384      8.55493373      8.49043175      8.45324349      8.03642358      7.95875042      7.76814421      7.38136897      7.35700902      7.20738721      6.91637283      6.73879366      6.60334611      6.33369263      6.23979370      6.01188969      5.65429087      5.53771842      5.50024718      4.95044619      4.35549901      3.67336670      3.59506026      3.55767745      3.34663583      3.05518245      2.95244982      2.29689217      1.60504807      1.09794934      0.80244615      0.48303728      0.22101540     -0.22101540     -0.48303728     -0.80244615     -1.09794934     -1.60504807     -2.29689217     -2.95244982     -3.05518245     -3.34663583     -3.55767745     -3.59506026     -3.67336670     -4.35549901     -4.95044619     -5.50024718     -5.53771842     -5.65429087     -6.01188969     -6.23979370     -6.33369263     -6.60334611     -6.73879366     -6.91637283     -7.20738721     -7.35700902     -7.38136897     -7.76814421     -7.95875042     -8.03642358     -8.45324349     -8.49043175     -8.55493373     -8.88273384     -9.00141849     -9.01933675     -9.21811682     -9.22181104     -9.39966987     -9.44455498     -9.64374704     -9.65170947     -9.71179005     -9.74338412     -9.82052830     -9.90008166     -9.97120532     -9.97877480    -10.03546951    -10.25694768    -10.26444719    -10.38785318    -10.39907050    -10.46791339    -10.64968572    -10.73157848    -10.85277851    -10.89670974    -10.96919445    -11.03886464    -11.10226287    -11.18364883    -11.20970008    -11.27471336    -11.27521926
      2.85376603     11.26937047     11.26853438     11.21505481     11.18841276     11.10419292     11.03781314     10.96582654     10.89870077     10.87071548     10.69357432     10.66081055     10.51254025     10.42327574     10.35398287     10.27309803     10.24841639     10.04834827      9.96140069      9.90147720      9.89820341      9.77611626      9.73715605      9.73082376      9.69282487      9.68686380      9.49307408      9.30000401      9.21909030      9.21540433      9.05154320      9.02810281      8.84115424      8.62247387      8.54159246      8.49092709      8.03639121      7.76684540      7.73371648      7.44435273      7.36035298      7.20360398      6.91636651      6.90957257      6.54469605      6.23979365      6.08893924      6.01200534      5.78236647      5.68933279      5.49993080      4.92135988      4.11647482      3.82278756      3.66933343      3.55767292      3.35432053      2.95246272      2.94765836      2.37702669      1.55598479      1.09835502      0.80146647      0.51788203      0.18919543     -0.18919543     -0.51788203     -0.80146647     -1.09835502     -1.55598479     -2.37702669     -2.94765836     -2.95246272     -3.35432053     -3.55767292     -3.66933343     -3.82278756     -4.11647482     -4.92135988     -5.49993080     -5.68933279     -5.78236647     -6.01200534     -6.08893924     -6.23979365     -6.54469605     -6.90957257     -6.91636651     -7.20360398     -7.36035298     -7.44435273     -7.73371648     -7.76684540     -8.03639121     -8.49092709     -8.54159246     -8.62247387     -8.84115424     -9.02810281     -9.05154320     -9.21540433     -9.21909030     -9.30000401     -9.49307408     -9.68686380     -9.69282487     -9.73082376     -9.73715605     -9.77611626     -9.89820341     -9.90147720     -9.96140069    -10.04834827    -10.24841639    -10.27309803    -10.35398287    -10.42327574    -10.51254025    -10.66081055    -10.69357432    -10.87071548    -10.89870077    -10.96582654    -11.03781314    -11.10419292    -11.18841276    -11.21505481    -11.26853438    -11.26937047
      2.86355162     11.26868382     11.26779715     11.21566477     11.18894755     11.10441043     11.03769013     10.96544208     10.89893176     10.87276599     10.68805962     10.66206104     10.51879212     10.42601288     10.34947368     10.27406825     10.24737545     10.04987150      9.96896208      9.89151454      9.88358622      9.76801877      9.74529098      9.73645666      9.69481967      9.69065842      9.50565538      9.26845723      9.21920315      9.21468613      9.08577340      9.02913404      8.80227683      8.66234337      8.54007612      8.49098438      8.03638748      7.76669581      7.67655539      7.50283976      7.36074105      7.16794202      6.94447662      6.91636578      6.53779879      6.23979365      6.02768061      6.01201869      5.84361402      5.69361401      5.49989430      4.91806778      4.05765807      3.88035158      3.66887008      3.55767240      3.35521611      2.95246420      2.93363368      2.38802732      1.55032538      1.09840187      0.80135343      0.52195765      0.18523304     -0.18523304     -0.52195765     -0.80135343     -1.09840187     -1.55032538     -2.38802732     -2.93363368     -2.95246420     -3.35521611     -3.55767240     -3.66887008     -3.88035158     -4.05765807     -4.91806778     -5.49989430     -5.69361401     -5.84361402     -6.01201869     -6.02768061     -6.23979365     -6.53779879     -6.91636578     -6.94447662     -7.16794202     -7.36074105     -7.50283976     -7.67655539     -7.76669581     -8.03638748     -8.49098438     -8.54007612     -8.66234337     -8.80227683     -9.02913404     -9.08577340     -9.21468613     -9.21920315     -9.26845723     -9.50565538     -9.69065842     -9.69481967     -9.73645666     -9.74529098     -9.76801877     -9.88358622     -9.89151454     -9.96896208    -10.04987150    -10.24737545    -10.27406825    -10.34947368    -10.42601288    -10.51879212    -10.66206104    -10.68805962    -10.87276599    -10.89893176    -10.96544208    -11.03769013    -11.10441043    -11.18894755    -11.21566477    -11.26779715    -11.26868382
      2.87333722     11.27333392     11.27274058     11.21145790     11.18522679     11.10290065     11.03852497     10.96809010     10.89735616     10.85865807     10.72057902     10.65336759     10.48111802     10.40705465     10.37768231     10.26731480     10.25425813     10.03960951      9.95717390      9.95094081      9.91939789      9.80861228      9.74132129      9.70557174      9.67280303      9.65522706      9.42784817      9.40815325      9.21968696      9.21843300      9.02215922      8.96151487      8.92724369      8.55054775      8.49614353      8.49059286      8.03641304      7.90306255      7.76772068      7.35809444      7.33482292      7.26705192      6.91637077      6.78297731      6.58442568      6.27257986      6.23979369      6.01192734      5.66532947      5.59879495      5.50014412      4.94085844      4.29531319      3.67204950      3.65147582      3.55767598      3.34912392      3.02226959      2.95245402      2.32064041      1.58904599      1.09808142      0.80212706      0.49430696      0.21108603     -0.21108603     -0.49430696     -0.80212706     -1.09808142     -1.58904599     -2.32064041     -2.95245402     -3.02226959     -3.34912392     -3.55767598     -3.65147582     -3.67204950     -4.29531319     -4.94085844     -5.50014412     -5.59879495     -5.66532947     -6.01192734     -6.23979369     -6.27257986     -6.58442568     -6.78297731     -6.91637077     -7.26705192     -7.33482292     -7.35809444     -7.76772068     -7.90306255     -8.03641304     -8.49059286     -8.49614353     -8.55054775     -8.92724369     -8.96151487     -9.02215922     -9.21843300     -9.21968696     -9.40815325     -9.42784817     -9.65522706     -9.67280303     -9.70557174     -9.74132129     -9.80861228     -9.91939789     -9.95094081     -9.95717390    -10.03960951    -10.25425813    -10.26731480    -10.37768231    -10.40705465    -10.48111802    -10.65336759    -10.72057902    -10.85865807    -10.89735616    -10.96809010    -11.03852497    -11.10290065    -11.18522679    -11.21145790    -11.27274058    -11.27333392
      2.88312282     11.28217073     11.28184486     11.20294297     11.17744324     11.09976969     11.04012286     10.97343306     10.89428758     10.83015378     10.76673559     10.63523765     10.42396054     10.42113725     10.36793763     10.26645788     10.25313074     10.04505253     10.03560401     10.02014732      9.85730149      9.83025886      9.75150555      9.73571086      9.60876408      9.58768222      9.55053191      9.30339571      9.23018997      9.21693152      9.11913460      9.00895163      8.74408926      8.57186676      8.48982582      8.32345672      8.12337500      8.03646335      7.76974649      7.52372504      7.35294549      7.02685821      6.91638060      6.67396108      6.60624744      6.51655718      6.23979377      6.01174770      5.61531812      5.50063612      5.35501075      4.98774032      4.53749663      3.67836776      3.55768301      3.42819586      3.33737321      3.16934337      2.95243399      2.21974141      1.66605917      1.09745137      0.80365022      0.44088466      0.25571610     -0.25571610     -0.44088466     -0.80365022     -1.09745137     -1.66605917     -2.21974141     -2.95243399     -3.16934337     -3.33737321     -3.42819586     -3.55768301     -3.67836776     -4.53749663     -4.98774032     -5.35501075     -5.50063612     -5.61531812     -6.01174770     -6.23979377     -6.51655718     -6.60624744     -6.67396108     -6.91638060     -7.02685821     -7.35294549     -7.52372504     -7.76974649     -8.03646335     -8.12337500     -8.32345672     -8.48982582     -8.57186676     -8.74408926     -9.00895163     -9.11913460     -9.21693152     -9.23018997     -9.30339571     -9.55053191     -9.58768222     -9.60876408     -9.73571086     -9.75150555     -9.83025886     -9.85730149    -10.02014732    -10.03560401    -10.04505253    -10.25313074    -10.26645788    -10.36793763    -10.42113725    -10.42396054    -10.63523765    -10.76673559    -10.83015378    -10.89428758    -10.97343306    -11.04012286    -11.09976969    -11.17744324    -11.20294297    -11.28184486    -11.28217073
      2.89290842     11.29320608     11.29276366     11.19123877     11.16607950     11.09526993     11.04213838     10.98078394     10.89031344     10.81387063     10.79021986     10.60893147     10.46516216     10.36009186     10.31164237     10.28055887     10.23208528     10.13313924     10.11949130      9.99488655      9.90699687      9.77779501      9.76650237      9.71639782      9.68079932      9.56274446      9.50492857      9.26981600      9.24569628      9.21498697      9.15741236      8.99251249      8.60157606      8.55002081      8.48882518      8.33678007      8.14918623      8.03652943      7.77242572      7.71594978      7.34629740      6.91639350      6.79266338      6.78297725      6.75884159      6.43465143      6.23979387      6.01151198      5.55768679      5.50128307      5.11308675      5.05457958      4.78304989      3.68679486      3.55769225      3.34500070      3.32238782      3.21193763      2.95240768      2.11661576      1.77247492      1.09662491      0.80565241      0.37029532      0.30696623     -0.30696623     -0.37029532     -0.80565241     -1.09662491     -1.77247492     -2.11661576     -2.95240768     -3.21193763     -3.32238782     -3.34500070     -3.55769225     -3.68679486     -4.78304989     -5.05457958     -5.11308675     -5.50128307     -5.55768679     -6.01151198     -6.23979387     -6.43465143     -6.75884159     -6.78297725     -6.79266338     -6.91639350     -7.34629740     -7.71594978     -7.77242572     -8.03652943     -8.14918623     -8.33678007     -8.48882518     -8.55002081     -8.60157606     -8.99251249     -9.15741236     -9.21498697     -9.24569628     -9.26981600     -9.50492857     -9.56274446     -9.68079932     -9.71639782     -9.76650237     -9.77779501     -9.90699687     -9.99488655    -10.11949130    -10.13313924    -10.23208528    -10.28055887    -10.31164237    -10.36009186    -10.46516216    -10.60893147    -10.79021986    -10.81387063    -10.89031344    -10.98078394    -11.04213838    -11.09526993    -11.16607950    -11.19123877    -11.29276366    -11.29320608
      2.90269401     11.30427965     11.30330711     11.17810137     11.15210070     11.08986474     11.04418215     10.98914741     10.88615872     10.85723038     10.74237605     10.57691793     10.50280973     10.29453575     10.29386279     10.24246062     10.21753002     10.20492424     10.19235139      9.96661476      9.95623307      9.82782167      9.79452574      9.78553956      9.58505965      9.51915371      9.42987332      9.41054437      9.26529235      9.21295850      8.99875342      8.97603764      8.63579386      8.54256482      8.48777271      8.34727174      8.03659947      7.97538579      7.90826362      7.77528928      7.33938532      6.99870614      6.92966030      6.91640717      6.53610366      6.27490111      6.23979398      6.01126237      5.50345673      5.50196982      5.13492565      5.03123481      4.87386435      3.69589497      3.55770204      3.53732773      3.30701363      3.00413159      2.95237981      2.02539179      1.90021429      1.09575013      0.80777691      0.35617498      0.29016060     -0.29016060     -0.35617498     -0.80777691     -1.09575013     -1.90021429     -2.02539179     -2.95237981     -3.00413159     -3.30701363     -3.53732773     -3.55770204     -3.69589497     -4.87386435     -5.03123481     -5.13492565     -5.50196982     -5.50345673     -6.01126237     -6.23979398     -6.27490111     -6.53610366     -6.91640717     -6.92966030     -6.99870614     -7.33938532     -7.77528928     -7.90826362     -7.97538579     -8.03659947     -8.34727174     -8.48777271     -8.54256482     -8.63579386     -8.97603764     -8.99875342     -9.21295850     -9.26529235     -9.41054437     -9.42987332     -9.51915371     -9.58505965     -9.78553956     -9.79452574     -9.82782167     -9.95623307     -9.96661476    -10.19235139    -10.20492424    -10.21753002    -10.24246062    -10.29386279    -10.29453575    -10.50280973    -10.57691793    -10.74237605    -10.85723038    -10.88615872    -10.98914741    -11.04418215    -11.08986474    -11.15210070    -11.17810137    -11.30330711    -11.30427965
      2.91247961     11.31353301     11.31185319     11.16585479     11.13736110     11.08434776     11.04590553     10.99720969     10.89354538     10.88255152     10.69127931     10.54374035     10.53101298     10.30453514     10.29419931     10.24860384     10.23145548     10.17247633     10.16710443     10.00423833      9.93764124      9.88643242      9.88078041      9.80741699      9.53597175      9.48004573      9.43982070      9.36795947      9.28720272      9.21120454      8.96226023      8.83124627      8.73989787      8.66896863      8.48685566      8.13694880      8.09900423      8.03666096      7.80525776      7.77782349      7.33342636      7.23542808      7.07634918      6.91641917      6.28693481      6.23979408      6.13586041      6.01104347      5.50257350      5.46003532      5.28134283      5.21859214      4.63834295      3.74103300      3.70403270      3.55771063      3.29391525      2.95235536      2.80753519      2.04209051      1.95413503      1.09498327      0.80964376      0.39688210      0.20688293     -0.20688293     -0.39688210     -0.80964376     -1.09498327     -1.95413503     -2.04209051     -2.80753519     -2.95235536     -3.29391525     -3.55771063     -3.70403270     -3.74103300     -4.63834295     -5.21859214     -5.28134283     -5.46003532     -5.50257350     -6.01104347     -6.13586041     -6.23979408     -6.28693481     -6.91641917     -7.07634918     -7.23542808     -7.33342636     -7.77782349     -7.80525776     -8.03666096     -8.09900423     -8.13694880     -8.48685566     -8.66896863     -8.73989787     -8.83124627     -8.96226023     -9.21120454     -9.28720272     -9.36795947     -9.43982070     -9.48004573     -9.53597175     -9.80741699     -9.88078041     -9.88643242     -9.93764124    -10.00423833    -10.16710443    -10.17247633    -10.23145548    -10.24860384    -10.29419931    -10.30453514    -10.53101298    -10.54374035    -10.69127931    -10.88255152    -10.89354538    -10.99720969    -11.04590553    -11.08434776    -11.13736110    -11.16585479    -11.31185319    -11.31353301
      2.92226521     11.31961675     11.31735829     11.15706595     11.12521316     11.07997163     11.04704597     11.00329496     10.91882995     10.88010937     10.64581989     10.54835569     10.51703429     10.35479544     10.31139054     10.28422997     10.17870755     10.13563667     10.09931165     10.05030854      9.94850538      9.92786941      9.91117360      9.82947117      9.63339505      9.44957945      9.32600804      9.30734287      9.28341215      9.21002234      8.95318674      8.92723418      8.69389040      8.65757440      8.48623392      8.28637570      8.03670289      7.91992136      7.77956281      7.64838801      7.46826574      7.32941865      7.22014258      6.91642735      6.23979415      6.03617158      6.03378575      6.01089431      5.53266996      5.50298562      5.43217413      5.28802046      4.40836385      3.95244060      3.70966570      3.55771649      3.28518183      2.95233869      2.63130999      2.18635240      1.90867852      1.09446091      0.81091783      0.42384543      0.12958022     -0.12958022     -0.42384543     -0.81091783     -1.09446091     -1.90867852     -2.18635240     -2.63130999     -2.95233869     -3.28518183     -3.55771649     -3.70966570     -3.95244060     -4.40836385     -5.28802046     -5.43217413     -5.50298562     -5.53266996     -6.01089431     -6.03378575     -6.03617158     -6.23979415     -6.91642735     -7.22014258     -7.32941865     -7.46826574     -7.64838801     -7.77956281     -7.91992136     -8.03670289     -8.28637570     -8.48623392     -8.65757440     -8.69389040     -8.92723418     -8.95318674     -9.21002234     -9.28341215     -9.30734287     -9.32600804     -9.44957945     -9.63339505     -9.82947117     -9.91117360     -9.92786941     -9.94850538    -10.05030854    -10.09931165    -10.13563667    -10.17870755    -10.28422997    -10.31139054    -10.35479544    -10.51703429    -10.54835569    -10.64581989    -10.88010937    -10.91882995    -11.00329496    -11.04704597    -11.07997163    -11.12521316    -11.15706595    -11.31735829    -11.31961675
      2.93205081     11.32173220     11.31925323     11.15385641     11.12030065     11.07825411     11.04744387     11.00561334     10.92814990     10.87924661     10.62528867     10.55419844     10.50645286     10.38033908     10.31375007     10.29644960     10.15532759     10.10005116     10.08895199     10.06864291      9.97089620      9.94943304      9.89749453      9.84165715      9.67387267      9.43690122      9.31657909      9.31096364      9.20960589      9.14610365      9.07480544      8.95002768      8.70329728      8.50564708      8.48601421      8.44283575      8.03671775      7.78018161      7.70404563      7.68940782      7.56036958      7.32800848      7.30395295      6.91643025      6.23979417      6.01084146      5.99440109      5.78526288      5.78376664      5.50313180      5.42258930      5.31662222      4.22039880      4.13428959      3.71167942      3.55771856      3.28212273      2.95233278      2.53337053      2.27377058      1.89303232      1.09427585      0.81136968      0.43330331      0.08916765     -0.08916765     -0.43330331     -0.81136968     -1.09427585     -1.89303232     -2.27377058     -2.53337053     -2.95233278     -3.28212273     -3.55771856     -3.71167942     -4.13428959     -4.22039880     -5.31662222     -5.42258930     -5.50313180     -5.78376664     -5.78526288     -5.99440109     -6.01084146     -6.23979417     -6.91643025     -7.30395295     -7.32800848     -7.56036958     -7.68940782     -7.70404563     -7.78018161     -8.03671775     -8.44283575     -8.48601421     -8.50564708     -8.70329728     -8.95002768     -9.07480544     -9.14610365     -9.20960589     -9.31096364     -9.31657909     -9.43690122     -9.67387267     -9.84165715     -9.89749453     -9.94943304     -9.97089620    -10.06864291    -10.08895199    -10.10005116    -10.15532759    -10.29644960    -10.31375007    -10.38033908    -10.50645286    -10.55419844    -10.62528867    -10.87924661    -10.92814990    -11.00561334    -11.04744387    -11.07825411    -11.12030065    -11.15385641    -11.31925323    -11.32173220
