#   q (2pi/1)   energy n-th mode (meV)   energy n-1-th mode (meV)    ...
      0.00000000      8.84842712      8.84842712      8.84842712      8.84842712      8.84842712      8.84842712      8.02000000      8.02000000      8.02000000      8.02000000      8.02000000      8.02000000      8.02000000      8.02000000      8.02000000      8.02000000      8.02000000      8.02000000      8.02000000      8.02000000      8.02000000      8.02000000      8.02000000      8.02000000      8.02000000      8.02000000      8.02000000      6.84842712      6.84842712      6.84842712      6.84842712      6.84842712      6.84842712      6.02000000      6.02000000      6.02000000      6.02000000      6.02000000      6.02000000      6.02000000      6.02000000      6.02000000      6.02000000      6.02000000      6.02000000      4.02000000      4.02000000      4.02000000      4.02000000      4.02000000      4.02000000      3.19157288      3.19157288      3.19157288      3.19157288      3.19157288      3.19157288      1.19157288      1.19157288      1.19157288      1.19157288      1.19157288      1.19157288      0.02000000     -0.02000000     -1.19157288     -1.19157288     -1.19157288     -1.19157288     -1.19157288     -1.19157288     -3.19157288     -3.19157288     -3.19157288     -3.19157288     -3.19157288     -3.19157288     -4.02000000     -4.02000000     -4.02000000     -4.02000000     -4.02000000     -4.02000000     -6.02000000     -6.02000000     -6.02000000     -6.02000000     -6.02000000     -6.02000000     -6.02000000     -6.02000000     -6.02000000     -6.02000000     -6.02000000     -6.02000000     -6.84842712     -6.84842712     -6.84842712     -6.84842712     -6.84842712     -6.84842712     -8.02000000     -8.02000000     -8.02000000     -8.02000000     -8.02000000     -8.02000000     -8.02000000     -8.02000000     -8.02000000     -8.02000000     -8.02000000     -8.02000000     -8.02000000     -8.02000000     -8.02000000     -8.02000000     -8.02000000     -8.02000000     -8.02000000     -8.02000000     -8.02000000     -8.84842712     -8.84842712     -8.84842712     -8.84842712     -8.84842712     -8.84842712
      0.00978560      8.87759958      8.87759958      8.84441838      8.84441838      8.81524593      8.81524593      8.12360974      8.12360974      8.09443728      8.09443728      8.09042854      8.09042854      8.02000000      8.02000000      8.02000000      8.02000000      8.02000000      8.02000000      8.02000000      8.02000000      8.01433078      7.94390224      7.94390224      7.93989350      7.93989350      7.91072104      7.91072104      6.99495343      6.92452488      6.92452488      6.77398984      6.77398984      6.69388334      6.19970750      6.19970750      6.17053504      6.17053504      6.05318120      6.05318120      5.99082754      5.99082754      5.86946496      5.86946496      5.83628376      5.83628376      4.23288870      4.12927896      4.12927896      3.91639026      3.91639026      3.80711130      3.37528912      3.37528912      3.19558162      3.19558162      3.01186538      3.01186538      1.34611666      1.27167938      1.27167938      1.12114433      1.12114433      1.04504657      0.02566922     -0.02566922     -1.04504657     -1.12114433     -1.12114433     -1.27167938     -1.27167938     -1.34611666     -3.01186538     -3.01186538     -3.19558162     -3.19558162     -3.37528912     -3.37528912     -3.80711130     -3.91639026     -3.91639026     -4.12927896     -4.12927896     -4.23288870     -5.83628376     -5.83628376     -5.86946496     -5.86946496     -5.99082754     -5.99082754     -6.05318120     -6.05318120     -6.17053504     -6.17053504     -6.19970750     -6.19970750     -6.69388334     -6.77398984     -6.77398984     -6.92452488     -6.92452488     -6.99495343     -7.91072104     -7.91072104     -7.93989350     -7.93989350     -7.94390224     -7.94390224     -8.01433078     -8.02000000     -8.02000000     -8.02000000     -8.02000000     -8.02000000     -8.02000000     -8.02000000     -8.02000000     -8.09042854     -8.09042854     -8.09443728     -8.09443728     -8.12360974     -8.12360974     -8.81524593     -8.81524593     -8.84441838     -8.84441838     -8.87759958     -8.87759958
      0.01957120      8.90268060      8.90268060      8.83240352      8.83240352      8.77815004      8.77815004      8.22125657      8.22125657      8.16700309      8.16700309      8.15097949      8.15097949      8.02000000      8.02000000      8.02000000      8.02000000      8.02000000      8.02000000      8.02000000      8.02000000      7.99733920      7.86635971      7.86635971      7.85033611      7.85033611      7.79608263      7.79608263      7.13304690      7.00206741      7.00206741      6.70142403      6.70142403      6.53176014      6.37489686      6.37489686      6.32064338      6.32064338      6.09027708      6.09027708      5.96574652      5.96574652      5.71935662      5.71935662      5.64907954      5.64907954      4.44517394      4.24391737      4.24391737      3.81874343      3.81874343      3.59482606      3.56249334      3.56249334      3.20759648      3.20759648      2.83667602      2.83667602      1.50823986      1.36123677      1.36123677      1.06059339      1.06059339      0.90695310      0.04266080     -0.04266080     -0.90695310     -1.06059339     -1.06059339     -1.36123677     -1.36123677     -1.50823986     -2.83667602     -2.83667602     -3.20759648     -3.20759648     -3.56249334     -3.56249334     -3.59482606     -3.81874343     -3.81874343     -4.24391737     -4.24391737     -4.44517394     -5.64907954     -5.64907954     -5.71935662     -5.71935662     -5.96574652     -5.96574652     -6.09027708     -6.09027708     -6.32064338     -6.32064338     -6.37489686     -6.37489686     -6.53176014     -6.70142403     -6.70142403     -7.00206741     -7.00206741     -7.13304690     -7.79608263     -7.79608263     -7.85033611     -7.85033611     -7.86635971     -7.86635971     -7.99733920     -8.02000000     -8.02000000     -8.02000000     -8.02000000     -8.02000000     -8.02000000     -8.02000000     -8.02000000     -8.15097949     -8.15097949     -8.16700309     -8.16700309     -8.22125657     -8.22125657     -8.77815004     -8.77815004     -8.83240352     -8.83240352     -8.90268060     -8.90268060
      0.02935679      8.92359910      8.92359910      8.81241659      8.81241659      8.73724462      8.73724462      8.31266370      8.31266370      8.23749173      8.23749173      8.20148120      8.20148120      8.02000000      8.02000000      8.02000000      8.02000000      8.02000000      8.02000000      8.02000000      8.02000000      7.96907342      7.78759222      7.78759222      7.75158169      7.75158169      7.67640972      7.67640972      7.26231610      7.08083490      7.08083490      6.63093540      6.63093540      6.54507148      6.54507148      6.46989951      6.46989951      6.36251709      6.13118250      6.13118250      5.94482803      5.94482803      5.57010049      5.57010049      5.45891799      5.45891799      4.65625398      4.36359028      4.36359028      3.75265489      3.75265489      3.72733630      3.72733630      3.38374602      3.22758341      3.22758341      2.66650140      2.66650140      1.67748291      1.45999118      1.45999118      1.01009168      1.01009168      0.77768390      0.07092658     -0.07092658     -0.77768390     -1.01009168     -1.01009168     -1.45999118     -1.45999118     -1.67748291     -2.66650140     -2.66650140     -3.22758341     -3.22758341     -3.38374602     -3.72733630     -3.72733630     -3.75265489     -3.75265489     -4.36359028     -4.36359028     -4.65625398     -5.45891799     -5.45891799     -5.57010049     -5.57010049     -5.94482803     -5.94482803     -6.13118250     -6.13118250     -6.36251709     -6.46989951     -6.46989951     -6.54507148     -6.54507148     -6.63093540     -6.63093540     -7.08083490     -7.08083490     -7.26231610     -7.67640972     -7.67640972     -7.75158169     -7.75158169     -7.78759222     -7.78759222     -7.96907342     -8.02000000     -8.02000000     -8.02000000     -8.02000000     -8.02000000     -8.02000000     -8.02000000     -8.02000000     -8.20148120     -8.20148120     -8.23749173     -8.23749173     -8.31266370     -8.31266370     -8.73724462     -8.73724462     -8.81241659     -8.81241659     -8.92359910     -8.92359910
      0.03914239      8.94029577      8.94029577      8.78451426      8.78451426      8.69264562      8.69264562      8.39757203      8.39757203      8.30570339      8.30570339      8.24179052      8.24179052      8.02000000      8.02000000      8.02000000      8.02000000      8.02000000      8.02000000      8.02000000      8.02000000      7.92961356      7.70782304      7.70782304      7.64391017      7.64391017      7.55204153      7.55204153      7.38239461      7.16060409      7.16060409      6.70974899      6.70974899      6.61788035      6.61788035      6.56272374      6.56272374      6.18663391      6.17578151      6.17578151      5.92813136      5.92813136      5.42211965      5.42211965      5.26633815      5.26633815      4.86553049      4.48795847      4.48795847      3.94523473      3.94523473      3.64242797      3.64242797      3.25548574      3.25548574      3.17446951      2.50182389      2.50182389      1.85336609      1.56766270      1.56766270      0.96978236      0.96978236      0.65760539      0.11038644     -0.11038644     -0.65760539     -0.96978236     -0.96978236     -1.56766270     -1.56766270     -1.85336609     -2.50182389     -2.50182389     -3.17446951     -3.25548574     -3.25548574     -3.64242797     -3.64242797     -3.94523473     -3.94523473     -4.48795847     -4.48795847     -4.86553049     -5.26633815     -5.26633815     -5.42211965     -5.42211965     -5.92813136     -5.92813136     -6.17578151     -6.17578151     -6.18663391     -6.56272374     -6.56272374     -6.61788035     -6.61788035     -6.70974899     -6.70974899     -7.16060409     -7.16060409     -7.38239461     -7.55204153     -7.55204153     -7.64391017     -7.64391017     -7.70782304     -7.70782304     -7.92961356     -8.02000000     -8.02000000     -8.02000000     -8.02000000     -8.02000000     -8.02000000     -8.02000000     -8.02000000     -8.24179052     -8.24179052     -8.30570339     -8.30570339     -8.39757203     -8.39757203     -8.69264562     -8.69264562     -8.78451426     -8.78451426     -8.94029577     -8.94029577
      0.04892799      8.95272328      8.95272328      8.74877561      8.74877561      8.64447945      8.64447945      8.47574087      8.47574087      8.37144471      8.37144471      8.27179319      8.27179319      8.02000000      8.02000000      8.02000000      8.02000000      8.02000000      8.02000000      8.02000000      8.02000000      7.87907148      7.62727828      7.62727828      7.52762677      7.52762677      7.49294204      7.42333061      7.42333061      7.24114884      7.24114884      6.86846259      6.86846259      6.76416643      6.76416643      6.49698241      6.49698241      6.22394767      6.22394767      6.00460918      5.91570384      5.91570384      5.27583357      5.27583357      5.07241026      5.07188590      5.07188590      4.61666939      4.61666939      4.13968698      4.13968698      3.56425913      3.56425913      3.29122439      3.29122439      2.96758974      2.34311029      2.34311029      2.03539082      1.68394611      1.68394611      0.93977968      0.93977968      0.54705796      0.16092852     -0.16092852     -0.54705796     -0.93977968     -0.93977968     -1.68394611     -1.68394611     -2.03539082     -2.34311029     -2.34311029     -2.96758974     -3.29122439     -3.29122439     -3.56425913     -3.56425913     -4.13968698     -4.13968698     -4.61666939     -4.61666939     -5.07188590     -5.07188590     -5.07241026     -5.27583357     -5.27583357     -5.91570384     -5.91570384     -6.00460918     -6.22394767     -6.22394767     -6.49698241     -6.49698241     -6.76416643     -6.76416643     -6.86846259     -6.86846259     -7.24114884     -7.24114884     -7.42333061     -7.42333061     -7.49294204     -7.52762677     -7.52762677     -7.62727828     -7.62727828     -7.87907148     -8.02000000     -8.02000000     -8.02000000     -8.02000000     -8.02000000     -8.02000000     -8.02000000     -8.02000000     -8.27179319     -8.27179319     -8.37144471     -8.37144471     -8.47574087     -8.47574087     -8.64447945     -8.64447945     -8.74877561     -8.74877561     -8.95272328     -8.95272328
      0.05871359      8.96084641      8.96084641      8.70530195      8.70530195      8.59288266      8.59288266      8.54694864      8.54694864      8.43452935      8.43452935      8.29140417      8.29140417      8.02000000      8.02000000      8.02000000      8.02000000      8.02000000      8.02000000      8.02000000      8.02000000      7.81759043      7.59364504      7.54618626      7.54618626      7.40306108      7.40306108      7.32224087      7.32224087      7.29064179      7.29064179      7.02076238      7.02076238      6.90834309      6.90834309      6.43389777      6.43389777      6.27554447      6.27554447      5.90758071      5.90758071      5.81695886      5.27630685      5.13165691      5.13165691      4.87611244      4.87611244      4.74935821      4.74935821      4.33546043      4.33546043      3.49305136      3.49305136      3.33469805      3.33469805      2.76369315      2.22304114      2.19081049      2.19081049      1.80851179      1.80851179      0.92016870      0.92016870      0.44635496      0.22240957     -0.22240957     -0.44635496     -0.92016870     -0.92016870     -1.80851179     -1.80851179     -2.19081049     -2.19081049     -2.22304114     -2.76369315     -3.33469805     -3.33469805     -3.49305136     -3.49305136     -4.33546043     -4.33546043     -4.74935821     -4.74935821     -4.87611244     -4.87611244     -5.13165691     -5.13165691     -5.27630685     -5.81695886     -5.90758071     -5.90758071     -6.27554447     -6.27554447     -6.43389777     -6.43389777     -6.90834309     -6.90834309     -7.02076238     -7.02076238     -7.29064179     -7.29064179     -7.32224087     -7.32224087     -7.40306108     -7.40306108     -7.54618626     -7.54618626     -7.59364504     -7.81759043     -8.02000000     -8.02000000     -8.02000000     -8.02000000     -8.02000000     -8.02000000     -8.02000000     -8.02000000     -8.29140417     -8.29140417     -8.43452935     -8.43452935     -8.54694864     -8.54694864     -8.59288266     -8.59288266     -8.70530195     -8.70530195     -8.96084641     -8.96084641
      0.06849918      8.96464214      8.96464214      8.65421651      8.65421651      8.61099351      8.61099351      8.53800149      8.53800149      8.49477849      8.49477849      8.30056787      8.30056787      8.02000000      8.02000000      8.02000000      8.02000000      8.02000000      8.02000000      8.02000000      8.02000000      7.74534471      7.68421816      7.46477684      7.46477684      7.40365029      7.40365029      7.27056622      7.27056622      7.16621667      7.16621667      7.15435120      7.15435120      7.05000165      7.05000165      6.37364864      6.37364864      6.33042564      6.33042564      5.90378498      5.90378498      5.62421486      5.47664230      4.98999835      4.98999835      4.88564880      4.88564880      4.67957272      4.67957272      4.53200016      4.53200016      3.42900649      3.42900649      3.38578349      3.38578349      2.56335770      2.41578514      2.04535621      2.04535621      1.94100665      1.94100665      0.91100501      0.91100501      0.35578184      0.29465529     -0.29465529     -0.35578184     -0.91100501     -0.91100501     -1.94100665     -1.94100665     -2.04535621     -2.04535621     -2.41578514     -2.56335770     -3.38578349     -3.38578349     -3.42900649     -3.42900649     -4.53200016     -4.53200016     -4.67957272     -4.67957272     -4.88564880     -4.88564880     -4.98999835     -4.98999835     -5.47664230     -5.62421486     -5.90378498     -5.90378498     -6.33042564     -6.33042564     -6.37364864     -6.37364864     -7.05000165     -7.05000165     -7.15435120     -7.15435120     -7.16621667     -7.16621667     -7.27056622     -7.27056622     -7.40365029     -7.40365029     -7.46477684     -7.46477684     -7.68421816     -7.74534471     -8.02000000     -8.02000000     -8.02000000     -8.02000000     -8.02000000     -8.02000000     -8.02000000     -8.02000000     -8.30056787     -8.30056787     -8.49477849     -8.49477849     -8.53800149     -8.53800149     -8.61099351     -8.61099351     -8.65421651     -8.65421651     -8.96464214     -8.96464214
      0.07828478      8.96409970      8.96409970      8.66769392      8.66769392      8.59566409      8.59566409      8.55202134      8.55202134      8.47999151      8.47999151      8.29925831      8.29925831      8.02000000      8.02000000      8.02000000      8.02000000      8.02000000      8.02000000      8.02000000      8.02000000      7.76440465      7.66253909      7.48514634      7.48514634      7.38328078      7.38328078      7.30441313      7.30441313      7.18874055      7.18874055      7.13051775      7.13051775      7.01484517      7.01484517      6.38843561      6.38843561      6.31640579      6.31640579      5.90432742      5.90432742      5.67284874      5.42692354      5.02515483      5.02515483      4.85125945      4.85125945      4.72874904      4.72874904      4.48282383      4.48282383      3.44433591      3.44433591      3.37230608      3.37230608      2.61307646      2.36715126      2.08105512      2.08105512      1.90715974      1.90715974      0.91231457      0.91231457      0.37746091      0.27559535     -0.27559535     -0.37746091     -0.91231457     -0.91231457     -1.90715974     -1.90715974     -2.08105512     -2.08105512     -2.36715126     -2.61307646     -3.37230608     -3.37230608     -3.44433591     -3.44433591     -4.48282383     -4.48282383     -4.72874904     -4.72874904     -4.85125945     -4.85125945     -5.02515483     -5.02515483     -5.42692354     -5.67284874     -5.90432742     -5.90432742     -6.31640579     -6.31640579     -6.38843561     -6.38843561     -7.01484517     -7.01484517     -7.13051775     -7.13051775     -7.18874055     -7.18874055     -7.30441313     -7.30441313     -7.38328078     -7.38328078     -7.48514634     -7.48514634     -7.66253909     -7.76440465     -8.02000000     -8.02000000     -8.02000000     -8.02000000     -8.02000000     -8.02000000     -8.02000000     -8.02000000     -8.29925831     -8.29925831     -8.47999151     -8.47999151     -8.55202134     -8.55202134     -8.59566409     -8.59566409     -8.66769392     -8.66769392     -8.96409970     -8.96409970
      0.08807038      8.95922064      8.95922064      8.71688915      8.71688915      8.60609564      8.60609564      8.52981068      8.52981068      8.41901717      8.41901717      8.28747920      8.28747920      8.02000000      8.02000000      8.02000000      8.02000000      8.02000000      8.02000000      8.02000000      8.02000000      7.83397722      7.56940830      7.56649802      7.56649802      7.43496005      7.43496005      7.32416654      7.32416654      7.30192910      7.30192910      6.98331266      6.98331266      6.87251915      6.87251915      6.44940996      6.44940996      6.26233148      6.26233148      5.90920649      5.90920649      5.86437001      5.22564414      5.16748085      5.16748085      4.92514937      4.92514937      4.71583346      4.71583346      4.28642350      4.28642350      3.51018932      3.51018932      3.32311085      3.32311085      2.81435586      2.22826022      2.22826022      2.17562999      1.77661283      1.77661283      0.92409368      0.92409368      0.47059170      0.20602278     -0.20602278     -0.47059170     -0.92409368     -0.92409368     -1.77661283     -1.77661283     -2.17562999     -2.22826022     -2.22826022     -2.81435586     -3.32311085     -3.32311085     -3.51018932     -3.51018932     -4.28642350     -4.28642350     -4.71583346     -4.71583346     -4.92514937     -4.92514937     -5.16748085     -5.16748085     -5.22564414     -5.86437001     -5.90920649     -5.90920649     -6.26233148     -6.26233148     -6.44940996     -6.44940996     -6.87251915     -6.87251915     -6.98331266     -6.98331266     -7.30192910     -7.30192910     -7.32416654     -7.32416654     -7.43496005     -7.43496005     -7.56649802     -7.56649802     -7.56940830     -7.83397722     -8.02000000     -8.02000000     -8.02000000     -8.02000000     -8.02000000     -8.02000000     -8.02000000     -8.02000000     -8.28747920     -8.28747920     -8.41901717     -8.41901717     -8.52981068     -8.52981068     -8.60609564     -8.60609564     -8.71688915     -8.71688915     -8.95922064     -8.95922064
      0.09785598      8.95001877      8.95001877      8.75843976      8.75843976      8.65684812      8.65684812      8.45684293      8.45684293      8.35525129      8.35525129      8.26526393      8.26526393      8.02000000      8.02000000      8.02000000      8.02000000      8.02000000      8.02000000      8.02000000      8.02000000      7.89273865      7.64747473      7.64747473      7.55748736      7.55748736      7.46621633      7.45589572      7.45589572      7.22095240      7.22095240      6.82936821      6.82936821      6.72777656      6.72777656      6.51317584      6.51317584      6.21157901      6.21157901      6.05066320      5.91840836      5.91840836      5.31222344      5.31222344      5.12064443      5.12064443      5.02094721      4.58410428      4.58410428      4.09092844      4.09092844      3.58315707      3.58315707      3.28156024      3.28156024      3.01905279      2.38220467      2.38220467      1.98933680      1.65408551      1.65408551      0.94630895      0.94630895      0.57378367      0.14726135     -0.14726135     -0.57378367     -0.94630895     -0.94630895     -1.65408551     -1.65408551     -1.98933680     -2.38220467     -2.38220467     -3.01905279     -3.28156024     -3.28156024     -3.58315707     -3.58315707     -4.09092844     -4.09092844     -4.58410428     -4.58410428     -5.02094721     -5.12064443     -5.12064443     -5.31222344     -5.31222344     -5.91840836     -5.91840836     -6.05066320     -6.21157901     -6.21157901     -6.51317584     -6.51317584     -6.72777656     -6.72777656     -6.82936821     -6.82936821     -7.22095240     -7.22095240     -7.45589572     -7.45589572     -7.46621633     -7.55748736     -7.55748736     -7.64747473     -7.64747473     -7.89273865     -8.02000000     -8.02000000     -8.02000000     -8.02000000     -8.02000000     -8.02000000     -8.02000000     -8.02000000     -8.26526393     -8.26526393     -8.35525129     -8.35525129     -8.45684293     -8.45684293     -8.65684812     -8.65684812     -8.75843976     -8.75843976     -8.95001877     -8.95001877
      0.10764158      8.93652019      8.93652019      8.79222797      8.79222797      8.70413490      8.70413490      8.37696769      8.37696769      8.28887463      8.28887463      8.23267547      8.23267547      8.02000000      8.02000000      8.02000000      8.02000000      8.02000000      8.02000000      8.02000000      8.02000000      7.94052239      7.72784692      7.72784692      7.67164776      7.67164776      7.58355470      7.58355470      7.35325568      7.14058020      7.14058020      6.66912077      6.66912077      6.58102771      6.58102771      6.57955250      6.57955250      6.23120026      6.16429222      6.16429222      5.93190694      5.93190694      5.45897229      5.45897229      5.31468007      5.31468007      4.81341299      4.45644530      4.45644530      3.89689280      3.89689280      3.66303231      3.66303231      3.24777203      3.24777203      3.22658701      2.54245210      2.54245210      1.80879974      1.53992511      1.53992511      0.97889740      0.97889740      0.68674432      0.09947761     -0.09947761     -0.68674432     -0.97889740     -0.97889740     -1.53992511     -1.53992511     -1.80879974     -2.54245210     -2.54245210     -3.22658701     -3.24777203     -3.24777203     -3.66303231     -3.66303231     -3.89689280     -3.89689280     -4.45644530     -4.45644530     -4.81341299     -5.31468007     -5.31468007     -5.45897229     -5.45897229     -5.93190694     -5.93190694     -6.16429222     -6.16429222     -6.23120026     -6.57955250     -6.57955250     -6.58102771     -6.58102771     -6.66912077     -6.66912077     -7.14058020     -7.14058020     -7.35325568     -7.58355470     -7.58355470     -7.67164776     -7.67164776     -7.72784692     -7.72784692     -7.94052239     -8.02000000     -8.02000000     -8.02000000     -8.02000000     -8.02000000     -8.02000000     -8.02000000     -8.02000000     -8.23267547     -8.23267547     -8.28887463     -8.28887463     -8.37696769     -8.37696769     -8.70413490     -8.70413490     -8.79222797     -8.79222797     -8.93652019     -8.93652019
      0.11742717      8.91876316      8.91876316      8.81815799      8.81815799      8.74782196      8.74782196      8.29041137      8.29041137      8.22007534      8.22007534      8.18980621      8.18980621      8.02000000      8.02000000      8.02000000      8.02000000      8.02000000      8.02000000      8.02000000      8.02000000      7.97719298      7.80738678      7.80738678      7.77711765      7.77711765      7.70678161      7.70678161      7.23084655      7.06104035      7.06104035      6.64835179      6.64835179      6.50302459      6.50302459      6.43268856      6.43268856      6.40546943      6.12060516      6.12060516      5.94966397      5.94966397      5.60731144      5.60731144      5.50670628      5.50670628      4.60362976      4.33321839      4.33321839      3.74958863      3.74958863      3.70486660      3.70486660      3.43637024      3.22184201      3.22184201      2.70854828      2.70854828      1.63453057      1.43445523      1.43445523      1.02176667      1.02176667      0.80915345      0.06280702     -0.06280702     -0.80915345     -1.02176667     -1.02176667     -1.43445523     -1.43445523     -1.63453057     -2.70854828     -2.70854828     -3.22184201     -3.22184201     -3.43637024     -3.70486660     -3.70486660     -3.74958863     -3.74958863     -4.33321839     -4.33321839     -4.60362976     -5.50670628     -5.50670628     -5.60731144     -5.60731144     -5.94966397     -5.94966397     -6.12060516     -6.12060516     -6.40546943     -6.43268856     -6.43268856     -6.50302459     -6.50302459     -6.64835179     -6.64835179     -7.06104035     -7.06104035     -7.23084655     -7.70678161     -7.70678161     -7.77711765     -7.77711765     -7.80738678     -7.80738678     -7.97719298     -8.02000000     -8.02000000     -8.02000000     -8.02000000     -8.02000000     -8.02000000     -8.02000000     -8.02000000     -8.18980621     -8.18980621     -8.22007534     -8.22007534     -8.29041137     -8.29041137     -8.74782196     -8.74782196     -8.81815799     -8.81815799     -8.91876316     -8.91876316
      0.12721277      8.89679801      8.89679801      8.83615633      8.83615633      8.78778545      8.78778545      8.19741932      8.19741932      8.14904844      8.14904844      8.13677765      8.13677765      8.02000000      8.02000000      8.02000000      8.02000000      8.02000000      8.02000000      8.02000000      8.02000000      8.00264648      7.88586884      7.88586884      7.87359805      7.87359805      7.82522716      7.82522716      7.09933593      6.98255829      6.98255829      6.71937869      6.71937869      6.57297673      6.33155048      6.33155048      6.28317960      6.28317960      6.08064168      6.08064168      5.97162912      5.97162912      5.75682040      5.75682040      5.69617873      5.69617873      4.39219216      4.21477284      4.21477284      3.84258068      3.84258068      3.64780784      3.51539415      3.51539415      3.20384367      3.20384367      2.88002239      2.88002239      1.46702327      1.33797483      1.33797483      1.07479523      1.07479523      0.94066407      0.03735352     -0.03735352     -0.94066407     -1.07479523     -1.07479523     -1.33797483     -1.33797483     -1.46702327     -2.88002239     -2.88002239     -3.20384367     -3.20384367     -3.51539415     -3.51539415     -3.64780784     -3.84258068     -3.84258068     -4.21477284     -4.21477284     -4.39219216     -5.69617873     -5.69617873     -5.75682040     -5.75682040     -5.97162912     -5.97162912     -6.08064168     -6.08064168     -6.28317960     -6.28317960     -6.33155048     -6.33155048     -6.57297673     -6.71937869     -6.71937869     -6.98255829     -6.98255829     -7.09933593     -7.82522716     -7.82522716     -7.87359805     -7.87359805     -7.88586884     -7.88586884     -8.00264648     -8.02000000     -8.02000000     -8.02000000     -8.02000000     -8.02000000     -8.02000000     -8.02000000     -8.02000000     -8.13677765     -8.13677765     -8.14904844     -8.14904844     -8.19741932     -8.19741932     -8.78778545     -8.78778545     -8.83615633     -8.83615633     -8.89679801     -8.89679801
      0.13699837      8.87068701      8.87068701      8.84617197      8.84617197      8.82391209      8.82391209      8.09825514      8.09825514      8.07599526      8.07599526      8.07374011      8.07374011      8.02000000      8.02000000      8.02000000      8.02000000      8.02000000      8.02000000      8.02000000      8.02000000      8.01681074      7.96307063      7.96307063      7.96081548      7.96081548      7.93855560      7.93855560      6.95909660      6.90535650      6.90535650      6.79243187      6.79243187      6.73324735      6.15518451      6.15518451      6.13292463      6.13292463      6.04451503      6.04451503      5.99774012      5.99774012      5.90707537      5.90707537      5.88256034      5.88256034      4.17969954      4.10144440      4.10144440      3.94174486      3.94174486      3.86030046      3.32901254      3.32901254      3.19382803      3.19382803      3.05638836      3.05638836      1.30675265      1.25075740      1.25075740      1.13783277      1.13783277      1.08090340      0.02318926     -0.02318926     -1.08090340     -1.13783277     -1.13783277     -1.25075740     -1.25075740     -1.30675265     -3.05638836     -3.05638836     -3.19382803     -3.19382803     -3.32901254     -3.32901254     -3.86030046     -3.94174486     -3.94174486     -4.10144440     -4.10144440     -4.17969954     -5.88256034     -5.88256034     -5.90707537     -5.90707537     -5.99774012     -5.99774012     -6.04451503     -6.04451503     -6.13292463     -6.13292463     -6.15518451     -6.15518451     -6.73324735     -6.79243187     -6.79243187     -6.90535650     -6.90535650     -6.95909660     -7.93855560     -7.93855560     -7.96081548     -7.96081548     -7.96307063     -7.96307063     -8.01681074     -8.02000000     -8.02000000     -8.02000000     -8.02000000     -8.02000000     -8.02000000     -8.02000000     -8.02000000     -8.07374011     -8.07374011     -8.07599526     -8.07599526     -8.09825514     -8.09825514     -8.82391209     -8.82391209     -8.84617197     -8.84617197     -8.87068701     -8.87068701
      0.14678397      8.85609948      8.85609948      8.84817652      8.84817652      8.84050416      8.84050416      8.04644568      8.04644568      8.03877332      8.03877332      8.03852272      8.03852272      8.02000000      8.02000000      8.02000000      8.02000000      8.02000000      8.02000000      8.02000000      8.02000000      8.01964560      8.00112288      8.00112288      8.00087228      8.00087228      7.99319992      7.99319992      6.88582696      6.86730425      6.86730425      6.82965381      6.82965381      6.81052608      6.06532280      6.06532280      6.05765044      6.05765044      6.02792296      6.02792296      6.01232764      6.01232764      5.98234956      5.98234956      5.97442660      5.97442660      4.07324576      4.04680008      4.04680008      3.99355432      3.99355432      3.96675424      3.23714628      3.23714628      3.19182348      3.19182348      3.14625008      3.14625008      1.22947392      1.21070060      1.21070060      1.17305016      1.17305016      1.15417304      0.02035440     -0.02035440     -1.15417304     -1.17305016     -1.17305016     -1.21070060     -1.21070060     -1.22947392     -3.14625008     -3.14625008     -3.19182348     -3.19182348     -3.23714628     -3.23714628     -3.96675424     -3.99355432     -3.99355432     -4.04680008     -4.04680008     -4.07324576     -5.97442660     -5.97442660     -5.98234956     -5.98234956     -6.01232764     -6.01232764     -6.02792296     -6.02792296     -6.05765044     -6.05765044     -6.06532280     -6.06532280     -6.81052608     -6.82965381     -6.82965381     -6.86730425     -6.86730425     -6.88582696     -7.99319992     -7.99319992     -8.00087228     -8.00087228     -8.00112288     -8.00112288     -8.01964560     -8.02000000     -8.02000000     -8.02000000     -8.02000000     -8.02000000     -8.02000000     -8.02000000     -8.02000000     -8.03852272     -8.03852272     -8.03877332     -8.03877332     -8.04644568     -8.04644568     -8.84050416     -8.84050416     -8.84817652     -8.84817652     -8.85609948     -8.85609948
      0.15656956      8.88425639      8.88425639      8.84216430      8.84216430      8.80633504      8.80633504      8.14859158      8.14859158      8.11276232      8.11276232      8.10649949      8.10649949      8.02000000      8.02000000      8.02000000      8.02000000      8.02000000      8.02000000      8.02000000      8.02000000      8.01114303      7.92464354      7.92464354      7.91838071      7.91838071      7.88255145      7.88255145      7.03028308      6.94378359      6.94378359      6.75566481      6.75566481      6.65404552      6.24394804      6.24394804      6.20811878      6.20811878      6.06209209      6.06209209      5.98417074      5.98417074      5.83188122      5.83188122      5.78978913      5.78978913      4.28604013      4.15744855      4.15744855      3.89140842      3.89140842      3.75395987      3.42178375      3.42178375      3.19783570      3.19783570      2.96762483      2.96762483      1.38595448      1.29319217      1.29319217      1.10507339      1.10507339      1.00971692      0.02885697     -0.02885697     -1.00971692     -1.10507339     -1.10507339     -1.29319217     -1.29319217     -1.38595448     -2.96762483     -2.96762483     -3.19783570     -3.19783570     -3.42178375     -3.42178375     -3.75395987     -3.89140842     -3.89140842     -4.15744855     -4.15744855     -4.28604013     -5.78978913     -5.78978913     -5.83188122     -5.83188122     -5.98417074     -5.98417074     -6.06209209     -6.06209209     -6.20811878     -6.20811878     -6.24394804     -6.24394804     -6.65404552     -6.75566481     -6.75566481     -6.94378359     -6.94378359     -7.03028308     -7.88255145     -7.88255145     -7.91838071     -7.91838071     -7.92464354     -7.92464354     -8.01114303     -8.02000000     -8.02000000     -8.02000000     -8.02000000     -8.02000000     -8.02000000     -8.02000000     -8.02000000     -8.10649949     -8.10649949     -8.11276232     -8.11276232     -8.14859158     -8.14859158     -8.80633504     -8.80633504     -8.84216430     -8.84216430     -8.88425639     -8.88425639
      0.16635516      8.90830298      8.90830298      8.82815234      8.82815234      8.76827648      8.76827648      8.24470376      8.24470376      8.18482790      8.18482790      8.16455311      8.16455311      8.02000000      8.02000000      8.02000000      8.02000000      8.02000000      8.02000000      8.02000000      8.02000000      7.99132713      7.84677401      7.84677401      7.82649923      7.82649923      7.76662337      7.76662337      7.16620622      7.02165311      7.02165311      6.68359923      6.68359923      6.49009846      6.41792974      6.41792974      6.35805388      6.35805388      6.10015064      6.10015064      5.96012414      5.96012414      5.68194612      5.68194612      5.60179548      5.60179548      4.49808038      4.27337663      4.27337663      3.79529624      3.79529624      3.60977740      3.60977740      3.54191962      3.21184766      3.21184766      2.79364313      2.79364313      1.54990154      1.38507364      1.38507364      1.04701976      1.04701976      0.87379378      0.04867287     -0.04867287     -0.87379378     -1.04701976     -1.04701976     -1.38507364     -1.38507364     -1.54990154     -2.79364313     -2.79364313     -3.21184766     -3.21184766     -3.54191962     -3.60977740     -3.60977740     -3.79529624     -3.79529624     -4.27337663     -4.27337663     -4.49808038     -5.60179548     -5.60179548     -5.68194612     -5.68194612     -5.96012414     -5.96012414     -6.10015064     -6.10015064     -6.35805388     -6.35805388     -6.41792974     -6.41792974     -6.49009846     -6.68359923     -6.68359923     -7.02165311     -7.02165311     -7.16620622     -7.76662337     -7.76662337     -7.82649923     -7.82649923     -7.84677401     -7.84677401     -7.99132713     -8.02000000     -8.02000000     -8.02000000     -8.02000000     -8.02000000     -8.02000000     -8.02000000     -8.02000000     -8.16455311     -8.16455311     -8.18482790     -8.18482790     -8.24470376     -8.24470376     -8.76827648     -8.76827648     -8.82815234     -8.82815234     -8.90830298     -8.90830298
      0.17614076      8.92817112      8.92817112      8.80618037      8.80618037      8.72643638      8.72643638      8.33450977      8.33450977      8.25476578      8.25476578      8.21251902      8.21251902      8.02000000      8.02000000      8.02000000      8.02000000      8.02000000      8.02000000      8.02000000      8.02000000      7.96025407      7.76773505      7.76773505      7.72548829      7.72548829      7.64574430      7.64574430      7.29321110      7.10069208      7.10069208      6.61366135      6.61366135      6.58677472      6.58677472      6.50703073      6.50703073      6.31914964      6.14199074      6.14199074      5.94025601      5.94025601      5.53296927      5.53296927      5.41097853      5.41097853      4.70876547      4.39425570      4.39425570      3.80059435      3.80059435      3.70549023      3.70549023      3.33123453      3.23381963      3.23381963      2.62479815      2.62479815      1.72085036      1.48608458      1.48608458      0.99905385      0.99905385      0.74678890      0.07974593     -0.07974593     -0.74678890     -0.99905385     -0.99905385     -1.48608458     -1.48608458     -1.72085036     -2.62479815     -2.62479815     -3.23381963     -3.23381963     -3.33123453     -3.70549023     -3.70549023     -3.80059435     -3.80059435     -4.39425570     -4.39425570     -4.70876547     -5.41097853     -5.41097853     -5.53296927     -5.53296927     -5.94025601     -5.94025601     -6.14199074     -6.14199074     -6.31914964     -6.50703073     -6.50703073     -6.58677472     -6.58677472     -6.61366135     -6.61366135     -7.10069208     -7.10069208     -7.29321110     -7.64574430     -7.64574430     -7.72548829     -7.72548829     -7.76773505     -7.76773505     -7.96025407     -8.02000000     -8.02000000     -8.02000000     -8.02000000     -8.02000000     -8.02000000     -8.02000000     -8.02000000     -8.21251902     -8.21251902     -8.25476578     -8.25476578     -8.33450977     -8.33450977     -8.72643638     -8.72643638     -8.80618037     -8.80618037     -8.92817112     -8.92817112
      0.18592636      8.94380446      8.94380446      8.77631067      8.77631067      8.68093333      8.68093333      8.41775505      8.41775505      8.32237771      8.32237771      8.25026126      8.25026126      8.02000000      8.02000000      8.02000000      8.02000000      8.02000000      8.02000000      8.02000000      8.02000000      7.91801193      7.68775067      7.68775067      7.61563422      7.61563422      7.52025688      7.52025688      7.41093771      7.18067645      7.18067645      6.75000438      6.75000438      6.65462704      6.65462704      6.54604941      6.54604941      6.18749379      6.18749379      6.14168363      5.92462266      5.92462266      5.38537296      5.38537296      5.21787917      5.21787917      4.91749817      4.51974312      4.51974312      3.99369370      3.99369370      3.62224495      3.62224495      3.26368933      3.26368933      3.12250183      2.46156850      2.46156850      1.89831637      1.59593865      1.59593865      0.96131161      0.96131161      0.62906229      0.12198807     -0.12198807     -0.62906229     -0.96131161     -0.96131161     -1.59593865     -1.59593865     -1.89831637     -2.46156850     -2.46156850     -3.12250183     -3.26368933     -3.26368933     -3.62224495     -3.62224495     -3.99369370     -3.99369370     -4.51974312     -4.51974312     -4.91749817     -5.21787917     -5.21787917     -5.38537296     -5.38537296     -5.92462266     -5.92462266     -6.14168363     -6.18749379     -6.18749379     -6.54604941     -6.54604941     -6.65462704     -6.65462704     -6.75000438     -6.75000438     -7.18067645     -7.18067645     -7.41093771     -7.52025688     -7.52025688     -7.61563422     -7.61563422     -7.68775067     -7.68775067     -7.91801193     -8.02000000     -8.02000000     -8.02000000     -8.02000000     -8.02000000     -8.02000000     -8.02000000     -8.02000000     -8.25026126     -8.25026126     -8.32237771     -8.32237771     -8.41775505     -8.41775505     -8.68093333     -8.68093333     -8.77631067     -8.77631067     -8.94380446     -8.94380446
      0.19571196      8.95515871      8.95515871      8.73862791      8.73862791      8.63189633      8.63189633      8.49420364      8.49420364      8.38747205      8.38747205      8.27767284      8.27767284      8.02000000      8.02000000      8.02000000      8.02000000      8.02000000      8.02000000      8.02000000      8.02000000      7.86472046      7.60704762      7.60704762      7.51905234      7.49724841      7.49724841      7.39051682      7.39051682      7.26137950      7.26137950      6.90715601      6.90715601      6.80042443      6.80042443      6.48095507      6.48095507      6.23653080      6.23653080      5.95820348      5.91326842      5.91326842      5.23957557      5.23957557      5.12368681      5.02304477      5.02304477      4.64948318      4.64948318      4.18852810      4.18852810      3.54579636      3.54579636      3.30137209      3.30137209      2.91631319      2.30441686      2.30441686      2.08179652      1.71432447      1.71432447      0.93390004      0.93390004      0.52094766      0.17527954     -0.17527954     -0.52094766     -0.93390004     -0.93390004     -1.71432447     -1.71432447     -2.08179652     -2.30441686     -2.30441686     -2.91631319     -3.30137209     -3.30137209     -3.54579636     -3.54579636     -4.18852810     -4.18852810     -4.64948318     -4.64948318     -5.02304477     -5.02304477     -5.12368681     -5.23957557     -5.23957557     -5.91326842     -5.91326842     -5.95820348     -6.23653080     -6.23653080     -6.48095507     -6.48095507     -6.80042443     -6.80042443     -6.90715601     -6.90715601     -7.26137950     -7.26137950     -7.39051682     -7.39051682     -7.49724841     -7.49724841     -7.51905234     -7.60704762     -7.60704762     -7.86472046     -8.02000000     -8.02000000     -8.02000000     -8.02000000     -8.02000000     -8.02000000     -8.02000000     -8.02000000     -8.27767284     -8.27767284     -8.38747205     -8.38747205     -8.49420364     -8.49420364     -8.63189633     -8.63189633     -8.73862791     -8.73862791     -8.95515871     -8.95515871
      0.20549755      8.96220167      8.96220167      8.69323890      8.69323890      8.57946435      8.57946435      8.56363882      8.56363882      8.44986428      8.44986428      8.29467605      8.29467605      8.02000000      8.02000000      8.02000000      8.02000000      8.02000000      8.02000000      8.02000000      8.02000000      7.80053071      7.61724852      7.52585466      7.52585466      7.37066643      7.37066643      7.34257247      7.34257247      7.25689189      7.25689189      7.05778417      7.05778417      6.94400962      6.94400962      6.41856285      6.41856285      6.28896277      6.28896277      5.90622545      5.90622545      5.76922928      5.32674694      5.09599038      5.09599038      4.82702761      4.82702761      4.78310811      4.78310811      4.38454526      4.38454526      3.47636118      3.47636118      3.34676110      3.34676110      2.71325306      2.27077072      2.15378871      2.15378871      1.84090644      1.84090644      0.91689682      0.91689682      0.42275148      0.23946929     -0.23946929     -0.42275148     -0.91689682     -0.91689682     -1.84090644     -1.84090644     -2.15378871     -2.15378871     -2.27077072     -2.71325306     -3.34676110     -3.34676110     -3.47636118     -3.47636118     -4.38454526     -4.38454526     -4.78310811     -4.78310811     -4.82702761     -4.82702761     -5.09599038     -5.09599038     -5.32674694     -5.76922928     -5.90622545     -5.90622545     -6.28896277     -6.28896277     -6.41856285     -6.41856285     -6.94400962     -6.94400962     -7.05778417     -7.05778417     -7.25689189     -7.25689189     -7.34257247     -7.34257247     -7.37066643     -7.37066643     -7.52585466     -7.52585466     -7.61724852     -7.80053071     -8.02000000     -8.02000000     -8.02000000     -8.02000000     -8.02000000     -8.02000000     -8.02000000     -8.02000000     -8.29467605     -8.29467605     -8.44986428     -8.44986428     -8.56363882     -8.56363882     -8.57946435     -8.57946435     -8.69323890     -8.69323890     -8.96220167     -8.96220167
      0.21528315      8.96491339      8.96491339      8.64027231      8.64027231      8.62586379      8.62586379      8.52378605      8.52378605      8.50937753      8.50937753      8.30122271      8.30122271      8.02000000      8.02000000      8.02000000      8.02000000      8.02000000      8.02000000      8.02000000      8.02000000      7.72562463      7.70524791      7.44440192      7.44440192      7.42402520      7.42402520      7.23624711      7.23624711      7.20146187      7.20146187      7.11976084      7.11976084      7.08497560      7.08497560      6.35904960      6.35904960      6.34464108      6.34464108      5.90351374      5.90351374      5.57529670      5.52610294      4.95502440      4.95502440      4.92023916      4.92023916      4.63038332      4.63038332      4.58118956      4.58118956      3.41413621      3.41413621      3.39972769      3.39972769      2.51389706      2.46470330      2.01011101      2.01011101      1.97532577      1.97532577      0.91035017      0.91035017      0.33475209      0.31437537     -0.31437537     -0.33475209     -0.91035017     -0.91035017     -1.97532577     -1.97532577     -2.01011101     -2.01011101     -2.46470330     -2.51389706     -3.39972769     -3.39972769     -3.41413621     -3.41413621     -4.58118956     -4.58118956     -4.63038332     -4.63038332     -4.92023916     -4.92023916     -4.95502440     -4.95502440     -5.52610294     -5.57529670     -5.90351374     -5.90351374     -6.34464108     -6.34464108     -6.35904960     -6.35904960     -7.08497560     -7.08497560     -7.11976084     -7.11976084     -7.20146187     -7.20146187     -7.23624711     -7.23624711     -7.42402520     -7.42402520     -7.44440192     -7.44440192     -7.70524791     -7.72562463     -8.02000000     -8.02000000     -8.02000000     -8.02000000     -8.02000000     -8.02000000     -8.02000000     -8.02000000     -8.30122271     -8.30122271     -8.50937753     -8.50937753     -8.52378605     -8.52378605     -8.62586379     -8.62586379     -8.64027231     -8.64027231     -8.96491339     -8.96491339
      0.22506875      8.96328616      8.96328616      8.68070215      8.68070215      8.57987827      8.57987827      8.56584311      8.56584311      8.46501923      8.46501923      8.29729425      8.29729425      8.02000000      8.02000000      8.02000000      8.02000000      8.02000000      8.02000000      8.02000000      8.02000000      7.78280107      7.64021456      7.50550682      7.50550682      7.36292031      7.36292031      7.33778184      7.33778184      7.22292280      7.22292280      7.09437145      7.09437145      6.97951241      6.97951241      6.40340790      6.40340790      6.30258401      6.30258401      5.90514096      5.90514096      5.72118974      5.37695546      5.06048759      5.06048759      4.81707720      4.81707720      4.77790358      4.77790358      4.43366930      4.43366930      3.46012173      3.46012173      3.35929785      3.35929785      2.66304454      2.31881026      2.11720142      2.11720142      1.87379103      1.87379103      0.91427862      0.91427862      0.39978544      0.25719893     -0.25719893     -0.39978544     -0.91427862     -0.91427862     -1.87379103     -1.87379103     -2.11720142     -2.11720142     -2.31881026     -2.66304454     -3.35929785     -3.35929785     -3.46012173     -3.46012173     -4.43366930     -4.43366930     -4.77790358     -4.77790358     -4.81707720     -4.81707720     -5.06048759     -5.06048759     -5.37695546     -5.72118974     -5.90514096     -5.90514096     -6.30258401     -6.30258401     -6.40340790     -6.40340790     -6.97951241     -6.97951241     -7.09437145     -7.09437145     -7.22292280     -7.22292280     -7.33778184     -7.33778184     -7.36292031     -7.36292031     -7.50550682     -7.50550682     -7.64021456     -7.78280107     -8.02000000     -8.02000000     -8.02000000     -8.02000000     -8.02000000     -8.02000000     -8.02000000     -8.02000000     -8.29729425     -8.29729425     -8.46501923     -8.46501923     -8.56584311     -8.56584311     -8.57987827     -8.57987827     -8.68070215     -8.68070215     -8.96328616     -8.96328616
      0.23485435      8.95732462      8.95732462      8.72799846      8.72799846      8.61910097      8.61910097      8.51222797      8.51222797      8.40333047      8.40333047      8.28290181      8.28290181      8.02000000      8.02000000      8.02000000      8.02000000      8.02000000      8.02000000      8.02000000      8.02000000      7.84968815      7.58678634      7.58678634      7.54454260      7.46635768      7.46635768      7.35746018      7.35746018      7.28164078      7.28164078      6.94544163      6.94544163      6.83654413      6.83654413      6.46509665      6.46509665      6.24932616      6.24932616      5.91145433      5.91110250      5.91110250      5.20345587      5.20345587      5.17476779      4.97412971      4.97412971      4.68253982      4.68253982      4.23744317      4.23744317      3.52777203      3.52777203      3.31200154      3.31200154      2.86523221      2.26613124      2.26613124      2.12854567      1.74521520      1.74521520      0.92867106      0.92867106      0.49545740      0.19031185     -0.19031185     -0.49545740     -0.92867106     -0.92867106     -1.74521520     -1.74521520     -2.12854567     -2.26613124     -2.26613124     -2.86523221     -3.31200154     -3.31200154     -3.52777203     -3.52777203     -4.23744317     -4.23744317     -4.68253982     -4.68253982     -4.97412971     -4.97412971     -5.17476779     -5.20345587     -5.20345587     -5.91110250     -5.91110250     -5.91145433     -6.24932616     -6.24932616     -6.46509665     -6.46509665     -6.83654413     -6.83654413     -6.94544163     -6.94544163     -7.28164078     -7.28164078     -7.35746018     -7.35746018     -7.46635768     -7.46635768     -7.54454260     -7.58678634     -7.58678634     -7.84968815     -8.02000000     -8.02000000     -8.02000000     -8.02000000     -8.02000000     -8.02000000     -8.02000000     -8.02000000     -8.28290181     -8.28290181     -8.40333047     -8.40333047     -8.51222797     -8.51222797     -8.61910097     -8.61910097     -8.72799846     -8.72799846     -8.95732462     -8.95732462
      0.24463994      8.94704565      8.94704565      8.76761866      8.76761866      8.66900013      8.66900013      8.43751319      8.43751319      8.33889466      8.33889466      8.25808619      8.25808619      8.02000000      8.02000000      8.02000000      8.02000000      8.02000000      8.02000000      8.02000000      8.02000000      7.90571957      7.66763338      7.66763338      7.58682492      7.58682492      7.48820639      7.48820639      7.43887994      7.20079374      7.20079374      6.78987980      6.78987980      6.69126128      6.69126128      6.52953247      6.52953247      6.19942699      6.19942699      6.09635738      5.92138147      5.92138147      5.34873872      5.34873872      5.16931173      5.16931173      4.96930680      4.55179361      4.55179361      4.04226115      4.04226115      3.60248681      3.60248681      3.27238134      3.27238134      3.07069320      2.42169307      2.42169307      1.94364262      1.62474796      1.62474796      0.95348668      0.95348668      0.60112006      0.13428043     -0.13428043     -0.60112006     -0.95348668     -0.95348668     -1.62474796     -1.62474796     -1.94364262     -2.42169307     -2.42169307     -3.07069320     -3.27238134     -3.27238134     -3.60248681     -3.60248681     -4.04226115     -4.04226115     -4.55179361     -4.55179361     -4.96930680     -5.16931173     -5.16931173     -5.34873872     -5.34873872     -5.92138147     -5.92138147     -6.09635738     -6.19942699     -6.19942699     -6.52953247     -6.52953247     -6.69126128     -6.69126128     -6.78987980     -6.78987980     -7.20079374     -7.20079374     -7.43887994     -7.48820639     -7.48820639     -7.58682492     -7.58682492     -7.66763338     -7.66763338     -7.90571957     -8.02000000     -8.02000000     -8.02000000     -8.02000000     -8.02000000     -8.02000000     -8.02000000     -8.02000000     -8.25808619     -8.25808619     -8.33889466     -8.33889466     -8.43751319     -8.43751319     -8.66900013     -8.66900013     -8.76761866     -8.76761866     -8.94704565     -8.94704565
      0.25442554      8.93247840      8.93247840      8.79945043      8.79945043      8.71539916      8.71539916      8.35594570      8.35594570      8.27189442      8.27189442      8.22291773      8.22291773      8.02000000      8.02000000      8.02000000      8.02000000      8.02000000      8.02000000      8.02000000      8.02000000      7.95073650      7.74781877      7.74781877      7.69884208      7.69884208      7.61479080      7.61479080      7.32352609      7.12060836      7.12060836      6.62812693      6.62812693      6.59653270      6.59653270      6.54407565      6.54407565      6.27537478      6.15302797      6.15302797      5.93594872      5.93594872      5.49592435      5.49592435      5.36289638      5.36289638      4.76115490      4.42520920      4.42520920      3.84867650      3.84867650      3.68405430      3.68405430      3.27884510      3.24054957      3.24054957      2.58344595      2.58344595      1.76462522      1.51273080      1.51273080      0.98865515      0.98865515      0.71647391      0.08926350     -0.08926350     -0.71647391     -0.98865515     -0.98865515     -1.51273080     -1.51273080     -1.76462522     -2.58344595     -2.58344595     -3.24054957     -3.24054957     -3.27884510     -3.68405430     -3.68405430     -3.84867650     -3.84867650     -4.42520920     -4.42520920     -4.76115490     -5.36289638     -5.36289638     -5.49592435     -5.49592435     -5.93594872     -5.93594872     -6.15302797     -6.15302797     -6.27537478     -6.54407565     -6.54407565     -6.59653270     -6.59653270     -6.62812693     -6.62812693     -7.12060836     -7.12060836     -7.32352609     -7.61479080     -7.61479080     -7.69884208     -7.69884208     -7.74781877     -7.74781877     -7.95073650     -8.02000000     -8.02000000     -8.02000000     -8.02000000     -8.02000000     -8.02000000     -8.02000000     -8.02000000     -8.22291773     -8.22291773     -8.27189442     -8.27189442     -8.35594570     -8.35594570     -8.71539916     -8.71539916     -8.79945043     -8.79945043     -8.93247840     -8.93247840
      0.26421114      8.91366415      8.91366415      8.82340355      8.82340355      8.75816652      8.75816652      8.26775672      8.26775672      8.20251969      8.20251969      8.17749612      8.17749612      8.02000000      8.02000000      8.02000000      8.02000000      8.02000000      8.02000000      8.02000000      8.02000000      7.98461132      7.82711521      7.82711521      7.80209163      7.80209163      7.73685461      7.73685461      7.19880803      7.04131192      7.04131192      6.66590744      6.66590744      6.46064151      6.46064151      6.44799907      6.39540448      6.39540448      6.11026060      6.11026060      5.95476297      5.95476297      5.64459552      5.64459552      5.55433492      5.55433492      4.55090211      4.30314539      4.30314539      3.77224328      3.77224328      3.65723796      3.65723796      3.48909789      3.21659645      3.21659645      2.75093137      2.75093137      1.59200093      1.40948124      1.40948124      1.03407676      1.03407676      0.84119197      0.05538868     -0.05538868     -0.84119197     -1.03407676     -1.03407676     -1.40948124     -1.40948124     -1.59200093     -2.75093137     -2.75093137     -3.21659645     -3.21659645     -3.48909789     -3.65723796     -3.65723796     -3.77224328     -3.77224328     -4.30314539     -4.30314539     -4.55090211     -5.55433492     -5.55433492     -5.64459552     -5.64459552     -5.95476297     -5.95476297     -6.11026060     -6.11026060     -6.39540448     -6.39540448     -6.44799907     -6.46064151     -6.46064151     -6.66590744     -6.66590744     -7.04131192     -7.04131192     -7.19880803     -7.73685461     -7.73685461     -7.80209163     -7.80209163     -7.82711521     -7.82711521     -7.98461132     -8.02000000     -8.02000000     -8.02000000     -8.02000000     -8.02000000     -8.02000000     -8.02000000     -8.02000000     -8.17749612     -8.17749612     -8.20251969     -8.20251969     -8.26775672     -8.26775672     -8.75816652     -8.75816652     -8.82340355     -8.82340355     -8.91366415     -8.91366415
      0.27399674      8.89065624      8.89065624      8.83941012      8.83941012      8.79718100      8.79718100      8.17319623      8.17319623      8.13096711      8.13096711      8.12195010      8.12195010      8.02000000      8.02000000      8.02000000      8.02000000      8.02000000      8.02000000      8.02000000      8.02000000      8.00724803      7.90529792      7.90529792      7.89628092      7.89628092      7.85405180      7.85405180      7.06507930      6.96312920      6.96312920      6.73746002      6.73746002      6.61374093      6.28789830      6.28789830      6.24566919      6.24566919      6.07124612      6.07124612      5.97777088      5.97777088      5.79433081      5.79433081      5.74308469      5.74308469      4.33914442      4.18594820      4.18594820      3.86680377      3.86680377      3.70085558      3.46848818      3.46848818      3.20058988      3.20058988      2.92367457      2.92367457      1.42625907      1.31529196      1.31529196      1.08962277      1.08962277      0.97492070      0.03275197     -0.03275197     -0.97492070     -1.08962277     -1.08962277     -1.31529196     -1.31529196     -1.42625907     -2.92367457     -2.92367457     -3.20058988     -3.20058988     -3.46848818     -3.46848818     -3.70085558     -3.86680377     -3.86680377     -4.18594820     -4.18594820     -4.33914442     -5.74308469     -5.74308469     -5.79433081     -5.79433081     -5.97777088     -5.97777088     -6.07124612     -6.07124612     -6.24566919     -6.24566919     -6.28789830     -6.28789830     -6.61374093     -6.73746002     -6.73746002     -6.96312920     -6.96312920     -7.06507930     -7.85405180     -7.85405180     -7.89628092     -7.89628092     -7.90529792     -7.90529792     -8.00724803     -8.02000000     -8.02000000     -8.02000000     -8.02000000     -8.02000000     -8.02000000     -8.02000000     -8.02000000     -8.12195010     -8.12195010     -8.13096711     -8.13096711     -8.17319623     -8.17319623     -8.79718100     -8.79718100     -8.83941012     -8.83941012     -8.89065624     -8.89065624
      0.28378234      8.86351988      8.86351988      8.84742476      8.84742476      8.83233200      8.83233200      8.07253227      8.07253227      8.05743951      8.05743951      8.05643714      8.05643714      8.02000000      8.02000000      8.02000000      8.02000000      8.02000000      8.02000000      8.02000000      8.02000000      8.01858244      7.98214530      7.98214530      7.98114294      7.98114294      7.96605018      7.96605018      6.92271897      6.88628182      6.88628182      6.81098762      6.81098762      6.77213056      6.11038696      6.11038696      6.09529420      6.09529420      6.03609512      6.03609512      6.00490724      6.00490724      5.94470580      5.94470580      5.92861067      5.92861067      4.12648209      4.07394982      4.07394982      3.96746773      3.96746773      3.91351791      3.28296220      3.28296220      3.19257524      3.19257524      3.10118591      3.10118591      1.26786944      1.23042994      1.23042994      1.15513573      1.15513573      1.11728103      0.02141756     -0.02141756     -1.11728103     -1.15513573     -1.15513573     -1.23042994     -1.23042994     -1.26786944     -3.10118591     -3.10118591     -3.19257524     -3.19257524     -3.28296220     -3.28296220     -3.91351791     -3.96746773     -3.96746773     -4.07394982     -4.07394982     -4.12648209     -5.92861067     -5.92861067     -5.94470580     -5.94470580     -6.00490724     -6.00490724     -6.03609512     -6.03609512     -6.09529420     -6.09529420     -6.11038696     -6.11038696     -6.77213056     -6.81098762     -6.81098762     -6.88628182     -6.88628182     -6.92271897     -7.96605018     -7.96605018     -7.98114294     -7.98114294     -7.98214530     -7.98214530     -8.01858244     -8.02000000     -8.02000000     -8.02000000     -8.02000000     -8.02000000     -8.02000000     -8.02000000     -8.02000000     -8.05643714     -8.05643714     -8.05743951     -8.05743951     -8.07253227     -8.07253227     -8.83233200     -8.83233200     -8.84742476     -8.84742476     -8.86351988     -8.86351988
      0.29356793      8.86351988      8.86351988      8.84742476      8.84742476      8.83233200      8.83233200      8.07253227      8.07253227      8.05743951      8.05743951      8.05643714      8.05643714      8.02000000      8.02000000      8.02000000      8.02000000      8.02000000      8.02000000      8.02000000      8.02000000      8.01858244      7.98214530      7.98214530      7.98114294      7.98114294      7.96605018      7.96605018      6.92271897      6.88628182      6.88628182      6.81098762      6.81098762      6.77213056      6.11038696      6.11038696      6.09529420      6.09529420      6.03609512      6.03609512      6.00490724      6.00490724      5.94470580      5.94470580      5.92861067      5.92861067      4.12648209      4.07394982      4.07394982      3.96746773      3.96746773      3.91351791      3.28296220      3.28296220      3.19257524      3.19257524      3.10118591      3.10118591      1.26786944      1.23042994      1.23042994      1.15513573      1.15513573      1.11728103      0.02141756     -0.02141756     -1.11728103     -1.15513573     -1.15513573     -1.23042994     -1.23042994     -1.26786944     -3.10118591     -3.10118591     -3.19257524     -3.19257524     -3.28296220     -3.28296220     -3.91351791     -3.96746773     -3.96746773     -4.07394982     -4.07394982     -4.12648209     -5.92861067     -5.92861067     -5.94470580     -5.94470580     -6.00490724     -6.00490724     -6.03609512     -6.03609512     -6.09529420     -6.09529420     -6.11038696     -6.11038696     -6.77213056     -6.81098762     -6.81098762     -6.88628182     -6.88628182     -6.92271897     -7.96605018     -7.96605018     -7.98114294     -7.98114294     -7.98214530     -7.98214530     -8.01858244     -8.02000000     -8.02000000     -8.02000000     -8.02000000     -8.02000000     -8.02000000     -8.02000000     -8.02000000     -8.05643714     -8.05643714     -8.05743951     -8.05743951     -8.07253227     -8.07253227     -8.83233200     -8.83233200     -8.84742476     -8.84742476     -8.86351988     -8.86351988
      0.30335353      8.89065624      8.89065624      8.83941012      8.83941012      8.79718100      8.79718100      8.17319623      8.17319623      8.13096711      8.13096711      8.12195010      8.12195010      8.02000000      8.02000000      8.02000000      8.02000000      8.02000000      8.02000000      8.02000000      8.02000000      8.00724803      7.90529792      7.90529792      7.89628092      7.89628092      7.85405180      7.85405180      7.06507930      6.96312920      6.96312920      6.73746002      6.73746002      6.61374093      6.28789830      6.28789830      6.24566919      6.24566919      6.07124612      6.07124612      5.97777088      5.97777088      5.79433081      5.79433081      5.74308469      5.74308469      4.33914442      4.18594820      4.18594820      3.86680377      3.86680377      3.70085558      3.46848818      3.46848818      3.20058988      3.20058988      2.92367457      2.92367457      1.42625907      1.31529196      1.31529196      1.08962277      1.08962277      0.97492070      0.03275197     -0.03275197     -0.97492070     -1.08962277     -1.08962277     -1.31529196     -1.31529196     -1.42625907     -2.92367457     -2.92367457     -3.20058988     -3.20058988     -3.46848818     -3.46848818     -3.70085558     -3.86680377     -3.86680377     -4.18594820     -4.18594820     -4.33914442     -5.74308469     -5.74308469     -5.79433081     -5.79433081     -5.97777088     -5.97777088     -6.07124612     -6.07124612     -6.24566919     -6.24566919     -6.28789830     -6.28789830     -6.61374093     -6.73746002     -6.73746002     -6.96312920     -6.96312920     -7.06507930     -7.85405180     -7.85405180     -7.89628092     -7.89628092     -7.90529792     -7.90529792     -8.00724803     -8.02000000     -8.02000000     -8.02000000     -8.02000000     -8.02000000     -8.02000000     -8.02000000     -8.02000000     -8.12195010     -8.12195010     -8.13096711     -8.13096711     -8.17319623     -8.17319623     -8.79718100     -8.79718100     -8.83941012     -8.83941012     -8.89065624     -8.89065624
      0.31313913      8.91366415      8.91366415      8.82340355      8.82340355      8.75816652      8.75816652      8.26775672      8.26775672      8.20251969      8.20251969      8.17749612      8.17749612      8.02000000      8.02000000      8.02000000      8.02000000      8.02000000      8.02000000      8.02000000      8.02000000      7.98461132      7.82711521      7.82711521      7.80209163      7.80209163      7.73685461      7.73685461      7.19880803      7.04131192      7.04131192      6.66590744      6.66590744      6.46064151      6.46064151      6.44799907      6.39540448      6.39540448      6.11026060      6.11026060      5.95476297      5.95476297      5.64459552      5.64459552      5.55433492      5.55433492      4.55090211      4.30314539      4.30314539      3.77224328      3.77224328      3.65723796      3.65723796      3.48909789      3.21659645      3.21659645      2.75093137      2.75093137      1.59200093      1.40948124      1.40948124      1.03407676      1.03407676      0.84119197      0.05538868     -0.05538868     -0.84119197     -1.03407676     -1.03407676     -1.40948124     -1.40948124     -1.59200093     -2.75093137     -2.75093137     -3.21659645     -3.21659645     -3.48909789     -3.65723796     -3.65723796     -3.77224328     -3.77224328     -4.30314539     -4.30314539     -4.55090211     -5.55433492     -5.55433492     -5.64459552     -5.64459552     -5.95476297     -5.95476297     -6.11026060     -6.11026060     -6.39540448     -6.39540448     -6.44799907     -6.46064151     -6.46064151     -6.66590744     -6.66590744     -7.04131192     -7.04131192     -7.19880803     -7.73685461     -7.73685461     -7.80209163     -7.80209163     -7.82711521     -7.82711521     -7.98461132     -8.02000000     -8.02000000     -8.02000000     -8.02000000     -8.02000000     -8.02000000     -8.02000000     -8.02000000     -8.17749612     -8.17749612     -8.20251969     -8.20251969     -8.26775672     -8.26775672     -8.75816652     -8.75816652     -8.82340355     -8.82340355     -8.91366415     -8.91366415
      0.32292473      8.93247840      8.93247840      8.79945043      8.79945043      8.71539916      8.71539916      8.35594570      8.35594570      8.27189442      8.27189442      8.22291773      8.22291773      8.02000000      8.02000000      8.02000000      8.02000000      8.02000000      8.02000000      8.02000000      8.02000000      7.95073650      7.74781877      7.74781877      7.69884208      7.69884208      7.61479080      7.61479080      7.32352609      7.12060836      7.12060836      6.62812693      6.62812693      6.59653270      6.59653270      6.54407565      6.54407565      6.27537478      6.15302797      6.15302797      5.93594872      5.93594872      5.49592435      5.49592435      5.36289638      5.36289638      4.76115490      4.42520920      4.42520920      3.84867650      3.84867650      3.68405430      3.68405430      3.27884510      3.24054957      3.24054957      2.58344595      2.58344595      1.76462522      1.51273080      1.51273080      0.98865515      0.98865515      0.71647391      0.08926350     -0.08926350     -0.71647391     -0.98865515     -0.98865515     -1.51273080     -1.51273080     -1.76462522     -2.58344595     -2.58344595     -3.24054957     -3.24054957     -3.27884510     -3.68405430     -3.68405430     -3.84867650     -3.84867650     -4.42520920     -4.42520920     -4.76115490     -5.36289638     -5.36289638     -5.49592435     -5.49592435     -5.93594872     -5.93594872     -6.15302797     -6.15302797     -6.27537478     -6.54407565     -6.54407565     -6.59653270     -6.59653270     -6.62812693     -6.62812693     -7.12060836     -7.12060836     -7.32352609     -7.61479080     -7.61479080     -7.69884208     -7.69884208     -7.74781877     -7.74781877     -7.95073650     -8.02000000     -8.02000000     -8.02000000     -8.02000000     -8.02000000     -8.02000000     -8.02000000     -8.02000000     -8.22291773     -8.22291773     -8.27189442     -8.27189442     -8.35594570     -8.35594570     -8.71539916     -8.71539916     -8.79945043     -8.79945043     -8.93247840     -8.93247840
      0.33271032      8.94704565      8.94704565      8.76761866      8.76761866      8.66900013      8.66900013      8.43751319      8.43751319      8.33889466      8.33889466      8.25808619      8.25808619      8.02000000      8.02000000      8.02000000      8.02000000      8.02000000      8.02000000      8.02000000      8.02000000      7.90571957      7.66763338      7.66763338      7.58682492      7.58682492      7.48820639      7.48820639      7.43887994      7.20079374      7.20079374      6.78987980      6.78987980      6.69126128      6.69126128      6.52953247      6.52953247      6.19942699      6.19942699      6.09635738      5.92138147      5.92138147      5.34873872      5.34873872      5.16931173      5.16931173      4.96930680      4.55179361      4.55179361      4.04226115      4.04226115      3.60248681      3.60248681      3.27238134      3.27238134      3.07069320      2.42169307      2.42169307      1.94364262      1.62474796      1.62474796      0.95348668      0.95348668      0.60112006      0.13428043     -0.13428043     -0.60112006     -0.95348668     -0.95348668     -1.62474796     -1.62474796     -1.94364262     -2.42169307     -2.42169307     -3.07069320     -3.27238134     -3.27238134     -3.60248681     -3.60248681     -4.04226115     -4.04226115     -4.55179361     -4.55179361     -4.96930680     -5.16931173     -5.16931173     -5.34873872     -5.34873872     -5.92138147     -5.92138147     -6.09635738     -6.19942699     -6.19942699     -6.52953247     -6.52953247     -6.69126128     -6.69126128     -6.78987980     -6.78987980     -7.20079374     -7.20079374     -7.43887994     -7.48820639     -7.48820639     -7.58682492     -7.58682492     -7.66763338     -7.66763338     -7.90571957     -8.02000000     -8.02000000     -8.02000000     -8.02000000     -8.02000000     -8.02000000     -8.02000000     -8.02000000     -8.25808619     -8.25808619     -8.33889466     -8.33889466     -8.43751319     -8.43751319     -8.66900013     -8.66900013     -8.76761866     -8.76761866     -8.94704565     -8.94704565
      0.34249592      8.95732462      8.95732462      8.72799846      8.72799846      8.61910097      8.61910097      8.51222797      8.51222797      8.40333047      8.40333047      8.28290181      8.28290181      8.02000000      8.02000000      8.02000000      8.02000000      8.02000000      8.02000000      8.02000000      8.02000000      7.84968815      7.58678634      7.58678634      7.54454260      7.46635768      7.46635768      7.35746018      7.35746018      7.28164078      7.28164078      6.94544163      6.94544163      6.83654413      6.83654413      6.46509665      6.46509665      6.24932616      6.24932616      5.91145433      5.91110250      5.91110250      5.20345587      5.20345587      5.17476779      4.97412971      4.97412971      4.68253982      4.68253982      4.23744317      4.23744317      3.52777203      3.52777203      3.31200154      3.31200154      2.86523221      2.26613124      2.26613124      2.12854567      1.74521520      1.74521520      0.92867106      0.92867106      0.49545740      0.19031185     -0.19031185     -0.49545740     -0.92867106     -0.92867106     -1.74521520     -1.74521520     -2.12854567     -2.26613124     -2.26613124     -2.86523221     -3.31200154     -3.31200154     -3.52777203     -3.52777203     -4.23744317     -4.23744317     -4.68253982     -4.68253982     -4.97412971     -4.97412971     -5.17476779     -5.20345587     -5.20345587     -5.91110250     -5.91110250     -5.91145433     -6.24932616     -6.24932616     -6.46509665     -6.46509665     -6.83654413     -6.83654413     -6.94544163     -6.94544163     -7.28164078     -7.28164078     -7.35746018     -7.35746018     -7.46635768     -7.46635768     -7.54454260     -7.58678634     -7.58678634     -7.84968815     -8.02000000     -8.02000000     -8.02000000     -8.02000000     -8.02000000     -8.02000000     -8.02000000     -8.02000000     -8.28290181     -8.28290181     -8.40333047     -8.40333047     -8.51222797     -8.51222797     -8.61910097     -8.61910097     -8.72799846     -8.72799846     -8.95732462     -8.95732462
      0.35228152      8.96328616      8.96328616      8.68070215      8.68070215      8.57987827      8.57987827      8.56584311      8.56584311      8.46501923      8.46501923      8.29729425      8.29729425      8.02000000      8.02000000      8.02000000      8.02000000      8.02000000      8.02000000      8.02000000      8.02000000      7.78280107      7.64021456      7.50550682      7.50550682      7.36292031      7.36292031      7.33778184      7.33778184      7.22292280      7.22292280      7.09437145      7.09437145      6.97951241      6.97951241      6.40340790      6.40340790      6.30258401      6.30258401      5.90514096      5.90514096      5.72118974      5.37695546      5.06048759      5.06048759      4.81707720      4.81707720      4.77790358      4.77790358      4.43366930      4.43366930      3.46012173      3.46012173      3.35929785      3.35929785      2.66304454      2.31881026      2.11720142      2.11720142      1.87379103      1.87379103      0.91427862      0.91427862      0.39978544      0.25719893     -0.25719893     -0.39978544     -0.91427862     -0.91427862     -1.87379103     -1.87379103     -2.11720142     -2.11720142     -2.31881026     -2.66304454     -3.35929785     -3.35929785     -3.46012173     -3.46012173     -4.43366930     -4.43366930     -4.77790358     -4.77790358     -4.81707720     -4.81707720     -5.06048759     -5.06048759     -5.37695546     -5.72118974     -5.90514096     -5.90514096     -6.30258401     -6.30258401     -6.40340790     -6.40340790     -6.97951241     -6.97951241     -7.09437145     -7.09437145     -7.22292280     -7.22292280     -7.33778184     -7.33778184     -7.36292031     -7.36292031     -7.50550682     -7.50550682     -7.64021456     -7.78280107     -8.02000000     -8.02000000     -8.02000000     -8.02000000     -8.02000000     -8.02000000     -8.02000000     -8.02000000     -8.29729425     -8.29729425     -8.46501923     -8.46501923     -8.56584311     -8.56584311     -8.57987827     -8.57987827     -8.68070215     -8.68070215     -8.96328616     -8.96328616
      0.36206712      8.96491339      8.96491339      8.64027231      8.64027231      8.62586379      8.62586379      8.52378605      8.52378605      8.50937753      8.50937753      8.30122271      8.30122271      8.02000000      8.02000000      8.02000000      8.02000000      8.02000000      8.02000000      8.02000000      8.02000000      7.72562463      7.70524791      7.44440192      7.44440192      7.42402520      7.42402520      7.23624711      7.23624711      7.20146187      7.20146187      7.11976084      7.11976084      7.08497560      7.08497560      6.35904960      6.35904960      6.34464108      6.34464108      5.90351374      5.90351374      5.57529670      5.52610294      4.95502440      4.95502440      4.92023916      4.92023916      4.63038332      4.63038332      4.58118956      4.58118956      3.41413621      3.41413621      3.39972769      3.39972769      2.51389706      2.46470330      2.01011101      2.01011101      1.97532577      1.97532577      0.91035017      0.91035017      0.33475209      0.31437537     -0.31437537     -0.33475209     -0.91035017     -0.91035017     -1.97532577     -1.97532577     -2.01011101     -2.01011101     -2.46470330     -2.51389706     -3.39972769     -3.39972769     -3.41413621     -3.41413621     -4.58118956     -4.58118956     -4.63038332     -4.63038332     -4.92023916     -4.92023916     -4.95502440     -4.95502440     -5.52610294     -5.57529670     -5.90351374     -5.90351374     -6.34464108     -6.34464108     -6.35904960     -6.35904960     -7.08497560     -7.08497560     -7.11976084     -7.11976084     -7.20146187     -7.20146187     -7.23624711     -7.23624711     -7.42402520     -7.42402520     -7.44440192     -7.44440192     -7.70524791     -7.72562463     -8.02000000     -8.02000000     -8.02000000     -8.02000000     -8.02000000     -8.02000000     -8.02000000     -8.02000000     -8.30122271     -8.30122271     -8.50937753     -8.50937753     -8.52378605     -8.52378605     -8.62586379     -8.62586379     -8.64027231     -8.64027231     -8.96491339     -8.96491339
      0.37185272      8.96220167      8.96220167      8.69323890      8.69323890      8.57946435      8.57946435      8.56363882      8.56363882      8.44986428      8.44986428      8.29467605      8.29467605      8.02000000      8.02000000      8.02000000      8.02000000      8.02000000      8.02000000      8.02000000      8.02000000      7.80053071      7.61724852      7.52585466      7.52585466      7.37066643      7.37066643      7.34257247      7.34257247      7.25689189      7.25689189      7.05778417      7.05778417      6.94400962      6.94400962      6.41856285      6.41856285      6.28896277      6.28896277      5.90622545      5.90622545      5.76922928      5.32674694      5.09599038      5.09599038      4.82702761      4.82702761      4.78310811      4.78310811      4.38454526      4.38454526      3.47636118      3.47636118      3.34676110      3.34676110      2.71325306      2.27077072      2.15378871      2.15378871      1.84090644      1.84090644      0.91689682      0.91689682      0.42275148      0.23946929     -0.23946929     -0.42275148     -0.91689682     -0.91689682     -1.84090644     -1.84090644     -2.15378871     -2.15378871     -2.27077072     -2.71325306     -3.34676110     -3.34676110     -3.47636118     -3.47636118     -4.38454526     -4.38454526     -4.78310811     -4.78310811     -4.82702761     -4.82702761     -5.09599038     -5.09599038     -5.32674694     -5.76922928     -5.90622545     -5.90622545     -6.28896277     -6.28896277     -6.41856285     -6.41856285     -6.94400962     -6.94400962     -7.05778417     -7.05778417     -7.25689189     -7.25689189     -7.34257247     -7.34257247     -7.37066643     -7.37066643     -7.52585466     -7.52585466     -7.61724852     -7.80053071     -8.02000000     -8.02000000     -8.02000000     -8.02000000     -8.02000000     -8.02000000     -8.02000000     -8.02000000     -8.29467605     -8.29467605     -8.44986428     -8.44986428     -8.56363882     -8.56363882     -8.57946435     -8.57946435     -8.69323890     -8.69323890     -8.96220167     -8.96220167
      0.38163831      8.95515871      8.95515871      8.73862791      8.73862791      8.63189633      8.63189633      8.49420364      8.49420364      8.38747205      8.38747205      8.27767284      8.27767284      8.02000000      8.02000000      8.02000000      8.02000000      8.02000000      8.02000000      8.02000000      8.02000000      7.86472046      7.60704762      7.60704762      7.51905234      7.49724841      7.49724841      7.39051682      7.39051682      7.26137950      7.26137950      6.90715601      6.90715601      6.80042443      6.80042443      6.48095507      6.48095507      6.23653080      6.23653080      5.95820348      5.91326842      5.91326842      5.23957557      5.23957557      5.12368681      5.02304477      5.02304477      4.64948318      4.64948318      4.18852810      4.18852810      3.54579636      3.54579636      3.30137209      3.30137209      2.91631319      2.30441686      2.30441686      2.08179652      1.71432447      1.71432447      0.93390004      0.93390004      0.52094766      0.17527954     -0.17527954     -0.52094766     -0.93390004     -0.93390004     -1.71432447     -1.71432447     -2.08179652     -2.30441686     -2.30441686     -2.91631319     -3.30137209     -3.30137209     -3.54579636     -3.54579636     -4.18852810     -4.18852810     -4.64948318     -4.64948318     -5.02304477     -5.02304477     -5.12368681     -5.23957557     -5.23957557     -5.91326842     -5.91326842     -5.95820348     -6.23653080     -6.23653080     -6.48095507     -6.48095507     -6.80042443     -6.80042443     -6.90715601     -6.90715601     -7.26137950     -7.26137950     -7.39051682     -7.39051682     -7.49724841     -7.49724841     -7.51905234     -7.60704762     -7.60704762     -7.86472046     -8.02000000     -8.02000000     -8.02000000     -8.02000000     -8.02000000     -8.02000000     -8.02000000     -8.02000000     -8.27767284     -8.27767284     -8.38747205     -8.38747205     -8.49420364     -8.49420364     -8.63189633     -8.63189633     -8.73862791     -8.73862791     -8.95515871     -8.95515871
      0.39142391      8.94380446      8.94380446      8.77631067      8.77631067      8.68093333      8.68093333      8.41775505      8.41775505      8.32237771      8.32237771      8.25026126      8.25026126      8.02000000      8.02000000      8.02000000      8.02000000      8.02000000      8.02000000      8.02000000      8.02000000      7.91801193      7.68775067      7.68775067      7.61563422      7.61563422      7.52025688      7.52025688      7.41093771      7.18067645      7.18067645      6.75000438      6.75000438      6.65462704      6.65462704      6.54604941      6.54604941      6.18749379      6.18749379      6.14168363      5.92462266      5.92462266      5.38537296      5.38537296      5.21787917      5.21787917      4.91749817      4.51974312      4.51974312      3.99369370      3.99369370      3.62224495      3.62224495      3.26368933      3.26368933      3.12250183      2.46156850      2.46156850      1.89831637      1.59593865      1.59593865      0.96131161      0.96131161      0.62906229      0.12198807     -0.12198807     -0.62906229     -0.96131161     -0.96131161     -1.59593865     -1.59593865     -1.89831637     -2.46156850     -2.46156850     -3.12250183     -3.26368933     -3.26368933     -3.62224495     -3.62224495     -3.99369370     -3.99369370     -4.51974312     -4.51974312     -4.91749817     -5.21787917     -5.21787917     -5.38537296     -5.38537296     -5.92462266     -5.92462266     -6.14168363     -6.18749379     -6.18749379     -6.54604941     -6.54604941     -6.65462704     -6.65462704     -6.75000438     -6.75000438     -7.18067645     -7.18067645     -7.41093771     -7.52025688     -7.52025688     -7.61563422     -7.61563422     -7.68775067     -7.68775067     -7.91801193     -8.02000000     -8.02000000     -8.02000000     -8.02000000     -8.02000000     -8.02000000     -8.02000000     -8.02000000     -8.25026126     -8.25026126     -8.32237771     -8.32237771     -8.41775505     -8.41775505     -8.68093333     -8.68093333     -8.77631067     -8.77631067     -8.94380446     -8.94380446
      0.40120951      8.92817112      8.92817112      8.80618037      8.80618037      8.72643638      8.72643638      8.33450977      8.33450977      8.25476578      8.25476578      8.21251902      8.21251902      8.02000000      8.02000000      8.02000000      8.02000000      8.02000000      8.02000000      8.02000000      8.02000000      7.96025407      7.76773505      7.76773505      7.72548829      7.72548829      7.64574430      7.64574430      7.29321110      7.10069208      7.10069208      6.61366135      6.61366135      6.58677472      6.58677472      6.50703073      6.50703073      6.31914964      6.14199074      6.14199074      5.94025601      5.94025601      5.53296927      5.53296927      5.41097853      5.41097853      4.70876547      4.39425570      4.39425570      3.80059435      3.80059435      3.70549023      3.70549023      3.33123453      3.23381963      3.23381963      2.62479815      2.62479815      1.72085036      1.48608458      1.48608458      0.99905385      0.99905385      0.74678890      0.07974593     -0.07974593     -0.74678890     -0.99905385     -0.99905385     -1.48608458     -1.48608458     -1.72085036     -2.62479815     -2.62479815     -3.23381963     -3.23381963     -3.33123453     -3.70549023     -3.70549023     -3.80059435     -3.80059435     -4.39425570     -4.39425570     -4.70876547     -5.41097853     -5.41097853     -5.53296927     -5.53296927     -5.94025601     -5.94025601     -6.14199074     -6.14199074     -6.31914964     -6.50703073     -6.50703073     -6.58677472     -6.58677472     -6.61366135     -6.61366135     -7.10069208     -7.10069208     -7.29321110     -7.64574430     -7.64574430     -7.72548829     -7.72548829     -7.76773505     -7.76773505     -7.96025407     -8.02000000     -8.02000000     -8.02000000     -8.02000000     -8.02000000     -8.02000000     -8.02000000     -8.02000000     -8.21251902     -8.21251902     -8.25476578     -8.25476578     -8.33450977     -8.33450977     -8.72643638     -8.72643638     -8.80618037     -8.80618037     -8.92817112     -8.92817112
      0.41099511      8.90830298      8.90830298      8.82815234      8.82815234      8.76827648      8.76827648      8.24470376      8.24470376      8.18482790      8.18482790      8.16455311      8.16455311      8.02000000      8.02000000      8.02000000      8.02000000      8.02000000      8.02000000      8.02000000      8.02000000      7.99132713      7.84677401      7.84677401      7.82649923      7.82649923      7.76662337      7.76662337      7.16620622      7.02165311      7.02165311      6.68359923      6.68359923      6.49009846      6.41792974      6.41792974      6.35805388      6.35805388      6.10015064      6.10015064      5.96012414      5.96012414      5.68194612      5.68194612      5.60179548      5.60179548      4.49808038      4.27337663      4.27337663      3.79529624      3.79529624      3.60977740      3.60977740      3.54191962      3.21184766      3.21184766      2.79364313      2.79364313      1.54990154      1.38507364      1.38507364      1.04701976      1.04701976      0.87379378      0.04867287     -0.04867287     -0.87379378     -1.04701976     -1.04701976     -1.38507364     -1.38507364     -1.54990154     -2.79364313     -2.79364313     -3.21184766     -3.21184766     -3.54191962     -3.60977740     -3.60977740     -3.79529624     -3.79529624     -4.27337663     -4.27337663     -4.49808038     -5.60179548     -5.60179548     -5.68194612     -5.68194612     -5.96012414     -5.96012414     -6.10015064     -6.10015064     -6.35805388     -6.35805388     -6.41792974     -6.41792974     -6.49009846     -6.68359923     -6.68359923     -7.02165311     -7.02165311     -7.16620622     -7.76662337     -7.76662337     -7.82649923     -7.82649923     -7.84677401     -7.84677401     -7.99132713     -8.02000000     -8.02000000     -8.02000000     -8.02000000     -8.02000000     -8.02000000     -8.02000000     -8.02000000     -8.16455311     -8.16455311     -8.18482790     -8.18482790     -8.24470376     -8.24470376     -8.76827648     -8.76827648     -8.82815234     -8.82815234     -8.90830298     -8.90830298
      0.42078070      8.88425639      8.88425639      8.84216430      8.84216430      8.80633504      8.80633504      8.14859158      8.14859158      8.11276232      8.11276232      8.10649949      8.10649949      8.02000000      8.02000000      8.02000000      8.02000000      8.02000000      8.02000000      8.02000000      8.02000000      8.01114303      7.92464354      7.92464354      7.91838071      7.91838071      7.88255145      7.88255145      7.03028308      6.94378359      6.94378359      6.75566481      6.75566481      6.65404552      6.24394804      6.24394804      6.20811878      6.20811878      6.06209209      6.06209209      5.98417074      5.98417074      5.83188122      5.83188122      5.78978913      5.78978913      4.28604013      4.15744855      4.15744855      3.89140842      3.89140842      3.75395987      3.42178375      3.42178375      3.19783570      3.19783570      2.96762483      2.96762483      1.38595448      1.29319217      1.29319217      1.10507339      1.10507339      1.00971692      0.02885697     -0.02885697     -1.00971692     -1.10507339     -1.10507339     -1.29319217     -1.29319217     -1.38595448     -2.96762483     -2.96762483     -3.19783570     -3.19783570     -3.42178375     -3.42178375     -3.75395987     -3.89140842     -3.89140842     -4.15744855     -4.15744855     -4.28604013     -5.78978913     -5.78978913     -5.83188122     -5.83188122     -5.98417074     -5.98417074     -6.06209209     -6.06209209     -6.20811878     -6.20811878     -6.24394804     -6.24394804     -6.65404552     -6.75566481     -6.75566481     -6.94378359     -6.94378359     -7.03028308     -7.88255145     -7.88255145     -7.91838071     -7.91838071     -7.92464354     -7.92464354     -8.01114303     -8.02000000     -8.02000000     -8.02000000     -8.02000000     -8.02000000     -8.02000000     -8.02000000     -8.02000000     -8.10649949     -8.10649949     -8.11276232     -8.11276232     -8.14859158     -8.14859158     -8.80633504     -8.80633504     -8.84216430     -8.84216430     -8.88425639     -8.88425639
      0.43056630      8.85609948      8.85609948      8.84817652      8.84817652      8.84050416      8.84050416      8.04644568      8.04644568      8.03877332      8.03877332      8.03852272      8.03852272      8.02000000      8.02000000      8.02000000      8.02000000      8.02000000      8.02000000      8.02000000      8.02000000      8.01964560      8.00112288      8.00112288      8.00087228      8.00087228      7.99319992      7.99319992      6.88582696      6.86730425      6.86730425      6.82965381      6.82965381      6.81052608      6.06532280      6.06532280      6.05765044      6.05765044      6.02792296      6.02792296      6.01232764      6.01232764      5.98234956      5.98234956      5.97442660      5.97442660      4.07324576      4.04680008      4.04680008      3.99355432      3.99355432      3.96675424      3.23714628      3.23714628      3.19182348      3.19182348      3.14625008      3.14625008      1.22947392      1.21070060      1.21070060      1.17305016      1.17305016      1.15417304      0.02035440     -0.02035440     -1.15417304     -1.17305016     -1.17305016     -1.21070060     -1.21070060     -1.22947392     -3.14625008     -3.14625008     -3.19182348     -3.19182348     -3.23714628     -3.23714628     -3.96675424     -3.99355432     -3.99355432     -4.04680008     -4.04680008     -4.07324576     -5.97442660     -5.97442660     -5.98234956     -5.98234956     -6.01232764     -6.01232764     -6.02792296     -6.02792296     -6.05765044     -6.05765044     -6.06532280     -6.06532280     -6.81052608     -6.82965381     -6.82965381     -6.86730425     -6.86730425     -6.88582696     -7.99319992     -7.99319992     -8.00087228     -8.00087228     -8.00112288     -8.00112288     -8.01964560     -8.02000000     -8.02000000     -8.02000000     -8.02000000     -8.02000000     -8.02000000     -8.02000000     -8.02000000     -8.03852272     -8.03852272     -8.03877332     -8.03877332     -8.04644568     -8.04644568     -8.84050416     -8.84050416     -8.84817652     -8.84817652     -8.85609948     -8.85609948
      0.44035190      8.87068701      8.87068701      8.84617197      8.84617197      8.82391209      8.82391209      8.09825514      8.09825514      8.07599526      8.07599526      8.07374011      8.07374011      8.02000000      8.02000000      8.02000000      8.02000000      8.02000000      8.02000000      8.02000000      8.02000000      8.01681074      7.96307063      7.96307063      7.96081548      7.96081548      7.93855560      7.93855560      6.95909660      6.90535650      6.90535650      6.79243187      6.79243187      6.73324735      6.15518451      6.15518451      6.13292463      6.13292463      6.04451503      6.04451503      5.99774012      5.99774012      5.90707537      5.90707537      5.88256034      5.88256034      4.17969954      4.10144440      4.10144440      3.94174486      3.94174486      3.86030046      3.32901254      3.32901254      3.19382803      3.19382803      3.05638836      3.05638836      1.30675265      1.25075740      1.25075740      1.13783277      1.13783277      1.08090340      0.02318926     -0.02318926     -1.08090340     -1.13783277     -1.13783277     -1.25075740     -1.25075740     -1.30675265     -3.05638836     -3.05638836     -3.19382803     -3.19382803     -3.32901254     -3.32901254     -3.86030046     -3.94174486     -3.94174486     -4.10144440     -4.10144440     -4.17969954     -5.88256034     -5.88256034     -5.90707537     -5.90707537     -5.99774012     -5.99774012     -6.04451503     -6.04451503     -6.13292463     -6.13292463     -6.15518451     -6.15518451     -6.73324735     -6.79243187     -6.79243187     -6.90535650     -6.90535650     -6.95909660     -7.93855560     -7.93855560     -7.96081548     -7.96081548     -7.96307063     -7.96307063     -8.01681074     -8.02000000     -8.02000000     -8.02000000     -8.02000000     -8.02000000     -8.02000000     -8.02000000     -8.02000000     -8.07374011     -8.07374011     -8.07599526     -8.07599526     -8.09825514     -8.09825514     -8.82391209     -8.82391209     -8.84617197     -8.84617197     -8.87068701     -8.87068701
      0.45013750      8.89679801      8.89679801      8.83615633      8.83615633      8.78778545      8.78778545      8.19741932      8.19741932      8.14904844      8.14904844      8.13677765      8.13677765      8.02000000      8.02000000      8.02000000      8.02000000      8.02000000      8.02000000      8.02000000      8.02000000      8.00264648      7.88586884      7.88586884      7.87359805      7.87359805      7.82522716      7.82522716      7.09933593      6.98255829      6.98255829      6.71937869      6.71937869      6.57297673      6.33155048      6.33155048      6.28317960      6.28317960      6.08064168      6.08064168      5.97162912      5.97162912      5.75682040      5.75682040      5.69617873      5.69617873      4.39219216      4.21477284      4.21477284      3.84258068      3.84258068      3.64780784      3.51539415      3.51539415      3.20384367      3.20384367      2.88002239      2.88002239      1.46702327      1.33797483      1.33797483      1.07479523      1.07479523      0.94066407      0.03735352     -0.03735352     -0.94066407     -1.07479523     -1.07479523     -1.33797483     -1.33797483     -1.46702327     -2.88002239     -2.88002239     -3.20384367     -3.20384367     -3.51539415     -3.51539415     -3.64780784     -3.84258068     -3.84258068     -4.21477284     -4.21477284     -4.39219216     -5.69617873     -5.69617873     -5.75682040     -5.75682040     -5.97162912     -5.97162912     -6.08064168     -6.08064168     -6.28317960     -6.28317960     -6.33155048     -6.33155048     -6.57297673     -6.71937869     -6.71937869     -6.98255829     -6.98255829     -7.09933593     -7.82522716     -7.82522716     -7.87359805     -7.87359805     -7.88586884     -7.88586884     -8.00264648     -8.02000000     -8.02000000     -8.02000000     -8.02000000     -8.02000000     -8.02000000     -8.02000000     -8.02000000     -8.13677765     -8.13677765     -8.14904844     -8.14904844     -8.19741932     -8.19741932     -8.78778545     -8.78778545     -8.83615633     -8.83615633     -8.89679801     -8.89679801
      0.45992310      8.91876316      8.91876316      8.81815799      8.81815799      8.74782196      8.74782196      8.29041137      8.29041137      8.22007534      8.22007534      8.18980621      8.18980621      8.02000000      8.02000000      8.02000000      8.02000000      8.02000000      8.02000000      8.02000000      8.02000000      7.97719298      7.80738678      7.80738678      7.77711765      7.77711765      7.70678161      7.70678161      7.23084655      7.06104035      7.06104035      6.64835179      6.64835179      6.50302459      6.50302459      6.43268856      6.43268856      6.40546943      6.12060516      6.12060516      5.94966397      5.94966397      5.60731144      5.60731144      5.50670628      5.50670628      4.60362976      4.33321839      4.33321839      3.74958863      3.74958863      3.70486660      3.70486660      3.43637024      3.22184201      3.22184201      2.70854828      2.70854828      1.63453057      1.43445523      1.43445523      1.02176667      1.02176667      0.80915345      0.06280702     -0.06280702     -0.80915345     -1.02176667     -1.02176667     -1.43445523     -1.43445523     -1.63453057     -2.70854828     -2.70854828     -3.22184201     -3.22184201     -3.43637024     -3.70486660     -3.70486660     -3.74958863     -3.74958863     -4.33321839     -4.33321839     -4.60362976     -5.50670628     -5.50670628     -5.60731144     -5.60731144     -5.94966397     -5.94966397     -6.12060516     -6.12060516     -6.40546943     -6.43268856     -6.43268856     -6.50302459     -6.50302459     -6.64835179     -6.64835179     -7.06104035     -7.06104035     -7.23084655     -7.70678161     -7.70678161     -7.77711765     -7.77711765     -7.80738678     -7.80738678     -7.97719298     -8.02000000     -8.02000000     -8.02000000     -8.02000000     -8.02000000     -8.02000000     -8.02000000     -8.02000000     -8.18980621     -8.18980621     -8.22007534     -8.22007534     -8.29041137     -8.29041137     -8.74782196     -8.74782196     -8.81815799     -8.81815799     -8.91876316     -8.91876316
      0.46970869      8.93652019      8.93652019      8.79222797      8.79222797      8.70413490      8.70413490      8.37696769      8.37696769      8.28887463      8.28887463      8.23267547      8.23267547      8.02000000      8.02000000      8.02000000      8.02000000      8.02000000      8.02000000      8.02000000      8.02000000      7.94052239      7.72784692      7.72784692      7.67164776      7.67164776      7.58355470      7.58355470      7.35325568      7.14058020      7.14058020      6.66912077      6.66912077      6.58102771      6.58102771      6.57955250      6.57955250      6.23120026      6.16429222      6.16429222      5.93190694      5.93190694      5.45897229      5.45897229      5.31468007      5.31468007      4.81341299      4.45644530      4.45644530      3.89689280      3.89689280      3.66303231      3.66303231      3.24777203      3.24777203      3.22658701      2.54245210      2.54245210      1.80879974      1.53992511      1.53992511      0.97889740      0.97889740      0.68674432      0.09947761     -0.09947761     -0.68674432     -0.97889740     -0.97889740     -1.53992511     -1.53992511     -1.80879974     -2.54245210     -2.54245210     -3.22658701     -3.24777203     -3.24777203     -3.66303231     -3.66303231     -3.89689280     -3.89689280     -4.45644530     -4.45644530     -4.81341299     -5.31468007     -5.31468007     -5.45897229     -5.45897229     -5.93190694     -5.93190694     -6.16429222     -6.16429222     -6.23120026     -6.57955250     -6.57955250     -6.58102771     -6.58102771     -6.66912077     -6.66912077     -7.14058020     -7.14058020     -7.35325568     -7.58355470     -7.58355470     -7.67164776     -7.67164776     -7.72784692     -7.72784692     -7.94052239     -8.02000000     -8.02000000     -8.02000000     -8.02000000     -8.02000000     -8.02000000     -8.02000000     -8.02000000     -8.23267547     -8.23267547     -8.28887463     -8.28887463     -8.37696769     -8.37696769     -8.70413490     -8.70413490     -8.79222797     -8.79222797     -8.93652019     -8.93652019
      0.47949429      8.95001877      8.95001877      8.75843976      8.75843976      8.65684812      8.65684812      8.45684293      8.45684293      8.35525129      8.35525129      8.26526393      8.26526393      8.02000000      8.02000000      8.02000000      8.02000000      8.02000000      8.02000000      8.02000000      8.02000000      7.89273865      7.64747473      7.64747473      7.55748736      7.55748736      7.46621633      7.45589572      7.45589572      7.22095240      7.22095240      6.82936821      6.82936821      6.72777656      6.72777656      6.51317584      6.51317584      6.21157901      6.21157901      6.05066320      5.91840836      5.91840836      5.31222344      5.31222344      5.12064443      5.12064443      5.02094721      4.58410428      4.58410428      4.09092844      4.09092844      3.58315707      3.58315707      3.28156024      3.28156024      3.01905279      2.38220467      2.38220467      1.98933680      1.65408551      1.65408551      0.94630895      0.94630895      0.57378367      0.14726135     -0.14726135     -0.57378367     -0.94630895     -0.94630895     -1.65408551     -1.65408551     -1.98933680     -2.38220467     -2.38220467     -3.01905279     -3.28156024     -3.28156024     -3.58315707     -3.58315707     -4.09092844     -4.09092844     -4.58410428     -4.58410428     -5.02094721     -5.12064443     -5.12064443     -5.31222344     -5.31222344     -5.91840836     -5.91840836     -6.05066320     -6.21157901     -6.21157901     -6.51317584     -6.51317584     -6.72777656     -6.72777656     -6.82936821     -6.82936821     -7.22095240     -7.22095240     -7.45589572     -7.45589572     -7.46621633     -7.55748736     -7.55748736     -7.64747473     -7.64747473     -7.89273865     -8.02000000     -8.02000000     -8.02000000     -8.02000000     -8.02000000     -8.02000000     -8.02000000     -8.02000000     -8.26526393     -8.26526393     -8.35525129     -8.35525129     -8.45684293     -8.45684293     -8.65684812     -8.65684812     -8.75843976     -8.75843976     -8.95001877     -8.95001877
      0.48927989      8.95922064      8.95922064      8.71688915      8.71688915      8.60609564      8.60609564      8.52981068      8.52981068      8.41901717      8.41901717      8.28747920      8.28747920      8.02000000      8.02000000      8.02000000      8.02000000      8.02000000      8.02000000      8.02000000      8.02000000      7.83397722      7.56940830      7.56649802      7.56649802      7.43496005      7.43496005      7.32416654      7.32416654      7.30192910      7.30192910      6.98331266      6.98331266      6.87251915      6.87251915      6.44940996      6.44940996      6.26233148      6.26233148      5.90920649      5.90920649      5.86437001      5.22564414      5.16748085      5.16748085      4.92514937      4.92514937      4.71583346      4.71583346      4.28642350      4.28642350      3.51018932      3.51018932      3.32311085      3.32311085      2.81435586      2.22826022      2.22826022      2.17562999      1.77661283      1.77661283      0.92409368      0.92409368      0.47059170      0.20602278     -0.20602278     -0.47059170     -0.92409368     -0.92409368     -1.77661283     -1.77661283     -2.17562999     -2.22826022     -2.22826022     -2.81435586     -3.32311085     -3.32311085     -3.51018932     -3.51018932     -4.28642350     -4.28642350     -4.71583346     -4.71583346     -4.92514937     -4.92514937     -5.16748085     -5.16748085     -5.22564414     -5.86437001     -5.90920649     -5.90920649     -6.26233148     -6.26233148     -6.44940996     -6.44940996     -6.87251915     -6.87251915     -6.98331266     -6.98331266     -7.30192910     -7.30192910     -7.32416654     -7.32416654     -7.43496005     -7.43496005     -7.56649802     -7.56649802     -7.56940830     -7.83397722     -8.02000000     -8.02000000     -8.02000000     -8.02000000     -8.02000000     -8.02000000     -8.02000000     -8.02000000     -8.28747920     -8.28747920     -8.41901717     -8.41901717     -8.52981068     -8.52981068     -8.60609564     -8.60609564     -8.71688915     -8.71688915     -8.95922064     -8.95922064
      0.49906549      8.96409970      8.96409970      8.66769392      8.66769392      8.59566409      8.59566409      8.55202134      8.55202134      8.47999151      8.47999151      8.29925831      8.29925831      8.02000000      8.02000000      8.02000000      8.02000000      8.02000000      8.02000000      8.02000000      8.02000000      7.76440465      7.66253909      7.48514634      7.48514634      7.38328078      7.38328078      7.30441313      7.30441313      7.18874055      7.18874055      7.13051775      7.13051775      7.01484517      7.01484517      6.38843561      6.38843561      6.31640579      6.31640579      5.90432742      5.90432742      5.67284874      5.42692354      5.02515483      5.02515483      4.85125945      4.85125945      4.72874904      4.72874904      4.48282383      4.48282383      3.44433591      3.44433591      3.37230608      3.37230608      2.61307646      2.36715126      2.08105512      2.08105512      1.90715974      1.90715974      0.91231457      0.91231457      0.37746091      0.27559535     -0.27559535     -0.37746091     -0.91231457     -0.91231457     -1.90715974     -1.90715974     -2.08105512     -2.08105512     -2.36715126     -2.61307646     -3.37230608     -3.37230608     -3.44433591     -3.44433591     -4.48282383     -4.48282383     -4.72874904     -4.72874904     -4.85125945     -4.85125945     -5.02515483     -5.02515483     -5.42692354     -5.67284874     -5.90432742     -5.90432742     -6.31640579     -6.31640579     -6.38843561     -6.38843561     -7.01484517     -7.01484517     -7.13051775     -7.13051775     -7.18874055     -7.18874055     -7.30441313     -7.30441313     -7.38328078     -7.38328078     -7.48514634     -7.48514634     -7.66253909     -7.76440465     -8.02000000     -8.02000000     -8.02000000     -8.02000000     -8.02000000     -8.02000000     -8.02000000     -8.02000000     -8.29925831     -8.29925831     -8.47999151     -8.47999151     -8.55202134     -8.55202134     -8.59566409     -8.59566409     -8.66769392     -8.66769392     -8.96409970     -8.96409970
      0.50885108      8.96464214      8.96464214      8.65421651      8.65421651      8.61099351      8.61099351      8.53800149      8.53800149      8.49477849      8.49477849      8.30056787      8.30056787      8.02000000      8.02000000      8.02000000      8.02000000      8.02000000      8.02000000      8.02000000      8.02000000      7.74534471      7.68421816      7.46477684      7.46477684      7.40365029      7.40365029      7.27056622      7.27056622      7.16621667      7.16621667      7.15435120      7.15435120      7.05000165      7.05000165      6.37364864      6.37364864      6.33042564      6.33042564      5.90378498      5.90378498      5.62421486      5.47664230      4.98999835      4.98999835      4.88564880      4.88564880      4.67957272      4.67957272      4.53200016      4.53200016      3.42900649      3.42900649      3.38578349      3.38578349      2.56335770      2.41578514      2.04535621      2.04535621      1.94100665      1.94100665      0.91100501      0.91100501      0.35578184      0.29465529     -0.29465529     -0.35578184     -0.91100501     -0.91100501     -1.94100665     -1.94100665     -2.04535621     -2.04535621     -2.41578514     -2.56335770     -3.38578349     -3.38578349     -3.42900649     -3.42900649     -4.53200016     -4.53200016     -4.67957272     -4.67957272     -4.88564880     -4.88564880     -4.98999835     -4.98999835     -5.47664230     -5.62421486     -5.90378498     -5.90378498     -6.33042564     -6.33042564     -6.37364864     -6.37364864     -7.05000165     -7.05000165     -7.15435120     -7.15435120     -7.16621667     -7.16621667     -7.27056622     -7.27056622     -7.40365029     -7.40365029     -7.46477684     -7.46477684     -7.68421816     -7.74534471     -8.02000000     -8.02000000     -8.02000000     -8.02000000     -8.02000000     -8.02000000     -8.02000000     -8.02000000     -8.30056787     -8.30056787     -8.49477849     -8.49477849     -8.53800149     -8.53800149     -8.61099351     -8.61099351     -8.65421651     -8.65421651     -8.96464214     -8.96464214
      0.51863668      8.96084641      8.96084641      8.70530195      8.70530195      8.59288266      8.59288266      8.54694864      8.54694864      8.43452935      8.43452935      8.29140417      8.29140417      8.02000000      8.02000000      8.02000000      8.02000000      8.02000000      8.02000000      8.02000000      8.02000000      7.81759043      7.59364504      7.54618626      7.54618626      7.40306108      7.40306108      7.32224087      7.32224087      7.29064179      7.29064179      7.02076238      7.02076238      6.90834309      6.90834309      6.43389777      6.43389777      6.27554447      6.27554447      5.90758071      5.90758071      5.81695886      5.27630685      5.13165691      5.13165691      4.87611244      4.87611244      4.74935821      4.74935821      4.33546043      4.33546043      3.49305136      3.49305136      3.33469805      3.33469805      2.76369315      2.22304114      2.19081049      2.19081049      1.80851179      1.80851179      0.92016870      0.92016870      0.44635496      0.22240957     -0.22240957     -0.44635496     -0.92016870     -0.92016870     -1.80851179     -1.80851179     -2.19081049     -2.19081049     -2.22304114     -2.76369315     -3.33469805     -3.33469805     -3.49305136     -3.49305136     -4.33546043     -4.33546043     -4.74935821     -4.74935821     -4.87611244     -4.87611244     -5.13165691     -5.13165691     -5.27630685     -5.81695886     -5.90758071     -5.90758071     -6.27554447     -6.27554447     -6.43389777     -6.43389777     -6.90834309     -6.90834309     -7.02076238     -7.02076238     -7.29064179     -7.29064179     -7.32224087     -7.32224087     -7.40306108     -7.40306108     -7.54618626     -7.54618626     -7.59364504     -7.81759043     -8.02000000     -8.02000000     -8.02000000     -8.02000000     -8.02000000     -8.02000000     -8.02000000     -8.02000000     -8.29140417     -8.29140417     -8.43452935     -8.43452935     -8.54694864     -8.54694864     -8.59288266     -8.59288266     -8.70530195     -8.70530195     -8.96084641     -8.96084641
      0.52842228      8.95272328      8.95272328      8.74877561      8.74877561      8.64447945      8.64447945      8.47574087      8.47574087      8.37144471      8.37144471      8.27179319      8.27179319      8.02000000      8.02000000      8.02000000      8.02000000      8.02000000      8.02000000      8.02000000      8.02000000      7.87907148      7.62727828      7.62727828      7.52762677      7.52762677      7.49294204      7.42333061      7.42333061      7.24114884      7.24114884      6.86846259      6.86846259      6.76416643      6.76416643      6.49698241      6.49698241      6.22394767      6.22394767      6.00460918      5.91570384      5.91570384      5.27583357      5.27583357      5.07241026      5.07188590      5.07188590      4.61666939      4.61666939      4.13968698      4.13968698      3.56425913      3.56425913      3.29122439      3.29122439      2.96758974      2.34311029      2.34311029      2.03539082      1.68394611      1.68394611      0.93977968      0.93977968      0.54705796      0.16092852     -0.16092852     -0.54705796     -0.93977968     -0.93977968     -1.68394611     -1.68394611     -2.03539082     -2.34311029     -2.34311029     -2.96758974     -3.29122439     -3.29122439     -3.56425913     -3.56425913     -4.13968698     -4.13968698     -4.61666939     -4.61666939     -5.07188590     -5.07188590     -5.07241026     -5.27583357     -5.27583357     -5.91570384     -5.91570384     -6.00460918     -6.22394767     -6.22394767     -6.49698241     -6.49698241     -6.76416643     -6.76416643     -6.86846259     -6.86846259     -7.24114884     -7.24114884     -7.42333061     -7.42333061     -7.49294204     -7.52762677     -7.52762677     -7.62727828     -7.62727828     -7.87907148     -8.02000000     -8.02000000     -8.02000000     -8.02000000     -8.02000000     -8.02000000     -8.02000000     -8.02000000     -8.27179319     -8.27179319     -8.37144471     -8.37144471     -8.47574087     -8.47574087     -8.64447945     -8.64447945     -8.74877561     -8.74877561     -8.95272328     -8.95272328
      0.53820788      8.94029577      8.94029577      8.78451426      8.78451426      8.69264562      8.69264562      8.39757203      8.39757203      8.30570339      8.30570339      8.24179052      8.24179052      8.02000000      8.02000000      8.02000000      8.02000000      8.02000000      8.02000000      8.02000000      8.02000000      7.92961356      7.70782304      7.70782304      7.64391017      7.64391017      7.55204153      7.55204153      7.38239461      7.16060409      7.16060409      6.70974899      6.70974899      6.61788035      6.61788035      6.56272374      6.56272374      6.18663391      6.17578151      6.17578151      5.92813136      5.92813136      5.42211965      5.42211965      5.26633815      5.26633815      4.86553049      4.48795847      4.48795847      3.94523473      3.94523473      3.64242797      3.64242797      3.25548574      3.25548574      3.17446951      2.50182389      2.50182389      1.85336609      1.56766270      1.56766270      0.96978236      0.96978236      0.65760539      0.11038644     -0.11038644     -0.65760539     -0.96978236     -0.96978236     -1.56766270     -1.56766270     -1.85336609     -2.50182389     -2.50182389     -3.17446951     -3.25548574     -3.25548574     -3.64242797     -3.64242797     -3.94523473     -3.94523473     -4.48795847     -4.48795847     -4.86553049     -5.26633815     -5.26633815     -5.42211965     -5.42211965     -5.92813136     -5.92813136     -6.17578151     -6.17578151     -6.18663391     -6.56272374     -6.56272374     -6.61788035     -6.61788035     -6.70974899     -6.70974899     -7.16060409     -7.16060409     -7.38239461     -7.55204153     -7.55204153     -7.64391017     -7.64391017     -7.70782304     -7.70782304     -7.92961356     -8.02000000     -8.02000000     -8.02000000     -8.02000000     -8.02000000     -8.02000000     -8.02000000     -8.02000000     -8.24179052     -8.24179052     -8.30570339     -8.30570339     -8.39757203     -8.39757203     -8.69264562     -8.69264562     -8.78451426     -8.78451426     -8.94029577     -8.94029577
      0.54799348      8.92359910      8.92359910      8.81241659      8.81241659      8.73724462      8.73724462      8.31266370      8.31266370      8.23749173      8.23749173      8.20148120      8.20148120      8.02000000      8.02000000      8.02000000      8.02000000      8.02000000      8.02000000      8.02000000      8.02000000      7.96907342      7.78759222      7.78759222      7.75158169      7.75158169      7.67640972      7.67640972      7.26231610      7.08083490      7.08083490      6.63093540      6.63093540      6.54507148      6.54507148      6.46989951      6.46989951      6.36251709      6.13118250      6.13118250      5.94482803      5.94482803      5.57010049      5.57010049      5.45891799      5.45891799      4.65625398      4.36359028      4.36359028      3.75265489      3.75265489      3.72733630      3.72733630      3.38374602      3.22758341      3.22758341      2.66650140      2.66650140      1.67748291      1.45999118      1.45999118      1.01009168      1.01009168      0.77768390      0.07092658     -0.07092658     -0.77768390     -1.01009168     -1.01009168     -1.45999118     -1.45999118     -1.67748291     -2.66650140     -2.66650140     -3.22758341     -3.22758341     -3.38374602     -3.72733630     -3.72733630     -3.75265489     -3.75265489     -4.36359028     -4.36359028     -4.65625398     -5.45891799     -5.45891799     -5.57010049     -5.57010049     -5.94482803     -5.94482803     -6.13118250     -6.13118250     -6.36251709     -6.46989951     -6.46989951     -6.54507148     -6.54507148     -6.63093540     -6.63093540     -7.08083490     -7.08083490     -7.26231610     -7.67640972     -7.67640972     -7.75158169     -7.75158169     -7.78759222     -7.78759222     -7.96907342     -8.02000000     -8.02000000     -8.02000000     -8.02000000     -8.02000000     -8.02000000     -8.02000000     -8.02000000     -8.20148120     -8.20148120     -8.23749173     -8.23749173     -8.31266370     -8.31266370     -8.73724462     -8.73724462     -8.81241659     -8.81241659     -8.92359910     -8.92359910
      0.55777907      8.90268060      8.90268060      8.83240352      8.83240352      8.77815004      8.77815004      8.22125657      8.22125657      8.16700309      8.16700309      8.15097949      8.15097949      8.02000000      8.02000000      8.02000000      8.02000000      8.02000000      8.02000000      8.02000000      8.02000000      7.99733920      7.86635971      7.86635971      7.85033611      7.85033611      7.79608263      7.79608263      7.13304690      7.00206741      7.00206741      6.70142403      6.70142403      6.53176014      6.37489686      6.37489686      6.32064338      6.32064338      6.09027708      6.09027708      5.96574652      5.96574652      5.71935662      5.71935662      5.64907954      5.64907954      4.44517394      4.24391737      4.24391737      3.81874343      3.81874343      3.59482606      3.56249334      3.56249334      3.20759648      3.20759648      2.83667602      2.83667602      1.50823986      1.36123677      1.36123677      1.06059339      1.06059339      0.90695310      0.04266080     -0.04266080     -0.90695310     -1.06059339     -1.06059339     -1.36123677     -1.36123677     -1.50823986     -2.83667602     -2.83667602     -3.20759648     -3.20759648     -3.56249334     -3.56249334     -3.59482606     -3.81874343     -3.81874343     -4.24391737     -4.24391737     -4.44517394     -5.64907954     -5.64907954     -5.71935662     -5.71935662     -5.96574652     -5.96574652     -6.09027708     -6.09027708     -6.32064338     -6.32064338     -6.37489686     -6.37489686     -6.53176014     -6.70142403     -6.70142403     -7.00206741     -7.00206741     -7.13304690     -7.79608263     -7.79608263     -7.85033611     -7.85033611     -7.86635971     -7.86635971     -7.99733920     -8.02000000     -8.02000000     -8.02000000     -8.02000000     -8.02000000     -8.02000000     -8.02000000     -8.02000000     -8.15097949     -8.15097949     -8.16700309     -8.16700309     -8.22125657     -8.22125657     -8.77815004     -8.77815004     -8.83240352     -8.83240352     -8.90268060     -8.90268060
      0.56756467      8.87759958      8.87759958      8.84441838      8.84441838      8.81524593      8.81524593      8.12360974      8.12360974      8.09443728      8.09443728      8.09042854      8.09042854      8.02000000      8.02000000      8.02000000      8.02000000      8.02000000      8.02000000      8.02000000      8.02000000      8.01433078      7.94390224      7.94390224      7.93989350      7.93989350      7.91072104      7.91072104      6.99495343      6.92452488      6.92452488      6.77398984      6.77398984      6.69388334      6.19970750      6.19970750      6.17053504      6.17053504      6.05318120      6.05318120      5.99082754      5.99082754      5.86946496      5.86946496      5.83628376      5.83628376      4.23288870      4.12927896      4.12927896      3.91639026      3.91639026      3.80711130      3.37528912      3.37528912      3.19558162      3.19558162      3.01186538      3.01186538      1.34611666      1.27167938      1.27167938      1.12114433      1.12114433      1.04504657      0.02566922     -0.02566922     -1.04504657     -1.12114433     -1.12114433     -1.27167938     -1.27167938     -1.34611666     -3.01186538     -3.01186538     -3.19558162     -3.19558162     -3.37528912     -3.37528912     -3.80711130     -3.91639026     -3.91639026     -4.12927896     -4.12927896     -4.23288870     -5.83628376     -5.83628376     -5.86946496     -5.86946496     -5.99082754     -5.99082754     -6.05318120     -6.05318120     -6.17053504     -6.17053504     -6.19970750     -6.19970750     -6.69388334     -6.77398984     -6.77398984     -6.92452488     -6.92452488     -6.99495343     -7.91072104     -7.91072104     -7.93989350     -7.93989350     -7.94390224     -7.94390224     -8.01433078     -8.02000000     -8.02000000     -8.02000000     -8.02000000     -8.02000000     -8.02000000     -8.02000000     -8.02000000     -8.09042854     -8.09042854     -8.09443728     -8.09443728     -8.12360974     -8.12360974     -8.81524593     -8.81524593     -8.84441838     -8.84441838     -8.87759958     -8.87759958
      0.57735027      8.84842712      8.84842712      8.84842712      8.84842712      8.84842712      8.84842712      8.02000000      8.02000000      8.02000000      8.02000000      8.02000000      8.02000000      8.02000000      8.02000000      8.02000000      8.02000000      8.02000000      8.02000000      8.02000000      8.02000000      8.02000000      8.02000000      8.02000000      8.02000000      8.02000000      8.02000000      8.02000000      6.84842712      6.84842712      6.84842712      6.84842712      6.84842712      6.84842712      6.02000000      6.02000000      6.02000000      6.02000000      6.02000000      6.02000000      6.02000000      6.02000000      6.02000000      6.02000000      6.02000000      6.02000000      4.02000000      4.02000000      4.02000000      4.02000000      4.02000000      4.02000000      3.19157288      3.19157288      3.19157288      3.19157288      3.19157288      3.19157288      1.19157288      1.19157288      1.19157288      1.19157288      1.19157288      1.19157288      0.02000000     -0.02000000     -1.19157288     -1.19157288     -1.19157288     -1.19157288     -1.19157288     -1.19157288     -3.19157288     -3.19157288     -3.19157288     -3.19157288     -3.19157288     -3.19157288     -4.02000000     -4.02000000     -4.02000000     -4.02000000     -4.02000000     -4.02000000     -6.02000000     -6.02000000     -6.02000000     -6.02000000     -6.02000000     -6.02000000     -6.02000000     -6.02000000     -6.02000000     -6.02000000     -6.02000000     -6.02000000     -6.84842712     -6.84842712     -6.84842712     -6.84842712     -6.84842712     -6.84842712     -8.02000000     -8.02000000     -8.02000000     -8.02000000     -8.02000000     -8.02000000     -8.02000000     -8.02000000     -8.02000000     -8.02000000     -8.02000000     -8.02000000     -8.02000000     -8.02000000     -8.02000000     -8.02000000     -8.02000000     -8.02000000     -8.02000000     -8.02000000     -8.02000000     -8.84842712     -8.84842712     -8.84842712     -8.84842712     -8.84842712     -8.84842712
      0.58713587      8.87759958      8.87759958      8.84441838      8.84441838      8.81524593      8.81524593      8.12360974      8.12360974      8.09443728      8.09443728      8.09042854      8.09042854      8.02000000      8.02000000      8.02000000      8.02000000      8.02000000      8.02000000      8.02000000      8.02000000      8.01433078      7.94390224      7.94390224      7.93989350      7.93989350      7.91072104      7.91072104      6.99495343      6.92452488      6.92452488      6.77398984      6.77398984      6.69388334      6.19970750      6.19970750      6.17053504      6.17053504      6.05318120      6.05318120      5.99082754      5.99082754      5.86946496      5.86946496      5.83628376      5.83628376      4.23288870      4.12927896      4.12927896      3.91639026      3.91639026      3.80711130      3.37528912      3.37528912      3.19558162      3.19558162      3.01186538      3.01186538      1.34611666      1.27167938      1.27167938      1.12114433      1.12114433      1.04504657      0.02566922     -0.02566922     -1.04504657     -1.12114433     -1.12114433     -1.27167938     -1.27167938     -1.34611666     -3.01186538     -3.01186538     -3.19558162     -3.19558162     -3.37528912     -3.37528912     -3.80711130     -3.91639026     -3.91639026     -4.12927896     -4.12927896     -4.23288870     -5.83628376     -5.83628376     -5.86946496     -5.86946496     -5.99082754     -5.99082754     -6.05318120     -6.05318120     -6.17053504     -6.17053504     -6.19970750     -6.19970750     -6.69388334     -6.77398984     -6.77398984     -6.92452488     -6.92452488     -6.99495343     -7.91072104     -7.91072104     -7.93989350     -7.93989350     -7.94390224     -7.94390224     -8.01433078     -8.02000000     -8.02000000     -8.02000000     -8.02000000     -8.02000000     -8.02000000     -8.02000000     -8.02000000     -8.09042854     -8.09042854     -8.09443728     -8.09443728     -8.12360974     -8.12360974     -8.81524593     -8.81524593     -8.84441838     -8.84441838     -8.87759958     -8.87759958
      0.59692146      8.90268060      8.90268060      8.83240352      8.83240352      8.77815004      8.77815004      8.22125657      8.22125657      8.16700309      8.16700309      8.15097949      8.15097949      8.02000000      8.02000000      8.02000000      8.02000000      8.02000000      8.02000000      8.02000000      8.02000000      7.99733920      7.86635971      7.86635971      7.85033611      7.85033611      7.79608263      7.79608263      7.13304690      7.00206741      7.00206741      6.70142403      6.70142403      6.53176014      6.37489686      6.37489686      6.32064338      6.32064338      6.09027708      6.09027708      5.96574652      5.96574652      5.71935662      5.71935662      5.64907954      5.64907954      4.44517394      4.24391737      4.24391737      3.81874343      3.81874343      3.59482606      3.56249334      3.56249334      3.20759648      3.20759648      2.83667602      2.83667602      1.50823986      1.36123677      1.36123677      1.06059339      1.06059339      0.90695310      0.04266080     -0.04266080     -0.90695310     -1.06059339     -1.06059339     -1.36123677     -1.36123677     -1.50823986     -2.83667602     -2.83667602     -3.20759648     -3.20759648     -3.56249334     -3.56249334     -3.59482606     -3.81874343     -3.81874343     -4.24391737     -4.24391737     -4.44517394     -5.64907954     -5.64907954     -5.71935662     -5.71935662     -5.96574652     -5.96574652     -6.09027708     -6.09027708     -6.32064338     -6.32064338     -6.37489686     -6.37489686     -6.53176014     -6.70142403     -6.70142403     -7.00206741     -7.00206741     -7.13304690     -7.79608263     -7.79608263     -7.85033611     -7.85033611     -7.86635971     -7.86635971     -7.99733920     -8.02000000     -8.02000000     -8.02000000     -8.02000000     -8.02000000     -8.02000000     -8.02000000     -8.02000000     -8.15097949     -8.15097949     -8.16700309     -8.16700309     -8.22125657     -8.22125657     -8.77815004     -8.77815004     -8.83240352     -8.83240352     -8.90268060     -8.90268060
      0.60670706      8.92359910      8.92359910      8.81241659      8.81241659      8.73724462      8.73724462      8.31266370      8.31266370      8.23749173      8.23749173      8.20148120      8.20148120      8.02000000      8.02000000      8.02000000      8.02000000      8.02000000      8.02000000      8.02000000      8.02000000      7.96907342      7.78759222      7.78759222      7.75158169      7.75158169      7.67640972      7.67640972      7.26231610      7.08083490      7.08083490      6.63093540      6.63093540      6.54507148      6.54507148      6.46989951      6.46989951      6.36251709      6.13118250      6.13118250      5.94482803      5.94482803      5.57010049      5.57010049      5.45891799      5.45891799      4.65625398      4.36359028      4.36359028      3.75265489      3.75265489      3.72733630      3.72733630      3.38374602      3.22758341      3.22758341      2.66650140      2.66650140      1.67748291      1.45999118      1.45999118      1.01009168      1.01009168      0.77768390      0.07092658     -0.07092658     -0.77768390     -1.01009168     -1.01009168     -1.45999118     -1.45999118     -1.67748291     -2.66650140     -2.66650140     -3.22758341     -3.22758341     -3.38374602     -3.72733630     -3.72733630     -3.75265489     -3.75265489     -4.36359028     -4.36359028     -4.65625398     -5.45891799     -5.45891799     -5.57010049     -5.57010049     -5.94482803     -5.94482803     -6.13118250     -6.13118250     -6.36251709     -6.46989951     -6.46989951     -6.54507148     -6.54507148     -6.63093540     -6.63093540     -7.08083490     -7.08083490     -7.26231610     -7.67640972     -7.67640972     -7.75158169     -7.75158169     -7.78759222     -7.78759222     -7.96907342     -8.02000000     -8.02000000     -8.02000000     -8.02000000     -8.02000000     -8.02000000     -8.02000000     -8.02000000     -8.20148120     -8.20148120     -8.23749173     -8.23749173     -8.31266370     -8.31266370     -8.73724462     -8.73724462     -8.81241659     -8.81241659     -8.92359910     -8.92359910
      0.61649266      8.94029577      8.94029577      8.78451426      8.78451426      8.69264562      8.69264562      8.39757203      8.39757203      8.30570339      8.30570339      8.24179052      8.24179052      8.02000000      8.02000000      8.02000000      8.02000000      8.02000000      8.02000000      8.02000000      8.02000000      7.92961356      7.70782304      7.70782304      7.64391017      7.64391017      7.55204153      7.55204153      7.38239461      7.16060409      7.16060409      6.70974899      6.70974899      6.61788035      6.61788035      6.56272374      6.56272374      6.18663391      6.17578151      6.17578151      5.92813136      5.92813136      5.42211965      5.42211965      5.26633815      5.26633815      4.86553049      4.48795847      4.48795847      3.94523473      3.94523473      3.64242797      3.64242797      3.25548574      3.25548574      3.17446951      2.50182389      2.50182389      1.85336609      1.56766270      1.56766270      0.96978236      0.96978236      0.65760539      0.11038644     -0.11038644     -0.65760539     -0.96978236     -0.96978236     -1.56766270     -1.56766270     -1.85336609     -2.50182389     -2.50182389     -3.17446951     -3.25548574     -3.25548574     -3.64242797     -3.64242797     -3.94523473     -3.94523473     -4.48795847     -4.48795847     -4.86553049     -5.26633815     -5.26633815     -5.42211965     -5.42211965     -5.92813136     -5.92813136     -6.17578151     -6.17578151     -6.18663391     -6.56272374     -6.56272374     -6.61788035     -6.61788035     -6.70974899     -6.70974899     -7.16060409     -7.16060409     -7.38239461     -7.55204153     -7.55204153     -7.64391017     -7.64391017     -7.70782304     -7.70782304     -7.92961356     -8.02000000     -8.02000000     -8.02000000     -8.02000000     -8.02000000     -8.02000000     -8.02000000     -8.02000000     -8.24179052     -8.24179052     -8.30570339     -8.30570339     -8.39757203     -8.39757203     -8.69264562     -8.69264562     -8.78451426     -8.78451426     -8.94029577     -8.94029577
      0.62627826      8.95272328      8.95272328      8.74877561      8.74877561      8.64447945      8.64447945      8.47574087      8.47574087      8.37144471      8.37144471      8.27179319      8.27179319      8.02000000      8.02000000      8.02000000      8.02000000      8.02000000      8.02000000      8.02000000      8.02000000      7.87907148      7.62727828      7.62727828      7.52762677      7.52762677      7.49294204      7.42333061      7.42333061      7.24114884      7.24114884      6.86846259      6.86846259      6.76416643      6.76416643      6.49698241      6.49698241      6.22394767      6.22394767      6.00460918      5.91570384      5.91570384      5.27583357      5.27583357      5.07241026      5.07188590      5.07188590      4.61666939      4.61666939      4.13968698      4.13968698      3.56425913      3.56425913      3.29122439      3.29122439      2.96758974      2.34311029      2.34311029      2.03539082      1.68394611      1.68394611      0.93977968      0.93977968      0.54705796      0.16092852     -0.16092852     -0.54705796     -0.93977968     -0.93977968     -1.68394611     -1.68394611     -2.03539082     -2.34311029     -2.34311029     -2.96758974     -3.29122439     -3.29122439     -3.56425913     -3.56425913     -4.13968698     -4.13968698     -4.61666939     -4.61666939     -5.07188590     -5.07188590     -5.07241026     -5.27583357     -5.27583357     -5.91570384     -5.91570384     -6.00460918     -6.22394767     -6.22394767     -6.49698241     -6.49698241     -6.76416643     -6.76416643     -6.86846259     -6.86846259     -7.24114884     -7.24114884     -7.42333061     -7.42333061     -7.49294204     -7.52762677     -7.52762677     -7.62727828     -7.62727828     -7.87907148     -8.02000000     -8.02000000     -8.02000000     -8.02000000     -8.02000000     -8.02000000     -8.02000000     -8.02000000     -8.27179319     -8.27179319     -8.37144471     -8.37144471     -8.47574087     -8.47574087     -8.64447945     -8.64447945     -8.74877561     -8.74877561     -8.95272328     -8.95272328
      0.63606386      8.96084641      8.96084641      8.70530195      8.70530195      8.59288266      8.59288266      8.54694864      8.54694864      8.43452935      8.43452935      8.29140417      8.29140417      8.02000000      8.02000000      8.02000000      8.02000000      8.02000000      8.02000000      8.02000000      8.02000000      7.81759043      7.59364504      7.54618626      7.54618626      7.40306108      7.40306108      7.32224087      7.32224087      7.29064179      7.29064179      7.02076238      7.02076238      6.90834309      6.90834309      6.43389777      6.43389777      6.27554447      6.27554447      5.90758071      5.90758071      5.81695886      5.27630685      5.13165691      5.13165691      4.87611244      4.87611244      4.74935821      4.74935821      4.33546043      4.33546043      3.49305136      3.49305136      3.33469805      3.33469805      2.76369315      2.22304114      2.19081049      2.19081049      1.80851179      1.80851179      0.92016870      0.92016870      0.44635496      0.22240957     -0.22240957     -0.44635496     -0.92016870     -0.92016870     -1.80851179     -1.80851179     -2.19081049     -2.19081049     -2.22304114     -2.76369315     -3.33469805     -3.33469805     -3.49305136     -3.49305136     -4.33546043     -4.33546043     -4.74935821     -4.74935821     -4.87611244     -4.87611244     -5.13165691     -5.13165691     -5.27630685     -5.81695886     -5.90758071     -5.90758071     -6.27554447     -6.27554447     -6.43389777     -6.43389777     -6.90834309     -6.90834309     -7.02076238     -7.02076238     -7.29064179     -7.29064179     -7.32224087     -7.32224087     -7.40306108     -7.40306108     -7.54618626     -7.54618626     -7.59364504     -7.81759043     -8.02000000     -8.02000000     -8.02000000     -8.02000000     -8.02000000     -8.02000000     -8.02000000     -8.02000000     -8.29140417     -8.29140417     -8.43452935     -8.43452935     -8.54694864     -8.54694864     -8.59288266     -8.59288266     -8.70530195     -8.70530195     -8.96084641     -8.96084641
      0.64584945      8.96464214      8.96464214      8.65421651      8.65421651      8.61099351      8.61099351      8.53800149      8.53800149      8.49477849      8.49477849      8.30056787      8.30056787      8.02000000      8.02000000      8.02000000      8.02000000      8.02000000      8.02000000      8.02000000      8.02000000      7.74534471      7.68421816      7.46477684      7.46477684      7.40365029      7.40365029      7.27056622      7.27056622      7.16621667      7.16621667      7.15435120      7.15435120      7.05000165      7.05000165      6.37364864      6.37364864      6.33042564      6.33042564      5.90378498      5.90378498      5.62421486      5.47664230      4.98999835      4.98999835      4.88564880      4.88564880      4.67957272      4.67957272      4.53200016      4.53200016      3.42900649      3.42900649      3.38578349      3.38578349      2.56335770      2.41578514      2.04535621      2.04535621      1.94100665      1.94100665      0.91100501      0.91100501      0.35578184      0.29465529     -0.29465529     -0.35578184     -0.91100501     -0.91100501     -1.94100665     -1.94100665     -2.04535621     -2.04535621     -2.41578514     -2.56335770     -3.38578349     -3.38578349     -3.42900649     -3.42900649     -4.53200016     -4.53200016     -4.67957272     -4.67957272     -4.88564880     -4.88564880     -4.98999835     -4.98999835     -5.47664230     -5.62421486     -5.90378498     -5.90378498     -6.33042564     -6.33042564     -6.37364864     -6.37364864     -7.05000165     -7.05000165     -7.15435120     -7.15435120     -7.16621667     -7.16621667     -7.27056622     -7.27056622     -7.40365029     -7.40365029     -7.46477684     -7.46477684     -7.68421816     -7.74534471     -8.02000000     -8.02000000     -8.02000000     -8.02000000     -8.02000000     -8.02000000     -8.02000000     -8.02000000     -8.30056787     -8.30056787     -8.49477849     -8.49477849     -8.53800149     -8.53800149     -8.61099351     -8.61099351     -8.65421651     -8.65421651     -8.96464214     -8.96464214
      0.65563505      8.96409970      8.96409970      8.66769392      8.66769392      8.59566409      8.59566409      8.55202134      8.55202134      8.47999151      8.47999151      8.29925831      8.29925831      8.02000000      8.02000000      8.02000000      8.02000000      8.02000000      8.02000000      8.02000000      8.02000000      7.76440465      7.66253909      7.48514634      7.48514634      7.38328078      7.38328078      7.30441313      7.30441313      7.18874055      7.18874055      7.13051775      7.13051775      7.01484517      7.01484517      6.38843561      6.38843561      6.31640579      6.31640579      5.90432742      5.90432742      5.67284874      5.42692354      5.02515483      5.02515483      4.85125945      4.85125945      4.72874904      4.72874904      4.48282383      4.48282383      3.44433591      3.44433591      3.37230608      3.37230608      2.61307646      2.36715126      2.08105512      2.08105512      1.90715974      1.90715974      0.91231457      0.91231457      0.37746091      0.27559535     -0.27559535     -0.37746091     -0.91231457     -0.91231457     -1.90715974     -1.90715974     -2.08105512     -2.08105512     -2.36715126     -2.61307646     -3.37230608     -3.37230608     -3.44433591     -3.44433591     -4.48282383     -4.48282383     -4.72874904     -4.72874904     -4.85125945     -4.85125945     -5.02515483     -5.02515483     -5.42692354     -5.67284874     -5.90432742     -5.90432742     -6.31640579     -6.31640579     -6.38843561     -6.38843561     -7.01484517     -7.01484517     -7.13051775     -7.13051775     -7.18874055     -7.18874055     -7.30441313     -7.30441313     -7.38328078     -7.38328078     -7.48514634     -7.48514634     -7.66253909     -7.76440465     -8.02000000     -8.02000000     -8.02000000     -8.02000000     -8.02000000     -8.02000000     -8.02000000     -8.02000000     -8.29925831     -8.29925831     -8.47999151     -8.47999151     -8.55202134     -8.55202134     -8.59566409     -8.59566409     -8.66769392     -8.66769392     -8.96409970     -8.96409970
      0.66542065      8.95922064      8.95922064      8.71688915      8.71688915      8.60609564      8.60609564      8.52981068      8.52981068      8.41901717      8.41901717      8.28747920      8.28747920      8.02000000      8.02000000      8.02000000      8.02000000      8.02000000      8.02000000      8.02000000      8.02000000      7.83397722      7.56940830      7.56649802      7.56649802      7.43496005      7.43496005      7.32416654      7.32416654      7.30192910      7.30192910      6.98331266      6.98331266      6.87251915      6.87251915      6.44940996      6.44940996      6.26233148      6.26233148      5.90920649      5.90920649      5.86437001      5.22564414      5.16748085      5.16748085      4.92514937      4.92514937      4.71583346      4.71583346      4.28642350      4.28642350      3.51018932      3.51018932      3.32311085      3.32311085      2.81435586      2.22826022      2.22826022      2.17562999      1.77661283      1.77661283      0.92409368      0.92409368      0.47059170      0.20602278     -0.20602278     -0.47059170     -0.92409368     -0.92409368     -1.77661283     -1.77661283     -2.17562999     -2.22826022     -2.22826022     -2.81435586     -3.32311085     -3.32311085     -3.51018932     -3.51018932     -4.28642350     -4.28642350     -4.71583346     -4.71583346     -4.92514937     -4.92514937     -5.16748085     -5.16748085     -5.22564414     -5.86437001     -5.90920649     -5.90920649     -6.26233148     -6.26233148     -6.44940996     -6.44940996     -6.87251915     -6.87251915     -6.98331266     -6.98331266     -7.30192910     -7.30192910     -7.32416654     -7.32416654     -7.43496005     -7.43496005     -7.56649802     -7.56649802     -7.56940830     -7.83397722     -8.02000000     -8.02000000     -8.02000000     -8.02000000     -8.02000000     -8.02000000     -8.02000000     -8.02000000     -8.28747920     -8.28747920     -8.41901717     -8.41901717     -8.52981068     -8.52981068     -8.60609564     -8.60609564     -8.71688915     -8.71688915     -8.95922064     -8.95922064
      0.67520625      8.95001877      8.95001877      8.75843976      8.75843976      8.65684812      8.65684812      8.45684293      8.45684293      8.35525129      8.35525129      8.26526393      8.26526393      8.02000000      8.02000000      8.02000000      8.02000000      8.02000000      8.02000000      8.02000000      8.02000000      7.89273865      7.64747473      7.64747473      7.55748736      7.55748736      7.46621633      7.45589572      7.45589572      7.22095240      7.22095240      6.82936821      6.82936821      6.72777656      6.72777656      6.51317584      6.51317584      6.21157901      6.21157901      6.05066320      5.91840836      5.91840836      5.31222344      5.31222344      5.12064443      5.12064443      5.02094721      4.58410428      4.58410428      4.09092844      4.09092844      3.58315707      3.58315707      3.28156024      3.28156024      3.01905279      2.38220467      2.38220467      1.98933680      1.65408551      1.65408551      0.94630895      0.94630895      0.57378367      0.14726135     -0.14726135     -0.57378367     -0.94630895     -0.94630895     -1.65408551     -1.65408551     -1.98933680     -2.38220467     -2.38220467     -3.01905279     -3.28156024     -3.28156024     -3.58315707     -3.58315707     -4.09092844     -4.09092844     -4.58410428     -4.58410428     -5.02094721     -5.12064443     -5.12064443     -5.31222344     -5.31222344     -5.91840836     -5.91840836     -6.05066320     -6.21157901     -6.21157901     -6.51317584     -6.51317584     -6.72777656     -6.72777656     -6.82936821     -6.82936821     -7.22095240     -7.22095240     -7.45589572     -7.45589572     -7.46621633     -7.55748736     -7.55748736     -7.64747473     -7.64747473     -7.89273865     -8.02000000     -8.02000000     -8.02000000     -8.02000000     -8.02000000     -8.02000000     -8.02000000     -8.02000000     -8.26526393     -8.26526393     -8.35525129     -8.35525129     -8.45684293     -8.45684293     -8.65684812     -8.65684812     -8.75843976     -8.75843976     -8.95001877     -8.95001877
      0.68499184      8.93652019      8.93652019      8.79222797      8.79222797      8.70413490      8.70413490      8.37696769      8.37696769      8.28887463      8.28887463      8.23267547      8.23267547      8.02000000      8.02000000      8.02000000      8.02000000      8.02000000      8.02000000      8.02000000      8.02000000      7.94052239      7.72784692      7.72784692      7.67164776      7.67164776      7.58355470      7.58355470      7.35325568      7.14058020      7.14058020      6.66912077      6.66912077      6.58102771      6.58102771      6.57955250      6.57955250      6.23120026      6.16429222      6.16429222      5.93190694      5.93190694      5.45897229      5.45897229      5.31468007      5.31468007      4.81341299      4.45644530      4.45644530      3.89689280      3.89689280      3.66303231      3.66303231      3.24777203      3.24777203      3.22658701      2.54245210      2.54245210      1.80879974      1.53992511      1.53992511      0.97889740      0.97889740      0.68674432      0.09947761     -0.09947761     -0.68674432     -0.97889740     -0.97889740     -1.53992511     -1.53992511     -1.80879974     -2.54245210     -2.54245210     -3.22658701     -3.24777203     -3.24777203     -3.66303231     -3.66303231     -3.89689280     -3.89689280     -4.45644530     -4.45644530     -4.81341299     -5.31468007     -5.31468007     -5.45897229     -5.45897229     -5.93190694     -5.93190694     -6.16429222     -6.16429222     -6.23120026     -6.57955250     -6.57955250     -6.58102771     -6.58102771     -6.66912077     -6.66912077     -7.14058020     -7.14058020     -7.35325568     -7.58355470     -7.58355470     -7.67164776     -7.67164776     -7.72784692     -7.72784692     -7.94052239     -8.02000000     -8.02000000     -8.02000000     -8.02000000     -8.02000000     -8.02000000     -8.02000000     -8.02000000     -8.23267547     -8.23267547     -8.28887463     -8.28887463     -8.37696769     -8.37696769     -8.70413490     -8.70413490     -8.79222797     -8.79222797     -8.93652019     -8.93652019
      0.69477744      8.91876316      8.91876316      8.81815799      8.81815799      8.74782196      8.74782196      8.29041137      8.29041137      8.22007534      8.22007534      8.18980621      8.18980621      8.02000000      8.02000000      8.02000000      8.02000000      8.02000000      8.02000000      8.02000000      8.02000000      7.97719298      7.80738678      7.80738678      7.77711765      7.77711765      7.70678161      7.70678161      7.23084655      7.06104035      7.06104035      6.64835179      6.64835179      6.50302459      6.50302459      6.43268856      6.43268856      6.40546943      6.12060516      6.12060516      5.94966397      5.94966397      5.60731144      5.60731144      5.50670628      5.50670628      4.60362976      4.33321839      4.33321839      3.74958863      3.74958863      3.70486660      3.70486660      3.43637024      3.22184201      3.22184201      2.70854828      2.70854828      1.63453057      1.43445523      1.43445523      1.02176667      1.02176667      0.80915345      0.06280702     -0.06280702     -0.80915345     -1.02176667     -1.02176667     -1.43445523     -1.43445523     -1.63453057     -2.70854828     -2.70854828     -3.22184201     -3.22184201     -3.43637024     -3.70486660     -3.70486660     -3.74958863     -3.74958863     -4.33321839     -4.33321839     -4.60362976     -5.50670628     -5.50670628     -5.60731144     -5.60731144     -5.94966397     -5.94966397     -6.12060516     -6.12060516     -6.40546943     -6.43268856     -6.43268856     -6.50302459     -6.50302459     -6.64835179     -6.64835179     -7.06104035     -7.06104035     -7.23084655     -7.70678161     -7.70678161     -7.77711765     -7.77711765     -7.80738678     -7.80738678     -7.97719298     -8.02000000     -8.02000000     -8.02000000     -8.02000000     -8.02000000     -8.02000000     -8.02000000     -8.02000000     -8.18980621     -8.18980621     -8.22007534     -8.22007534     -8.29041137     -8.29041137     -8.74782196     -8.74782196     -8.81815799     -8.81815799     -8.91876316     -8.91876316
      0.70456304      8.89679801      8.89679801      8.83615633      8.83615633      8.78778545      8.78778545      8.19741932      8.19741932      8.14904844      8.14904844      8.13677765      8.13677765      8.02000000      8.02000000      8.02000000      8.02000000      8.02000000      8.02000000      8.02000000      8.02000000      8.00264648      7.88586884      7.88586884      7.87359805      7.87359805      7.82522716      7.82522716      7.09933593      6.98255829      6.98255829      6.71937869      6.71937869      6.57297673      6.33155048      6.33155048      6.28317960      6.28317960      6.08064168      6.08064168      5.97162912      5.97162912      5.75682040      5.75682040      5.69617873      5.69617873      4.39219216      4.21477284      4.21477284      3.84258068      3.84258068      3.64780784      3.51539415      3.51539415      3.20384367      3.20384367      2.88002239      2.88002239      1.46702327      1.33797483      1.33797483      1.07479523      1.07479523      0.94066407      0.03735352     -0.03735352     -0.94066407     -1.07479523     -1.07479523     -1.33797483     -1.33797483     -1.46702327     -2.88002239     -2.88002239     -3.20384367     -3.20384367     -3.51539415     -3.51539415     -3.64780784     -3.84258068     -3.84258068     -4.21477284     -4.21477284     -4.39219216     -5.69617873     -5.69617873     -5.75682040     -5.75682040     -5.97162912     -5.97162912     -6.08064168     -6.08064168     -6.28317960     -6.28317960     -6.33155048     -6.33155048     -6.57297673     -6.71937869     -6.71937869     -6.98255829     -6.98255829     -7.09933593     -7.82522716     -7.82522716     -7.87359805     -7.87359805     -7.88586884     -7.88586884     -8.00264648     -8.02000000     -8.02000000     -8.02000000     -8.02000000     -8.02000000     -8.02000000     -8.02000000     -8.02000000     -8.13677765     -8.13677765     -8.14904844     -8.14904844     -8.19741932     -8.19741932     -8.78778545     -8.78778545     -8.83615633     -8.83615633     -8.89679801     -8.89679801
      0.71434864      8.87068701      8.87068701      8.84617197      8.84617197      8.82391209      8.82391209      8.09825514      8.09825514      8.07599526      8.07599526      8.07374011      8.07374011      8.02000000      8.02000000      8.02000000      8.02000000      8.02000000      8.02000000      8.02000000      8.02000000      8.01681074      7.96307063      7.96307063      7.96081548      7.96081548      7.93855560      7.93855560      6.95909660      6.90535650      6.90535650      6.79243187      6.79243187      6.73324735      6.15518451      6.15518451      6.13292463      6.13292463      6.04451503      6.04451503      5.99774012      5.99774012      5.90707537      5.90707537      5.88256034      5.88256034      4.17969954      4.10144440      4.10144440      3.94174486      3.94174486      3.86030046      3.32901254      3.32901254      3.19382803      3.19382803      3.05638836      3.05638836      1.30675265      1.25075740      1.25075740      1.13783277      1.13783277      1.08090340      0.02318926     -0.02318926     -1.08090340     -1.13783277     -1.13783277     -1.25075740     -1.25075740     -1.30675265     -3.05638836     -3.05638836     -3.19382803     -3.19382803     -3.32901254     -3.32901254     -3.86030046     -3.94174486     -3.94174486     -4.10144440     -4.10144440     -4.17969954     -5.88256034     -5.88256034     -5.90707537     -5.90707537     -5.99774012     -5.99774012     -6.04451503     -6.04451503     -6.13292463     -6.13292463     -6.15518451     -6.15518451     -6.73324735     -6.79243187     -6.79243187     -6.90535650     -6.90535650     -6.95909660     -7.93855560     -7.93855560     -7.96081548     -7.96081548     -7.96307063     -7.96307063     -8.01681074     -8.02000000     -8.02000000     -8.02000000     -8.02000000     -8.02000000     -8.02000000     -8.02000000     -8.02000000     -8.07374011     -8.07374011     -8.07599526     -8.07599526     -8.09825514     -8.09825514     -8.82391209     -8.82391209     -8.84617197     -8.84617197     -8.87068701     -8.87068701
      0.72413424      8.85609948      8.85609948      8.84817652      8.84817652      8.84050416      8.84050416      8.04644568      8.04644568      8.03877332      8.03877332      8.03852272      8.03852272      8.02000000      8.02000000      8.02000000      8.02000000      8.02000000      8.02000000      8.02000000      8.02000000      8.01964560      8.00112288      8.00112288      8.00087228      8.00087228      7.99319992      7.99319992      6.88582696      6.86730425      6.86730425      6.82965381      6.82965381      6.81052608      6.06532280      6.06532280      6.05765044      6.05765044      6.02792296      6.02792296      6.01232764      6.01232764      5.98234956      5.98234956      5.97442660      5.97442660      4.07324576      4.04680008      4.04680008      3.99355432      3.99355432      3.96675424      3.23714628      3.23714628      3.19182348      3.19182348      3.14625008      3.14625008      1.22947392      1.21070060      1.21070060      1.17305016      1.17305016      1.15417304      0.02035440     -0.02035440     -1.15417304     -1.17305016     -1.17305016     -1.21070060     -1.21070060     -1.22947392     -3.14625008     -3.14625008     -3.19182348     -3.19182348     -3.23714628     -3.23714628     -3.96675424     -3.99355432     -3.99355432     -4.04680008     -4.04680008     -4.07324576     -5.97442660     -5.97442660     -5.98234956     -5.98234956     -6.01232764     -6.01232764     -6.02792296     -6.02792296     -6.05765044     -6.05765044     -6.06532280     -6.06532280     -6.81052608     -6.82965381     -6.82965381     -6.86730425     -6.86730425     -6.88582696     -7.99319992     -7.99319992     -8.00087228     -8.00087228     -8.00112288     -8.00112288     -8.01964560     -8.02000000     -8.02000000     -8.02000000     -8.02000000     -8.02000000     -8.02000000     -8.02000000     -8.02000000     -8.03852272     -8.03852272     -8.03877332     -8.03877332     -8.04644568     -8.04644568     -8.84050416     -8.84050416     -8.84817652     -8.84817652     -8.85609948     -8.85609948
      0.73391983      8.88425639      8.88425639      8.84216430      8.84216430      8.80633504      8.80633504      8.14859158      8.14859158      8.11276232      8.11276232      8.10649949      8.10649949      8.02000000      8.02000000      8.02000000      8.02000000      8.02000000      8.02000000      8.02000000      8.02000000      8.01114303      7.92464354      7.92464354      7.91838071      7.91838071      7.88255145      7.88255145      7.03028308      6.94378359      6.94378359      6.75566481      6.75566481      6.65404552      6.24394804      6.24394804      6.20811878      6.20811878      6.06209209      6.06209209      5.98417074      5.98417074      5.83188122      5.83188122      5.78978913      5.78978913      4.28604013      4.15744855      4.15744855      3.89140842      3.89140842      3.75395987      3.42178375      3.42178375      3.19783570      3.19783570      2.96762483      2.96762483      1.38595448      1.29319217      1.29319217      1.10507339      1.10507339      1.00971692      0.02885697     -0.02885697     -1.00971692     -1.10507339     -1.10507339     -1.29319217     -1.29319217     -1.38595448     -2.96762483     -2.96762483     -3.19783570     -3.19783570     -3.42178375     -3.42178375     -3.75395987     -3.89140842     -3.89140842     -4.15744855     -4.15744855     -4.28604013     -5.78978913     -5.78978913     -5.83188122     -5.83188122     -5.98417074     -5.98417074     -6.06209209     -6.06209209     -6.20811878     -6.20811878     -6.24394804     -6.24394804     -6.65404552     -6.75566481     -6.75566481     -6.94378359     -6.94378359     -7.03028308     -7.88255145     -7.88255145     -7.91838071     -7.91838071     -7.92464354     -7.92464354     -8.01114303     -8.02000000     -8.02000000     -8.02000000     -8.02000000     -8.02000000     -8.02000000     -8.02000000     -8.02000000     -8.10649949     -8.10649949     -8.11276232     -8.11276232     -8.14859158     -8.14859158     -8.80633504     -8.80633504     -8.84216430     -8.84216430     -8.88425639     -8.88425639
      0.74370543      8.90830298      8.90830298      8.82815234      8.82815234      8.76827648      8.76827648      8.24470376      8.24470376      8.18482790      8.18482790      8.16455311      8.16455311      8.02000000      8.02000000      8.02000000      8.02000000      8.02000000      8.02000000      8.02000000      8.02000000      7.99132713      7.84677401      7.84677401      7.82649923      7.82649923      7.76662337      7.76662337      7.16620622      7.02165311      7.02165311      6.68359923      6.68359923      6.49009846      6.41792974      6.41792974      6.35805388      6.35805388      6.10015064      6.10015064      5.96012414      5.96012414      5.68194612      5.68194612      5.60179548      5.60179548      4.49808038      4.27337663      4.27337663      3.79529624      3.79529624      3.60977740      3.60977740      3.54191962      3.21184766      3.21184766      2.79364313      2.79364313      1.54990154      1.38507364      1.38507364      1.04701976      1.04701976      0.87379378      0.04867287     -0.04867287     -0.87379378     -1.04701976     -1.04701976     -1.38507364     -1.38507364     -1.54990154     -2.79364313     -2.79364313     -3.21184766     -3.21184766     -3.54191962     -3.60977740     -3.60977740     -3.79529624     -3.79529624     -4.27337663     -4.27337663     -4.49808038     -5.60179548     -5.60179548     -5.68194612     -5.68194612     -5.96012414     -5.96012414     -6.10015064     -6.10015064     -6.35805388     -6.35805388     -6.41792974     -6.41792974     -6.49009846     -6.68359923     -6.68359923     -7.02165311     -7.02165311     -7.16620622     -7.76662337     -7.76662337     -7.82649923     -7.82649923     -7.84677401     -7.84677401     -7.99132713     -8.02000000     -8.02000000     -8.02000000     -8.02000000     -8.02000000     -8.02000000     -8.02000000     -8.02000000     -8.16455311     -8.16455311     -8.18482790     -8.18482790     -8.24470376     -8.24470376     -8.76827648     -8.76827648     -8.82815234     -8.82815234     -8.90830298     -8.90830298
      0.75349103      8.92817112      8.92817112      8.80618037      8.80618037      8.72643638      8.72643638      8.33450977      8.33450977      8.25476578      8.25476578      8.21251902      8.21251902      8.02000000      8.02000000      8.02000000      8.02000000      8.02000000      8.02000000      8.02000000      8.02000000      7.96025407      7.76773505      7.76773505      7.72548829      7.72548829      7.64574430      7.64574430      7.29321110      7.10069208      7.10069208      6.61366135      6.61366135      6.58677472      6.58677472      6.50703073      6.50703073      6.31914964      6.14199074      6.14199074      5.94025601      5.94025601      5.53296927      5.53296927      5.41097853      5.41097853      4.70876547      4.39425570      4.39425570      3.80059435      3.80059435      3.70549023      3.70549023      3.33123453      3.23381963      3.23381963      2.62479815      2.62479815      1.72085036      1.48608458      1.48608458      0.99905385      0.99905385      0.74678890      0.07974593     -0.07974593     -0.74678890     -0.99905385     -0.99905385     -1.48608458     -1.48608458     -1.72085036     -2.62479815     -2.62479815     -3.23381963     -3.23381963     -3.33123453     -3.70549023     -3.70549023     -3.80059435     -3.80059435     -4.39425570     -4.39425570     -4.70876547     -5.41097853     -5.41097853     -5.53296927     -5.53296927     -5.94025601     -5.94025601     -6.14199074     -6.14199074     -6.31914964     -6.50703073     -6.50703073     -6.58677472     -6.58677472     -6.61366135     -6.61366135     -7.10069208     -7.10069208     -7.29321110     -7.64574430     -7.64574430     -7.72548829     -7.72548829     -7.76773505     -7.76773505     -7.96025407     -8.02000000     -8.02000000     -8.02000000     -8.02000000     -8.02000000     -8.02000000     -8.02000000     -8.02000000     -8.21251902     -8.21251902     -8.25476578     -8.25476578     -8.33450977     -8.33450977     -8.72643638     -8.72643638     -8.80618037     -8.80618037     -8.92817112     -8.92817112
      0.76327663      8.94380446      8.94380446      8.77631067      8.77631067      8.68093333      8.68093333      8.41775505      8.41775505      8.32237771      8.32237771      8.25026126      8.25026126      8.02000000      8.02000000      8.02000000      8.02000000      8.02000000      8.02000000      8.02000000      8.02000000      7.91801193      7.68775067      7.68775067      7.61563422      7.61563422      7.52025688      7.52025688      7.41093771      7.18067645      7.18067645      6.75000438      6.75000438      6.65462704      6.65462704      6.54604941      6.54604941      6.18749379      6.18749379      6.14168363      5.92462266      5.92462266      5.38537296      5.38537296      5.21787917      5.21787917      4.91749817      4.51974312      4.51974312      3.99369370      3.99369370      3.62224495      3.62224495      3.26368933      3.26368933      3.12250183      2.46156850      2.46156850      1.89831637      1.59593865      1.59593865      0.96131161      0.96131161      0.62906229      0.12198807     -0.12198807     -0.62906229     -0.96131161     -0.96131161     -1.59593865     -1.59593865     -1.89831637     -2.46156850     -2.46156850     -3.12250183     -3.26368933     -3.26368933     -3.62224495     -3.62224495     -3.99369370     -3.99369370     -4.51974312     -4.51974312     -4.91749817     -5.21787917     -5.21787917     -5.38537296     -5.38537296     -5.92462266     -5.92462266     -6.14168363     -6.18749379     -6.18749379     -6.54604941     -6.54604941     -6.65462704     -6.65462704     -6.75000438     -6.75000438     -7.18067645     -7.18067645     -7.41093771     -7.52025688     -7.52025688     -7.61563422     -7.61563422     -7.68775067     -7.68775067     -7.91801193     -8.02000000     -8.02000000     -8.02000000     -8.02000000     -8.02000000     -8.02000000     -8.02000000     -8.02000000     -8.25026126     -8.25026126     -8.32237771     -8.32237771     -8.41775505     -8.41775505     -8.68093333     -8.68093333     -8.77631067     -8.77631067     -8.94380446     -8.94380446
      0.77306222      8.95515871      8.95515871      8.73862791      8.73862791      8.63189633      8.63189633      8.49420364      8.49420364      8.38747205      8.38747205      8.27767284      8.27767284      8.02000000      8.02000000      8.02000000      8.02000000      8.02000000      8.02000000      8.02000000      8.02000000      7.86472046      7.60704762      7.60704762      7.51905234      7.49724841      7.49724841      7.39051682      7.39051682      7.26137950      7.26137950      6.90715601      6.90715601      6.80042443      6.80042443      6.48095507      6.48095507      6.23653080      6.23653080      5.95820348      5.91326842      5.91326842      5.23957557      5.23957557      5.12368681      5.02304477      5.02304477      4.64948318      4.64948318      4.18852810      4.18852810      3.54579636      3.54579636      3.30137209      3.30137209      2.91631319      2.30441686      2.30441686      2.08179652      1.71432447      1.71432447      0.93390004      0.93390004      0.52094766      0.17527954     -0.17527954     -0.52094766     -0.93390004     -0.93390004     -1.71432447     -1.71432447     -2.08179652     -2.30441686     -2.30441686     -2.91631319     -3.30137209     -3.30137209     -3.54579636     -3.54579636     -4.18852810     -4.18852810     -4.64948318     -4.64948318     -5.02304477     -5.02304477     -5.12368681     -5.23957557     -5.23957557     -5.91326842     -5.91326842     -5.95820348     -6.23653080     -6.23653080     -6.48095507     -6.48095507     -6.80042443     -6.80042443     -6.90715601     -6.90715601     -7.26137950     -7.26137950     -7.39051682     -7.39051682     -7.49724841     -7.49724841     -7.51905234     -7.60704762     -7.60704762     -7.86472046     -8.02000000     -8.02000000     -8.02000000     -8.02000000     -8.02000000     -8.02000000     -8.02000000     -8.02000000     -8.27767284     -8.27767284     -8.38747205     -8.38747205     -8.49420364     -8.49420364     -8.63189633     -8.63189633     -8.73862791     -8.73862791     -8.95515871     -8.95515871
      0.78284782      8.96220167      8.96220167      8.69323890      8.69323890      8.57946435      8.57946435      8.56363882      8.56363882      8.44986428      8.44986428      8.29467605      8.29467605      8.02000000      8.02000000      8.02000000      8.02000000      8.02000000      8.02000000      8.02000000      8.02000000      7.80053071      7.61724852      7.52585466      7.52585466      7.37066643      7.37066643      7.34257247      7.34257247      7.25689189      7.25689189      7.05778417      7.05778417      6.94400962      6.94400962      6.41856285      6.41856285      6.28896277      6.28896277      5.90622545      5.90622545      5.76922928      5.32674694      5.09599038      5.09599038      4.82702761      4.82702761      4.78310811      4.78310811      4.38454526      4.38454526      3.47636118      3.47636118      3.34676110      3.34676110      2.71325306      2.27077072      2.15378871      2.15378871      1.84090644      1.84090644      0.91689682      0.91689682      0.42275148      0.23946929     -0.23946929     -0.42275148     -0.91689682     -0.91689682     -1.84090644     -1.84090644     -2.15378871     -2.15378871     -2.27077072     -2.71325306     -3.34676110     -3.34676110     -3.47636118     -3.47636118     -4.38454526     -4.38454526     -4.78310811     -4.78310811     -4.82702761     -4.82702761     -5.09599038     -5.09599038     -5.32674694     -5.76922928     -5.90622545     -5.90622545     -6.28896277     -6.28896277     -6.41856285     -6.41856285     -6.94400962     -6.94400962     -7.05778417     -7.05778417     -7.25689189     -7.25689189     -7.34257247     -7.34257247     -7.37066643     -7.37066643     -7.52585466     -7.52585466     -7.61724852     -7.80053071     -8.02000000     -8.02000000     -8.02000000     -8.02000000     -8.02000000     -8.02000000     -8.02000000     -8.02000000     -8.29467605     -8.29467605     -8.44986428     -8.44986428     -8.56363882     -8.56363882     -8.57946435     -8.57946435     -8.69323890     -8.69323890     -8.96220167     -8.96220167
      0.79263342      8.96491339      8.96491339      8.64027231      8.64027231      8.62586379      8.62586379      8.52378605      8.52378605      8.50937753      8.50937753      8.30122271      8.30122271      8.02000000      8.02000000      8.02000000      8.02000000      8.02000000      8.02000000      8.02000000      8.02000000      7.72562463      7.70524791      7.44440192      7.44440192      7.42402520      7.42402520      7.23624711      7.23624711      7.20146187      7.20146187      7.11976084      7.11976084      7.08497560      7.08497560      6.35904960      6.35904960      6.34464108      6.34464108      5.90351374      5.90351374      5.57529670      5.52610294      4.95502440      4.95502440      4.92023916      4.92023916      4.63038332      4.63038332      4.58118956      4.58118956      3.41413621      3.41413621      3.39972769      3.39972769      2.51389706      2.46470330      2.01011101      2.01011101      1.97532577      1.97532577      0.91035017      0.91035017      0.33475209      0.31437537     -0.31437537     -0.33475209     -0.91035017     -0.91035017     -1.97532577     -1.97532577     -2.01011101     -2.01011101     -2.46470330     -2.51389706     -3.39972769     -3.39972769     -3.41413621     -3.41413621     -4.58118956     -4.58118956     -4.63038332     -4.63038332     -4.92023916     -4.92023916     -4.95502440     -4.95502440     -5.52610294     -5.57529670     -5.90351374     -5.90351374     -6.34464108     -6.34464108     -6.35904960     -6.35904960     -7.08497560     -7.08497560     -7.11976084     -7.11976084     -7.20146187     -7.20146187     -7.23624711     -7.23624711     -7.42402520     -7.42402520     -7.44440192     -7.44440192     -7.70524791     -7.72562463     -8.02000000     -8.02000000     -8.02000000     -8.02000000     -8.02000000     -8.02000000     -8.02000000     -8.02000000     -8.30122271     -8.30122271     -8.50937753     -8.50937753     -8.52378605     -8.52378605     -8.62586379     -8.62586379     -8.64027231     -8.64027231     -8.96491339     -8.96491339
      0.80241902      8.96328616      8.96328616      8.68070215      8.68070215      8.57987827      8.57987827      8.56584311      8.56584311      8.46501923      8.46501923      8.29729425      8.29729425      8.02000000      8.02000000      8.02000000      8.02000000      8.02000000      8.02000000      8.02000000      8.02000000      7.78280107      7.64021456      7.50550682      7.50550682      7.36292031      7.36292031      7.33778184      7.33778184      7.22292280      7.22292280      7.09437145      7.09437145      6.97951241      6.97951241      6.40340790      6.40340790      6.30258401      6.30258401      5.90514096      5.90514096      5.72118974      5.37695546      5.06048759      5.06048759      4.81707720      4.81707720      4.77790358      4.77790358      4.43366930      4.43366930      3.46012173      3.46012173      3.35929785      3.35929785      2.66304454      2.31881026      2.11720142      2.11720142      1.87379103      1.87379103      0.91427862      0.91427862      0.39978544      0.25719893     -0.25719893     -0.39978544     -0.91427862     -0.91427862     -1.87379103     -1.87379103     -2.11720142     -2.11720142     -2.31881026     -2.66304454     -3.35929785     -3.35929785     -3.46012173     -3.46012173     -4.43366930     -4.43366930     -4.77790358     -4.77790358     -4.81707720     -4.81707720     -5.06048759     -5.06048759     -5.37695546     -5.72118974     -5.90514096     -5.90514096     -6.30258401     -6.30258401     -6.40340790     -6.40340790     -6.97951241     -6.97951241     -7.09437145     -7.09437145     -7.22292280     -7.22292280     -7.33778184     -7.33778184     -7.36292031     -7.36292031     -7.50550682     -7.50550682     -7.64021456     -7.78280107     -8.02000000     -8.02000000     -8.02000000     -8.02000000     -8.02000000     -8.02000000     -8.02000000     -8.02000000     -8.29729425     -8.29729425     -8.46501923     -8.46501923     -8.56584311     -8.56584311     -8.57987827     -8.57987827     -8.68070215     -8.68070215     -8.96328616     -8.96328616
      0.81220462      8.95732462      8.95732462      8.72799846      8.72799846      8.61910097      8.61910097      8.51222797      8.51222797      8.40333047      8.40333047      8.28290181      8.28290181      8.02000000      8.02000000      8.02000000      8.02000000      8.02000000      8.02000000      8.02000000      8.02000000      7.84968815      7.58678634      7.58678634      7.54454260      7.46635768      7.46635768      7.35746018      7.35746018      7.28164078      7.28164078      6.94544163      6.94544163      6.83654413      6.83654413      6.46509665      6.46509665      6.24932616      6.24932616      5.91145433      5.91110250      5.91110250      5.20345587      5.20345587      5.17476779      4.97412971      4.97412971      4.68253982      4.68253982      4.23744317      4.23744317      3.52777203      3.52777203      3.31200154      3.31200154      2.86523221      2.26613124      2.26613124      2.12854567      1.74521520      1.74521520      0.92867106      0.92867106      0.49545740      0.19031185     -0.19031185     -0.49545740     -0.92867106     -0.92867106     -1.74521520     -1.74521520     -2.12854567     -2.26613124     -2.26613124     -2.86523221     -3.31200154     -3.31200154     -3.52777203     -3.52777203     -4.23744317     -4.23744317     -4.68253982     -4.68253982     -4.97412971     -4.97412971     -5.17476779     -5.20345587     -5.20345587     -5.91110250     -5.91110250     -5.91145433     -6.24932616     -6.24932616     -6.46509665     -6.46509665     -6.83654413     -6.83654413     -6.94544163     -6.94544163     -7.28164078     -7.28164078     -7.35746018     -7.35746018     -7.46635768     -7.46635768     -7.54454260     -7.58678634     -7.58678634     -7.84968815     -8.02000000     -8.02000000     -8.02000000     -8.02000000     -8.02000000     -8.02000000     -8.02000000     -8.02000000     -8.28290181     -8.28290181     -8.40333047     -8.40333047     -8.51222797     -8.51222797     -8.61910097     -8.61910097     -8.72799846     -8.72799846     -8.95732462     -8.95732462
      0.82199021      8.94704565      8.94704565      8.76761866      8.76761866      8.66900013      8.66900013      8.43751319      8.43751319      8.33889466      8.33889466      8.25808619      8.25808619      8.02000000      8.02000000      8.02000000      8.02000000      8.02000000      8.02000000      8.02000000      8.02000000      7.90571957      7.66763338      7.66763338      7.58682492      7.58682492      7.48820639      7.48820639      7.43887994      7.20079374      7.20079374      6.78987980      6.78987980      6.69126128      6.69126128      6.52953247      6.52953247      6.19942699      6.19942699      6.09635738      5.92138147      5.92138147      5.34873872      5.34873872      5.16931173      5.16931173      4.96930680      4.55179361      4.55179361      4.04226115      4.04226115      3.60248681      3.60248681      3.27238134      3.27238134      3.07069320      2.42169307      2.42169307      1.94364262      1.62474796      1.62474796      0.95348668      0.95348668      0.60112006      0.13428043     -0.13428043     -0.60112006     -0.95348668     -0.95348668     -1.62474796     -1.62474796     -1.94364262     -2.42169307     -2.42169307     -3.07069320     -3.27238134     -3.27238134     -3.60248681     -3.60248681     -4.04226115     -4.04226115     -4.55179361     -4.55179361     -4.96930680     -5.16931173     -5.16931173     -5.34873872     -5.34873872     -5.92138147     -5.92138147     -6.09635738     -6.19942699     -6.19942699     -6.52953247     -6.52953247     -6.69126128     -6.69126128     -6.78987980     -6.78987980     -7.20079374     -7.20079374     -7.43887994     -7.48820639     -7.48820639     -7.58682492     -7.58682492     -7.66763338     -7.66763338     -7.90571957     -8.02000000     -8.02000000     -8.02000000     -8.02000000     -8.02000000     -8.02000000     -8.02000000     -8.02000000     -8.25808619     -8.25808619     -8.33889466     -8.33889466     -8.43751319     -8.43751319     -8.66900013     -8.66900013     -8.76761866     -8.76761866     -8.94704565     -8.94704565
      0.83177581      8.93247840      8.93247840      8.79945043      8.79945043      8.71539916      8.71539916      8.35594570      8.35594570      8.27189442      8.27189442      8.22291773      8.22291773      8.02000000      8.02000000      8.02000000      8.02000000      8.02000000      8.02000000      8.02000000      8.02000000      7.95073650      7.74781877      7.74781877      7.69884208      7.69884208      7.61479080      7.61479080      7.32352609      7.12060836      7.12060836      6.62812693      6.62812693      6.59653270      6.59653270      6.54407565      6.54407565      6.27537478      6.15302797      6.15302797      5.93594872      5.93594872      5.49592435      5.49592435      5.36289638      5.36289638      4.76115490      4.42520920      4.42520920      3.84867650      3.84867650      3.68405430      3.68405430      3.27884510      3.24054957      3.24054957      2.58344595      2.58344595      1.76462522      1.51273080      1.51273080      0.98865515      0.98865515      0.71647391      0.08926350     -0.08926350     -0.71647391     -0.98865515     -0.98865515     -1.51273080     -1.51273080     -1.76462522     -2.58344595     -2.58344595     -3.24054957     -3.24054957     -3.27884510     -3.68405430     -3.68405430     -3.84867650     -3.84867650     -4.42520920     -4.42520920     -4.76115490     -5.36289638     -5.36289638     -5.49592435     -5.49592435     -5.93594872     -5.93594872     -6.15302797     -6.15302797     -6.27537478     -6.54407565     -6.54407565     -6.59653270     -6.59653270     -6.62812693     -6.62812693     -7.12060836     -7.12060836     -7.32352609     -7.61479080     -7.61479080     -7.69884208     -7.69884208     -7.74781877     -7.74781877     -7.95073650     -8.02000000     -8.02000000     -8.02000000     -8.02000000     -8.02000000     -8.02000000     -8.02000000     -8.02000000     -8.22291773     -8.22291773     -8.27189442     -8.27189442     -8.35594570     -8.35594570     -8.71539916     -8.71539916     -8.79945043     -8.79945043     -8.93247840     -8.93247840
      0.84156141      8.91366415      8.91366415      8.82340355      8.82340355      8.75816652      8.75816652      8.26775672      8.26775672      8.20251969      8.20251969      8.17749612      8.17749612      8.02000000      8.02000000      8.02000000      8.02000000      8.02000000      8.02000000      8.02000000      8.02000000      7.98461132      7.82711521      7.82711521      7.80209163      7.80209163      7.73685461      7.73685461      7.19880803      7.04131192      7.04131192      6.66590744      6.66590744      6.46064151      6.46064151      6.44799907      6.39540448      6.39540448      6.11026060      6.11026060      5.95476297      5.95476297      5.64459552      5.64459552      5.55433492      5.55433492      4.55090211      4.30314539      4.30314539      3.77224328      3.77224328      3.65723796      3.65723796      3.48909789      3.21659645      3.21659645      2.75093137      2.75093137      1.59200093      1.40948124      1.40948124      1.03407676      1.03407676      0.84119197      0.05538868     -0.05538868     -0.84119197     -1.03407676     -1.03407676     -1.40948124     -1.40948124     -1.59200093     -2.75093137     -2.75093137     -3.21659645     -3.21659645     -3.48909789     -3.65723796     -3.65723796     -3.77224328     -3.77224328     -4.30314539     -4.30314539     -4.55090211     -5.55433492     -5.55433492     -5.64459552     -5.64459552     -5.95476297     -5.95476297     -6.11026060     -6.11026060     -6.39540448     -6.39540448     -6.44799907     -6.46064151     -6.46064151     -6.66590744     -6.66590744     -7.04131192     -7.04131192     -7.19880803     -7.73685461     -7.73685461     -7.80209163     -7.80209163     -7.82711521     -7.82711521     -7.98461132     -8.02000000     -8.02000000     -8.02000000     -8.02000000     -8.02000000     -8.02000000     -8.02000000     -8.02000000     -8.17749612     -8.17749612     -8.20251969     -8.20251969     -8.26775672     -8.26775672     -8.75816652     -8.75816652     -8.82340355     -8.82340355     -8.91366415     -8.91366415
      0.85134701      8.89065624      8.89065624      8.83941012      8.83941012      8.79718100      8.79718100      8.17319623      8.17319623      8.13096711      8.13096711      8.12195010      8.12195010      8.02000000      8.02000000      8.02000000      8.02000000      8.02000000      8.02000000      8.02000000      8.02000000      8.00724803      7.90529792      7.90529792      7.89628092      7.89628092      7.85405180      7.85405180      7.06507930      6.96312920      6.96312920      6.73746002      6.73746002      6.61374093      6.28789830      6.28789830      6.24566919      6.24566919      6.07124612      6.07124612      5.97777088      5.97777088      5.79433081      5.79433081      5.74308469      5.74308469      4.33914442      4.18594820      4.18594820      3.86680377      3.86680377      3.70085558      3.46848818      3.46848818      3.20058988      3.20058988      2.92367457      2.92367457      1.42625907      1.31529196      1.31529196      1.08962277      1.08962277      0.97492070      0.03275197     -0.03275197     -0.97492070     -1.08962277     -1.08962277     -1.31529196     -1.31529196     -1.42625907     -2.92367457     -2.92367457     -3.20058988     -3.20058988     -3.46848818     -3.46848818     -3.70085558     -3.86680377     -3.86680377     -4.18594820     -4.18594820     -4.33914442     -5.74308469     -5.74308469     -5.79433081     -5.79433081     -5.97777088     -5.97777088     -6.07124612     -6.07124612     -6.24566919     -6.24566919     -6.28789830     -6.28789830     -6.61374093     -6.73746002     -6.73746002     -6.96312920     -6.96312920     -7.06507930     -7.85405180     -7.85405180     -7.89628092     -7.89628092     -7.90529792     -7.90529792     -8.00724803     -8.02000000     -8.02000000     -8.02000000     -8.02000000     -8.02000000     -8.02000000     -8.02000000     -8.02000000     -8.12195010     -8.12195010     -8.13096711     -8.13096711     -8.17319623     -8.17319623     -8.79718100     -8.79718100     -8.83941012     -8.83941012     -8.89065624     -8.89065624
      0.86113260      8.86351988      8.86351988      8.84742476      8.84742476      8.83233200      8.83233200      8.07253227      8.07253227      8.05743951      8.05743951      8.05643714      8.05643714      8.02000000      8.02000000      8.02000000      8.02000000      8.02000000      8.02000000      8.02000000      8.02000000      8.01858244      7.98214530      7.98214530      7.98114294      7.98114294      7.96605018      7.96605018      6.92271897      6.88628182      6.88628182      6.81098762      6.81098762      6.77213056      6.11038696      6.11038696      6.09529420      6.09529420      6.03609512      6.03609512      6.00490724      6.00490724      5.94470580      5.94470580      5.92861067      5.92861067      4.12648209      4.07394982      4.07394982      3.96746773      3.96746773      3.91351791      3.28296220      3.28296220      3.19257524      3.19257524      3.10118591      3.10118591      1.26786944      1.23042994      1.23042994      1.15513573      1.15513573      1.11728103      0.02141756     -0.02141756     -1.11728103     -1.15513573     -1.15513573     -1.23042994     -1.23042994     -1.26786944     -3.10118591     -3.10118591     -3.19257524     -3.19257524     -3.28296220     -3.28296220     -3.91351791     -3.96746773     -3.96746773     -4.07394982     -4.07394982     -4.12648209     -5.92861067     -5.92861067     -5.94470580     -5.94470580     -6.00490724     -6.00490724     -6.03609512     -6.03609512     -6.09529420     -6.09529420     -6.11038696     -6.11038696     -6.77213056     -6.81098762     -6.81098762     -6.88628182     -6.88628182     -6.92271897     -7.96605018     -7.96605018     -7.98114294     -7.98114294     -7.98214530     -7.98214530     -8.01858244     -8.02000000     -8.02000000     -8.02000000     -8.02000000     -8.02000000     -8.02000000     -8.02000000     -8.02000000     -8.05643714     -8.05643714     -8.05743951     -8.05743951     -8.07253227     -8.07253227     -8.83233200     -8.83233200     -8.84742476     -8.84742476     -8.86351988     -8.86351988
      0.87091820      8.86351988      8.86351988      8.84742476      8.84742476      8.83233200      8.83233200      8.07253227      8.07253227      8.05743951      8.05743951      8.05643714      8.05643714      8.02000000      8.02000000      8.02000000      8.02000000      8.02000000      8.02000000      8.02000000      8.02000000      8.01858244      7.98214530      7.98214530      7.98114294      7.98114294      7.96605018      7.96605018      6.92271897      6.88628182      6.88628182      6.81098762      6.81098762      6.77213056      6.11038696      6.11038696      6.09529420      6.09529420      6.03609512      6.03609512      6.00490724      6.00490724      5.94470580      5.94470580      5.92861067      5.92861067      4.12648209      4.07394982      4.07394982      3.96746773      3.96746773      3.91351791      3.28296220      3.28296220      3.19257524      3.19257524      3.10118591      3.10118591      1.26786944      1.23042994      1.23042994      1.15513573      1.15513573      1.11728103      0.02141756     -0.02141756     -1.11728103     -1.15513573     -1.15513573     -1.23042994     -1.23042994     -1.26786944     -3.10118591     -3.10118591     -3.19257524     -3.19257524     -3.28296220     -3.28296220     -3.91351791     -3.96746773     -3.96746773     -4.07394982     -4.07394982     -4.12648209     -5.92861067     -5.92861067     -5.94470580     -5.94470580     -6.00490724     -6.00490724     -6.03609512     -6.03609512     -6.09529420     -6.09529420     -6.11038696     -6.11038696     -6.77213056     -6.81098762     -6.81098762     -6.88628182     -6.88628182     -6.92271897     -7.96605018     -7.96605018     -7.98114294     -7.98114294     -7.98214530     -7.98214530     -8.01858244     -8.02000000     -8.02000000     -8.02000000     -8.02000000     -8.02000000     -8.02000000     -8.02000000     -8.02000000     -8.05643714     -8.05643714     -8.05743951     -8.05743951     -8.07253227     -8.07253227     -8.83233200     -8.83233200     -8.84742476     -8.84742476     -8.86351988     -8.86351988
      0.88070380      8.89065624      8.89065624      8.83941012      8.83941012      8.79718100      8.79718100      8.17319623      8.17319623      8.13096711      8.13096711      8.12195010      8.12195010      8.02000000      8.02000000      8.02000000      8.02000000      8.02000000      8.02000000      8.02000000      8.02000000      8.00724803      7.90529792      7.90529792      7.89628092      7.89628092      7.85405180      7.85405180      7.06507930      6.96312920      6.96312920      6.73746002      6.73746002      6.61374093      6.28789830      6.28789830      6.24566919      6.24566919      6.07124612      6.07124612      5.97777088      5.97777088      5.79433081      5.79433081      5.74308469      5.74308469      4.33914442      4.18594820      4.18594820      3.86680377      3.86680377      3.70085558      3.46848818      3.46848818      3.20058988      3.20058988      2.92367457      2.92367457      1.42625907      1.31529196      1.31529196      1.08962277      1.08962277      0.97492070      0.03275197     -0.03275197     -0.97492070     -1.08962277     -1.08962277     -1.31529196     -1.31529196     -1.42625907     -2.92367457     -2.92367457     -3.20058988     -3.20058988     -3.46848818     -3.46848818     -3.70085558     -3.86680377     -3.86680377     -4.18594820     -4.18594820     -4.33914442     -5.74308469     -5.74308469     -5.79433081     -5.79433081     -5.97777088     -5.97777088     -6.07124612     -6.07124612     -6.24566919     -6.24566919     -6.28789830     -6.28789830     -6.61374093     -6.73746002     -6.73746002     -6.96312920     -6.96312920     -7.06507930     -7.85405180     -7.85405180     -7.89628092     -7.89628092     -7.90529792     -7.90529792     -8.00724803     -8.02000000     -8.02000000     -8.02000000     -8.02000000     -8.02000000     -8.02000000     -8.02000000     -8.02000000     -8.12195010     -8.12195010     -8.13096711     -8.13096711     -8.17319623     -8.17319623     -8.79718100     -8.79718100     -8.83941012     -8.83941012     -8.89065624     -8.89065624
      0.89048940      8.91366415      8.91366415      8.82340355      8.82340355      8.75816652      8.75816652      8.26775672      8.26775672      8.20251969      8.20251969      8.17749612      8.17749612      8.02000000      8.02000000      8.02000000      8.02000000      8.02000000      8.02000000      8.02000000      8.02000000      7.98461132      7.82711521      7.82711521      7.80209163      7.80209163      7.73685461      7.73685461      7.19880803      7.04131192      7.04131192      6.66590744      6.66590744      6.46064151      6.46064151      6.44799907      6.39540448      6.39540448      6.11026060      6.11026060      5.95476297      5.95476297      5.64459552      5.64459552      5.55433492      5.55433492      4.55090211      4.30314539      4.30314539      3.77224328      3.77224328      3.65723796      3.65723796      3.48909789      3.21659645      3.21659645      2.75093137      2.75093137      1.59200093      1.40948124      1.40948124      1.03407676      1.03407676      0.84119197      0.05538868     -0.05538868     -0.84119197     -1.03407676     -1.03407676     -1.40948124     -1.40948124     -1.59200093     -2.75093137     -2.75093137     -3.21659645     -3.21659645     -3.48909789     -3.65723796     -3.65723796     -3.77224328     -3.77224328     -4.30314539     -4.30314539     -4.55090211     -5.55433492     -5.55433492     -5.64459552     -5.64459552     -5.95476297     -5.95476297     -6.11026060     -6.11026060     -6.39540448     -6.39540448     -6.44799907     -6.46064151     -6.46064151     -6.66590744     -6.66590744     -7.04131192     -7.04131192     -7.19880803     -7.73685461     -7.73685461     -7.80209163     -7.80209163     -7.82711521     -7.82711521     -7.98461132     -8.02000000     -8.02000000     -8.02000000     -8.02000000     -8.02000000     -8.02000000     -8.02000000     -8.02000000     -8.17749612     -8.17749612     -8.20251969     -8.20251969     -8.26775672     -8.26775672     -8.75816652     -8.75816652     -8.82340355     -8.82340355     -8.91366415     -8.91366415
      0.90027500      8.93247840      8.93247840      8.79945043      8.79945043      8.71539916      8.71539916      8.35594570      8.35594570      8.27189442      8.27189442      8.22291773      8.22291773      8.02000000      8.02000000      8.02000000      8.02000000      8.02000000      8.02000000      8.02000000      8.02000000      7.95073650      7.74781877      7.74781877      7.69884208      7.69884208      7.61479080      7.61479080      7.32352609      7.12060836      7.12060836      6.62812693      6.62812693      6.59653270      6.59653270      6.54407565      6.54407565      6.27537478      6.15302797      6.15302797      5.93594872      5.93594872      5.49592435      5.49592435      5.36289638      5.36289638      4.76115490      4.42520920      4.42520920      3.84867650      3.84867650      3.68405430      3.68405430      3.27884510      3.24054957      3.24054957      2.58344595      2.58344595      1.76462522      1.51273080      1.51273080      0.98865515      0.98865515      0.71647391      0.08926350     -0.08926350     -0.71647391     -0.98865515     -0.98865515     -1.51273080     -1.51273080     -1.76462522     -2.58344595     -2.58344595     -3.24054957     -3.24054957     -3.27884510     -3.68405430     -3.68405430     -3.84867650     -3.84867650     -4.42520920     -4.42520920     -4.76115490     -5.36289638     -5.36289638     -5.49592435     -5.49592435     -5.93594872     -5.93594872     -6.15302797     -6.15302797     -6.27537478     -6.54407565     -6.54407565     -6.59653270     -6.59653270     -6.62812693     -6.62812693     -7.12060836     -7.12060836     -7.32352609     -7.61479080     -7.61479080     -7.69884208     -7.69884208     -7.74781877     -7.74781877     -7.95073650     -8.02000000     -8.02000000     -8.02000000     -8.02000000     -8.02000000     -8.02000000     -8.02000000     -8.02000000     -8.22291773     -8.22291773     -8.27189442     -8.27189442     -8.35594570     -8.35594570     -8.71539916     -8.71539916     -8.79945043     -8.79945043     -8.93247840     -8.93247840
      0.91006059      8.94704565      8.94704565      8.76761866      8.76761866      8.66900013      8.66900013      8.43751319      8.43751319      8.33889466      8.33889466      8.25808619      8.25808619      8.02000000      8.02000000      8.02000000      8.02000000      8.02000000      8.02000000      8.02000000      8.02000000      7.90571957      7.66763338      7.66763338      7.58682492      7.58682492      7.48820639      7.48820639      7.43887994      7.20079374      7.20079374      6.78987980      6.78987980      6.69126128      6.69126128      6.52953247      6.52953247      6.19942699      6.19942699      6.09635738      5.92138147      5.92138147      5.34873872      5.34873872      5.16931173      5.16931173      4.96930680      4.55179361      4.55179361      4.04226115      4.04226115      3.60248681      3.60248681      3.27238134      3.27238134      3.07069320      2.42169307      2.42169307      1.94364262      1.62474796      1.62474796      0.95348668      0.95348668      0.60112006      0.13428043     -0.13428043     -0.60112006     -0.95348668     -0.95348668     -1.62474796     -1.62474796     -1.94364262     -2.42169307     -2.42169307     -3.07069320     -3.27238134     -3.27238134     -3.60248681     -3.60248681     -4.04226115     -4.04226115     -4.55179361     -4.55179361     -4.96930680     -5.16931173     -5.16931173     -5.34873872     -5.34873872     -5.92138147     -5.92138147     -6.09635738     -6.19942699     -6.19942699     -6.52953247     -6.52953247     -6.69126128     -6.69126128     -6.78987980     -6.78987980     -7.20079374     -7.20079374     -7.43887994     -7.48820639     -7.48820639     -7.58682492     -7.58682492     -7.66763338     -7.66763338     -7.90571957     -8.02000000     -8.02000000     -8.02000000     -8.02000000     -8.02000000     -8.02000000     -8.02000000     -8.02000000     -8.25808619     -8.25808619     -8.33889466     -8.33889466     -8.43751319     -8.43751319     -8.66900013     -8.66900013     -8.76761866     -8.76761866     -8.94704565     -8.94704565
      0.91984619      8.95732462      8.95732462      8.72799846      8.72799846      8.61910097      8.61910097      8.51222797      8.51222797      8.40333047      8.40333047      8.28290181      8.28290181      8.02000000      8.02000000      8.02000000      8.02000000      8.02000000      8.02000000      8.02000000      8.02000000      7.84968815      7.58678634      7.58678634      7.54454260      7.46635768      7.46635768      7.35746018      7.35746018      7.28164078      7.28164078      6.94544163      6.94544163      6.83654413      6.83654413      6.46509665      6.46509665      6.24932616      6.24932616      5.91145433      5.91110250      5.91110250      5.20345587      5.20345587      5.17476779      4.97412971      4.97412971      4.68253982      4.68253982      4.23744317      4.23744317      3.52777203      3.52777203      3.31200154      3.31200154      2.86523221      2.26613124      2.26613124      2.12854567      1.74521520      1.74521520      0.92867106      0.92867106      0.49545740      0.19031185     -0.19031185     -0.49545740     -0.92867106     -0.92867106     -1.74521520     -1.74521520     -2.12854567     -2.26613124     -2.26613124     -2.86523221     -3.31200154     -3.31200154     -3.52777203     -3.52777203     -4.23744317     -4.23744317     -4.68253982     -4.68253982     -4.97412971     -4.97412971     -5.17476779     -5.20345587     -5.20345587     -5.91110250     -5.91110250     -5.91145433     -6.24932616     -6.24932616     -6.46509665     -6.46509665     -6.83654413     -6.83654413     -6.94544163     -6.94544163     -7.28164078     -7.28164078     -7.35746018     -7.35746018     -7.46635768     -7.46635768     -7.54454260     -7.58678634     -7.58678634     -7.84968815     -8.02000000     -8.02000000     -8.02000000     -8.02000000     -8.02000000     -8.02000000     -8.02000000     -8.02000000     -8.28290181     -8.28290181     -8.40333047     -8.40333047     -8.51222797     -8.51222797     -8.61910097     -8.61910097     -8.72799846     -8.72799846     -8.95732462     -8.95732462
      0.92963179      8.96328616      8.96328616      8.68070215      8.68070215      8.57987827      8.57987827      8.56584311      8.56584311      8.46501923      8.46501923      8.29729425      8.29729425      8.02000000      8.02000000      8.02000000      8.02000000      8.02000000      8.02000000      8.02000000      8.02000000      7.78280107      7.64021456      7.50550682      7.50550682      7.36292031      7.36292031      7.33778184      7.33778184      7.22292280      7.22292280      7.09437145      7.09437145      6.97951241      6.97951241      6.40340790      6.40340790      6.30258401      6.30258401      5.90514096      5.90514096      5.72118974      5.37695546      5.06048759      5.06048759      4.81707720      4.81707720      4.77790358      4.77790358      4.43366930      4.43366930      3.46012173      3.46012173      3.35929785      3.35929785      2.66304454      2.31881026      2.11720142      2.11720142      1.87379103      1.87379103      0.91427862      0.91427862      0.39978544      0.25719893     -0.25719893     -0.39978544     -0.91427862     -0.91427862     -1.87379103     -1.87379103     -2.11720142     -2.11720142     -2.31881026     -2.66304454     -3.35929785     -3.35929785     -3.46012173     -3.46012173     -4.43366930     -4.43366930     -4.77790358     -4.77790358     -4.81707720     -4.81707720     -5.06048759     -5.06048759     -5.37695546     -5.72118974     -5.90514096     -5.90514096     -6.30258401     -6.30258401     -6.40340790     -6.40340790     -6.97951241     -6.97951241     -7.09437145     -7.09437145     -7.22292280     -7.22292280     -7.33778184     -7.33778184     -7.36292031     -7.36292031     -7.50550682     -7.50550682     -7.64021456     -7.78280107     -8.02000000     -8.02000000     -8.02000000     -8.02000000     -8.02000000     -8.02000000     -8.02000000     -8.02000000     -8.29729425     -8.29729425     -8.46501923     -8.46501923     -8.56584311     -8.56584311     -8.57987827     -8.57987827     -8.68070215     -8.68070215     -8.96328616     -8.96328616
      0.93941739      8.96491339      8.96491339      8.64027231      8.64027231      8.62586379      8.62586379      8.52378605      8.52378605      8.50937753      8.50937753      8.30122271      8.30122271      8.02000000      8.02000000      8.02000000      8.02000000      8.02000000      8.02000000      8.02000000      8.02000000      7.72562463      7.70524791      7.44440192      7.44440192      7.42402520      7.42402520      7.23624711      7.23624711      7.20146187      7.20146187      7.11976084      7.11976084      7.08497560      7.08497560      6.35904960      6.35904960      6.34464108      6.34464108      5.90351374      5.90351374      5.57529670      5.52610294      4.95502440      4.95502440      4.92023916      4.92023916      4.63038332      4.63038332      4.58118956      4.58118956      3.41413621      3.41413621      3.39972769      3.39972769      2.51389706      2.46470330      2.01011101      2.01011101      1.97532577      1.97532577      0.91035017      0.91035017      0.33475209      0.31437537     -0.31437537     -0.33475209     -0.91035017     -0.91035017     -1.97532577     -1.97532577     -2.01011101     -2.01011101     -2.46470330     -2.51389706     -3.39972769     -3.39972769     -3.41413621     -3.41413621     -4.58118956     -4.58118956     -4.63038332     -4.63038332     -4.92023916     -4.92023916     -4.95502440     -4.95502440     -5.52610294     -5.57529670     -5.90351374     -5.90351374     -6.34464108     -6.34464108     -6.35904960     -6.35904960     -7.08497560     -7.08497560     -7.11976084     -7.11976084     -7.20146187     -7.20146187     -7.23624711     -7.23624711     -7.42402520     -7.42402520     -7.44440192     -7.44440192     -7.70524791     -7.72562463     -8.02000000     -8.02000000     -8.02000000     -8.02000000     -8.02000000     -8.02000000     -8.02000000     -8.02000000     -8.30122271     -8.30122271     -8.50937753     -8.50937753     -8.52378605     -8.52378605     -8.62586379     -8.62586379     -8.64027231     -8.64027231     -8.96491339     -8.96491339
      0.94920298      8.96220167      8.96220167      8.69323890      8.69323890      8.57946435      8.57946435      8.56363882      8.56363882      8.44986428      8.44986428      8.29467605      8.29467605      8.02000000      8.02000000      8.02000000      8.02000000      8.02000000      8.02000000      8.02000000      8.02000000      7.80053071      7.61724852      7.52585466      7.52585466      7.37066643      7.37066643      7.34257247      7.34257247      7.25689189      7.25689189      7.05778417      7.05778417      6.94400962      6.94400962      6.41856285      6.41856285      6.28896277      6.28896277      5.90622545      5.90622545      5.76922928      5.32674694      5.09599038      5.09599038      4.82702761      4.82702761      4.78310811      4.78310811      4.38454526      4.38454526      3.47636118      3.47636118      3.34676110      3.34676110      2.71325306      2.27077072      2.15378871      2.15378871      1.84090644      1.84090644      0.91689682      0.91689682      0.42275148      0.23946929     -0.23946929     -0.42275148     -0.91689682     -0.91689682     -1.84090644     -1.84090644     -2.15378871     -2.15378871     -2.27077072     -2.71325306     -3.34676110     -3.34676110     -3.47636118     -3.47636118     -4.38454526     -4.38454526     -4.78310811     -4.78310811     -4.82702761     -4.82702761     -5.09599038     -5.09599038     -5.32674694     -5.76922928     -5.90622545     -5.90622545     -6.28896277     -6.28896277     -6.41856285     -6.41856285     -6.94400962     -6.94400962     -7.05778417     -7.05778417     -7.25689189     -7.25689189     -7.34257247     -7.34257247     -7.37066643     -7.37066643     -7.52585466     -7.52585466     -7.61724852     -7.80053071     -8.02000000     -8.02000000     -8.02000000     -8.02000000     -8.02000000     -8.02000000     -8.02000000     -8.02000000     -8.29467605     -8.29467605     -8.44986428     -8.44986428     -8.56363882     -8.56363882     -8.57946435     -8.57946435     -8.69323890     -8.69323890     -8.96220167     -8.96220167
      0.95898858      8.95515871      8.95515871      8.73862791      8.73862791      8.63189633      8.63189633      8.49420364      8.49420364      8.38747205      8.38747205      8.27767284      8.27767284      8.02000000      8.02000000      8.02000000      8.02000000      8.02000000      8.02000000      8.02000000      8.02000000      7.86472046      7.60704762      7.60704762      7.51905234      7.49724841      7.49724841      7.39051682      7.39051682      7.26137950      7.26137950      6.90715601      6.90715601      6.80042443      6.80042443      6.48095507      6.48095507      6.23653080      6.23653080      5.95820348      5.91326842      5.91326842      5.23957557      5.23957557      5.12368681      5.02304477      5.02304477      4.64948318      4.64948318      4.18852810      4.18852810      3.54579636      3.54579636      3.30137209      3.30137209      2.91631319      2.30441686      2.30441686      2.08179652      1.71432447      1.71432447      0.93390004      0.93390004      0.52094766      0.17527954     -0.17527954     -0.52094766     -0.93390004     -0.93390004     -1.71432447     -1.71432447     -2.08179652     -2.30441686     -2.30441686     -2.91631319     -3.30137209     -3.30137209     -3.54579636     -3.54579636     -4.18852810     -4.18852810     -4.64948318     -4.64948318     -5.02304477     -5.02304477     -5.12368681     -5.23957557     -5.23957557     -5.91326842     -5.91326842     -5.95820348     -6.23653080     -6.23653080     -6.48095507     -6.48095507     -6.80042443     -6.80042443     -6.90715601     -6.90715601     -7.26137950     -7.26137950     -7.39051682     -7.39051682     -7.49724841     -7.49724841     -7.51905234     -7.60704762     -7.60704762     -7.86472046     -8.02000000     -8.02000000     -8.02000000     -8.02000000     -8.02000000     -8.02000000     -8.02000000     -8.02000000     -8.27767284     -8.27767284     -8.38747205     -8.38747205     -8.49420364     -8.49420364     -8.63189633     -8.63189633     -8.73862791     -8.73862791     -8.95515871     -8.95515871
      0.96877418      8.94380446      8.94380446      8.77631067      8.77631067      8.68093333      8.68093333      8.41775505      8.41775505      8.32237771      8.32237771      8.25026126      8.25026126      8.02000000      8.02000000      8.02000000      8.02000000      8.02000000      8.02000000      8.02000000      8.02000000      7.91801193      7.68775067      7.68775067      7.61563422      7.61563422      7.52025688      7.52025688      7.41093771      7.18067645      7.18067645      6.75000438      6.75000438      6.65462704      6.65462704      6.54604941      6.54604941      6.18749379      6.18749379      6.14168363      5.92462266      5.92462266      5.38537296      5.38537296      5.21787917      5.21787917      4.91749817      4.51974312      4.51974312      3.99369370      3.99369370      3.62224495      3.62224495      3.26368933      3.26368933      3.12250183      2.46156850      2.46156850      1.89831637      1.59593865      1.59593865      0.96131161      0.96131161      0.62906229      0.12198807     -0.12198807     -0.62906229     -0.96131161     -0.96131161     -1.59593865     -1.59593865     -1.89831637     -2.46156850     -2.46156850     -3.12250183     -3.26368933     -3.26368933     -3.62224495     -3.62224495     -3.99369370     -3.99369370     -4.51974312     -4.51974312     -4.91749817     -5.21787917     -5.21787917     -5.38537296     -5.38537296     -5.92462266     -5.92462266     -6.14168363     -6.18749379     -6.18749379     -6.54604941     -6.54604941     -6.65462704     -6.65462704     -6.75000438     -6.75000438     -7.18067645     -7.18067645     -7.41093771     -7.52025688     -7.52025688     -7.61563422     -7.61563422     -7.68775067     -7.68775067     -7.91801193     -8.02000000     -8.02000000     -8.02000000     -8.02000000     -8.02000000     -8.02000000     -8.02000000     -8.02000000     -8.25026126     -8.25026126     -8.32237771     -8.32237771     -8.41775505     -8.41775505     -8.68093333     -8.68093333     -8.77631067     -8.77631067     -8.94380446     -8.94380446
      0.97855978      8.92817112      8.92817112      8.80618037      8.80618037      8.72643638      8.72643638      8.33450977      8.33450977      8.25476578      8.25476578      8.21251902      8.21251902      8.02000000      8.02000000      8.02000000      8.02000000      8.02000000      8.02000000      8.02000000      8.02000000      7.96025407      7.76773505      7.76773505      7.72548829      7.72548829      7.64574430      7.64574430      7.29321110      7.10069208      7.10069208      6.61366135      6.61366135      6.58677472      6.58677472      6.50703073      6.50703073      6.31914964      6.14199074      6.14199074      5.94025601      5.94025601      5.53296927      5.53296927      5.41097853      5.41097853      4.70876547      4.39425570      4.39425570      3.80059435      3.80059435      3.70549023      3.70549023      3.33123453      3.23381963      3.23381963      2.62479815      2.62479815      1.72085036      1.48608458      1.48608458      0.99905385      0.99905385      0.74678890      0.07974593     -0.07974593     -0.74678890     -0.99905385     -0.99905385     -1.48608458     -1.48608458     -1.72085036     -2.62479815     -2.62479815     -3.23381963     -3.23381963     -3.33123453     -3.70549023     -3.70549023     -3.80059435     -3.80059435     -4.39425570     -4.39425570     -4.70876547     -5.41097853     -5.41097853     -5.53296927     -5.53296927     -5.94025601     -5.94025601     -6.14199074     -6.14199074     -6.31914964     -6.50703073     -6.50703073     -6.58677472     -6.58677472     -6.61366135     -6.61366135     -7.10069208     -7.10069208     -7.29321110     -7.64574430     -7.64574430     -7.72548829     -7.72548829     -7.76773505     -7.76773505     -7.96025407     -8.02000000     -8.02000000     -8.02000000     -8.02000000     -8.02000000     -8.02000000     -8.02000000     -8.02000000     -8.21251902     -8.21251902     -8.25476578     -8.25476578     -8.33450977     -8.33450977     -8.72643638     -8.72643638     -8.80618037     -8.80618037     -8.92817112     -8.92817112
      0.98834538      8.90830298      8.90830298      8.82815234      8.82815234      8.76827648      8.76827648      8.24470376      8.24470376      8.18482790      8.18482790      8.16455311      8.16455311      8.02000000      8.02000000      8.02000000      8.02000000      8.02000000      8.02000000      8.02000000      8.02000000      7.99132713      7.84677401      7.84677401      7.82649923      7.82649923      7.76662337      7.76662337      7.16620622      7.02165311      7.02165311      6.68359923      6.68359923      6.49009846      6.41792974      6.41792974      6.35805388      6.35805388      6.10015064      6.10015064      5.96012414      5.96012414      5.68194612      5.68194612      5.60179548      5.60179548      4.49808038      4.27337663      4.27337663      3.79529624      3.79529624      3.60977740      3.60977740      3.54191962      3.21184766      3.21184766      2.79364313      2.79364313      1.54990154      1.38507364      1.38507364      1.04701976      1.04701976      0.87379378      0.04867287     -0.04867287     -0.87379378     -1.04701976     -1.04701976     -1.38507364     -1.38507364     -1.54990154     -2.79364313     -2.79364313     -3.21184766     -3.21184766     -3.54191962     -3.60977740     -3.60977740     -3.79529624     -3.79529624     -4.27337663     -4.27337663     -4.49808038     -5.60179548     -5.60179548     -5.68194612     -5.68194612     -5.96012414     -5.96012414     -6.10015064     -6.10015064     -6.35805388     -6.35805388     -6.41792974     -6.41792974     -6.49009846     -6.68359923     -6.68359923     -7.02165311     -7.02165311     -7.16620622     -7.76662337     -7.76662337     -7.82649923     -7.82649923     -7.84677401     -7.84677401     -7.99132713     -8.02000000     -8.02000000     -8.02000000     -8.02000000     -8.02000000     -8.02000000     -8.02000000     -8.02000000     -8.16455311     -8.16455311     -8.18482790     -8.18482790     -8.24470376     -8.24470376     -8.76827648     -8.76827648     -8.82815234     -8.82815234     -8.90830298     -8.90830298
      0.99813097      8.88425639      8.88425639      8.84216430      8.84216430      8.80633504      8.80633504      8.14859158      8.14859158      8.11276232      8.11276232      8.10649949      8.10649949      8.02000000      8.02000000      8.02000000      8.02000000      8.02000000      8.02000000      8.02000000      8.02000000      8.01114303      7.92464354      7.92464354      7.91838071      7.91838071      7.88255145      7.88255145      7.03028308      6.94378359      6.94378359      6.75566481      6.75566481      6.65404552      6.24394804      6.24394804      6.20811878      6.20811878      6.06209209      6.06209209      5.98417074      5.98417074      5.83188122      5.83188122      5.78978913      5.78978913      4.28604013      4.15744855      4.15744855      3.89140842      3.89140842      3.75395987      3.42178375      3.42178375      3.19783570      3.19783570      2.96762483      2.96762483      1.38595448      1.29319217      1.29319217      1.10507339      1.10507339      1.00971692      0.02885697     -0.02885697     -1.00971692     -1.10507339     -1.10507339     -1.29319217     -1.29319217     -1.38595448     -2.96762483     -2.96762483     -3.19783570     -3.19783570     -3.42178375     -3.42178375     -3.75395987     -3.89140842     -3.89140842     -4.15744855     -4.15744855     -4.28604013     -5.78978913     -5.78978913     -5.83188122     -5.83188122     -5.98417074     -5.98417074     -6.06209209     -6.06209209     -6.20811878     -6.20811878     -6.24394804     -6.24394804     -6.65404552     -6.75566481     -6.75566481     -6.94378359     -6.94378359     -7.03028308     -7.88255145     -7.88255145     -7.91838071     -7.91838071     -7.92464354     -7.92464354     -8.01114303     -8.02000000     -8.02000000     -8.02000000     -8.02000000     -8.02000000     -8.02000000     -8.02000000     -8.02000000     -8.10649949     -8.10649949     -8.11276232     -8.11276232     -8.14859158     -8.14859158     -8.80633504     -8.80633504     -8.84216430     -8.84216430     -8.88425639     -8.88425639
      1.00791657      8.85609948      8.85609948      8.84817652      8.84817652      8.84050416      8.84050416      8.04644568      8.04644568      8.03877332      8.03877332      8.03852272      8.03852272      8.02000000      8.02000000      8.02000000      8.02000000      8.02000000      8.02000000      8.02000000      8.02000000      8.01964560      8.00112288      8.00112288      8.00087228      8.00087228      7.99319992      7.99319992      6.88582696      6.86730425      6.86730425      6.82965381      6.82965381      6.81052608      6.06532280      6.06532280      6.05765044      6.05765044      6.02792296      6.02792296      6.01232764      6.01232764      5.98234956      5.98234956      5.97442660      5.97442660      4.07324576      4.04680008      4.04680008      3.99355432      3.99355432      3.96675424      3.23714628      3.23714628      3.19182348      3.19182348      3.14625008      3.14625008      1.22947392      1.21070060      1.21070060      1.17305016      1.17305016      1.15417304      0.02035440     -0.02035440     -1.15417304     -1.17305016     -1.17305016     -1.21070060     -1.21070060     -1.22947392     -3.14625008     -3.14625008     -3.19182348     -3.19182348     -3.23714628     -3.23714628     -3.96675424     -3.99355432     -3.99355432     -4.04680008     -4.04680008     -4.07324576     -5.97442660     -5.97442660     -5.98234956     -5.98234956     -6.01232764     -6.01232764     -6.02792296     -6.02792296     -6.05765044     -6.05765044     -6.06532280     -6.06532280     -6.81052608     -6.82965381     -6.82965381     -6.86730425     -6.86730425     -6.88582696     -7.99319992     -7.99319992     -8.00087228     -8.00087228     -8.00112288     -8.00112288     -8.01964560     -8.02000000     -8.02000000     -8.02000000     -8.02000000     -8.02000000     -8.02000000     -8.02000000     -8.02000000     -8.03852272     -8.03852272     -8.03877332     -8.03877332     -8.04644568     -8.04644568     -8.84050416     -8.84050416     -8.84817652     -8.84817652     -8.85609948     -8.85609948
      1.01770217      8.87068701      8.87068701      8.84617197      8.84617197      8.82391209      8.82391209      8.09825514      8.09825514      8.07599526      8.07599526      8.07374011      8.07374011      8.02000000      8.02000000      8.02000000      8.02000000      8.02000000      8.02000000      8.02000000      8.02000000      8.01681074      7.96307063      7.96307063      7.96081548      7.96081548      7.93855560      7.93855560      6.95909660      6.90535650      6.90535650      6.79243187      6.79243187      6.73324735      6.15518451      6.15518451      6.13292463      6.13292463      6.04451503      6.04451503      5.99774012      5.99774012      5.90707537      5.90707537      5.88256034      5.88256034      4.17969954      4.10144440      4.10144440      3.94174486      3.94174486      3.86030046      3.32901254      3.32901254      3.19382803      3.19382803      3.05638836      3.05638836      1.30675265      1.25075740      1.25075740      1.13783277      1.13783277      1.08090340      0.02318926     -0.02318926     -1.08090340     -1.13783277     -1.13783277     -1.25075740     -1.25075740     -1.30675265     -3.05638836     -3.05638836     -3.19382803     -3.19382803     -3.32901254     -3.32901254     -3.86030046     -3.94174486     -3.94174486     -4.10144440     -4.10144440     -4.17969954     -5.88256034     -5.88256034     -5.90707537     -5.90707537     -5.99774012     -5.99774012     -6.04451503     -6.04451503     -6.13292463     -6.13292463     -6.15518451     -6.15518451     -6.73324735     -6.79243187     -6.79243187     -6.90535650     -6.90535650     -6.95909660     -7.93855560     -7.93855560     -7.96081548     -7.96081548     -7.96307063     -7.96307063     -8.01681074     -8.02000000     -8.02000000     -8.02000000     -8.02000000     -8.02000000     -8.02000000     -8.02000000     -8.02000000     -8.07374011     -8.07374011     -8.07599526     -8.07599526     -8.09825514     -8.09825514     -8.82391209     -8.82391209     -8.84617197     -8.84617197     -8.87068701     -8.87068701
      1.02748777      8.89679801      8.89679801      8.83615633      8.83615633      8.78778545      8.78778545      8.19741932      8.19741932      8.14904844      8.14904844      8.13677765      8.13677765      8.02000000      8.02000000      8.02000000      8.02000000      8.02000000      8.02000000      8.02000000      8.02000000      8.00264648      7.88586884      7.88586884      7.87359805      7.87359805      7.82522716      7.82522716      7.09933593      6.98255829      6.98255829      6.71937869      6.71937869      6.57297673      6.33155048      6.33155048      6.28317960      6.28317960      6.08064168      6.08064168      5.97162912      5.97162912      5.75682040      5.75682040      5.69617873      5.69617873      4.39219216      4.21477284      4.21477284      3.84258068      3.84258068      3.64780784      3.51539415      3.51539415      3.20384367      3.20384367      2.88002239      2.88002239      1.46702327      1.33797483      1.33797483      1.07479523      1.07479523      0.94066407      0.03735352     -0.03735352     -0.94066407     -1.07479523     -1.07479523     -1.33797483     -1.33797483     -1.46702327     -2.88002239     -2.88002239     -3.20384367     -3.20384367     -3.51539415     -3.51539415     -3.64780784     -3.84258068     -3.84258068     -4.21477284     -4.21477284     -4.39219216     -5.69617873     -5.69617873     -5.75682040     -5.75682040     -5.97162912     -5.97162912     -6.08064168     -6.08064168     -6.28317960     -6.28317960     -6.33155048     -6.33155048     -6.57297673     -6.71937869     -6.71937869     -6.98255829     -6.98255829     -7.09933593     -7.82522716     -7.82522716     -7.87359805     -7.87359805     -7.88586884     -7.88586884     -8.00264648     -8.02000000     -8.02000000     -8.02000000     -8.02000000     -8.02000000     -8.02000000     -8.02000000     -8.02000000     -8.13677765     -8.13677765     -8.14904844     -8.14904844     -8.19741932     -8.19741932     -8.78778545     -8.78778545     -8.83615633     -8.83615633     -8.89679801     -8.89679801
      1.03727336      8.91876316      8.91876316      8.81815799      8.81815799      8.74782196      8.74782196      8.29041137      8.29041137      8.22007534      8.22007534      8.18980621      8.18980621      8.02000000      8.02000000      8.02000000      8.02000000      8.02000000      8.02000000      8.02000000      8.02000000      7.97719298      7.80738678      7.80738678      7.77711765      7.77711765      7.70678161      7.70678161      7.23084655      7.06104035      7.06104035      6.64835179      6.64835179      6.50302459      6.50302459      6.43268856      6.43268856      6.40546943      6.12060516      6.12060516      5.94966397      5.94966397      5.60731144      5.60731144      5.50670628      5.50670628      4.60362976      4.33321839      4.33321839      3.74958863      3.74958863      3.70486660      3.70486660      3.43637024      3.22184201      3.22184201      2.70854828      2.70854828      1.63453057      1.43445523      1.43445523      1.02176667      1.02176667      0.80915345      0.06280702     -0.06280702     -0.80915345     -1.02176667     -1.02176667     -1.43445523     -1.43445523     -1.63453057     -2.70854828     -2.70854828     -3.22184201     -3.22184201     -3.43637024     -3.70486660     -3.70486660     -3.74958863     -3.74958863     -4.33321839     -4.33321839     -4.60362976     -5.50670628     -5.50670628     -5.60731144     -5.60731144     -5.94966397     -5.94966397     -6.12060516     -6.12060516     -6.40546943     -6.43268856     -6.43268856     -6.50302459     -6.50302459     -6.64835179     -6.64835179     -7.06104035     -7.06104035     -7.23084655     -7.70678161     -7.70678161     -7.77711765     -7.77711765     -7.80738678     -7.80738678     -7.97719298     -8.02000000     -8.02000000     -8.02000000     -8.02000000     -8.02000000     -8.02000000     -8.02000000     -8.02000000     -8.18980621     -8.18980621     -8.22007534     -8.22007534     -8.29041137     -8.29041137     -8.74782196     -8.74782196     -8.81815799     -8.81815799     -8.91876316     -8.91876316
      1.04705896      8.93652019      8.93652019      8.79222797      8.79222797      8.70413490      8.70413490      8.37696769      8.37696769      8.28887463      8.28887463      8.23267547      8.23267547      8.02000000      8.02000000      8.02000000      8.02000000      8.02000000      8.02000000      8.02000000      8.02000000      7.94052239      7.72784692      7.72784692      7.67164776      7.67164776      7.58355470      7.58355470      7.35325568      7.14058020      7.14058020      6.66912077      6.66912077      6.58102771      6.58102771      6.57955250      6.57955250      6.23120026      6.16429222      6.16429222      5.93190694      5.93190694      5.45897229      5.45897229      5.31468007      5.31468007      4.81341299      4.45644530      4.45644530      3.89689280      3.89689280      3.66303231      3.66303231      3.24777203      3.24777203      3.22658701      2.54245210      2.54245210      1.80879974      1.53992511      1.53992511      0.97889740      0.97889740      0.68674432      0.09947761     -0.09947761     -0.68674432     -0.97889740     -0.97889740     -1.53992511     -1.53992511     -1.80879974     -2.54245210     -2.54245210     -3.22658701     -3.24777203     -3.24777203     -3.66303231     -3.66303231     -3.89689280     -3.89689280     -4.45644530     -4.45644530     -4.81341299     -5.31468007     -5.31468007     -5.45897229     -5.45897229     -5.93190694     -5.93190694     -6.16429222     -6.16429222     -6.23120026     -6.57955250     -6.57955250     -6.58102771     -6.58102771     -6.66912077     -6.66912077     -7.14058020     -7.14058020     -7.35325568     -7.58355470     -7.58355470     -7.67164776     -7.67164776     -7.72784692     -7.72784692     -7.94052239     -8.02000000     -8.02000000     -8.02000000     -8.02000000     -8.02000000     -8.02000000     -8.02000000     -8.02000000     -8.23267547     -8.23267547     -8.28887463     -8.28887463     -8.37696769     -8.37696769     -8.70413490     -8.70413490     -8.79222797     -8.79222797     -8.93652019     -8.93652019
      1.05684456      8.95001877      8.95001877      8.75843976      8.75843976      8.65684812      8.65684812      8.45684293      8.45684293      8.35525129      8.35525129      8.26526393      8.26526393      8.02000000      8.02000000      8.02000000      8.02000000      8.02000000      8.02000000      8.02000000      8.02000000      7.89273865      7.64747473      7.64747473      7.55748736      7.55748736      7.46621633      7.45589572      7.45589572      7.22095240      7.22095240      6.82936821      6.82936821      6.72777656      6.72777656      6.51317584      6.51317584      6.21157901      6.21157901      6.05066320      5.91840836      5.91840836      5.31222344      5.31222344      5.12064443      5.12064443      5.02094721      4.58410428      4.58410428      4.09092844      4.09092844      3.58315707      3.58315707      3.28156024      3.28156024      3.01905279      2.38220467      2.38220467      1.98933680      1.65408551      1.65408551      0.94630895      0.94630895      0.57378367      0.14726135     -0.14726135     -0.57378367     -0.94630895     -0.94630895     -1.65408551     -1.65408551     -1.98933680     -2.38220467     -2.38220467     -3.01905279     -3.28156024     -3.28156024     -3.58315707     -3.58315707     -4.09092844     -4.09092844     -4.58410428     -4.58410428     -5.02094721     -5.12064443     -5.12064443     -5.31222344     -5.31222344     -5.91840836     -5.91840836     -6.05066320     -6.21157901     -6.21157901     -6.51317584     -6.51317584     -6.72777656     -6.72777656     -6.82936821     -6.82936821     -7.22095240     -7.22095240     -7.45589572     -7.45589572     -7.46621633     -7.55748736     -7.55748736     -7.64747473     -7.64747473     -7.89273865     -8.02000000     -8.02000000     -8.02000000     -8.02000000     -8.02000000     -8.02000000     -8.02000000     -8.02000000     -8.26526393     -8.26526393     -8.35525129     -8.35525129     -8.45684293     -8.45684293     -8.65684812     -8.65684812     -8.75843976     -8.75843976     -8.95001877     -8.95001877
      1.06663016      8.95922064      8.95922064      8.71688915      8.71688915      8.60609564      8.60609564      8.52981068      8.52981068      8.41901717      8.41901717      8.28747920      8.28747920      8.02000000      8.02000000      8.02000000      8.02000000      8.02000000      8.02000000      8.02000000      8.02000000      7.83397722      7.56940830      7.56649802      7.56649802      7.43496005      7.43496005      7.32416654      7.32416654      7.30192910      7.30192910      6.98331266      6.98331266      6.87251915      6.87251915      6.44940996      6.44940996      6.26233148      6.26233148      5.90920649      5.90920649      5.86437001      5.22564414      5.16748085      5.16748085      4.92514937      4.92514937      4.71583346      4.71583346      4.28642350      4.28642350      3.51018932      3.51018932      3.32311085      3.32311085      2.81435586      2.22826022      2.22826022      2.17562999      1.77661283      1.77661283      0.92409368      0.92409368      0.47059170      0.20602278     -0.20602278     -0.47059170     -0.92409368     -0.92409368     -1.77661283     -1.77661283     -2.17562999     -2.22826022     -2.22826022     -2.81435586     -3.32311085     -3.32311085     -3.51018932     -3.51018932     -4.28642350     -4.28642350     -4.71583346     -4.71583346     -4.92514937     -4.92514937     -5.16748085     -5.16748085     -5.22564414     -5.86437001     -5.90920649     -5.90920649     -6.26233148     -6.26233148     -6.44940996     -6.44940996     -6.87251915     -6.87251915     -6.98331266     -6.98331266     -7.30192910     -7.30192910     -7.32416654     -7.32416654     -7.43496005     -7.43496005     -7.56649802     -7.56649802     -7.56940830     -7.83397722     -8.02000000     -8.02000000     -8.02000000     -8.02000000     -8.02000000     -8.02000000     -8.02000000     -8.02000000     -8.28747920     -8.28747920     -8.41901717     -8.41901717     -8.52981068     -8.52981068     -8.60609564     -8.60609564     -8.71688915     -8.71688915     -8.95922064     -8.95922064
      1.07641576      8.96409970      8.96409970      8.66769392      8.66769392      8.59566409      8.59566409      8.55202134      8.55202134      8.47999151      8.47999151      8.29925831      8.29925831      8.02000000      8.02000000      8.02000000      8.02000000      8.02000000      8.02000000      8.02000000      8.02000000      7.76440465      7.66253909      7.48514634      7.48514634      7.38328078      7.38328078      7.30441313      7.30441313      7.18874055      7.18874055      7.13051775      7.13051775      7.01484517      7.01484517      6.38843561      6.38843561      6.31640579      6.31640579      5.90432742      5.90432742      5.67284874      5.42692354      5.02515483      5.02515483      4.85125945      4.85125945      4.72874904      4.72874904      4.48282383      4.48282383      3.44433591      3.44433591      3.37230608      3.37230608      2.61307646      2.36715126      2.08105512      2.08105512      1.90715974      1.90715974      0.91231457      0.91231457      0.37746091      0.27559535     -0.27559535     -0.37746091     -0.91231457     -0.91231457     -1.90715974     -1.90715974     -2.08105512     -2.08105512     -2.36715126     -2.61307646     -3.37230608     -3.37230608     -3.44433591     -3.44433591     -4.48282383     -4.48282383     -4.72874904     -4.72874904     -4.85125945     -4.85125945     -5.02515483     -5.02515483     -5.42692354     -5.67284874     -5.90432742     -5.90432742     -6.31640579     -6.31640579     -6.38843561     -6.38843561     -7.01484517     -7.01484517     -7.13051775     -7.13051775     -7.18874055     -7.18874055     -7.30441313     -7.30441313     -7.38328078     -7.38328078     -7.48514634     -7.48514634     -7.66253909     -7.76440465     -8.02000000     -8.02000000     -8.02000000     -8.02000000     -8.02000000     -8.02000000     -8.02000000     -8.02000000     -8.29925831     -8.29925831     -8.47999151     -8.47999151     -8.55202134     -8.55202134     -8.59566409     -8.59566409     -8.66769392     -8.66769392     -8.96409970     -8.96409970
      1.08620135      8.96464214      8.96464214      8.65421651      8.65421651      8.61099351      8.61099351      8.53800149      8.53800149      8.49477849      8.49477849      8.30056787      8.30056787      8.02000000      8.02000000      8.02000000      8.02000000      8.02000000      8.02000000      8.02000000      8.02000000      7.74534471      7.68421816      7.46477684      7.46477684      7.40365029      7.40365029      7.27056622      7.27056622      7.16621667      7.16621667      7.15435120      7.15435120      7.05000165      7.05000165      6.37364864      6.37364864      6.33042564      6.33042564      5.90378498      5.90378498      5.62421486      5.47664230      4.98999835      4.98999835      4.88564880      4.88564880      4.67957272      4.67957272      4.53200016      4.53200016      3.42900649      3.42900649      3.38578349      3.38578349      2.56335770      2.41578514      2.04535621      2.04535621      1.94100665      1.94100665      0.91100501      0.91100501      0.35578184      0.29465529     -0.29465529     -0.35578184     -0.91100501     -0.91100501     -1.94100665     -1.94100665     -2.04535621     -2.04535621     -2.41578514     -2.56335770     -3.38578349     -3.38578349     -3.42900649     -3.42900649     -4.53200016     -4.53200016     -4.67957272     -4.67957272     -4.88564880     -4.88564880     -4.98999835     -4.98999835     -5.47664230     -5.62421486     -5.90378498     -5.90378498     -6.33042564     -6.33042564     -6.37364864     -6.37364864     -7.05000165     -7.05000165     -7.15435120     -7.15435120     -7.16621667     -7.16621667     -7.27056622     -7.27056622     -7.40365029     -7.40365029     -7.46477684     -7.46477684     -7.68421816     -7.74534471     -8.02000000     -8.02000000     -8.02000000     -8.02000000     -8.02000000     -8.02000000     -8.02000000     -8.02000000     -8.30056787     -8.30056787     -8.49477849     -8.49477849     -8.53800149     -8.53800149     -8.61099351     -8.61099351     -8.65421651     -8.65421651     -8.96464214     -8.96464214
      1.09598695      8.96084641      8.96084641      8.70530195      8.70530195      8.59288266      8.59288266      8.54694864      8.54694864      8.43452935      8.43452935      8.29140417      8.29140417      8.02000000      8.02000000      8.02000000      8.02000000      8.02000000      8.02000000      8.02000000      8.02000000      7.81759043      7.59364504      7.54618626      7.54618626      7.40306108      7.40306108      7.32224087      7.32224087      7.29064179      7.29064179      7.02076238      7.02076238      6.90834309      6.90834309      6.43389777      6.43389777      6.27554447      6.27554447      5.90758071      5.90758071      5.81695886      5.27630685      5.13165691      5.13165691      4.87611244      4.87611244      4.74935821      4.74935821      4.33546043      4.33546043      3.49305136      3.49305136      3.33469805      3.33469805      2.76369315      2.22304114      2.19081049      2.19081049      1.80851179      1.80851179      0.92016870      0.92016870      0.44635496      0.22240957     -0.22240957     -0.44635496     -0.92016870     -0.92016870     -1.80851179     -1.80851179     -2.19081049     -2.19081049     -2.22304114     -2.76369315     -3.33469805     -3.33469805     -3.49305136     -3.49305136     -4.33546043     -4.33546043     -4.74935821     -4.74935821     -4.87611244     -4.87611244     -5.13165691     -5.13165691     -5.27630685     -5.81695886     -5.90758071     -5.90758071     -6.27554447     -6.27554447     -6.43389777     -6.43389777     -6.90834309     -6.90834309     -7.02076238     -7.02076238     -7.29064179     -7.29064179     -7.32224087     -7.32224087     -7.40306108     -7.40306108     -7.54618626     -7.54618626     -7.59364504     -7.81759043     -8.02000000     -8.02000000     -8.02000000     -8.02000000     -8.02000000     -8.02000000     -8.02000000     -8.02000000     -8.29140417     -8.29140417     -8.43452935     -8.43452935     -8.54694864     -8.54694864     -8.59288266     -8.59288266     -8.70530195     -8.70530195     -8.96084641     -8.96084641
      1.10577255      8.95272328      8.95272328      8.74877561      8.74877561      8.64447945      8.64447945      8.47574087      8.47574087      8.37144471      8.37144471      8.27179319      8.27179319      8.02000000      8.02000000      8.02000000      8.02000000      8.02000000      8.02000000      8.02000000      8.02000000      7.87907148      7.62727828      7.62727828      7.52762677      7.52762677      7.49294204      7.42333061      7.42333061      7.24114884      7.24114884      6.86846259      6.86846259      6.76416643      6.76416643      6.49698241      6.49698241      6.22394767      6.22394767      6.00460918      5.91570384      5.91570384      5.27583357      5.27583357      5.07241026      5.07188590      5.07188590      4.61666939      4.61666939      4.13968698      4.13968698      3.56425913      3.56425913      3.29122439      3.29122439      2.96758974      2.34311029      2.34311029      2.03539082      1.68394611      1.68394611      0.93977968      0.93977968      0.54705796      0.16092852     -0.16092852     -0.54705796     -0.93977968     -0.93977968     -1.68394611     -1.68394611     -2.03539082     -2.34311029     -2.34311029     -2.96758974     -3.29122439     -3.29122439     -3.56425913     -3.56425913     -4.13968698     -4.13968698     -4.61666939     -4.61666939     -5.07188590     -5.07188590     -5.07241026     -5.27583357     -5.27583357     -5.91570384     -5.91570384     -6.00460918     -6.22394767     -6.22394767     -6.49698241     -6.49698241     -6.76416643     -6.76416643     -6.86846259     -6.86846259     -7.24114884     -7.24114884     -7.42333061     -7.42333061     -7.49294204     -7.52762677     -7.52762677     -7.62727828     -7.62727828     -7.87907148     -8.02000000     -8.02000000     -8.02000000     -8.02000000     -8.02000000     -8.02000000     -8.02000000     -8.02000000     -8.27179319     -8.27179319     -8.37144471     -8.37144471     -8.47574087     -8.47574087     -8.64447945     -8.64447945     -8.74877561     -8.74877561     -8.95272328     -8.95272328
      1.11555815      8.94029577      8.94029577      8.78451426      8.78451426      8.69264562      8.69264562      8.39757203      8.39757203      8.30570339      8.30570339      8.24179052      8.24179052      8.02000000      8.02000000      8.02000000      8.02000000      8.02000000      8.02000000      8.02000000      8.02000000      7.92961356      7.70782304      7.70782304      7.64391017      7.64391017      7.55204153      7.55204153      7.38239461      7.16060409      7.16060409      6.70974899      6.70974899      6.61788035      6.61788035      6.56272374      6.56272374      6.18663391      6.17578151      6.17578151      5.92813136      5.92813136      5.42211965      5.42211965      5.26633815      5.26633815      4.86553049      4.48795847      4.48795847      3.94523473      3.94523473      3.64242797      3.64242797      3.25548574      3.25548574      3.17446951      2.50182389      2.50182389      1.85336609      1.56766270      1.56766270      0.96978236      0.96978236      0.65760539      0.11038644     -0.11038644     -0.65760539     -0.96978236     -0.96978236     -1.56766270     -1.56766270     -1.85336609     -2.50182389     -2.50182389     -3.17446951     -3.25548574     -3.25548574     -3.64242797     -3.64242797     -3.94523473     -3.94523473     -4.48795847     -4.48795847     -4.86553049     -5.26633815     -5.26633815     -5.42211965     -5.42211965     -5.92813136     -5.92813136     -6.17578151     -6.17578151     -6.18663391     -6.56272374     -6.56272374     -6.61788035     -6.61788035     -6.70974899     -6.70974899     -7.16060409     -7.16060409     -7.38239461     -7.55204153     -7.55204153     -7.64391017     -7.64391017     -7.70782304     -7.70782304     -7.92961356     -8.02000000     -8.02000000     -8.02000000     -8.02000000     -8.02000000     -8.02000000     -8.02000000     -8.02000000     -8.24179052     -8.24179052     -8.30570339     -8.30570339     -8.39757203     -8.39757203     -8.69264562     -8.69264562     -8.78451426     -8.78451426     -8.94029577     -8.94029577
      1.12534375      8.92359910      8.92359910      8.81241659      8.81241659      8.73724462      8.73724462      8.31266370      8.31266370      8.23749173      8.23749173      8.20148120      8.20148120      8.02000000      8.02000000      8.02000000      8.02000000      8.02000000      8.02000000      8.02000000      8.02000000      7.96907342      7.78759222      7.78759222      7.75158169      7.75158169      7.67640972      7.67640972      7.26231610      7.08083490      7.08083490      6.63093540      6.63093540      6.54507148      6.54507148      6.46989951      6.46989951      6.36251709      6.13118250      6.13118250      5.94482803      5.94482803      5.57010049      5.57010049      5.45891799      5.45891799      4.65625398      4.36359028      4.36359028      3.75265489      3.75265489      3.72733630      3.72733630      3.38374602      3.22758341      3.22758341      2.66650140      2.66650140      1.67748291      1.45999118      1.45999118      1.01009168      1.01009168      0.77768390      0.07092658     -0.07092658     -0.77768390     -1.01009168     -1.01009168     -1.45999118     -1.45999118     -1.67748291     -2.66650140     -2.66650140     -3.22758341     -3.22758341     -3.38374602     -3.72733630     -3.72733630     -3.75265489     -3.75265489     -4.36359028     -4.36359028     -4.65625398     -5.45891799     -5.45891799     -5.57010049     -5.57010049     -5.94482803     -5.94482803     -6.13118250     -6.13118250     -6.36251709     -6.46989951     -6.46989951     -6.54507148     -6.54507148     -6.63093540     -6.63093540     -7.08083490     -7.08083490     -7.26231610     -7.67640972     -7.67640972     -7.75158169     -7.75158169     -7.78759222     -7.78759222     -7.96907342     -8.02000000     -8.02000000     -8.02000000     -8.02000000     -8.02000000     -8.02000000     -8.02000000     -8.02000000     -8.20148120     -8.20148120     -8.23749173     -8.23749173     -8.31266370     -8.31266370     -8.73724462     -8.73724462     -8.81241659     -8.81241659     -8.92359910     -8.92359910
      1.13512934      8.90268060      8.90268060      8.83240352      8.83240352      8.77815004      8.77815004      8.22125657      8.22125657      8.16700309      8.16700309      8.15097949      8.15097949      8.02000000      8.02000000      8.02000000      8.02000000      8.02000000      8.02000000      8.02000000      8.02000000      7.99733920      7.86635971      7.86635971      7.85033611      7.85033611      7.79608263      7.79608263      7.13304690      7.00206741      7.00206741      6.70142403      6.70142403      6.53176014      6.37489686      6.37489686      6.32064338      6.32064338      6.09027708      6.09027708      5.96574652      5.96574652      5.71935662      5.71935662      5.64907954      5.64907954      4.44517394      4.24391737      4.24391737      3.81874343      3.81874343      3.59482606      3.56249334      3.56249334      3.20759648      3.20759648      2.83667602      2.83667602      1.50823986      1.36123677      1.36123677      1.06059339      1.06059339      0.90695310      0.04266080     -0.04266080     -0.90695310     -1.06059339     -1.06059339     -1.36123677     -1.36123677     -1.50823986     -2.83667602     -2.83667602     -3.20759648     -3.20759648     -3.56249334     -3.56249334     -3.59482606     -3.81874343     -3.81874343     -4.24391737     -4.24391737     -4.44517394     -5.64907954     -5.64907954     -5.71935662     -5.71935662     -5.96574652     -5.96574652     -6.09027708     -6.09027708     -6.32064338     -6.32064338     -6.37489686     -6.37489686     -6.53176014     -6.70142403     -6.70142403     -7.00206741     -7.00206741     -7.13304690     -7.79608263     -7.79608263     -7.85033611     -7.85033611     -7.86635971     -7.86635971     -7.99733920     -8.02000000     -8.02000000     -8.02000000     -8.02000000     -8.02000000     -8.02000000     -8.02000000     -8.02000000     -8.15097949     -8.15097949     -8.16700309     -8.16700309     -8.22125657     -8.22125657     -8.77815004     -8.77815004     -8.83240352     -8.83240352     -8.90268060     -8.90268060
      1.14491494      8.87759958      8.87759958      8.84441838      8.84441838      8.81524593      8.81524593      8.12360974      8.12360974      8.09443728      8.09443728      8.09042854      8.09042854      8.02000000      8.02000000      8.02000000      8.02000000      8.02000000      8.02000000      8.02000000      8.02000000      8.01433078      7.94390224      7.94390224      7.93989350      7.93989350      7.91072104      7.91072104      6.99495343      6.92452488      6.92452488      6.77398984      6.77398984      6.69388334      6.19970750      6.19970750      6.17053504      6.17053504      6.05318120      6.05318120      5.99082754      5.99082754      5.86946496      5.86946496      5.83628376      5.83628376      4.23288870      4.12927896      4.12927896      3.91639026      3.91639026      3.80711130      3.37528912      3.37528912      3.19558162      3.19558162      3.01186538      3.01186538      1.34611666      1.27167938      1.27167938      1.12114433      1.12114433      1.04504657      0.02566922     -0.02566922     -1.04504657     -1.12114433     -1.12114433     -1.27167938     -1.27167938     -1.34611666     -3.01186538     -3.01186538     -3.19558162     -3.19558162     -3.37528912     -3.37528912     -3.80711130     -3.91639026     -3.91639026     -4.12927896     -4.12927896     -4.23288870     -5.83628376     -5.83628376     -5.86946496     -5.86946496     -5.99082754     -5.99082754     -6.05318120     -6.05318120     -6.17053504     -6.17053504     -6.19970750     -6.19970750     -6.69388334     -6.77398984     -6.77398984     -6.92452488     -6.92452488     -6.99495343     -7.91072104     -7.91072104     -7.93989350     -7.93989350     -7.94390224     -7.94390224     -8.01433078     -8.02000000     -8.02000000     -8.02000000     -8.02000000     -8.02000000     -8.02000000     -8.02000000     -8.02000000     -8.09042854     -8.09042854     -8.09443728     -8.09443728     -8.12360974     -8.12360974     -8.81524593     -8.81524593     -8.84441838     -8.84441838     -8.87759958     -8.87759958
      1.15470054      8.84842712      8.84842712      8.84842712      8.84842712      8.84842712      8.84842712      8.02000000      8.02000000      8.02000000      8.02000000      8.02000000      8.02000000      8.02000000      8.02000000      8.02000000      8.02000000      8.02000000      8.02000000      8.02000000      8.02000000      8.02000000      8.02000000      8.02000000      8.02000000      8.02000000      8.02000000      8.02000000      6.84842712      6.84842712      6.84842712      6.84842712      6.84842712      6.84842712      6.02000000      6.02000000      6.02000000      6.02000000      6.02000000      6.02000000      6.02000000      6.02000000      6.02000000      6.02000000      6.02000000      6.02000000      4.02000000      4.02000000      4.02000000      4.02000000      4.02000000      4.02000000      3.19157288      3.19157288      3.19157288      3.19157288      3.19157288      3.19157288      1.19157288      1.19157288      1.19157288      1.19157288      1.19157288      1.19157288      0.02000000     -0.02000000     -1.19157288     -1.19157288     -1.19157288     -1.19157288     -1.19157288     -1.19157288     -3.19157288     -3.19157288     -3.19157288     -3.19157288     -3.19157288     -3.19157288     -4.02000000     -4.02000000     -4.02000000     -4.02000000     -4.02000000     -4.02000000     -6.02000000     -6.02000000     -6.02000000     -6.02000000     -6.02000000     -6.02000000     -6.02000000     -6.02000000     -6.02000000     -6.02000000     -6.02000000     -6.02000000     -6.84842712     -6.84842712     -6.84842712     -6.84842712     -6.84842712     -6.84842712     -8.02000000     -8.02000000     -8.02000000     -8.02000000     -8.02000000     -8.02000000     -8.02000000     -8.02000000     -8.02000000     -8.02000000     -8.02000000     -8.02000000     -8.02000000     -8.02000000     -8.02000000     -8.02000000     -8.02000000     -8.02000000     -8.02000000     -8.02000000     -8.02000000     -8.84842712     -8.84842712     -8.84842712     -8.84842712     -8.84842712     -8.84842712
      1.16450446      8.88310589      8.86315473      8.86315473      8.82699345      8.82699345      8.81106542      8.13938689      8.10330824      8.10330824      8.08058313      8.08058313      8.06457248      8.06457248      8.06054935      8.06054935      8.02189622      8.01620666      8.01620666      7.97755353      7.97755353      7.97353040      7.97353040      7.95751974      7.95751974      7.92910508      7.92910508      7.89302642      6.97663371      6.97663371      6.85087900      6.85087900      6.71541160      6.71541160      6.21018961      6.21018961      6.14312181      6.14312181      6.09103251      6.09103251      5.95299062      5.95299062      5.89687819      5.89687819      5.82578726      5.82578726      4.20566049      4.20566049      4.02379334      4.02379334      3.83623663      3.83623663      3.40313773      3.30002550      3.30002550      3.08982631      3.08982631      2.98269095      1.32648553      1.32648553      1.19670769      1.19670769      1.06526341      1.06526341      0.02569046     -0.02569046     -1.06526341     -1.06526341     -1.19670769     -1.19670769     -1.32648553     -1.32648553     -2.98269095     -3.08982631     -3.08982631     -3.30002550     -3.30002550     -3.40313773     -3.83623663     -3.83623663     -4.02379334     -4.02379334     -4.20566049     -4.20566049     -5.82578726     -5.82578726     -5.89687819     -5.89687819     -5.95299062     -5.95299062     -6.09103251     -6.09103251     -6.14312181     -6.14312181     -6.21018961     -6.21018961     -6.71541160     -6.71541160     -6.85087900     -6.85087900     -6.97663371     -6.97663371     -7.89302642     -7.92910508     -7.92910508     -7.95751974     -7.95751974     -7.97353040     -7.97353040     -7.97755353     -7.97755353     -8.01620666     -8.01620666     -8.02189622     -8.06054935     -8.06054935     -8.06457248     -8.06457248     -8.08058313     -8.08058313     -8.10330824     -8.10330824     -8.13938689     -8.81106542     -8.82699345     -8.82699345     -8.86315473     -8.86315473     -8.88310589
      1.17430838      8.91471857      8.87141760      8.87141760      8.79863402      8.79863402      8.77140648      8.25108464      8.17896156      8.17896156      8.13886143      8.13886143      8.11097340      8.11097340      8.09489996      8.09489996      8.02757230      8.00484102      8.00484102      7.93751336      7.93751336      7.92143992      7.92143992      7.89355189      7.89355189      7.83072048      7.83072048      7.75859739      7.09966971      7.09966971      6.85822151      6.85822151      6.57796860      6.57796860      6.39593565      6.39593565      6.26577658      6.26577658      6.16576546      6.16576546      5.89030798      5.89030798      5.77422342      5.77422342      5.62799091      5.62799091      4.39269174      4.39269174      4.03515898      4.03515898      3.65489495      3.65489495      3.61683459      3.41482602      3.41482602      2.99512236      2.99512236      2.77704035      1.46961809      1.46961809      1.21209645      1.21209645      0.94791698      0.94791698      0.04274567     -0.04274567     -0.94791698     -0.94791698     -1.21209645     -1.21209645     -1.46961809     -1.46961809     -2.77704035     -2.99512236     -2.99512236     -3.41482602     -3.41482602     -3.61683459     -3.65489495     -3.65489495     -4.03515898     -4.03515898     -4.39269174     -4.39269174     -5.62799091     -5.62799091     -5.77422342     -5.77422342     -5.89030798     -5.89030798     -6.16576546     -6.16576546     -6.26577658     -6.26577658     -6.39593565     -6.39593565     -6.57796860     -6.57796860     -6.85822151     -6.85822151     -7.09966971     -7.09966971     -7.75859739     -7.83072048     -7.83072048     -7.89355189     -7.89355189     -7.92143992     -7.92143992     -7.93751336     -7.93751336     -8.00484102     -8.00484102     -8.02757230     -8.09489996     -8.09489996     -8.11097340     -8.11097340     -8.13886143     -8.13886143     -8.17896156     -8.17896156     -8.25108464     -8.77140648     -8.79863402     -8.79863402     -8.87141760     -8.87141760     -8.91471857
      1.18411230      8.94288626      8.87347749      8.87347749      8.76315184      8.76315184      8.72983685      8.35501964      8.24692053      8.24692053      8.19443067      8.19443067      8.15888914      8.15888914      8.12279536      8.12279536      8.03699051      7.98594620      7.98594620      7.90014135      7.90014135      7.86404757      7.86404757      7.82850604      7.82850604      7.72497187      7.72497187      7.61687276      7.21719454      7.21719454      6.87041535      6.87041535      6.57683806      6.57683806      6.43649809      6.43649809      6.38749904      6.38749904      6.24385839      6.24385839      5.83223538      5.83223538      5.65250096      5.65250096      5.42706817      5.42706817      4.58056740      4.58056740      4.05405380      4.05405380      3.83211181      3.53559595      3.53559595      3.47649589      3.47649589      2.90777472      2.90777472      2.57516508      1.62056521      1.62056521      1.23769225      1.23769225      0.83986876      0.83986876      0.07111710     -0.07111710     -0.83986876     -0.83986876     -1.23769225     -1.23769225     -1.62056521     -1.62056521     -2.57516508     -2.90777472     -2.90777472     -3.47649589     -3.47649589     -3.53559595     -3.53559595     -3.83211181     -4.05405380     -4.05405380     -4.58056740     -4.58056740     -5.42706817     -5.42706817     -5.65250096     -5.65250096     -5.83223538     -5.83223538     -6.24385839     -6.24385839     -6.38749904     -6.38749904     -6.43649809     -6.43649809     -6.57683806     -6.57683806     -6.87041535     -6.87041535     -7.21719454     -7.21719454     -7.61687276     -7.72497187     -7.72497187     -7.82850604     -7.82850604     -7.86404757     -7.86404757     -7.90014135     -7.90014135     -7.98594620     -7.98594620     -8.03699051     -8.12279536     -8.12279536     -8.15888914     -8.15888914     -8.19443067     -8.19443067     -8.24692053     -8.24692053     -8.35501964     -8.72983685     -8.76315184     -8.76315184     -8.87347749     -8.87347749     -8.94288626
      1.19391622      8.96723595      8.86961530      8.86961530      8.72037375      8.72037375      8.68674222      8.45114703      8.30717445      8.30717445      8.24689188      8.24689188      8.20799139      8.20799139      8.14400226      8.14400226      8.05008817      7.95959387      7.95959387      7.86567978      7.86567978      7.80169065      7.80169065      7.76279016      7.76279016      7.61201330      7.61201330      7.46804071      7.32888988      7.32888988      6.88739522      6.88739522      6.75251840      6.75251840      6.50782744      6.50782744      6.32495436      6.32495436      6.29141713      6.29141713      5.77903477      5.77903477      5.53217256      5.53217256      5.22349248      5.22349248      4.76876300      4.76876300      4.08040613      4.08040613      4.04841893      3.66193786      3.66193786      3.30155496      3.30155496      2.82807309      2.82807309      2.37760290      1.77890083      1.77890083      1.27341704      1.27341704      0.74142808      0.74142808      0.11072409     -0.11072409     -0.74142808     -0.74142808     -1.27341704     -1.27341704     -1.77890083     -1.77890083     -2.37760290     -2.82807309     -2.82807309     -3.30155496     -3.30155496     -3.66193786     -3.66193786     -4.04841893     -4.08040613     -4.08040613     -4.76876300     -4.76876300     -5.22349248     -5.22349248     -5.53217256     -5.53217256     -5.77903477     -5.77903477     -6.29141713     -6.29141713     -6.32495436     -6.32495436     -6.50782744     -6.50782744     -6.75251840     -6.75251840     -6.88739522     -6.88739522     -7.32888988     -7.32888988     -7.46804071     -7.61201330     -7.61201330     -7.76279016     -7.76279016     -7.80169065     -7.80169065     -7.86567978     -7.86567978     -7.95959387     -7.95959387     -8.05008817     -8.14400226     -8.14400226     -8.20799139     -8.20799139     -8.24689188     -8.24689188     -8.30717445     -8.30717445     -8.45114703     -8.68674222     -8.72037375     -8.72037375     -8.86961530     -8.86961530     -8.96723595
      1.20372015      8.98740226      8.86012976      8.86012976      8.67015127      8.67015127      8.64250579      8.53945062      8.35974112      8.35974112      8.29585298      8.29585298      8.25793852      8.25793852      8.15831150      8.15831150      8.06677789      7.92588400      7.92588400      7.83435039      7.83435039      7.73472337      7.73472337      7.69680891      7.69680891      7.49202688      7.49202688      7.43446075      7.43446075      7.31231738      6.92262098      6.92262098      6.90907002      6.90907002      6.62630535      6.62630535      6.40868138      6.40868138      6.14315839      6.14315839      5.73094564      5.73094564      5.41369465      5.41369465      5.01775200      5.01775200      4.95675771      4.95675771      4.26520844      4.11411600      4.11411600      3.79343686      3.79343686      3.13058040      3.13058040      2.75628211      2.75628211      2.18488351      1.94417972      1.94417972      1.31916197      1.31916197      0.65287736      0.65287736      0.16145411     -0.16145411     -0.65287736     -0.65287736     -1.31916197     -1.31916197     -1.94417972     -1.94417972     -2.18488351     -2.75628211     -2.75628211     -3.13058040     -3.13058040     -3.79343686     -3.79343686     -4.11411600     -4.11411600     -4.26520844     -4.95675771     -4.95675771     -5.01775200     -5.01775200     -5.41369465     -5.41369465     -5.73094564     -5.73094564     -6.14315839     -6.14315839     -6.40868138     -6.40868138     -6.62630535     -6.62630535     -6.90907002     -6.90907002     -6.92262098     -6.92262098     -7.31231738     -7.43446075     -7.43446075     -7.49202688     -7.49202688     -7.69680891     -7.69680891     -7.73472337     -7.73472337     -7.83435039     -7.83435039     -7.92588400     -7.92588400     -8.06677789     -8.15831150     -8.15831150     -8.25793852     -8.25793852     -8.29585298     -8.29585298     -8.35974112     -8.35974112     -8.53945062     -8.64250579     -8.67015127     -8.67015127     -8.86012976     -8.86012976     -8.98740226
      1.21352407      9.00302899      8.84533599      8.84533599      8.61994253      8.61236153      8.61236153      8.59750657      8.40466658      8.40466658      8.34093050      8.34093050      8.30837702      8.30837702      8.16553899      8.16553899      8.08694794      7.88494446      7.88494446      7.80635341      7.80635341      7.66351538      7.66351538      7.63096190      7.63096190      7.53363649      7.53363649      7.36522234      7.36522234      7.14994639      7.08681394      7.08681394      6.93532332      6.93532332      6.74248333      6.74248333      6.49465390      6.49465390      5.99216864      5.99216864      5.68818413      5.68818413      5.29751667      5.29751667      5.14403617      5.14403617      4.81034802      4.81034802      4.48193767      4.15505554      4.15505554      3.92966208      3.92966208      2.96407143      2.96407143      2.69264040      2.69264040      2.11593896      2.11593896      1.99752677      1.37478776      1.37478776      0.57447111      0.57447111      0.22316314     -0.22316314     -0.57447111     -0.57447111     -1.37478776     -1.37478776     -1.99752677     -2.11593896     -2.11593896     -2.69264040     -2.69264040     -2.96407143     -2.96407143     -3.92966208     -3.92966208     -4.15505554     -4.15505554     -4.48193767     -4.81034802     -4.81034802     -5.14403617     -5.14403617     -5.29751667     -5.29751667     -5.68818413     -5.68818413     -5.99216864     -5.99216864     -6.49465390     -6.49465390     -6.74248333     -6.74248333     -6.93532332     -6.93532332     -7.08681394     -7.08681394     -7.14994639     -7.36522234     -7.36522234     -7.53363649     -7.53363649     -7.63096190     -7.63096190     -7.66351538     -7.66351538     -7.80635341     -7.80635341     -7.88494446     -7.88494446     -8.08694794     -8.16553899     -8.16553899     -8.30837702     -8.30837702     -8.34093050     -8.34093050     -8.40466658     -8.40466658     -8.59750657     -8.61236153     -8.61236153     -8.61994253     -8.84533599     -8.84533599     -9.00302899
      1.22332799      9.01377083      8.82556409      8.82556409      8.69266288      8.55211772      8.54690800      8.54690800      8.44202468      8.44202468      8.38175116      8.38175116      8.35894299      8.35894299      8.16552653      8.16552653      8.11046273      7.83693054      7.83693054      7.78186675      7.78186675      7.62617167      7.62617167      7.58845028      7.58845028      7.56564211      7.56564211      7.24479019      7.24479019      7.23183641      7.23183641      6.98119821      6.96601374      6.96601374      6.85592069      6.85592069      6.58247432      6.58247432      5.83890716      5.83890716      5.65094214      5.65094214      5.33009022      5.33009022      5.18407931      5.18407931      4.69807055      4.60179335      4.60179335      4.20306946      4.20306946      4.07016824      4.07016824      2.80251651      2.80251651      2.63735967      2.63735967      2.29369957      2.29369957      1.81604090      1.44012518      1.44012518      0.50643506      0.50643506      0.29567619     -0.29567619     -0.50643506     -0.50643506     -1.44012518     -1.44012518     -1.81604090     -2.29369957     -2.29369957     -2.63735967     -2.63735967     -2.80251651     -2.80251651     -4.07016824     -4.07016824     -4.20306946     -4.20306946     -4.60179335     -4.60179335     -4.69807055     -5.18407931     -5.18407931     -5.33009022     -5.33009022     -5.65094214     -5.65094214     -5.83890716     -5.83890716     -6.58247432     -6.58247432     -6.85592069     -6.85592069     -6.96601374     -6.96601374     -6.98119821     -7.23183641     -7.23183641     -7.24479019     -7.24479019     -7.56564211     -7.56564211     -7.58845028     -7.58845028     -7.62617167     -7.62617167     -7.78186675     -7.78186675     -7.83693054     -7.83693054     -8.11046273     -8.16552653     -8.16552653     -8.35894299     -8.35894299     -8.38175116     -8.38175116     -8.44202468     -8.44202468     -8.54690800     -8.54690800     -8.55211772     -8.69266288     -8.82556409     -8.82556409     -9.01377083
      1.23313191      9.01929489      8.80115758      8.80115758      8.75767927      8.50670503      8.47372117      8.47372117      8.47191657      8.47191657      8.41795355      8.41795355      8.40926369      8.40926369      8.15814252      8.15814252      8.13716336      7.78202439      7.78202439      7.76104522      7.76104522      7.71184692      7.71184692      7.50992405      7.50992405      7.50123420      7.50123420      7.39626827      7.39626827      7.09213221      7.09213221      7.00097557      7.00097557      6.96618711      6.96618711      6.80636951      6.67173456      6.67173456      5.68384409      5.68384409      5.61938661      5.61938661      5.51442068      5.51442068      5.07381289      5.07381289      4.91307934      4.39261056      4.39261056      4.25797561      4.25797561      4.21449730      4.21449730      2.64639157      2.64639157      2.59062395      2.59062395      2.47696817      2.47696817      1.64092074      1.51497565      1.51497565      0.44896534      0.44896534      0.37878787     -0.37878787     -0.44896534     -0.44896534     -1.51497565     -1.51497565     -1.64092074     -2.47696817     -2.47696817     -2.59062395     -2.59062395     -2.64639157     -2.64639157     -4.21449730     -4.21449730     -4.25797561     -4.25797561     -4.39261056     -4.39261056     -4.91307934     -5.07381289     -5.07381289     -5.51442068     -5.51442068     -5.61938661     -5.61938661     -5.68384409     -5.68384409     -6.67173456     -6.67173456     -6.80636951     -6.96618711     -6.96618711     -7.00097557     -7.00097557     -7.09213221     -7.09213221     -7.39626827     -7.39626827     -7.50123420     -7.50123420     -7.50992405     -7.50992405     -7.71184692     -7.71184692     -7.76104522     -7.76104522     -7.78202439     -7.78202439     -8.13716336     -8.15814252     -8.15814252     -8.40926369     -8.40926369     -8.41795355     -8.41795355     -8.47191657     -8.47191657     -8.47372117     -8.47372117     -8.50670503     -8.75767927     -8.80115758     -8.80115758     -9.01929489
      1.24293583      9.01928224      8.81508623      8.77247186      8.77247186      8.49447010      8.49447010      8.46162524      8.45895914      8.45895914      8.44918963      8.44918963      8.39275909      8.39275909      8.16686830      8.14328261      8.14328261      7.79046960      7.79046960      7.74401996      7.74401996      7.72043427      7.72043427      7.54099313      7.54099313      7.43811294      7.43811294      7.42834343      7.42834343      7.07286433      7.07286433      7.04001947      7.04001947      6.94639845      6.94639845      6.76201770      6.76201770      6.62578231      5.69653902      5.69653902      5.59365883      5.59365883      5.52745877      5.52745877      5.12644641      4.96713567      4.96713567      4.36218010      4.36218010      4.31956573      4.31956573      4.18333034      4.18333034      2.66523866      2.66523866      2.55258895      2.55258895      2.49615841      2.49615841      1.59911199      1.59911199      1.47264611      0.47226316      0.40222782      0.40222782     -0.40222782     -0.40222782     -0.47226316     -1.47264611     -1.59911199     -1.59911199     -2.49615841     -2.49615841     -2.55258895     -2.55258895     -2.66523866     -2.66523866     -4.18333034     -4.18333034     -4.31956573     -4.31956573     -4.36218010     -4.36218010     -4.96713567     -4.96713567     -5.12644641     -5.52745877     -5.52745877     -5.59365883     -5.59365883     -5.69653902     -5.69653902     -6.62578231     -6.76201770     -6.76201770     -6.94639845     -6.94639845     -7.04001947     -7.04001947     -7.07286433     -7.07286433     -7.42834343     -7.42834343     -7.43811294     -7.43811294     -7.54099313     -7.54099313     -7.72043427     -7.72043427     -7.74401996     -7.74401996     -7.79046960     -7.79046960     -8.14328261     -8.14328261     -8.16686830     -8.39275909     -8.39275909     -8.44918963     -8.44918963     -8.45895914     -8.45895914     -8.46162524     -8.49447010     -8.49447010     -8.77247186     -8.77247186     -8.81508623     -9.01928224
      1.25273975      9.01342942      8.86500452      8.73987263      8.73987263      8.50983907      8.50983907      8.50764372      8.50764372      8.47512632      8.47512632      8.41722459      8.30400786      8.30400786      8.19937418      8.12087021      8.12087021      7.86187445      7.86187445      7.73089779      7.73089779      7.67873680      7.67873680      7.65239382      7.65239382      7.37664169      7.37664169      7.34412428      7.34412428      7.17554766      7.17554766      7.08293318      7.08293318      6.85289962      6.85289962      6.79494858      6.79494858      6.43978313      5.87596901      5.87596901      5.57387389      5.57387389      5.37023803      5.37023803      5.33766591      4.86445234      4.86445234      4.51273807      4.51273807      4.38760618      4.38760618      3.97448968      3.97448968      2.85799397      2.85799397      2.52338144      2.52338144      2.35226299      2.35226299      1.69227917      1.69227917      1.31168009      0.57583817      0.36635754      0.36635754     -0.36635754     -0.36635754     -0.57583817     -1.31168009     -1.69227917     -1.69227917     -2.35226299     -2.35226299     -2.52338144     -2.52338144     -2.85799397     -2.85799397     -3.97448968     -3.97448968     -4.38760618     -4.38760618     -4.51273807     -4.51273807     -4.86445234     -4.86445234     -5.33766591     -5.37023803     -5.37023803     -5.57387389     -5.57387389     -5.87596901     -5.87596901     -6.43978313     -6.79494858     -6.79494858     -6.85289962     -6.85289962     -7.08293318     -7.08293318     -7.17554766     -7.17554766     -7.34412428     -7.34412428     -7.37664169     -7.37664169     -7.65239382     -7.65239382     -7.67873680     -7.67873680     -7.73089779     -7.73089779     -7.86187445     -7.86187445     -8.12087021     -8.12087021     -8.19937418     -8.30400786     -8.30400786     -8.41722459     -8.47512632     -8.47512632     -8.50764372     -8.50764372     -8.50983907     -8.50983907     -8.73987263     -8.73987263     -8.86500452     -9.01342942
      1.26254368      9.00144987      8.90758035      8.70373422      8.70373422      8.55492783      8.55492783      8.51820248      8.51820248      8.49544688      8.49544688      8.37383730      8.23445659      8.20748199      8.20748199      8.09085687      8.09085687      7.92592405      7.92592405      7.80929893      7.80929893      7.72176086      7.72176086      7.57816115      7.57816115      7.31717086      7.31717086      7.27384761      7.27384761      7.25768991      7.25768991      7.12948244      7.12948244      6.94395069      6.94395069      6.63811982      6.63811982      6.24874195      6.05224834      6.05224834      5.56012026      5.56012026      5.54624536      5.21267442      5.21267442      4.76615239      4.76615239      4.66568498      4.66568498      4.46183885      4.46183885      3.76663011      3.76663011      3.05470784      3.05470784      2.50309881      2.50309881      2.21513392      2.21513392      1.79419527      1.79419527      1.15846747      0.68922111      0.34145821      0.34145821     -0.34145821     -0.34145821     -0.68922111     -1.15846747     -1.79419527     -1.79419527     -2.21513392     -2.21513392     -2.50309881     -2.50309881     -3.05470784     -3.05470784     -3.76663011     -3.76663011     -4.46183885     -4.46183885     -4.66568498     -4.66568498     -4.76615239     -4.76615239     -5.21267442     -5.21267442     -5.54624536     -5.56012026     -5.56012026     -6.05224834     -6.05224834     -6.24874195     -6.63811982     -6.63811982     -6.94395069     -6.94395069     -7.12948244     -7.12948244     -7.25768991     -7.25768991     -7.27384761     -7.27384761     -7.31717086     -7.31717086     -7.57816115     -7.57816115     -7.72176086     -7.72176086     -7.80929893     -7.80929893     -7.92592405     -7.92592405     -8.09085687     -8.09085687     -8.20748199     -8.20748199     -8.23445659     -8.37383730     -8.49544688     -8.49544688     -8.51820248     -8.51820248     -8.55492783     -8.55492783     -8.70373422     -8.70373422     -8.90758035     -9.00144987
      1.27234760      8.98307531      8.94298450      8.66443799      8.66443799      8.60041955      8.60041955      8.51976356      8.51976356      8.50985241      8.50985241      8.33178419      8.27187108      8.10322463      8.10322463      8.05322267      8.05322267      7.98250923      7.98250923      7.93250727      7.93250727      7.71666625      7.71666625      7.49801783      7.49801783      7.36739129      7.36739129      7.26003650      7.26003650      7.17941191      7.17941191      7.16946937      7.16946937      7.03473749      7.03473749      6.47627211      6.47627211      6.22493016      6.22493016      6.05305117      5.75170727      5.55245939      5.55245939      5.05526447      5.05526447      4.82052868      4.82052868      4.67260871      4.67260871      4.54198217      4.54198217      3.56029585      3.56029585      3.25484661      3.25484661      2.49180871      2.49180871      2.08518092      2.08518092      1.90455242      1.90455242      1.01343324      0.81209325      0.32760185      0.32760185     -0.32760185     -0.32760185     -0.81209325     -1.01343324     -1.90455242     -1.90455242     -2.08518092     -2.08518092     -2.49180871     -2.49180871     -3.25484661     -3.25484661     -3.56029585     -3.56029585     -4.54198217     -4.54198217     -4.67260871     -4.67260871     -4.82052868     -4.82052868     -5.05526447     -5.05526447     -5.55245939     -5.55245939     -5.75170727     -6.05305117     -6.22493016     -6.22493016     -6.47627211     -6.47627211     -7.03473749     -7.03473749     -7.16946937     -7.16946937     -7.17941191     -7.17941191     -7.26003650     -7.26003650     -7.36739129     -7.36739129     -7.49801783     -7.49801783     -7.71666625     -7.71666625     -7.93250727     -7.93250727     -7.98250923     -7.98250923     -8.05322267     -8.05322267     -8.10322463     -8.10322463     -8.27187108     -8.33178419     -8.50985241     -8.50985241     -8.51976356     -8.51976356     -8.60041955     -8.60041955     -8.66443799     -8.66443799     -8.94298450     -8.98307531
      1.28215152      8.97141139      8.95805706      8.64372635      8.64372635      8.62237058      8.62237058      8.51806314      8.51806314      8.51474883      8.51474883      8.31135418      8.29137124      8.04821799      8.04821799      8.03154935      8.03154935      8.00797634      8.00797634      7.99130770      7.99130770      7.71564573      7.71564573      7.45582385      7.45582385      7.41226789      7.41226789      7.23244625      7.23244625      7.20555894      7.20555894      7.12482451      7.12482451      7.07989572      7.07989572      6.39358456      6.39358456      6.30978696      6.30978696      5.95359064      5.85312440      5.55092551      5.55092551      4.97677292      4.97677292      4.89850686      4.89850686      4.62773211      4.62773211      4.58417615      4.58417615      3.45787107      3.45787107      3.35603200      3.35603200      2.48954880      2.48954880      2.02301796      2.02301796      1.96279337      1.96279337      0.94411004      0.87698107      0.32482858      0.32482858     -0.32482858     -0.32482858     -0.87698107     -0.94411004     -1.96279337     -1.96279337     -2.02301796     -2.02301796     -2.48954880     -2.48954880     -3.35603200     -3.35603200     -3.45787107     -3.45787107     -4.58417615     -4.58417615     -4.62773211     -4.62773211     -4.89850686     -4.89850686     -4.97677292     -4.97677292     -5.55092551     -5.55092551     -5.85312440     -5.95359064     -6.30978696     -6.30978696     -6.39358456     -6.39358456     -7.07989572     -7.07989572     -7.12482451     -7.12482451     -7.20555894     -7.20555894     -7.23244625     -7.23244625     -7.41226789     -7.41226789     -7.45582385     -7.45582385     -7.71564573     -7.71564573     -7.99130770     -7.99130770     -8.00797634     -8.00797634     -8.03154935     -8.03154935     -8.04821799     -8.04821799     -8.29137124     -8.31135418     -8.51474883     -8.51474883     -8.51806314     -8.51806314     -8.62237058     -8.62237058     -8.64372635     -8.64372635     -8.95805706     -8.97141139
      1.29195544      8.99307798      8.92616727      8.68445677      8.68445677      8.57792228      8.57792228      8.51981969      8.51981969      8.50340698      8.50340698      8.35262449      8.25288836      8.15631593      8.15631593      8.07299251      8.07299251      7.95515540      7.95515540      7.87183199      7.87183199      7.71870568      7.71870568      7.53880983      7.53880983      7.32123660      7.32123660      7.28829122      7.28829122      7.21377592      7.21377592      7.15404140      7.15404140      6.98940432      6.98940432      6.55779998      6.55779998      6.15145239      6.13906622      6.13906622      5.64939522      5.55552545      5.55552545      5.13391910      5.13391910      4.74290067      4.74290067      4.71876340      4.71876340      4.50119017      4.50119017      3.66323824      3.66323824      3.15438271      3.15438271      2.49632663      2.49632663      2.14923558      2.14923558      1.84833893      1.84833893      1.08490231      0.74949197      0.33314640      0.33314640     -0.33314640     -0.33314640     -0.74949197     -1.08490231     -1.84833893     -1.84833893     -2.14923558     -2.14923558     -2.49632663     -2.49632663     -3.15438271     -3.15438271     -3.66323824     -3.66323824     -4.50119017     -4.50119017     -4.71876340     -4.71876340     -4.74290067     -4.74290067     -5.13391910     -5.13391910     -5.55552545     -5.55552545     -5.64939522     -6.13906622     -6.13906622     -6.15145239     -6.55779998     -6.55779998     -6.98940432     -6.98940432     -7.15404140     -7.15404140     -7.21377592     -7.21377592     -7.28829122     -7.28829122     -7.32123660     -7.32123660     -7.53880983     -7.53880983     -7.71870568     -7.71870568     -7.87183199     -7.87183199     -7.95515540     -7.95515540     -8.07299251     -8.07299251     -8.15631593     -8.15631593     -8.25288836     -8.35262449     -8.50340698     -8.50340698     -8.51981969     -8.51981969     -8.57792228     -8.57792228     -8.68445677     -8.68445677     -8.92616727     -8.99307798
      1.30175936      9.00822270      8.88720013      8.72222213      8.72222213      8.53148530      8.53148530      8.51488433      8.51488433      8.48600773      8.48600773      8.39538389      8.25671473      8.25671473      8.21660814      8.10681557      8.10681557      7.89482615      7.89482615      7.74492699      7.74492699      7.72582702      7.72582702      7.61603445      7.61603445      7.34663486      7.34663486      7.30115729      7.30115729      7.22526927      7.22526927      7.10576884      7.10576884      6.89843103      6.89843103      6.71718458      6.71718458      6.34486878      5.96453082      5.96453082      5.56623869      5.56623869      5.44231585      5.29146813      5.29146813      4.81473073      4.81473073      4.58894355      4.58894355      4.42396555      4.42396555      3.87040329      3.87040329      2.95588928      2.95588928      2.51211959      2.51211959      2.28282659      2.28282659      1.74216225      1.74216225      1.23407756      0.63132296      0.35253126      0.35253126     -0.35253126     -0.35253126     -0.63132296     -1.23407756     -1.74216225     -1.74216225     -2.28282659     -2.28282659     -2.51211959     -2.51211959     -2.95588928     -2.95588928     -3.87040329     -3.87040329     -4.42396555     -4.42396555     -4.58894355     -4.58894355     -4.81473073     -4.81473073     -5.29146813     -5.29146813     -5.44231585     -5.56623869     -5.56623869     -5.96453082     -5.96453082     -6.34486878     -6.71718458     -6.71718458     -6.89843103     -6.89843103     -7.10576884     -7.10576884     -7.22526927     -7.22526927     -7.30115729     -7.30115729     -7.34663486     -7.34663486     -7.61603445     -7.61603445     -7.72582702     -7.72582702     -7.74492699     -7.74492699     -7.89482615     -7.89482615     -8.10681557     -8.10681557     -8.21660814     -8.25671473     -8.25671473     -8.39538389     -8.48600773     -8.48600773     -8.51488433     -8.51488433     -8.53148530     -8.53148530     -8.72222213     -8.72222213     -8.88720013     -9.00822270
      1.31156328      9.01710417      8.84097291      8.75663822      8.75663822      8.50304205      8.50304205      8.48345207      8.48345207      8.46284059      8.46284059      8.43931883      8.34935688      8.34935688      8.18278467      8.13302416      8.13302416      7.82708351      7.82708351      7.73696527      7.73696527      7.68720477      7.68720477      7.61075079      7.61075079      7.40714884      7.40714884      7.38653737      7.38653737      7.12472995      7.12472995      7.06100673      7.06100673      6.87136750      6.87136750      6.80741056      6.80741056      6.53343663      5.78661930      5.78661930      5.58301735      5.58301735      5.44892216      5.44892216      5.23235572      4.91527005      4.91527005      4.43712992      4.43712992      4.35279523      4.35279523      4.07882130      4.07882130      2.76108841      2.76108841      2.53687498      2.53687498      2.42339127      2.42339127      1.64458373      1.64458373      1.39122128      0.52280579      0.38292706      0.38292706     -0.38292706     -0.38292706     -0.52280579     -1.39122128     -1.64458373     -1.64458373     -2.42339127     -2.42339127     -2.53687498     -2.53687498     -2.76108841     -2.76108841     -4.07882130     -4.07882130     -4.35279523     -4.35279523     -4.43712992     -4.43712992     -4.91527005     -4.91527005     -5.23235572     -5.44892216     -5.44892216     -5.58301735     -5.58301735     -5.78661930     -5.78661930     -6.53343663     -6.80741056     -6.80741056     -6.87136750     -6.87136750     -7.06100673     -7.06100673     -7.12472995     -7.12472995     -7.38653737     -7.38653737     -7.40714884     -7.40714884     -7.61075079     -7.61075079     -7.68720477     -7.68720477     -7.73696527     -7.73696527     -7.82708351     -7.82708351     -8.13302416     -8.13302416     -8.18278467     -8.34935688     -8.34935688     -8.43931883     -8.46284059     -8.46284059     -8.48345207     -8.48345207     -8.50304205     -8.50304205     -8.75663822     -8.75663822     -8.84097291     -9.01710417
      1.32136721      9.02000000      8.78732699      8.78732699      8.78732699      8.48410162      8.48410162      8.48410162      8.43421356      8.43421356      8.43421356      8.43421356      8.43421356      8.43421356      8.15165250      8.15165250      8.15165250      7.75205081      7.75205081      7.75205081      7.75205081      7.75205081      7.75205081      7.46948974      7.46948974      7.46948974      7.46948974      7.46948974      7.46948974      7.02000000      7.02000000      7.02000000      7.02000000      7.02000000      7.02000000      6.71677463      6.71677463      6.71677463      5.60578644      5.60578644      5.60578644      5.60578644      5.60578644      5.60578644      5.02000000      5.02000000      5.02000000      4.28794919      4.28794919      4.28794919      4.28794919      4.28794919      4.28794919      2.57051026      2.57051026      2.57051026      2.57051026      2.57051026      2.57051026      1.55589838      1.55589838      1.55589838      0.42424589      0.42424589      0.42424589     -0.42424589     -0.42424589     -0.42424589     -1.55589838     -1.55589838     -1.55589838     -2.57051026     -2.57051026     -2.57051026     -2.57051026     -2.57051026     -2.57051026     -4.28794919     -4.28794919     -4.28794919     -4.28794919     -4.28794919     -4.28794919     -5.02000000     -5.02000000     -5.02000000     -5.60578644     -5.60578644     -5.60578644     -5.60578644     -5.60578644     -5.60578644     -6.71677463     -6.71677463     -6.71677463     -7.02000000     -7.02000000     -7.02000000     -7.02000000     -7.02000000     -7.02000000     -7.46948974     -7.46948974     -7.46948974     -7.46948974     -7.46948974     -7.46948974     -7.75205081     -7.75205081     -7.75205081     -7.75205081     -7.75205081     -7.75205081     -8.15165250     -8.15165250     -8.15165250     -8.43421356     -8.43421356     -8.43421356     -8.43421356     -8.43421356     -8.43421356     -8.48410162     -8.48410162     -8.48410162     -8.78732699     -8.78732699     -8.78732699     -9.02000000
      1.33117113      9.01720536      8.81391821      8.81391821      8.72612878      8.52939183      8.51128452      8.51128452      8.45789653      8.45789653      8.40045172      8.40045172      8.38415760      8.38415760      8.16276313      8.16276313      8.12342563      7.81032658      7.81032658      7.77098909      7.77098908      7.66987946      7.66987946      7.54959462      7.54959462      7.53330050      7.53330050      7.32135807      7.32135807      7.16275664      7.16275664      6.98297201      6.98297201      6.91147671      6.91147671      6.89452438      6.62695033      6.62695033      5.76157106      5.76157106      5.63444413      5.63444413      5.42250170      5.42250170      5.12852329      5.12852329      4.80574806      4.49724747      4.49724747      4.22967342      4.22967342      4.14188399      4.14188399      2.72374608      2.72374608      2.61291328      2.61291328      2.38467673      2.38467673      1.72765475      1.47637482      1.47637482      0.47636832      0.47636832      0.33592120     -0.33592120     -0.47636832     -0.47636832     -1.47637482     -1.47637482     -1.72765475     -2.38467673     -2.38467673     -2.61291328     -2.61291328     -2.72374608     -2.72374608     -4.14188399     -4.14188399     -4.22967342     -4.22967342     -4.49724747     -4.49724747     -4.80574806     -5.12852329     -5.12852329     -5.42250170     -5.42250170     -5.63444413     -5.63444413     -5.76157106     -5.76157106     -6.62695033     -6.62695033     -6.89452438     -6.91147671     -6.91147671     -6.98297201     -6.98297201     -7.16275664     -7.16275664     -7.32135807     -7.32135807     -7.53330050     -7.53330050     -7.54959462     -7.54959462     -7.66987946     -7.66987946     -7.77098908     -7.77098909     -7.81032658     -7.81032658     -8.12342563     -8.16276313     -8.16276313     -8.38415760     -8.38415760     -8.40045172     -8.40045172     -8.45789653     -8.45789653     -8.51128452     -8.51128452     -8.52939183     -8.72612878     -8.81391821     -8.81391821     -9.01720536
      1.34097505      9.00903164      8.83605114      8.83605114      8.65727056      8.58059772      8.58059772      8.57483779      8.42428586      8.42428586      8.36189582      8.36189582      8.33366718      8.33366718      8.16644661      8.16644661      8.09829663      7.86181104      7.86181104      7.79366106      7.79366106      7.62644049      7.62644049      7.59821185      7.59821185      7.58074848      7.58074848      7.29933621      7.29933621      7.16659736      7.16659736      7.06635151      6.95012368      6.95012368      6.79957175      6.79957175      6.53835840      6.53835840      5.91579272      5.91579272      5.66886217      5.66886217      5.24042825      5.24042825      5.23724767      5.23724767      4.70618207      4.70618207      4.59011185      4.17818896      4.17818896      3.99940839      3.99940839      2.88264466      2.88264466      2.66394275      2.66394275      2.20409961      2.20409961      1.90601871      1.40625425      1.40625425      0.53914385      0.53914385      0.25808129     -0.25808129     -0.53914385     -0.53914385     -1.40625425     -1.40625425     -1.90601871     -2.20409961     -2.20409961     -2.66394275     -2.66394275     -2.88264466     -2.88264466     -3.99940839     -3.99940839     -4.17818896     -4.17818896     -4.59011185     -4.70618207     -4.70618207     -5.23724767     -5.23724767     -5.24042825     -5.24042825     -5.66886217     -5.66886217     -5.91579272     -5.91579272     -6.53835840     -6.53835840     -6.79957175     -6.79957175     -6.95012368     -6.95012368     -7.06635151     -7.16659736     -7.16659736     -7.29933621     -7.29933621     -7.58074848     -7.58074848     -7.59821185     -7.59821185     -7.62644049     -7.62644049     -7.79366106     -7.79366106     -7.86181104     -7.86181104     -8.09829663     -8.16644661     -8.16644661     -8.33366718     -8.33366718     -8.36189582     -8.36189582     -8.42428586     -8.42428586     -8.57483779     -8.58059772     -8.58059772     -8.65727056     -8.83605114     -8.83605114     -9.00903164
      1.35077897      8.99580492      8.85337611      8.85337611      8.64220897      8.64220897      8.62007805      8.58067118      8.38315503      8.38315503      8.31890078      8.31890078      8.28311887      8.28311887      8.16282096      8.16282096      8.07643579      7.90630887      7.90630887      7.81992370      7.81992370      7.69962580      7.69962580      7.66384389      7.66384389      7.48486395      7.48486395      7.42946271      7.42946271      7.23194656      7.00547595      7.00547595      6.92163262      6.92163262      6.68470960      6.68470960      6.45141154      6.45141154      6.06797646      6.06797646      5.70888636      5.70888636      5.35529040      5.35529040      5.05051842      5.05051842      4.91422615      4.91422615      4.37361427      4.13369113      4.13369113      3.86098620      3.86098620      3.04673692      3.04673691      2.72342873      2.72342872      2.09050275      2.02927888      2.02927888      1.34574964      1.34574964      0.61239139      0.61239139      0.19094647     -0.19094647     -0.61239139     -0.61239139     -1.34574964     -1.34574964     -2.02927888     -2.02927888     -2.09050275     -2.72342872     -2.72342873     -3.04673691     -3.04673692     -3.86098620     -3.86098620     -4.13369113     -4.13369113     -4.37361427     -4.91422615     -4.91422615     -5.05051842     -5.05051842     -5.35529040     -5.35529040     -5.70888636     -5.70888636     -6.06797646     -6.06797646     -6.45141154     -6.45141154     -6.68470960     -6.68470960     -6.92163262     -6.92163262     -7.00547595     -7.00547595     -7.23194656     -7.42946271     -7.42946271     -7.48486395     -7.48486395     -7.66384389     -7.66384389     -7.69962580     -7.69962580     -7.81992370     -7.81992370     -7.90630887     -7.90630887     -8.07643579     -8.16282096     -8.16282096     -8.28311887     -8.28311887     -8.31890078     -8.31890078     -8.38315503     -8.38315503     -8.58067118     -8.62007805     -8.64220897     -8.64220897     -8.85337611     -8.85337611     -8.99580492
      1.36058289      8.97786453      8.86555612      8.86555612      8.69620134      8.69620134      8.66474293      8.49627671      8.33441647      8.33441647      8.27183413      8.27183413      8.23288118      8.23288118      8.15203119      8.15203119      8.05799044      7.94365129      7.94365129      7.84961054      7.84961053      7.76876055      7.76876055      7.72980759      7.72980759      7.55288610      7.55288610      7.39102587      7.38245837      7.38245837      6.89765244      6.89765244      6.83828822      6.83828822      6.56732598      6.56732598      6.36651279      6.36651279      6.21765737      6.21765737      5.75433720      5.75433720      5.47267402      5.47267402      5.12086179      5.12086179      4.86281783      4.86281783      4.15678743      4.09634871      4.09634871      3.72706930      3.72706930      3.21554045      3.21554045      2.79117324      2.79117324      2.28060511      1.86070091      1.86070091      1.29504499      1.29504499      0.69589990      0.69589990      0.13470699     -0.13470699     -0.69589990     -0.69589990     -1.29504499     -1.29504499     -1.86070091     -1.86070091     -2.28060511     -2.79117324     -2.79117324     -3.21554045     -3.21554045     -3.72706930     -3.72706930     -4.09634871     -4.09634871     -4.15678743     -4.86281783     -4.86281783     -5.12086179     -5.12086179     -5.47267402     -5.47267402     -5.75433720     -5.75433720     -6.21765737     -6.21765737     -6.36651279     -6.36651279     -6.56732598     -6.56732598     -6.83828822     -6.83828822     -6.89765244     -6.89765244     -7.38245837     -7.38245837     -7.39102587     -7.55288610     -7.55288610     -7.72980759     -7.72980759     -7.76876055     -7.76876055     -7.84961053     -7.84961054     -7.94365129     -7.94365129     -8.05799044     -8.15203119     -8.15203119     -8.23288118     -8.23288118     -8.27183413     -8.27183413     -8.33441647     -8.33441647     -8.49627671     -8.66474293     -8.69620134     -8.69620134     -8.86555612     -8.86555612     -8.97786453
      1.37038681      8.95556139      8.87226839      8.87226839      8.74268465      8.74268465      8.70845613      8.40406097      8.27801017      8.27801017      8.22107446      8.22107446      8.18331300      8.18331300      8.13424852      8.13424852      8.04308429      7.97369664      7.97369664      7.88253241      7.88253241      7.83346792      7.83346792      7.79570646      7.79570646      7.66938310      7.66938310      7.54333230      7.27378989      7.27378989      6.87831213      6.87831213      6.66535376      6.66535376      6.44786617      6.44786617      6.36438222      6.36438222      6.28405391      6.28405391      5.80501057      5.80501057      5.59213383      5.59213383      5.32558176      5.32558176      4.67465787      4.67465787      4.06630336      4.06630336      3.94017094      3.59809595      3.59809595      3.38856120      3.38856120      2.86695102      2.86695102      2.47581154      1.69883685      1.69883685      1.25429460      1.25429460      0.78942918      0.78942918      0.08952244     -0.08952244     -0.78942918     -0.78942918     -1.25429460     -1.25429460     -1.69883685     -1.69883685     -2.47581154     -2.86695102     -2.86695102     -3.38856120     -3.38856120     -3.59809595     -3.59809595     -3.94017094     -4.06630336     -4.06630336     -4.67465787     -4.67465787     -5.32558176     -5.32558176     -5.59213383     -5.59213383     -5.80501057     -5.80501057     -6.28405391     -6.28405391     -6.36438222     -6.36438222     -6.44786617     -6.44786617     -6.66535376     -6.66535376     -6.87831213     -6.87831213     -7.27378989     -7.27378989     -7.54333230     -7.66938310     -7.66938310     -7.79570646     -7.79570646     -7.83346792     -7.83346792     -7.88253241     -7.88253241     -7.97369664     -7.97369664     -8.04308429     -8.13424852     -8.13424852     -8.18331300     -8.18331300     -8.22107446     -8.22107446     -8.27801017     -8.27801017     -8.40406097     -8.70845613     -8.74268465     -8.74268465     -8.87226839     -8.87226839     -8.95556139
      1.38019073      8.92925651      8.87320580      8.87320580      8.78179466      8.78179466      8.75083636      8.30402596      8.21390418      8.21390418      8.16700976      8.16700976      8.13476210      8.13476210      8.10966969      8.10966969      8.03181697      7.99633094      7.99633094      7.91847822      7.91847822      7.89338581      7.89338581      7.86113816      7.86113816      7.77875771      7.77875771      7.68863593      7.15914145      7.15914145      6.86371549      6.86371549      6.50771110      6.50771110      6.48701648      6.48701648      6.32678331      6.32678331      6.20441387      6.20441387      5.86067854      5.86067854      5.71321669      5.71321669      5.52789111      5.52789111      4.48655686      4.48655686      4.04366906      4.04366906      3.72431011      3.56529523      3.56529523      3.47448922      3.47448922      2.95051032      2.95051032      2.67559702      1.54414099      1.54414099      1.22362262      1.22362262      0.89271064      0.89271064      0.05552114     -0.05552114     -0.89271064     -0.89271064     -1.22362262     -1.22362262     -1.54414099     -1.54414099     -2.67559702     -2.95051032     -2.95051032     -3.47448922     -3.47448922     -3.56529523     -3.56529523     -3.72431011     -4.04366906     -4.04366906     -4.48655686     -4.48655686     -5.52789111     -5.52789111     -5.71321669     -5.71321669     -5.86067854     -5.86067854     -6.20441387     -6.20441387     -6.32678331     -6.32678331     -6.48701648     -6.48701648     -6.50771110     -6.50771110     -6.86371549     -6.86371549     -7.15914145     -7.15914145     -7.68863593     -7.77875771     -7.77875771     -7.86113816     -7.86113816     -7.89338581     -7.89338581     -7.91847822     -7.91847822     -7.99633094     -7.99633094     -8.03181697     -8.10966969     -8.10966969     -8.13476210     -8.13476210     -8.16700976     -8.16700976     -8.21390418     -8.21390418     -8.30402596     -8.75083636     -8.78179466     -8.78179466     -8.87320580     -8.87320580     -8.92925651
      1.38999466      8.89931929      8.86807836      8.86807836      8.81369231      8.81369231      8.79149895      8.19620219      8.14209490      8.14209490      8.11003575      8.11003575      8.08756363      8.08756363      8.07851606      8.07851606      8.02426355      8.01146835      8.01146835      7.95721584      7.95721584      7.94816827      7.94816827      7.92569615      7.92569615      7.88084181      7.88084181      7.82673452      7.03881983      7.03881983      6.85394077      6.85394077      6.64721895      6.64721895      6.30364357      6.30364357      6.20453672      6.20453672      6.12795731      6.12795731      5.92109026      5.92109026      5.83546328      5.83546328      5.72730886      5.72730886      4.29903769      4.29903769      4.02853165      4.02853165      3.74523041      3.74523041      3.50975414      3.35665547      3.35665547      3.04157385      3.04157385      2.87942761      1.39704915      1.39704915      1.20312253      1.20312253      1.00544827      1.00544827      0.03279975     -0.03279975     -1.00544827     -1.00544827     -1.20312253     -1.20312253     -1.39704915     -1.39704915     -2.87942761     -3.04157385     -3.04157385     -3.35665547     -3.35665547     -3.50975414     -3.74523041     -3.74523041     -4.02853165     -4.02853165     -4.29903769     -4.29903769     -5.72730886     -5.72730886     -5.83546328     -5.83546328     -5.92109026     -5.92109026     -6.12795731     -6.12795731     -6.20453672     -6.20453672     -6.30364357     -6.30364357     -6.64721895     -6.64721895     -6.85394077     -6.85394077     -7.03881983     -7.03881983     -7.82673452     -7.88084181     -7.88084181     -7.92569615     -7.92569615     -7.94816827     -7.94816827     -7.95721584     -7.95721584     -8.01146835     -8.01146835     -8.02426355     -8.07851606     -8.07851606     -8.08756363     -8.08756363     -8.11003575     -8.11003575     -8.14209490     -8.14209490     -8.19620219     -8.79149895     -8.81369231     -8.81369231     -8.86807836     -8.86807836     -8.89931929
      1.39979858      8.86612590      8.85661460      8.85661460      8.83856280      8.83856280      8.83005758      8.08064886      8.06260739      8.06260739      8.05055425      8.05055425      8.04203870      8.04203870      8.04103262      8.04103262      8.02047425      8.01905144      8.01905144      7.99849307      7.99849307      7.99748699      7.99748699      7.98897144      7.98897144      7.97549549      7.97549549      7.95745402      6.91315462      6.91315462      6.84904030      6.84904030      6.78249709      6.78249709      6.11562444      6.11562444      6.08159012      6.08159012      6.05503310      6.05503310      5.98597298      5.98597298      5.95840988      5.95840988      5.92336948      5.92336948      4.11262598      4.11262598      4.02094856      4.02094856      3.92784833      3.92784833      3.29705433      3.24498283      3.24498283      3.13983978      3.13983978      3.08676219      1.25797722      1.25797722      1.19285682      1.19285682      1.12731969      1.12731969      0.02142287     -0.02142287     -1.12731969     -1.12731969     -1.19285682     -1.19285682     -1.25797722     -1.25797722     -3.08676219     -3.13983978     -3.13983978     -3.24498283     -3.24498283     -3.29705433     -3.92784833     -3.92784833     -4.02094856     -4.02094856     -4.11262598     -4.11262598     -5.92336948     -5.92336948     -5.95840988     -5.95840988     -5.98597298     -5.98597298     -6.05503310     -6.05503310     -6.08159012     -6.08159012     -6.11562444     -6.11562444     -6.78249709     -6.78249709     -6.84904030     -6.84904030     -6.91315462     -6.91315462     -7.95745402     -7.97549549     -7.97549549     -7.98897144     -7.98897144     -7.99748699     -7.99748699     -7.99849307     -7.99849307     -8.01905144     -8.01905144     -8.02047425     -8.04103262     -8.04103262     -8.04203870     -8.04203870     -8.05055425     -8.05055425     -8.06260739     -8.06260739     -8.08064886     -8.83005758     -8.83856280     -8.83856280     -8.85661460     -8.85661460     -8.86612590
      1.40960250      8.86612590      8.85661460      8.85661460      8.83856280      8.83856280      8.83005758      8.08064886      8.06260739      8.06260739      8.05055425      8.05055425      8.04203870      8.04203870      8.04103262      8.04103262      8.02047425      8.01905144      8.01905144      7.99849307      7.99849307      7.99748699      7.99748699      7.98897144      7.98897144      7.97549549      7.97549549      7.95745402      6.91315462      6.91315462      6.84904030      6.84904030      6.78249709      6.78249709      6.11562444      6.11562444      6.08159012      6.08159012      6.05503310      6.05503310      5.98597298      5.98597298      5.95840988      5.95840988      5.92336948      5.92336948      4.11262598      4.11262598      4.02094856      4.02094856      3.92784833      3.92784833      3.29705433      3.24498283      3.24498283      3.13983978      3.13983978      3.08676219      1.25797722      1.25797722      1.19285682      1.19285682      1.12731969      1.12731969      0.02142287     -0.02142287     -1.12731969     -1.12731969     -1.19285682     -1.19285682     -1.25797722     -1.25797722     -3.08676219     -3.13983978     -3.13983978     -3.24498283     -3.24498283     -3.29705433     -3.92784833     -3.92784833     -4.02094856     -4.02094856     -4.11262598     -4.11262598     -5.92336948     -5.92336948     -5.95840988     -5.95840988     -5.98597298     -5.98597298     -6.05503310     -6.05503310     -6.08159012     -6.08159012     -6.11562444     -6.11562444     -6.78249709     -6.78249709     -6.84904030     -6.84904030     -6.91315462     -6.91315462     -7.95745402     -7.97549549     -7.97549549     -7.98897144     -7.98897144     -7.99748699     -7.99748699     -7.99849307     -7.99849307     -8.01905144     -8.01905144     -8.02047425     -8.04103262     -8.04103262     -8.04203870     -8.04203870     -8.05055425     -8.05055425     -8.06260739     -8.06260739     -8.08064886     -8.83005758     -8.83856280     -8.83856280     -8.85661460     -8.85661460     -8.86612590
      1.41940642      8.89931929      8.86807836      8.86807836      8.81369231      8.81369231      8.79149895      8.19620219      8.14209490      8.14209490      8.11003575      8.11003575      8.08756363      8.08756363      8.07851606      8.07851606      8.02426355      8.01146835      8.01146835      7.95721584      7.95721584      7.94816827      7.94816827      7.92569615      7.92569615      7.88084181      7.88084181      7.82673452      7.03881983      7.03881983      6.85394077      6.85394077      6.64721895      6.64721895      6.30364357      6.30364357      6.20453672      6.20453672      6.12795731      6.12795731      5.92109026      5.92109026      5.83546328      5.83546328      5.72730886      5.72730886      4.29903769      4.29903769      4.02853165      4.02853165      3.74523041      3.74523041      3.50975414      3.35665547      3.35665547      3.04157385      3.04157385      2.87942761      1.39704915      1.39704915      1.20312253      1.20312253      1.00544827      1.00544827      0.03279975     -0.03279975     -1.00544827     -1.00544827     -1.20312253     -1.20312253     -1.39704915     -1.39704915     -2.87942761     -3.04157385     -3.04157385     -3.35665547     -3.35665547     -3.50975414     -3.74523041     -3.74523041     -4.02853165     -4.02853165     -4.29903769     -4.29903769     -5.72730886     -5.72730886     -5.83546328     -5.83546328     -5.92109026     -5.92109026     -6.12795731     -6.12795731     -6.20453672     -6.20453672     -6.30364357     -6.30364357     -6.64721895     -6.64721895     -6.85394077     -6.85394077     -7.03881983     -7.03881983     -7.82673452     -7.88084181     -7.88084181     -7.92569615     -7.92569615     -7.94816827     -7.94816827     -7.95721584     -7.95721584     -8.01146835     -8.01146835     -8.02426355     -8.07851606     -8.07851606     -8.08756363     -8.08756363     -8.11003575     -8.11003575     -8.14209490     -8.14209490     -8.19620219     -8.79149895     -8.81369231     -8.81369231     -8.86807836     -8.86807836     -8.89931929
      1.42921034      8.92925651      8.87320580      8.87320580      8.78179466      8.78179466      8.75083636      8.30402596      8.21390418      8.21390418      8.16700976      8.16700976      8.13476210      8.13476210      8.10966969      8.10966969      8.03181697      7.99633094      7.99633094      7.91847822      7.91847822      7.89338581      7.89338581      7.86113816      7.86113816      7.77875771      7.77875771      7.68863593      7.15914145      7.15914145      6.86371549      6.86371549      6.50771110      6.50771110      6.48701648      6.48701648      6.32678331      6.32678331      6.20441387      6.20441387      5.86067854      5.86067854      5.71321669      5.71321669      5.52789111      5.52789111      4.48655686      4.48655686      4.04366906      4.04366906      3.72431011      3.56529523      3.56529523      3.47448922      3.47448922      2.95051032      2.95051032      2.67559702      1.54414099      1.54414099      1.22362262      1.22362262      0.89271064      0.89271064      0.05552114     -0.05552114     -0.89271064     -0.89271064     -1.22362262     -1.22362262     -1.54414099     -1.54414099     -2.67559702     -2.95051032     -2.95051032     -3.47448922     -3.47448922     -3.56529523     -3.56529523     -3.72431011     -4.04366906     -4.04366906     -4.48655686     -4.48655686     -5.52789111     -5.52789111     -5.71321669     -5.71321669     -5.86067854     -5.86067854     -6.20441387     -6.20441387     -6.32678331     -6.32678331     -6.48701648     -6.48701648     -6.50771110     -6.50771110     -6.86371549     -6.86371549     -7.15914145     -7.15914145     -7.68863593     -7.77875771     -7.77875771     -7.86113816     -7.86113816     -7.89338581     -7.89338581     -7.91847822     -7.91847822     -7.99633094     -7.99633094     -8.03181697     -8.10966969     -8.10966969     -8.13476210     -8.13476210     -8.16700976     -8.16700976     -8.21390418     -8.21390418     -8.30402596     -8.75083636     -8.78179466     -8.78179466     -8.87320580     -8.87320580     -8.92925651
      1.43901426      8.95556139      8.87226839      8.87226839      8.74268465      8.74268465      8.70845613      8.40406097      8.27801017      8.27801017      8.22107446      8.22107446      8.18331300      8.18331300      8.13424852      8.13424852      8.04308429      7.97369664      7.97369664      7.88253241      7.88253241      7.83346792      7.83346792      7.79570646      7.79570646      7.66938310      7.66938310      7.54333230      7.27378989      7.27378989      6.87831213      6.87831213      6.66535376      6.66535376      6.44786617      6.44786617      6.36438222      6.36438222      6.28405391      6.28405391      5.80501057      5.80501057      5.59213383      5.59213383      5.32558176      5.32558176      4.67465787      4.67465787      4.06630336      4.06630336      3.94017094      3.59809595      3.59809594      3.38856120      3.38856120      2.86695102      2.86695102      2.47581154      1.69883685      1.69883685      1.25429460      1.25429460      0.78942918      0.78942918      0.08952244     -0.08952244     -0.78942918     -0.78942918     -1.25429460     -1.25429460     -1.69883685     -1.69883685     -2.47581154     -2.86695102     -2.86695102     -3.38856120     -3.38856120     -3.59809594     -3.59809595     -3.94017094     -4.06630336     -4.06630336     -4.67465787     -4.67465787     -5.32558176     -5.32558176     -5.59213383     -5.59213383     -5.80501057     -5.80501057     -6.28405391     -6.28405391     -6.36438222     -6.36438222     -6.44786617     -6.44786617     -6.66535376     -6.66535376     -6.87831213     -6.87831213     -7.27378989     -7.27378989     -7.54333230     -7.66938310     -7.66938310     -7.79570646     -7.79570646     -7.83346792     -7.83346792     -7.88253241     -7.88253241     -7.97369664     -7.97369664     -8.04308429     -8.13424852     -8.13424852     -8.18331300     -8.18331300     -8.22107446     -8.22107446     -8.27801017     -8.27801017     -8.40406097     -8.70845613     -8.74268465     -8.74268465     -8.87226839     -8.87226839     -8.95556139
      1.44881819      8.97786453      8.86555612      8.86555612      8.69620134      8.69620134      8.66474293      8.49627671      8.33441647      8.33441647      8.27183413      8.27183413      8.23288118      8.23288118      8.15203119      8.15203119      8.05799044      7.94365129      7.94365129      7.84961054      7.84961053      7.76876055      7.76876055      7.72980759      7.72980759      7.55288610      7.55288610      7.39102587      7.38245837      7.38245837      6.89765244      6.89765244      6.83828822      6.83828822      6.56732598      6.56732598      6.36651279      6.36651279      6.21765737      6.21765737      5.75433720      5.75433720      5.47267402      5.47267402      5.12086179      5.12086179      4.86281783      4.86281783      4.15678743      4.09634871      4.09634871      3.72706930      3.72706930      3.21554045      3.21554045      2.79117324      2.79117324      2.28060511      1.86070091      1.86070091      1.29504499      1.29504499      0.69589990      0.69589990      0.13470699     -0.13470699     -0.69589990     -0.69589990     -1.29504499     -1.29504499     -1.86070091     -1.86070091     -2.28060511     -2.79117324     -2.79117324     -3.21554045     -3.21554045     -3.72706930     -3.72706930     -4.09634871     -4.09634871     -4.15678743     -4.86281783     -4.86281783     -5.12086179     -5.12086179     -5.47267402     -5.47267402     -5.75433720     -5.75433720     -6.21765737     -6.21765737     -6.36651279     -6.36651279     -6.56732598     -6.56732598     -6.83828822     -6.83828822     -6.89765244     -6.89765244     -7.38245837     -7.38245837     -7.39102587     -7.55288610     -7.55288610     -7.72980759     -7.72980759     -7.76876055     -7.76876055     -7.84961053     -7.84961054     -7.94365129     -7.94365129     -8.05799044     -8.15203119     -8.15203119     -8.23288118     -8.23288118     -8.27183413     -8.27183413     -8.33441647     -8.33441647     -8.49627671     -8.66474293     -8.69620134     -8.69620134     -8.86555612     -8.86555612     -8.97786453
      1.45862211      8.99580492      8.85337611      8.85337611      8.64220897      8.64220897      8.62007805      8.58067118      8.38315503      8.38315503      8.31890078      8.31890078      8.28311887      8.28311887      8.16282096      8.16282096      8.07643579      7.90630887      7.90630887      7.81992370      7.81992370      7.69962580      7.69962580      7.66384389      7.66384389      7.48486395      7.48486395      7.42946271      7.42946271      7.23194656      7.00547595      7.00547595      6.92163262      6.92163262      6.68470960      6.68470960      6.45141154      6.45141154      6.06797646      6.06797646      5.70888636      5.70888636      5.35529040      5.35529040      5.05051842      5.05051842      4.91422615      4.91422615      4.37361427      4.13369113      4.13369113      3.86098620      3.86098620      3.04673692      3.04673691      2.72342873      2.72342872      2.09050275      2.02927888      2.02927888      1.34574964      1.34574964      0.61239139      0.61239139      0.19094647     -0.19094647     -0.61239139     -0.61239139     -1.34574964     -1.34574964     -2.02927888     -2.02927888     -2.09050275     -2.72342872     -2.72342873     -3.04673691     -3.04673692     -3.86098620     -3.86098620     -4.13369113     -4.13369113     -4.37361427     -4.91422615     -4.91422615     -5.05051842     -5.05051842     -5.35529040     -5.35529040     -5.70888636     -5.70888636     -6.06797646     -6.06797646     -6.45141154     -6.45141154     -6.68470960     -6.68470960     -6.92163262     -6.92163262     -7.00547595     -7.00547595     -7.23194656     -7.42946271     -7.42946271     -7.48486395     -7.48486395     -7.66384389     -7.66384389     -7.69962580     -7.69962580     -7.81992370     -7.81992370     -7.90630887     -7.90630887     -8.07643579     -8.16282096     -8.16282096     -8.28311887     -8.28311887     -8.31890078     -8.31890078     -8.38315503     -8.38315503     -8.58067118     -8.62007805     -8.64220897     -8.64220897     -8.85337611     -8.85337611     -8.99580492
      1.46842603      9.00903164      8.83605114      8.83605114      8.65727056      8.58059772      8.58059772      8.57483779      8.42428586      8.42428586      8.36189582      8.36189582      8.33366718      8.33366718      8.16644661      8.16644661      8.09829663      7.86181104      7.86181104      7.79366106      7.79366106      7.62644049      7.62644049      7.59821185      7.59821185      7.58074848      7.58074848      7.29933621      7.29933621      7.16659736      7.16659736      7.06635151      6.95012368      6.95012368      6.79957175      6.79957175      6.53835840      6.53835840      5.91579272      5.91579272      5.66886217      5.66886217      5.24042825      5.24042825      5.23724767      5.23724767      4.70618207      4.70618207      4.59011185      4.17818896      4.17818896      3.99940839      3.99940839      2.88264466      2.88264466      2.66394275      2.66394275      2.20409961      2.20409961      1.90601871      1.40625425      1.40625425      0.53914385      0.53914385      0.25808129     -0.25808129     -0.53914385     -0.53914385     -1.40625425     -1.40625425     -1.90601871     -2.20409961     -2.20409961     -2.66394275     -2.66394275     -2.88264466     -2.88264466     -3.99940839     -3.99940839     -4.17818896     -4.17818896     -4.59011185     -4.70618207     -4.70618207     -5.23724767     -5.23724767     -5.24042825     -5.24042825     -5.66886217     -5.66886217     -5.91579272     -5.91579272     -6.53835840     -6.53835840     -6.79957175     -6.79957175     -6.95012368     -6.95012368     -7.06635151     -7.16659736     -7.16659736     -7.29933621     -7.29933621     -7.58074848     -7.58074848     -7.59821185     -7.59821185     -7.62644049     -7.62644049     -7.79366106     -7.79366106     -7.86181104     -7.86181104     -8.09829663     -8.16644661     -8.16644661     -8.33366718     -8.33366718     -8.36189582     -8.36189582     -8.42428586     -8.42428586     -8.57483779     -8.58059772     -8.58059772     -8.65727056     -8.83605114     -8.83605114     -9.00903164
      1.47822995      9.01720536      8.81391821      8.81391821      8.72612878      8.52939183      8.51128452      8.51128452      8.45789653      8.45789653      8.40045172      8.40045172      8.38415760      8.38415760      8.16276313      8.16276313      8.12342563      7.81032658      7.81032658      7.77098909      7.77098908      7.66987946      7.66987946      7.54959462      7.54959462      7.53330050      7.53330050      7.32135807      7.32135807      7.16275664      7.16275664      6.98297201      6.98297201      6.91147671      6.91147671      6.89452438      6.62695033      6.62695033      5.76157106      5.76157106      5.63444413      5.63444413      5.42250170      5.42250170      5.12852329      5.12852329      4.80574806      4.49724747      4.49724747      4.22967342      4.22967342      4.14188399      4.14188399      2.72374608      2.72374608      2.61291328      2.61291328      2.38467673      2.38467673      1.72765475      1.47637482      1.47637482      0.47636832      0.47636832      0.33592120     -0.33592120     -0.47636832     -0.47636832     -1.47637482     -1.47637482     -1.72765475     -2.38467673     -2.38467673     -2.61291328     -2.61291328     -2.72374608     -2.72374608     -4.14188399     -4.14188399     -4.22967342     -4.22967342     -4.49724747     -4.49724747     -4.80574806     -5.12852329     -5.12852329     -5.42250170     -5.42250170     -5.63444413     -5.63444413     -5.76157106     -5.76157106     -6.62695033     -6.62695033     -6.89452438     -6.91147671     -6.91147671     -6.98297201     -6.98297201     -7.16275664     -7.16275664     -7.32135807     -7.32135807     -7.53330050     -7.53330050     -7.54959462     -7.54959462     -7.66987946     -7.66987946     -7.77098908     -7.77098909     -7.81032658     -7.81032658     -8.12342563     -8.16276313     -8.16276313     -8.38415760     -8.38415760     -8.40045172     -8.40045172     -8.45789653     -8.45789653     -8.51128452     -8.51128452     -8.52939183     -8.72612878     -8.81391821     -8.81391821     -9.01720536
      1.48803387      9.02000000      8.78732699      8.78732699      8.78732699      8.48410162      8.48410162      8.48410162      8.43421356      8.43421356      8.43421356      8.43421356      8.43421356      8.43421356      8.15165250      8.15165250      8.15165250      7.75205081      7.75205081      7.75205081      7.75205081      7.75205081      7.75205081      7.46948974      7.46948974      7.46948974      7.46948974      7.46948974      7.46948974      7.02000000      7.02000000      7.02000000      7.02000000      7.02000000      7.02000000      6.71677463      6.71677463      6.71677463      5.60578644      5.60578644      5.60578644      5.60578644      5.60578644      5.60578644      5.02000000      5.02000000      5.02000000      4.28794919      4.28794919      4.28794919      4.28794919      4.28794919      4.28794919      2.57051026      2.57051026      2.57051026      2.57051026      2.57051026      2.57051026      1.55589838      1.55589838      1.55589838      0.42424589      0.42424589      0.42424589     -0.42424589     -0.42424589     -0.42424589     -1.55589838     -1.55589838     -1.55589838     -2.57051026     -2.57051026     -2.57051026     -2.57051026     -2.57051026     -2.57051026     -4.28794919     -4.28794919     -4.28794919     -4.28794919     -4.28794919     -4.28794919     -5.02000000     -5.02000000     -5.02000000     -5.60578644     -5.60578644     -5.60578644     -5.60578644     -5.60578644     -5.60578644     -6.71677463     -6.71677463     -6.71677463     -7.02000000     -7.02000000     -7.02000000     -7.02000000     -7.02000000     -7.02000000     -7.46948974     -7.46948974     -7.46948974     -7.46948974     -7.46948974     -7.46948974     -7.75205081     -7.75205081     -7.75205081     -7.75205081     -7.75205081     -7.75205081     -8.15165250     -8.15165250     -8.15165250     -8.43421356     -8.43421356     -8.43421356     -8.43421356     -8.43421356     -8.43421356     -8.48410162     -8.48410162     -8.48410162     -8.78732699     -8.78732699     -8.78732699     -9.02000000
      1.49783779      9.01710417      8.84097291      8.75663822      8.75663822      8.50304205      8.50304205      8.48345207      8.48345207      8.46284059      8.46284059      8.43931883      8.34935688      8.34935688      8.18278467      8.13302416      8.13302416      7.82708351      7.82708351      7.73696527      7.73696527      7.68720477      7.68720477      7.61075079      7.61075079      7.40714884      7.40714884      7.38653737      7.38653737      7.12472995      7.12472995      7.06100673      7.06100673      6.87136750      6.87136750      6.80741056      6.80741056      6.53343663      5.78661930      5.78661930      5.58301735      5.58301735      5.44892216      5.44892216      5.23235572      4.91527005      4.91527005      4.43712992      4.43712992      4.35279523      4.35279523      4.07882130      4.07882130      2.76108841      2.76108841      2.53687498      2.53687498      2.42339127      2.42339127      1.64458373      1.64458373      1.39122128      0.52280579      0.38292706      0.38292706     -0.38292706     -0.38292706     -0.52280579     -1.39122128     -1.64458373     -1.64458373     -2.42339127     -2.42339127     -2.53687498     -2.53687498     -2.76108841     -2.76108841     -4.07882130     -4.07882130     -4.35279523     -4.35279523     -4.43712992     -4.43712992     -4.91527005     -4.91527005     -5.23235572     -5.44892216     -5.44892216     -5.58301735     -5.58301735     -5.78661930     -5.78661930     -6.53343663     -6.80741056     -6.80741056     -6.87136750     -6.87136750     -7.06100673     -7.06100673     -7.12472995     -7.12472995     -7.38653737     -7.38653737     -7.40714884     -7.40714884     -7.61075079     -7.61075079     -7.68720477     -7.68720477     -7.73696527     -7.73696527     -7.82708351     -7.82708351     -8.13302416     -8.13302416     -8.18278467     -8.34935688     -8.34935688     -8.43931883     -8.46284059     -8.46284059     -8.48345207     -8.48345207     -8.50304205     -8.50304205     -8.75663822     -8.75663822     -8.84097291     -9.01710417
      1.50764171      9.00822270      8.88720013      8.72222213      8.72222213      8.53148530      8.53148530      8.51488433      8.51488433      8.48600773      8.48600773      8.39538389      8.25671473      8.25671473      8.21660814      8.10681557      8.10681557      7.89482615      7.89482615      7.74492699      7.74492699      7.72582702      7.72582702      7.61603445      7.61603445      7.34663486      7.34663486      7.30115729      7.30115729      7.22526927      7.22526927      7.10576884      7.10576884      6.89843103      6.89843103      6.71718458      6.71718458      6.34486878      5.96453082      5.96453082      5.56623869      5.56623869      5.44231585      5.29146813      5.29146813      4.81473073      4.81473073      4.58894355      4.58894355      4.42396555      4.42396555      3.87040329      3.87040329      2.95588928      2.95588928      2.51211959      2.51211959      2.28282659      2.28282659      1.74216225      1.74216225      1.23407756      0.63132296      0.35253126      0.35253126     -0.35253126     -0.35253126     -0.63132296     -1.23407756     -1.74216225     -1.74216225     -2.28282659     -2.28282659     -2.51211959     -2.51211959     -2.95588928     -2.95588928     -3.87040329     -3.87040329     -4.42396555     -4.42396555     -4.58894355     -4.58894355     -4.81473073     -4.81473073     -5.29146813     -5.29146813     -5.44231585     -5.56623869     -5.56623869     -5.96453082     -5.96453082     -6.34486878     -6.71718458     -6.71718458     -6.89843103     -6.89843103     -7.10576884     -7.10576884     -7.22526927     -7.22526927     -7.30115729     -7.30115729     -7.34663486     -7.34663486     -7.61603445     -7.61603445     -7.72582702     -7.72582702     -7.74492699     -7.74492699     -7.89482615     -7.89482615     -8.10681557     -8.10681557     -8.21660814     -8.25671473     -8.25671473     -8.39538389     -8.48600773     -8.48600773     -8.51488433     -8.51488433     -8.53148530     -8.53148530     -8.72222213     -8.72222213     -8.88720013     -9.00822270
      1.51744564      8.99307798      8.92616727      8.68445677      8.68445677      8.57792228      8.57792228      8.51981969      8.51981969      8.50340698      8.50340698      8.35262449      8.25288836      8.15631593      8.15631593      8.07299251      8.07299251      7.95515540      7.95515540      7.87183199      7.87183199      7.71870568      7.71870568      7.53880983      7.53880983      7.32123660      7.32123660      7.28829122      7.28829122      7.21377592      7.21377592      7.15404140      7.15404140      6.98940432      6.98940432      6.55779998      6.55779998      6.15145239      6.13906622      6.13906622      5.64939522      5.55552545      5.55552545      5.13391910      5.13391910      4.74290067      4.74290067      4.71876340      4.71876340      4.50119017      4.50119017      3.66323824      3.66323824      3.15438271      3.15438271      2.49632663      2.49632663      2.14923558      2.14923558      1.84833893      1.84833893      1.08490231      0.74949197      0.33314640      0.33314640     -0.33314640     -0.33314640     -0.74949197     -1.08490231     -1.84833893     -1.84833893     -2.14923558     -2.14923558     -2.49632663     -2.49632663     -3.15438271     -3.15438271     -3.66323824     -3.66323824     -4.50119017     -4.50119017     -4.71876340     -4.71876340     -4.74290067     -4.74290067     -5.13391910     -5.13391910     -5.55552545     -5.55552545     -5.64939522     -6.13906622     -6.13906622     -6.15145239     -6.55779998     -6.55779998     -6.98940432     -6.98940432     -7.15404140     -7.15404140     -7.21377592     -7.21377592     -7.28829122     -7.28829122     -7.32123660     -7.32123660     -7.53880983     -7.53880983     -7.71870568     -7.71870568     -7.87183199     -7.87183199     -7.95515540     -7.95515540     -8.07299251     -8.07299251     -8.15631593     -8.15631593     -8.25288836     -8.35262449     -8.50340698     -8.50340698     -8.51981969     -8.51981969     -8.57792228     -8.57792228     -8.68445677     -8.68445677     -8.92616727     -8.99307798
      1.52724956      8.97141139      8.95805706      8.64372635      8.64372635      8.62237058      8.62237058      8.51806314      8.51806314      8.51474883      8.51474883      8.31135418      8.29137124      8.04821799      8.04821799      8.03154935      8.03154935      8.00797634      8.00797634      7.99130770      7.99130770      7.71564573      7.71564573      7.45582385      7.45582385      7.41226789      7.41226789      7.23244625      7.23244625      7.20555894      7.20555894      7.12482451      7.12482451      7.07989572      7.07989572      6.39358456      6.39358456      6.30978696      6.30978696      5.95359064      5.85312440      5.55092551      5.55092551      4.97677292      4.97677292      4.89850686      4.89850686      4.62773211      4.62773211      4.58417615      4.58417615      3.45787107      3.45787107      3.35603200      3.35603200      2.48954880      2.48954880      2.02301796      2.02301796      1.96279337      1.96279337      0.94411004      0.87698107      0.32482858      0.32482858     -0.32482858     -0.32482858     -0.87698107     -0.94411004     -1.96279337     -1.96279337     -2.02301796     -2.02301796     -2.48954880     -2.48954880     -3.35603200     -3.35603200     -3.45787107     -3.45787107     -4.58417615     -4.58417615     -4.62773211     -4.62773211     -4.89850686     -4.89850686     -4.97677292     -4.97677292     -5.55092551     -5.55092551     -5.85312440     -5.95359064     -6.30978696     -6.30978696     -6.39358456     -6.39358456     -7.07989572     -7.07989572     -7.12482451     -7.12482451     -7.20555894     -7.20555894     -7.23244625     -7.23244625     -7.41226789     -7.41226789     -7.45582385     -7.45582385     -7.71564573     -7.71564573     -7.99130770     -7.99130770     -8.00797634     -8.00797634     -8.03154935     -8.03154935     -8.04821799     -8.04821799     -8.29137124     -8.31135418     -8.51474883     -8.51474883     -8.51806314     -8.51806314     -8.62237058     -8.62237058     -8.64372635     -8.64372635     -8.95805706     -8.97141139
      1.53705348      8.98307531      8.94298450      8.66443799      8.66443799      8.60041955      8.60041955      8.51976356      8.51976356      8.50985241      8.50985241      8.33178419      8.27187108      8.10322463      8.10322463      8.05322267      8.05322267      7.98250923      7.98250923      7.93250727      7.93250727      7.71666625      7.71666625      7.49801783      7.49801783      7.36739129      7.36739129      7.26003650      7.26003650      7.17941191      7.17941191      7.16946937      7.16946937      7.03473749      7.03473749      6.47627211      6.47627211      6.22493016      6.22493016      6.05305117      5.75170727      5.55245939      5.55245939      5.05526447      5.05526447      4.82052868      4.82052868      4.67260871      4.67260871      4.54198217      4.54198217      3.56029585      3.56029585      3.25484661      3.25484661      2.49180871      2.49180871      2.08518092      2.08518092      1.90455242      1.90455242      1.01343324      0.81209325      0.32760185      0.32760185     -0.32760185     -0.32760185     -0.81209325     -1.01343324     -1.90455242     -1.90455242     -2.08518092     -2.08518092     -2.49180871     -2.49180871     -3.25484661     -3.25484661     -3.56029585     -3.56029585     -4.54198217     -4.54198217     -4.67260871     -4.67260871     -4.82052868     -4.82052868     -5.05526447     -5.05526447     -5.55245939     -5.55245939     -5.75170727     -6.05305117     -6.22493016     -6.22493016     -6.47627211     -6.47627211     -7.03473749     -7.03473749     -7.16946937     -7.16946937     -7.17941191     -7.17941191     -7.26003650     -7.26003650     -7.36739129     -7.36739129     -7.49801783     -7.49801783     -7.71666625     -7.71666625     -7.93250727     -7.93250727     -7.98250923     -7.98250923     -8.05322267     -8.05322267     -8.10322463     -8.10322463     -8.27187108     -8.33178419     -8.50985241     -8.50985241     -8.51976356     -8.51976356     -8.60041955     -8.60041955     -8.66443799     -8.66443799     -8.94298450     -8.98307531
      1.54685740      9.00144987      8.90758035      8.70373422      8.70373422      8.55492783      8.55492783      8.51820248      8.51820248      8.49544688      8.49544688      8.37383730      8.23445659      8.20748199      8.20748199      8.09085687      8.09085687      7.92592405      7.92592405      7.80929893      7.80929893      7.72176086      7.72176086      7.57816115      7.57816115      7.31717086      7.31717086      7.27384761      7.27384761      7.25768991      7.25768991      7.12948244      7.12948244      6.94395069      6.94395069      6.63811982      6.63811982      6.24874195      6.05224834      6.05224834      5.56012026      5.56012026      5.54624536      5.21267442      5.21267442      4.76615239      4.76615239      4.66568498      4.66568498      4.46183885      4.46183885      3.76663011      3.76663011      3.05470784      3.05470784      2.50309881      2.50309881      2.21513392      2.21513392      1.79419527      1.79419527      1.15846747      0.68922111      0.34145821      0.34145821     -0.34145821     -0.34145821     -0.68922111     -1.15846747     -1.79419527     -1.79419527     -2.21513392     -2.21513392     -2.50309881     -2.50309881     -3.05470784     -3.05470784     -3.76663011     -3.76663011     -4.46183885     -4.46183885     -4.66568498     -4.66568498     -4.76615239     -4.76615239     -5.21267442     -5.21267442     -5.54624536     -5.56012026     -5.56012026     -6.05224834     -6.05224834     -6.24874195     -6.63811982     -6.63811982     -6.94395069     -6.94395069     -7.12948244     -7.12948244     -7.25768991     -7.25768991     -7.27384761     -7.27384761     -7.31717086     -7.31717086     -7.57816115     -7.57816115     -7.72176086     -7.72176086     -7.80929893     -7.80929893     -7.92592405     -7.92592405     -8.09085687     -8.09085687     -8.20748199     -8.20748199     -8.23445659     -8.37383730     -8.49544688     -8.49544688     -8.51820248     -8.51820248     -8.55492783     -8.55492783     -8.70373422     -8.70373422     -8.90758035     -9.00144987
      1.55666132      9.01342942      8.86500452      8.73987263      8.73987263      8.50983907      8.50983907      8.50764372      8.50764372      8.47512632      8.47512632      8.41722459      8.30400786      8.30400786      8.19937418      8.12087021      8.12087021      7.86187445      7.86187445      7.73089779      7.73089779      7.67873680      7.67873680      7.65239382      7.65239382      7.37664169      7.37664169      7.34412428      7.34412428      7.17554766      7.17554766      7.08293318      7.08293318      6.85289962      6.85289962      6.79494858      6.79494858      6.43978313      5.87596901      5.87596901      5.57387389      5.57387389      5.37023803      5.37023803      5.33766591      4.86445234      4.86445234      4.51273807      4.51273807      4.38760618      4.38760618      3.97448968      3.97448968      2.85799397      2.85799397      2.52338144      2.52338144      2.35226299      2.35226299      1.69227917      1.69227917      1.31168009      0.57583817      0.36635754      0.36635754     -0.36635754     -0.36635754     -0.57583817     -1.31168009     -1.69227917     -1.69227917     -2.35226299     -2.35226299     -2.52338144     -2.52338144     -2.85799397     -2.85799397     -3.97448968     -3.97448968     -4.38760618     -4.38760618     -4.51273807     -4.51273807     -4.86445234     -4.86445234     -5.33766591     -5.37023803     -5.37023803     -5.57387389     -5.57387389     -5.87596901     -5.87596901     -6.43978313     -6.79494858     -6.79494858     -6.85289962     -6.85289962     -7.08293318     -7.08293318     -7.17554766     -7.17554766     -7.34412428     -7.34412428     -7.37664169     -7.37664169     -7.65239382     -7.65239382     -7.67873680     -7.67873680     -7.73089779     -7.73089779     -7.86187445     -7.86187445     -8.12087021     -8.12087021     -8.19937418     -8.30400786     -8.30400786     -8.41722459     -8.47512632     -8.47512632     -8.50764372     -8.50764372     -8.50983907     -8.50983907     -8.73987263     -8.73987263     -8.86500452     -9.01342942
      1.56646524      9.01928224      8.81508623      8.77247186      8.77247186      8.49447010      8.49447010      8.46162524      8.45895914      8.45895914      8.44918963      8.44918963      8.39275909      8.39275909      8.16686830      8.14328261      8.14328261      7.79046960      7.79046960      7.74401996      7.74401996      7.72043427      7.72043427      7.54099313      7.54099313      7.43811294      7.43811294      7.42834343      7.42834343      7.07286433      7.07286433      7.04001947      7.04001947      6.94639845      6.94639845      6.76201770      6.76201770      6.62578231      5.69653902      5.69653902      5.59365883      5.59365883      5.52745877      5.52745877      5.12644641      4.96713567      4.96713567      4.36218010      4.36218010      4.31956573      4.31956573      4.18333034      4.18333034      2.66523866      2.66523866      2.55258895      2.55258895      2.49615841      2.49615841      1.59911199      1.59911199      1.47264611      0.47226316      0.40222782      0.40222782     -0.40222782     -0.40222782     -0.47226316     -1.47264611     -1.59911199     -1.59911199     -2.49615841     -2.49615841     -2.55258895     -2.55258895     -2.66523866     -2.66523866     -4.18333034     -4.18333034     -4.31956573     -4.31956573     -4.36218010     -4.36218010     -4.96713567     -4.96713567     -5.12644641     -5.52745877     -5.52745877     -5.59365883     -5.59365883     -5.69653902     -5.69653902     -6.62578231     -6.76201770     -6.76201770     -6.94639845     -6.94639845     -7.04001947     -7.04001947     -7.07286433     -7.07286433     -7.42834343     -7.42834343     -7.43811294     -7.43811294     -7.54099313     -7.54099313     -7.72043427     -7.72043427     -7.74401996     -7.74401996     -7.79046960     -7.79046960     -8.14328261     -8.14328261     -8.16686830     -8.39275909     -8.39275909     -8.44918963     -8.44918963     -8.45895914     -8.45895914     -8.46162524     -8.49447010     -8.49447010     -8.77247186     -8.77247186     -8.81508623     -9.01928224
      1.57626917      9.01929489      8.80115758      8.80115758      8.75767927      8.50670503      8.47372117      8.47372117      8.47191657      8.47191657      8.41795355      8.41795355      8.40926369      8.40926369      8.15814252      8.15814252      8.13716336      7.78202439      7.78202439      7.76104522      7.76104522      7.71184692      7.71184692      7.50992405      7.50992405      7.50123420      7.50123420      7.39626827      7.39626827      7.09213221      7.09213221      7.00097557      7.00097557      6.96618711      6.96618711      6.80636951      6.67173456      6.67173456      5.68384409      5.68384409      5.61938661      5.61938661      5.51442068      5.51442068      5.07381289      5.07381289      4.91307934      4.39261056      4.39261056      4.25797561      4.25797561      4.21449730      4.21449730      2.64639157      2.64639157      2.59062395      2.59062395      2.47696817      2.47696817      1.64092074      1.51497565      1.51497565      0.44896534      0.44896534      0.37878787     -0.37878787     -0.44896534     -0.44896534     -1.51497565     -1.51497565     -1.64092074     -2.47696817     -2.47696817     -2.59062395     -2.59062395     -2.64639157     -2.64639157     -4.21449730     -4.21449730     -4.25797561     -4.25797561     -4.39261056     -4.39261056     -4.91307934     -5.07381289     -5.07381289     -5.51442068     -5.51442068     -5.61938661     -5.61938661     -5.68384409     -5.68384409     -6.67173456     -6.67173456     -6.80636951     -6.96618711     -6.96618711     -7.00097557     -7.00097557     -7.09213221     -7.09213221     -7.39626827     -7.39626827     -7.50123420     -7.50123420     -7.50992405     -7.50992405     -7.71184692     -7.71184692     -7.76104522     -7.76104522     -7.78202439     -7.78202439     -8.13716336     -8.15814252     -8.15814252     -8.40926369     -8.40926369     -8.41795355     -8.41795355     -8.47191657     -8.47191657     -8.47372117     -8.47372117     -8.50670503     -8.75767927     -8.80115758     -8.80115758     -9.01929489
      1.58607309      9.01377083      8.82556409      8.82556409      8.69266288      8.55211772      8.54690800      8.54690800      8.44202468      8.44202468      8.38175116      8.38175116      8.35894299      8.35894299      8.16552653      8.16552653      8.11046273      7.83693054      7.83693054      7.78186675      7.78186675      7.62617167      7.62617167      7.58845028      7.58845028      7.56564211      7.56564211      7.24479019      7.24479019      7.23183641      7.23183641      6.98119821      6.96601374      6.96601373      6.85592069      6.85592069      6.58247432      6.58247432      5.83890716      5.83890716      5.65094214      5.65094214      5.33009022      5.33009022      5.18407931      5.18407931      4.69807055      4.60179335      4.60179335      4.20306946      4.20306946      4.07016824      4.07016824      2.80251651      2.80251651      2.63735967      2.63735967      2.29369957      2.29369957      1.81604090      1.44012518      1.44012518      0.50643506      0.50643506      0.29567619     -0.29567619     -0.50643506     -0.50643506     -1.44012518     -1.44012518     -1.81604090     -2.29369957     -2.29369957     -2.63735967     -2.63735967     -2.80251651     -2.80251651     -4.07016824     -4.07016824     -4.20306946     -4.20306946     -4.60179335     -4.60179335     -4.69807055     -5.18407931     -5.18407931     -5.33009022     -5.33009022     -5.65094214     -5.65094214     -5.83890716     -5.83890716     -6.58247432     -6.58247432     -6.85592069     -6.85592069     -6.96601373     -6.96601374     -6.98119821     -7.23183641     -7.23183641     -7.24479019     -7.24479019     -7.56564211     -7.56564211     -7.58845028     -7.58845028     -7.62617167     -7.62617167     -7.78186675     -7.78186675     -7.83693054     -7.83693054     -8.11046273     -8.16552653     -8.16552653     -8.35894299     -8.35894299     -8.38175116     -8.38175116     -8.44202468     -8.44202468     -8.54690800     -8.54690800     -8.55211772     -8.69266288     -8.82556409     -8.82556409     -9.01377083
      1.59587701      9.00302899      8.84533599      8.84533599      8.61994253      8.61236153      8.61236153      8.59750657      8.40466658      8.40466658      8.34093050      8.34093050      8.30837702      8.30837702      8.16553899      8.16553899      8.08694794      7.88494446      7.88494446      7.80635341      7.80635341      7.66351538      7.66351538      7.63096190      7.63096190      7.53363649      7.53363649      7.36522234      7.36522234      7.14994639      7.08681394      7.08681394      6.93532332      6.93532332      6.74248333      6.74248333      6.49465390      6.49465390      5.99216864      5.99216864      5.68818413      5.68818413      5.29751667      5.29751667      5.14403617      5.14403617      4.81034802      4.81034802      4.48193767      4.15505554      4.15505554      3.92966208      3.92966208      2.96407143      2.96407143      2.69264040      2.69264040      2.11593896      2.11593896      1.99752677      1.37478776      1.37478776      0.57447111      0.57447111      0.22316314     -0.22316314     -0.57447111     -0.57447111     -1.37478776     -1.37478776     -1.99752677     -2.11593896     -2.11593896     -2.69264040     -2.69264040     -2.96407143     -2.96407143     -3.92966208     -3.92966208     -4.15505554     -4.15505554     -4.48193767     -4.81034802     -4.81034802     -5.14403617     -5.14403617     -5.29751667     -5.29751667     -5.68818413     -5.68818413     -5.99216864     -5.99216864     -6.49465390     -6.49465390     -6.74248333     -6.74248333     -6.93532332     -6.93532332     -7.08681394     -7.08681394     -7.14994639     -7.36522234     -7.36522234     -7.53363649     -7.53363649     -7.63096190     -7.63096190     -7.66351538     -7.66351538     -7.80635341     -7.80635341     -7.88494446     -7.88494446     -8.08694794     -8.16553899     -8.16553899     -8.30837702     -8.30837702     -8.34093050     -8.34093050     -8.40466658     -8.40466658     -8.59750657     -8.61236153     -8.61236153     -8.61994253     -8.84533599     -8.84533599     -9.00302899
      1.60568093      8.98740226      8.86012976      8.86012976      8.67015127      8.67015127      8.64250579      8.53945062      8.35974112      8.35974112      8.29585298      8.29585298      8.25793852      8.25793852      8.15831150      8.15831150      8.06677789      7.92588400      7.92588400      7.83435039      7.83435039      7.73472337      7.73472337      7.69680891      7.69680891      7.49202688      7.49202688      7.43446075      7.43446075      7.31231738      6.92262098      6.92262098      6.90907002      6.90907002      6.62630535      6.62630535      6.40868138      6.40868138      6.14315839      6.14315839      5.73094564      5.73094564      5.41369465      5.41369465      5.01775200      5.01775200      4.95675771      4.95675771      4.26520844      4.11411600      4.11411600      3.79343686      3.79343686      3.13058040      3.13058040      2.75628211      2.75628211      2.18488351      1.94417972      1.94417972      1.31916197      1.31916197      0.65287736      0.65287736      0.16145411     -0.16145411     -0.65287736     -0.65287736     -1.31916197     -1.31916197     -1.94417972     -1.94417972     -2.18488351     -2.75628211     -2.75628211     -3.13058040     -3.13058040     -3.79343686     -3.79343686     -4.11411600     -4.11411600     -4.26520844     -4.95675771     -4.95675771     -5.01775200     -5.01775200     -5.41369465     -5.41369465     -5.73094564     -5.73094564     -6.14315839     -6.14315839     -6.40868138     -6.40868138     -6.62630535     -6.62630535     -6.90907002     -6.90907002     -6.92262098     -6.92262098     -7.31231738     -7.43446075     -7.43446075     -7.49202688     -7.49202688     -7.69680891     -7.69680891     -7.73472337     -7.73472337     -7.83435039     -7.83435039     -7.92588400     -7.92588400     -8.06677789     -8.15831150     -8.15831150     -8.25793852     -8.25793852     -8.29585298     -8.29585298     -8.35974112     -8.35974112     -8.53945062     -8.64250579     -8.67015127     -8.67015127     -8.86012976     -8.86012976     -8.98740226
      1.61548485      8.96723595      8.86961530      8.86961530      8.72037375      8.72037375      8.68674222      8.45114703      8.30717445      8.30717445      8.24689188      8.24689188      8.20799139      8.20799139      8.14400226      8.14400226      8.05008817      7.95959387      7.95959387      7.86567978      7.86567978      7.80169065      7.80169065      7.76279016      7.76279016      7.61201330      7.61201330      7.46804071      7.32888988      7.32888988      6.88739522      6.88739522      6.75251840      6.75251839      6.50782744      6.50782744      6.32495436      6.32495436      6.29141713      6.29141713      5.77903477      5.77903477      5.53217256      5.53217256      5.22349248      5.22349248      4.76876300      4.76876300      4.08040613      4.08040613      4.04841893      3.66193786      3.66193786      3.30155496      3.30155496      2.82807309      2.82807309      2.37760290      1.77890084      1.77890083      1.27341704      1.27341704      0.74142808      0.74142808      0.11072409     -0.11072409     -0.74142808     -0.74142808     -1.27341704     -1.27341704     -1.77890083     -1.77890084     -2.37760290     -2.82807309     -2.82807309     -3.30155496     -3.30155496     -3.66193786     -3.66193786     -4.04841893     -4.08040613     -4.08040613     -4.76876300     -4.76876300     -5.22349248     -5.22349248     -5.53217256     -5.53217256     -5.77903477     -5.77903477     -6.29141713     -6.29141713     -6.32495436     -6.32495436     -6.50782744     -6.50782744     -6.75251839     -6.75251840     -6.88739522     -6.88739522     -7.32888988     -7.32888988     -7.46804071     -7.61201330     -7.61201330     -7.76279016     -7.76279016     -7.80169065     -7.80169065     -7.86567978     -7.86567978     -7.95959387     -7.95959387     -8.05008817     -8.14400226     -8.14400226     -8.20799139     -8.20799139     -8.24689188     -8.24689188     -8.30717445     -8.30717445     -8.45114703     -8.68674222     -8.72037375     -8.72037375     -8.86961530     -8.86961530     -8.96723595
      1.62528877      8.94288626      8.87347749      8.87347749      8.76315184      8.76315184      8.72983685      8.35501964      8.24692053      8.24692053      8.19443067      8.19443067      8.15888914      8.15888914      8.12279536      8.12279536      8.03699051      7.98594620      7.98594620      7.90014135      7.90014135      7.86404757      7.86404757      7.82850604      7.82850604      7.72497187      7.72497187      7.61687276      7.21719454      7.21719454      6.87041535      6.87041535      6.57683806      6.57683806      6.43649809      6.43649809      6.38749904      6.38749904      6.24385839      6.24385839      5.83223538      5.83223538      5.65250096      5.65250096      5.42706817      5.42706817      4.58056740      4.58056740      4.05405380      4.05405380      3.83211181      3.53559595      3.53559595      3.47649589      3.47649589      2.90777472      2.90777472      2.57516508      1.62056521      1.62056521      1.23769225      1.23769225      0.83986876      0.83986876      0.07111710     -0.07111710     -0.83986876     -0.83986876     -1.23769225     -1.23769225     -1.62056521     -1.62056521     -2.57516508     -2.90777472     -2.90777472     -3.47649589     -3.47649589     -3.53559595     -3.53559595     -3.83211181     -4.05405380     -4.05405380     -4.58056740     -4.58056740     -5.42706817     -5.42706817     -5.65250096     -5.65250096     -5.83223538     -5.83223538     -6.24385839     -6.24385839     -6.38749904     -6.38749904     -6.43649809     -6.43649809     -6.57683806     -6.57683806     -6.87041535     -6.87041535     -7.21719454     -7.21719454     -7.61687276     -7.72497187     -7.72497187     -7.82850604     -7.82850604     -7.86404757     -7.86404757     -7.90014135     -7.90014135     -7.98594620     -7.98594620     -8.03699051     -8.12279536     -8.12279536     -8.15888914     -8.15888914     -8.19443067     -8.19443067     -8.24692053     -8.24692053     -8.35501964     -8.72983685     -8.76315184     -8.76315184     -8.87347749     -8.87347749     -8.94288626
      1.63509270      8.91471857      8.87141760      8.87141760      8.79863402      8.79863402      8.77140648      8.25108464      8.17896156      8.17896156      8.13886143      8.13886143      8.11097340      8.11097340      8.09489996      8.09489996      8.02757230      8.00484102      8.00484102      7.93751336      7.93751336      7.92143992      7.92143992      7.89355189      7.89355189      7.83072048      7.83072048      7.75859739      7.09966971      7.09966971      6.85822151      6.85822151      6.57796860      6.57796860      6.39593565      6.39593565      6.26577658      6.26577658      6.16576546      6.16576546      5.89030798      5.89030798      5.77422342      5.77422342      5.62799091      5.62799091      4.39269174      4.39269174      4.03515898      4.03515898      3.65489495      3.65489495      3.61683459      3.41482602      3.41482602      2.99512236      2.99512236      2.77704035      1.46961809      1.46961809      1.21209645      1.21209645      0.94791698      0.94791698      0.04274567     -0.04274567     -0.94791698     -0.94791698     -1.21209645     -1.21209645     -1.46961809     -1.46961809     -2.77704035     -2.99512236     -2.99512236     -3.41482602     -3.41482602     -3.61683459     -3.65489495     -3.65489495     -4.03515898     -4.03515898     -4.39269174     -4.39269174     -5.62799091     -5.62799091     -5.77422342     -5.77422342     -5.89030798     -5.89030798     -6.16576546     -6.16576546     -6.26577658     -6.26577658     -6.39593565     -6.39593565     -6.57796860     -6.57796860     -6.85822151     -6.85822151     -7.09966971     -7.09966971     -7.75859739     -7.83072048     -7.83072048     -7.89355189     -7.89355189     -7.92143992     -7.92143992     -7.93751336     -7.93751336     -8.00484102     -8.00484102     -8.02757230     -8.09489996     -8.09489996     -8.11097340     -8.11097340     -8.13886143     -8.13886143     -8.17896156     -8.17896156     -8.25108464     -8.77140648     -8.79863402     -8.79863402     -8.87141760     -8.87141760     -8.91471857
      1.64489662      8.88310589      8.86315473      8.86315473      8.82699345      8.82699345      8.81106542      8.13938689      8.10330824      8.10330824      8.08058313      8.08058313      8.06457248      8.06457248      8.06054935      8.06054935      8.02189622      8.01620666      8.01620666      7.97755353      7.97755353      7.97353040      7.97353040      7.95751974      7.95751974      7.92910508      7.92910508      7.89302642      6.97663371      6.97663371      6.85087900      6.85087900      6.71541160      6.71541160      6.21018961      6.21018961      6.14312181      6.14312181      6.09103251      6.09103251      5.95299062      5.95299062      5.89687819      5.89687819      5.82578726      5.82578726      4.20566049      4.20566049      4.02379334      4.02379334      3.83623663      3.83623663      3.40313773      3.30002550      3.30002550      3.08982631      3.08982631      2.98269095      1.32648553      1.32648553      1.19670769      1.19670768      1.06526341      1.06526341      0.02569046     -0.02569046     -1.06526341     -1.06526341     -1.19670768     -1.19670769     -1.32648553     -1.32648553     -2.98269095     -3.08982631     -3.08982631     -3.30002550     -3.30002550     -3.40313773     -3.83623663     -3.83623663     -4.02379334     -4.02379334     -4.20566049     -4.20566049     -5.82578726     -5.82578726     -5.89687819     -5.89687819     -5.95299062     -5.95299062     -6.09103251     -6.09103251     -6.14312181     -6.14312181     -6.21018961     -6.21018961     -6.71541160     -6.71541160     -6.85087900     -6.85087900     -6.97663371     -6.97663371     -7.89302642     -7.92910508     -7.92910508     -7.95751974     -7.95751974     -7.97353040     -7.97353040     -7.97755353     -7.97755353     -8.01620666     -8.01620666     -8.02189622     -8.06054935     -8.06054935     -8.06457248     -8.06457248     -8.08058313     -8.08058313     -8.10330824     -8.10330824     -8.13938689     -8.81106542     -8.82699345     -8.82699345     -8.86315473     -8.86315473     -8.88310589
      1.65470054      8.84842712      8.84842712      8.84842712      8.84842712      8.84842712      8.84842712      8.02000000      8.02000000      8.02000000      8.02000000      8.02000000      8.02000000      8.02000000      8.02000000      8.02000000      8.02000000      8.02000000      8.02000000      8.02000000      8.02000000      8.02000000      8.02000000      8.02000000      8.02000000      8.02000000      8.02000000      8.02000000      6.84842712      6.84842712      6.84842712      6.84842712      6.84842712      6.84842712      6.02000000      6.02000000      6.02000000      6.02000000      6.02000000      6.02000000      6.02000000      6.02000000      6.02000000      6.02000000      6.02000000      6.02000000      4.02000000      4.02000000      4.02000000      4.02000000      4.02000000      4.02000000      3.19157288      3.19157288      3.19157288      3.19157288      3.19157288      3.19157288      1.19157288      1.19157288      1.19157288      1.19157288      1.19157288      1.19157288      0.02000000     -0.02000000     -1.19157288     -1.19157288     -1.19157288     -1.19157288     -1.19157288     -1.19157288     -3.19157288     -3.19157288     -3.19157288     -3.19157288     -3.19157288     -3.19157288     -4.02000000     -4.02000000     -4.02000000     -4.02000000     -4.02000000     -4.02000000     -6.02000000     -6.02000000     -6.02000000     -6.02000000     -6.02000000     -6.02000000     -6.02000000     -6.02000000     -6.02000000     -6.02000000     -6.02000000     -6.02000000     -6.84842712     -6.84842712     -6.84842712     -6.84842712     -6.84842712     -6.84842712     -8.02000000     -8.02000000     -8.02000000     -8.02000000     -8.02000000     -8.02000000     -8.02000000     -8.02000000     -8.02000000     -8.02000000     -8.02000000     -8.02000000     -8.02000000     -8.02000000     -8.02000000     -8.02000000     -8.02000000     -8.02000000     -8.02000000     -8.02000000     -8.02000000     -8.84842712     -8.84842712     -8.84842712     -8.84842712     -8.84842712     -8.84842712
      1.66450446      8.88310589      8.86315473      8.86315473      8.82699345      8.82699345      8.81106542      8.13938689      8.10330824      8.10330824      8.08058313      8.08058313      8.06457248      8.06457248      8.06054935      8.06054935      8.02189622      8.01620666      8.01620666      7.97755353      7.97755353      7.97353040      7.97353040      7.95751974      7.95751974      7.92910508      7.92910508      7.89302642      6.97663371      6.97663371      6.85087900      6.85087900      6.71541160      6.71541160      6.21018961      6.21018961      6.14312181      6.14312181      6.09103251      6.09103251      5.95299062      5.95299062      5.89687819      5.89687819      5.82578726      5.82578726      4.20566049      4.20566049      4.02379334      4.02379334      3.83623663      3.83623663      3.40313773      3.30002550      3.30002550      3.08982631      3.08982631      2.98269095      1.32648553      1.32648553      1.19670769      1.19670768      1.06526341      1.06526341      0.02569046     -0.02569046     -1.06526341     -1.06526341     -1.19670768     -1.19670769     -1.32648553     -1.32648553     -2.98269095     -3.08982631     -3.08982631     -3.30002550     -3.30002550     -3.40313773     -3.83623663     -3.83623663     -4.02379334     -4.02379334     -4.20566049     -4.20566049     -5.82578726     -5.82578726     -5.89687819     -5.89687819     -5.95299062     -5.95299062     -6.09103251     -6.09103251     -6.14312181     -6.14312181     -6.21018961     -6.21018961     -6.71541160     -6.71541160     -6.85087900     -6.85087900     -6.97663371     -6.97663371     -7.89302642     -7.92910508     -7.92910508     -7.95751974     -7.95751974     -7.97353040     -7.97353040     -7.97755353     -7.97755353     -8.01620666     -8.01620666     -8.02189622     -8.06054935     -8.06054935     -8.06457248     -8.06457248     -8.08058313     -8.08058313     -8.10330824     -8.10330824     -8.13938689     -8.81106542     -8.82699345     -8.82699345     -8.86315473     -8.86315473     -8.88310589
      1.67430838      8.91471857      8.87141760      8.87141760      8.79863402      8.79863402      8.77140648      8.25108464      8.17896156      8.17896156      8.13886143      8.13886143      8.11097340      8.11097340      8.09489996      8.09489996      8.02757230      8.00484102      8.00484102      7.93751336      7.93751336      7.92143992      7.92143992      7.89355189      7.89355189      7.83072048      7.83072048      7.75859739      7.09966971      7.09966971      6.85822151      6.85822151      6.57796860      6.57796860      6.39593565      6.39593565      6.26577658      6.26577658      6.16576546      6.16576546      5.89030798      5.89030798      5.77422342      5.77422342      5.62799091      5.62799091      4.39269174      4.39269174      4.03515898      4.03515898      3.65489495      3.65489495      3.61683459      3.41482602      3.41482602      2.99512236      2.99512236      2.77704035      1.46961809      1.46961809      1.21209645      1.21209645      0.94791698      0.94791698      0.04274567     -0.04274567     -0.94791698     -0.94791698     -1.21209645     -1.21209645     -1.46961809     -1.46961809     -2.77704035     -2.99512236     -2.99512236     -3.41482602     -3.41482602     -3.61683459     -3.65489495     -3.65489495     -4.03515898     -4.03515898     -4.39269174     -4.39269174     -5.62799091     -5.62799091     -5.77422342     -5.77422342     -5.89030798     -5.89030798     -6.16576546     -6.16576546     -6.26577658     -6.26577658     -6.39593565     -6.39593565     -6.57796860     -6.57796860     -6.85822151     -6.85822151     -7.09966971     -7.09966971     -7.75859739     -7.83072048     -7.83072048     -7.89355189     -7.89355189     -7.92143992     -7.92143992     -7.93751336     -7.93751336     -8.00484102     -8.00484102     -8.02757230     -8.09489996     -8.09489996     -8.11097340     -8.11097340     -8.13886143     -8.13886143     -8.17896156     -8.17896156     -8.25108464     -8.77140648     -8.79863402     -8.79863402     -8.87141760     -8.87141760     -8.91471857
      1.68411230      8.94288626      8.87347749      8.87347749      8.76315184      8.76315184      8.72983685      8.35501964      8.24692053      8.24692053      8.19443067      8.19443067      8.15888914      8.15888914      8.12279536      8.12279536      8.03699051      7.98594620      7.98594620      7.90014135      7.90014135      7.86404757      7.86404757      7.82850604      7.82850604      7.72497187      7.72497187      7.61687276      7.21719454      7.21719454      6.87041535      6.87041535      6.57683806      6.57683806      6.43649809      6.43649809      6.38749904      6.38749904      6.24385839      6.24385839      5.83223538      5.83223538      5.65250096      5.65250096      5.42706817      5.42706817      4.58056740      4.58056740      4.05405380      4.05405380      3.83211181      3.53559595      3.53559595      3.47649589      3.47649589      2.90777472      2.90777472      2.57516508      1.62056521      1.62056521      1.23769225      1.23769225      0.83986876      0.83986876      0.07111710     -0.07111710     -0.83986876     -0.83986876     -1.23769225     -1.23769225     -1.62056521     -1.62056521     -2.57516508     -2.90777472     -2.90777472     -3.47649589     -3.47649589     -3.53559595     -3.53559595     -3.83211181     -4.05405380     -4.05405380     -4.58056740     -4.58056740     -5.42706817     -5.42706817     -5.65250096     -5.65250096     -5.83223538     -5.83223538     -6.24385839     -6.24385839     -6.38749904     -6.38749904     -6.43649809     -6.43649809     -6.57683806     -6.57683806     -6.87041535     -6.87041535     -7.21719454     -7.21719454     -7.61687276     -7.72497187     -7.72497187     -7.82850604     -7.82850604     -7.86404757     -7.86404757     -7.90014135     -7.90014135     -7.98594620     -7.98594620     -8.03699051     -8.12279536     -8.12279536     -8.15888914     -8.15888914     -8.19443067     -8.19443067     -8.24692053     -8.24692053     -8.35501964     -8.72983685     -8.76315184     -8.76315184     -8.87347749     -8.87347749     -8.94288626
      1.69391622      8.96723595      8.86961530      8.86961530      8.72037375      8.72037375      8.68674222      8.45114703      8.30717445      8.30717445      8.24689188      8.24689188      8.20799139      8.20799139      8.14400226      8.14400226      8.05008817      7.95959387      7.95959387      7.86567978      7.86567978      7.80169065      7.80169065      7.76279016      7.76279016      7.61201330      7.61201330      7.46804071      7.32888988      7.32888988      6.88739522      6.88739522      6.75251840      6.75251839      6.50782744      6.50782744      6.32495436      6.32495436      6.29141713      6.29141713      5.77903477      5.77903477      5.53217256      5.53217256      5.22349248      5.22349248      4.76876300      4.76876300      4.08040613      4.08040613      4.04841893      3.66193786      3.66193786      3.30155496      3.30155496      2.82807309      2.82807309      2.37760290      1.77890083      1.77890083      1.27341704      1.27341704      0.74142808      0.74142808      0.11072409     -0.11072409     -0.74142808     -0.74142808     -1.27341704     -1.27341704     -1.77890083     -1.77890083     -2.37760290     -2.82807309     -2.82807309     -3.30155496     -3.30155496     -3.66193786     -3.66193786     -4.04841893     -4.08040613     -4.08040613     -4.76876300     -4.76876300     -5.22349248     -5.22349248     -5.53217256     -5.53217256     -5.77903477     -5.77903477     -6.29141713     -6.29141713     -6.32495436     -6.32495436     -6.50782744     -6.50782744     -6.75251839     -6.75251840     -6.88739522     -6.88739522     -7.32888988     -7.32888988     -7.46804071     -7.61201330     -7.61201330     -7.76279016     -7.76279016     -7.80169065     -7.80169065     -7.86567978     -7.86567978     -7.95959387     -7.95959387     -8.05008817     -8.14400226     -8.14400226     -8.20799139     -8.20799139     -8.24689188     -8.24689188     -8.30717445     -8.30717445     -8.45114703     -8.68674222     -8.72037375     -8.72037375     -8.86961530     -8.86961530     -8.96723595
      1.70372015      8.98740226      8.86012976      8.86012976      8.67015127      8.67015127      8.64250579      8.53945062      8.35974112      8.35974112      8.29585298      8.29585298      8.25793852      8.25793852      8.15831150      8.15831150      8.06677789      7.92588400      7.92588400      7.83435039      7.83435039      7.73472337      7.73472337      7.69680891      7.69680891      7.49202688      7.49202688      7.43446075      7.43446075      7.31231738      6.92262098      6.92262098      6.90907002      6.90907002      6.62630535      6.62630535      6.40868138      6.40868138      6.14315839      6.14315839      5.73094564      5.73094564      5.41369465      5.41369465      5.01775200      5.01775200      4.95675771      4.95675771      4.26520844      4.11411600      4.11411600      3.79343686      3.79343686      3.13058040      3.13058040      2.75628211      2.75628211      2.18488351      1.94417972      1.94417972      1.31916197      1.31916197      0.65287736      0.65287736      0.16145411     -0.16145411     -0.65287736     -0.65287736     -1.31916197     -1.31916197     -1.94417972     -1.94417972     -2.18488351     -2.75628211     -2.75628211     -3.13058040     -3.13058040     -3.79343686     -3.79343686     -4.11411600     -4.11411600     -4.26520844     -4.95675771     -4.95675771     -5.01775200     -5.01775200     -5.41369465     -5.41369465     -5.73094564     -5.73094564     -6.14315839     -6.14315839     -6.40868138     -6.40868138     -6.62630535     -6.62630535     -6.90907002     -6.90907002     -6.92262098     -6.92262098     -7.31231738     -7.43446075     -7.43446075     -7.49202688     -7.49202688     -7.69680891     -7.69680891     -7.73472337     -7.73472337     -7.83435039     -7.83435039     -7.92588400     -7.92588400     -8.06677789     -8.15831150     -8.15831150     -8.25793852     -8.25793852     -8.29585298     -8.29585298     -8.35974112     -8.35974112     -8.53945062     -8.64250579     -8.67015127     -8.67015127     -8.86012976     -8.86012976     -8.98740226
      1.71352407      9.00302899      8.84533599      8.84533599      8.61994253      8.61236153      8.61236153      8.59750657      8.40466658      8.40466658      8.34093050      8.34093050      8.30837702      8.30837702      8.16553899      8.16553899      8.08694794      7.88494446      7.88494446      7.80635341      7.80635341      7.66351538      7.66351538      7.63096190      7.63096190      7.53363649      7.53363649      7.36522234      7.36522234      7.14994639      7.08681394      7.08681394      6.93532332      6.93532332      6.74248333      6.74248333      6.49465390      6.49465390      5.99216864      5.99216864      5.68818413      5.68818413      5.29751667      5.29751667      5.14403617      5.14403617      4.81034802      4.81034802      4.48193767      4.15505554      4.15505554      3.92966208      3.92966208      2.96407143      2.96407143      2.69264040      2.69264040      2.11593896      2.11593896      1.99752677      1.37478776      1.37478776      0.57447111      0.57447111      0.22316314     -0.22316314     -0.57447111     -0.57447111     -1.37478776     -1.37478776     -1.99752677     -2.11593896     -2.11593896     -2.69264040     -2.69264040     -2.96407143     -2.96407143     -3.92966208     -3.92966208     -4.15505554     -4.15505554     -4.48193767     -4.81034802     -4.81034802     -5.14403617     -5.14403617     -5.29751667     -5.29751667     -5.68818413     -5.68818413     -5.99216864     -5.99216864     -6.49465390     -6.49465390     -6.74248333     -6.74248333     -6.93532332     -6.93532332     -7.08681394     -7.08681394     -7.14994639     -7.36522234     -7.36522234     -7.53363649     -7.53363649     -7.63096190     -7.63096190     -7.66351538     -7.66351538     -7.80635341     -7.80635341     -7.88494446     -7.88494446     -8.08694794     -8.16553899     -8.16553899     -8.30837702     -8.30837702     -8.34093050     -8.34093050     -8.40466658     -8.40466658     -8.59750657     -8.61236153     -8.61236153     -8.61994253     -8.84533599     -8.84533599     -9.00302899
      1.72332799      9.01377083      8.82556409      8.82556409      8.69266288      8.55211772      8.54690800      8.54690800      8.44202468      8.44202468      8.38175116      8.38175116      8.35894299      8.35894299      8.16552653      8.16552653      8.11046273      7.83693054      7.83693054      7.78186675      7.78186675      7.62617167      7.62617167      7.58845028      7.58845028      7.56564211      7.56564211      7.24479019      7.24479019      7.23183641      7.23183641      6.98119821      6.96601374      6.96601374      6.85592069      6.85592069      6.58247432      6.58247432      5.83890716      5.83890716      5.65094214      5.65094214      5.33009022      5.33009022      5.18407931      5.18407931      4.69807055      4.60179335      4.60179335      4.20306946      4.20306946      4.07016824      4.07016824      2.80251651      2.80251651      2.63735967      2.63735967      2.29369957      2.29369957      1.81604090      1.44012518      1.44012518      0.50643506      0.50643506      0.29567619     -0.29567619     -0.50643506     -0.50643506     -1.44012518     -1.44012518     -1.81604090     -2.29369957     -2.29369957     -2.63735967     -2.63735967     -2.80251651     -2.80251651     -4.07016824     -4.07016824     -4.20306946     -4.20306946     -4.60179335     -4.60179335     -4.69807055     -5.18407931     -5.18407931     -5.33009022     -5.33009022     -5.65094214     -5.65094214     -5.83890716     -5.83890716     -6.58247432     -6.58247432     -6.85592069     -6.85592069     -6.96601374     -6.96601374     -6.98119821     -7.23183641     -7.23183641     -7.24479019     -7.24479019     -7.56564211     -7.56564211     -7.58845028     -7.58845028     -7.62617167     -7.62617167     -7.78186675     -7.78186675     -7.83693054     -7.83693054     -8.11046273     -8.16552653     -8.16552653     -8.35894299     -8.35894299     -8.38175116     -8.38175116     -8.44202468     -8.44202468     -8.54690800     -8.54690800     -8.55211772     -8.69266288     -8.82556409     -8.82556409     -9.01377083
      1.73313191      9.01929489      8.80115758      8.80115758      8.75767927      8.50670503      8.47372117      8.47372117      8.47191657      8.47191657      8.41795355      8.41795355      8.40926369      8.40926369      8.15814252      8.15814252      8.13716336      7.78202439      7.78202439      7.76104522      7.76104522      7.71184692      7.71184692      7.50992405      7.50992405      7.50123420      7.50123420      7.39626827      7.39626827      7.09213221      7.09213221      7.00097557      7.00097557      6.96618711      6.96618711      6.80636951      6.67173456      6.67173456      5.68384409      5.68384409      5.61938661      5.61938661      5.51442068      5.51442068      5.07381289      5.07381289      4.91307934      4.39261056      4.39261056      4.25797561      4.25797561      4.21449730      4.21449730      2.64639157      2.64639157      2.59062395      2.59062395      2.47696817      2.47696817      1.64092074      1.51497565      1.51497565      0.44896534      0.44896534      0.37878787     -0.37878787     -0.44896534     -0.44896534     -1.51497565     -1.51497565     -1.64092074     -2.47696817     -2.47696817     -2.59062395     -2.59062395     -2.64639157     -2.64639157     -4.21449730     -4.21449730     -4.25797561     -4.25797561     -4.39261056     -4.39261056     -4.91307934     -5.07381289     -5.07381289     -5.51442068     -5.51442068     -5.61938661     -5.61938661     -5.68384409     -5.68384409     -6.67173456     -6.67173456     -6.80636951     -6.96618711     -6.96618711     -7.00097557     -7.00097557     -7.09213221     -7.09213221     -7.39626827     -7.39626827     -7.50123420     -7.50123420     -7.50992405     -7.50992405     -7.71184692     -7.71184692     -7.76104522     -7.76104522     -7.78202439     -7.78202439     -8.13716336     -8.15814252     -8.15814252     -8.40926369     -8.40926369     -8.41795355     -8.41795355     -8.47191657     -8.47191657     -8.47372117     -8.47372117     -8.50670503     -8.75767927     -8.80115758     -8.80115758     -9.01929489
      1.74293583      9.01928224      8.81508623      8.77247186      8.77247186      8.49447010      8.49447010      8.46162524      8.45895914      8.45895914      8.44918963      8.44918963      8.39275909      8.39275909      8.16686830      8.14328261      8.14328261      7.79046960      7.79046960      7.74401996      7.74401996      7.72043427      7.72043427      7.54099313      7.54099313      7.43811294      7.43811294      7.42834343      7.42834343      7.07286433      7.07286433      7.04001947      7.04001947      6.94639845      6.94639845      6.76201770      6.76201770      6.62578231      5.69653902      5.69653902      5.59365883      5.59365883      5.52745877      5.52745877      5.12644641      4.96713567      4.96713567      4.36218010      4.36218010      4.31956573      4.31956573      4.18333034      4.18333034      2.66523866      2.66523866      2.55258895      2.55258895      2.49615841      2.49615841      1.59911199      1.59911199      1.47264611      0.47226316      0.40222782      0.40222782     -0.40222782     -0.40222782     -0.47226316     -1.47264611     -1.59911199     -1.59911199     -2.49615841     -2.49615841     -2.55258895     -2.55258895     -2.66523866     -2.66523866     -4.18333034     -4.18333034     -4.31956573     -4.31956573     -4.36218010     -4.36218010     -4.96713567     -4.96713567     -5.12644641     -5.52745877     -5.52745877     -5.59365883     -5.59365883     -5.69653902     -5.69653902     -6.62578231     -6.76201770     -6.76201770     -6.94639845     -6.94639845     -7.04001947     -7.04001947     -7.07286433     -7.07286433     -7.42834343     -7.42834343     -7.43811294     -7.43811294     -7.54099313     -7.54099313     -7.72043427     -7.72043427     -7.74401996     -7.74401996     -7.79046960     -7.79046960     -8.14328261     -8.14328261     -8.16686830     -8.39275909     -8.39275909     -8.44918963     -8.44918963     -8.45895914     -8.45895914     -8.46162524     -8.49447010     -8.49447010     -8.77247186     -8.77247186     -8.81508623     -9.01928224
      1.75273975      9.01342942      8.86500452      8.73987263      8.73987263      8.50983907      8.50983907      8.50764372      8.50764372      8.47512632      8.47512632      8.41722459      8.30400786      8.30400786      8.19937418      8.12087021      8.12087021      7.86187445      7.86187445      7.73089779      7.73089779      7.67873680      7.67873680      7.65239382      7.65239382      7.37664169      7.37664169      7.34412428      7.34412428      7.17554766      7.17554766      7.08293318      7.08293318      6.85289962      6.85289962      6.79494858      6.79494858      6.43978313      5.87596901      5.87596901      5.57387389      5.57387389      5.37023803      5.37023803      5.33766591      4.86445234      4.86445234      4.51273807      4.51273807      4.38760618      4.38760618      3.97448968      3.97448968      2.85799397      2.85799397      2.52338144      2.52338144      2.35226299      2.35226299      1.69227917      1.69227917      1.31168009      0.57583817      0.36635754      0.36635754     -0.36635754     -0.36635754     -0.57583817     -1.31168009     -1.69227917     -1.69227917     -2.35226299     -2.35226299     -2.52338144     -2.52338144     -2.85799397     -2.85799397     -3.97448968     -3.97448968     -4.38760618     -4.38760618     -4.51273807     -4.51273807     -4.86445234     -4.86445234     -5.33766591     -5.37023803     -5.37023803     -5.57387389     -5.57387389     -5.87596901     -5.87596901     -6.43978313     -6.79494858     -6.79494858     -6.85289962     -6.85289962     -7.08293318     -7.08293318     -7.17554766     -7.17554766     -7.34412428     -7.34412428     -7.37664169     -7.37664169     -7.65239382     -7.65239382     -7.67873680     -7.67873680     -7.73089779     -7.73089779     -7.86187445     -7.86187445     -8.12087021     -8.12087021     -8.19937418     -8.30400786     -8.30400786     -8.41722459     -8.47512632     -8.47512632     -8.50764372     -8.50764372     -8.50983907     -8.50983907     -8.73987263     -8.73987263     -8.86500452     -9.01342942
      1.76254368      9.00144987      8.90758035      8.70373422      8.70373422      8.55492783      8.55492783      8.51820248      8.51820248      8.49544688      8.49544688      8.37383730      8.23445659      8.20748199      8.20748199      8.09085687      8.09085687      7.92592405      7.92592405      7.80929893      7.80929893      7.72176086      7.72176086      7.57816115      7.57816115      7.31717086      7.31717086      7.27384761      7.27384761      7.25768991      7.25768991      7.12948244      7.12948244      6.94395069      6.94395069      6.63811982      6.63811982      6.24874195      6.05224834      6.05224834      5.56012026      5.56012026      5.54624536      5.21267442      5.21267442      4.76615239      4.76615239      4.66568498      4.66568498      4.46183885      4.46183885      3.76663011      3.76663011      3.05470784      3.05470784      2.50309881      2.50309881      2.21513392      2.21513392      1.79419527      1.79419527      1.15846747      0.68922111      0.34145821      0.34145821     -0.34145821     -0.34145821     -0.68922111     -1.15846747     -1.79419527     -1.79419527     -2.21513392     -2.21513392     -2.50309881     -2.50309881     -3.05470784     -3.05470784     -3.76663011     -3.76663011     -4.46183885     -4.46183885     -4.66568498     -4.66568498     -4.76615239     -4.76615239     -5.21267442     -5.21267442     -5.54624536     -5.56012026     -5.56012026     -6.05224834     -6.05224834     -6.24874195     -6.63811982     -6.63811982     -6.94395069     -6.94395069     -7.12948244     -7.12948244     -7.25768991     -7.25768991     -7.27384761     -7.27384761     -7.31717086     -7.31717086     -7.57816115     -7.57816115     -7.72176086     -7.72176086     -7.80929893     -7.80929893     -7.92592405     -7.92592405     -8.09085687     -8.09085687     -8.20748199     -8.20748199     -8.23445659     -8.37383730     -8.49544688     -8.49544688     -8.51820248     -8.51820248     -8.55492783     -8.55492783     -8.70373422     -8.70373422     -8.90758035     -9.00144987
      1.77234760      8.98307531      8.94298450      8.66443799      8.66443799      8.60041955      8.60041955      8.51976356      8.51976356      8.50985241      8.50985241      8.33178419      8.27187108      8.10322463      8.10322463      8.05322267      8.05322267      7.98250923      7.98250923      7.93250727      7.93250727      7.71666625      7.71666625      7.49801783      7.49801783      7.36739129      7.36739129      7.26003650      7.26003650      7.17941191      7.17941191      7.16946937      7.16946937      7.03473749      7.03473749      6.47627211      6.47627211      6.22493016      6.22493016      6.05305117      5.75170727      5.55245939      5.55245939      5.05526447      5.05526447      4.82052868      4.82052868      4.67260871      4.67260871      4.54198217      4.54198217      3.56029585      3.56029585      3.25484661      3.25484661      2.49180871      2.49180871      2.08518092      2.08518092      1.90455242      1.90455242      1.01343324      0.81209325      0.32760185      0.32760185     -0.32760185     -0.32760185     -0.81209325     -1.01343324     -1.90455242     -1.90455242     -2.08518092     -2.08518092     -2.49180871     -2.49180871     -3.25484661     -3.25484661     -3.56029585     -3.56029585     -4.54198217     -4.54198217     -4.67260871     -4.67260871     -4.82052868     -4.82052868     -5.05526447     -5.05526447     -5.55245939     -5.55245939     -5.75170727     -6.05305117     -6.22493016     -6.22493016     -6.47627211     -6.47627211     -7.03473749     -7.03473749     -7.16946937     -7.16946937     -7.17941191     -7.17941191     -7.26003650     -7.26003650     -7.36739129     -7.36739129     -7.49801783     -7.49801783     -7.71666625     -7.71666625     -7.93250727     -7.93250727     -7.98250923     -7.98250923     -8.05322267     -8.05322267     -8.10322463     -8.10322463     -8.27187108     -8.33178419     -8.50985241     -8.50985241     -8.51976356     -8.51976356     -8.60041955     -8.60041955     -8.66443799     -8.66443799     -8.94298450     -8.98307531
      1.78215152      8.97141139      8.95805706      8.64372635      8.64372635      8.62237058      8.62237058      8.51806314      8.51806314      8.51474883      8.51474883      8.31135418      8.29137124      8.04821799      8.04821799      8.03154935      8.03154935      8.00797634      8.00797634      7.99130770      7.99130770      7.71564573      7.71564573      7.45582385      7.45582385      7.41226789      7.41226789      7.23244625      7.23244625      7.20555894      7.20555894      7.12482451      7.12482451      7.07989572      7.07989572      6.39358456      6.39358456      6.30978696      6.30978696      5.95359064      5.85312440      5.55092551      5.55092551      4.97677292      4.97677292      4.89850686      4.89850686      4.62773211      4.62773211      4.58417615      4.58417615      3.45787107      3.45787107      3.35603200      3.35603200      2.48954880      2.48954880      2.02301796      2.02301796      1.96279337      1.96279337      0.94411004      0.87698107      0.32482858      0.32482858     -0.32482858     -0.32482858     -0.87698107     -0.94411004     -1.96279337     -1.96279337     -2.02301796     -2.02301796     -2.48954880     -2.48954880     -3.35603200     -3.35603200     -3.45787107     -3.45787107     -4.58417615     -4.58417615     -4.62773211     -4.62773211     -4.89850686     -4.89850686     -4.97677292     -4.97677292     -5.55092551     -5.55092551     -5.85312440     -5.95359064     -6.30978696     -6.30978696     -6.39358456     -6.39358456     -7.07989572     -7.07989572     -7.12482451     -7.12482451     -7.20555894     -7.20555894     -7.23244625     -7.23244625     -7.41226789     -7.41226789     -7.45582385     -7.45582385     -7.71564573     -7.71564573     -7.99130770     -7.99130770     -8.00797634     -8.00797634     -8.03154935     -8.03154935     -8.04821799     -8.04821799     -8.29137124     -8.31135418     -8.51474883     -8.51474883     -8.51806314     -8.51806314     -8.62237058     -8.62237058     -8.64372635     -8.64372635     -8.95805706     -8.97141139
      1.79195544      8.99307798      8.92616727      8.68445677      8.68445677      8.57792228      8.57792228      8.51981969      8.51981969      8.50340698      8.50340698      8.35262449      8.25288836      8.15631593      8.15631593      8.07299251      8.07299251      7.95515540      7.95515540      7.87183199      7.87183199      7.71870568      7.71870568      7.53880983      7.53880983      7.32123660      7.32123660      7.28829122      7.28829122      7.21377592      7.21377592      7.15404140      7.15404140      6.98940432      6.98940432      6.55779998      6.55779998      6.15145239      6.13906622      6.13906622      5.64939522      5.55552545      5.55552545      5.13391910      5.13391910      4.74290067      4.74290067      4.71876340      4.71876340      4.50119017      4.50119017      3.66323824      3.66323824      3.15438271      3.15438271      2.49632663      2.49632663      2.14923558      2.14923558      1.84833893      1.84833893      1.08490231      0.74949197      0.33314640      0.33314640     -0.33314640     -0.33314640     -0.74949197     -1.08490231     -1.84833893     -1.84833893     -2.14923558     -2.14923558     -2.49632663     -2.49632663     -3.15438271     -3.15438271     -3.66323824     -3.66323824     -4.50119017     -4.50119017     -4.71876340     -4.71876340     -4.74290067     -4.74290067     -5.13391910     -5.13391910     -5.55552545     -5.55552545     -5.64939522     -6.13906622     -6.13906622     -6.15145239     -6.55779998     -6.55779998     -6.98940432     -6.98940432     -7.15404140     -7.15404140     -7.21377592     -7.21377592     -7.28829122     -7.28829122     -7.32123660     -7.32123660     -7.53880983     -7.53880983     -7.71870568     -7.71870568     -7.87183199     -7.87183199     -7.95515540     -7.95515540     -8.07299251     -8.07299251     -8.15631593     -8.15631593     -8.25288836     -8.35262449     -8.50340698     -8.50340698     -8.51981969     -8.51981969     -8.57792228     -8.57792228     -8.68445677     -8.68445677     -8.92616727     -8.99307798
      1.80175936      9.00822270      8.88720013      8.72222213      8.72222213      8.53148530      8.53148530      8.51488433      8.51488433      8.48600773      8.48600773      8.39538389      8.25671473      8.25671473      8.21660814      8.10681557      8.10681557      7.89482615      7.89482615      7.74492699      7.74492699      7.72582702      7.72582702      7.61603445      7.61603445      7.34663486      7.34663486      7.30115729      7.30115729      7.22526927      7.22526927      7.10576884      7.10576884      6.89843103      6.89843103      6.71718458      6.71718458      6.34486878      5.96453082      5.96453082      5.56623869      5.56623869      5.44231585      5.29146813      5.29146813      4.81473073      4.81473073      4.58894355      4.58894355      4.42396555      4.42396555      3.87040329      3.87040329      2.95588928      2.95588928      2.51211959      2.51211959      2.28282659      2.28282659      1.74216225      1.74216225      1.23407756      0.63132296      0.35253126      0.35253126     -0.35253126     -0.35253126     -0.63132296     -1.23407756     -1.74216225     -1.74216225     -2.28282659     -2.28282659     -2.51211959     -2.51211959     -2.95588928     -2.95588928     -3.87040329     -3.87040329     -4.42396555     -4.42396555     -4.58894355     -4.58894355     -4.81473073     -4.81473073     -5.29146813     -5.29146813     -5.44231585     -5.56623869     -5.56623869     -5.96453082     -5.96453082     -6.34486878     -6.71718458     -6.71718458     -6.89843103     -6.89843103     -7.10576884     -7.10576884     -7.22526927     -7.22526927     -7.30115729     -7.30115729     -7.34663486     -7.34663486     -7.61603445     -7.61603445     -7.72582702     -7.72582702     -7.74492699     -7.74492699     -7.89482615     -7.89482615     -8.10681557     -8.10681557     -8.21660814     -8.25671473     -8.25671473     -8.39538389     -8.48600773     -8.48600773     -8.51488433     -8.51488433     -8.53148530     -8.53148530     -8.72222213     -8.72222213     -8.88720013     -9.00822270
      1.81156328      9.01710417      8.84097291      8.75663822      8.75663822      8.50304205      8.50304205      8.48345207      8.48345207      8.46284059      8.46284059      8.43931883      8.34935688      8.34935688      8.18278467      8.13302416      8.13302416      7.82708351      7.82708351      7.73696527      7.73696527      7.68720477      7.68720477      7.61075079      7.61075079      7.40714884      7.40714884      7.38653737      7.38653737      7.12472995      7.12472995      7.06100673      7.06100673      6.87136750      6.87136750      6.80741056      6.80741056      6.53343663      5.78661930      5.78661930      5.58301735      5.58301735      5.44892216      5.44892216      5.23235572      4.91527005      4.91527005      4.43712992      4.43712992      4.35279523      4.35279523      4.07882130      4.07882130      2.76108841      2.76108841      2.53687498      2.53687498      2.42339127      2.42339127      1.64458373      1.64458373      1.39122128      0.52280579      0.38292706      0.38292706     -0.38292706     -0.38292706     -0.52280579     -1.39122128     -1.64458373     -1.64458373     -2.42339127     -2.42339127     -2.53687498     -2.53687498     -2.76108841     -2.76108841     -4.07882130     -4.07882130     -4.35279523     -4.35279523     -4.43712992     -4.43712992     -4.91527005     -4.91527005     -5.23235572     -5.44892216     -5.44892216     -5.58301735     -5.58301735     -5.78661930     -5.78661930     -6.53343663     -6.80741056     -6.80741056     -6.87136750     -6.87136750     -7.06100673     -7.06100673     -7.12472995     -7.12472995     -7.38653737     -7.38653737     -7.40714884     -7.40714884     -7.61075079     -7.61075079     -7.68720477     -7.68720477     -7.73696527     -7.73696527     -7.82708351     -7.82708351     -8.13302416     -8.13302416     -8.18278467     -8.34935688     -8.34935688     -8.43931883     -8.46284059     -8.46284059     -8.48345207     -8.48345207     -8.50304205     -8.50304205     -8.75663822     -8.75663822     -8.84097291     -9.01710417
      1.82136721      9.02000000      8.78732699      8.78732699      8.78732699      8.48410162      8.48410162      8.48410162      8.43421356      8.43421356      8.43421356      8.43421356      8.43421356      8.43421356      8.15165250      8.15165250      8.15165250      7.75205081      7.75205081      7.75205081      7.75205081      7.75205081      7.75205081      7.46948974      7.46948974      7.46948974      7.46948974      7.46948974      7.46948974      7.02000000      7.02000000      7.02000000      7.02000000      7.02000000      7.02000000      6.71677463      6.71677463      6.71677463      5.60578644      5.60578644      5.60578644      5.60578644      5.60578644      5.60578644      5.02000000      5.02000000      5.02000000      4.28794919      4.28794919      4.28794919      4.28794919      4.28794919      4.28794919      2.57051026      2.57051026      2.57051026      2.57051026      2.57051026      2.57051026      1.55589838      1.55589838      1.55589838      0.42424589      0.42424589      0.42424589     -0.42424589     -0.42424589     -0.42424589     -1.55589838     -1.55589838     -1.55589838     -2.57051026     -2.57051026     -2.57051026     -2.57051026     -2.57051026     -2.57051026     -4.28794919     -4.28794919     -4.28794919     -4.28794919     -4.28794919     -4.28794919     -5.02000000     -5.02000000     -5.02000000     -5.60578644     -5.60578644     -5.60578644     -5.60578644     -5.60578644     -5.60578644     -6.71677463     -6.71677463     -6.71677463     -7.02000000     -7.02000000     -7.02000000     -7.02000000     -7.02000000     -7.02000000     -7.46948974     -7.46948974     -7.46948974     -7.46948974     -7.46948974     -7.46948974     -7.75205081     -7.75205081     -7.75205081     -7.75205081     -7.75205081     -7.75205081     -8.15165250     -8.15165250     -8.15165250     -8.43421356     -8.43421356     -8.43421356     -8.43421356     -8.43421356     -8.43421356     -8.48410162     -8.48410162     -8.48410162     -8.78732699     -8.78732699     -8.78732699     -9.02000000
      1.83117113      9.01720536      8.81391821      8.81391821      8.72612878      8.52939183      8.51128452      8.51128452      8.45789653      8.45789653      8.40045172      8.40045172      8.38415760      8.38415760      8.16276313      8.16276313      8.12342563      7.81032658      7.81032658      7.77098909      7.77098908      7.66987946      7.66987946      7.54959462      7.54959462      7.53330050      7.53330050      7.32135807      7.32135807      7.16275664      7.16275664      6.98297201      6.98297201      6.91147671      6.91147671      6.89452438      6.62695033      6.62695033      5.76157106      5.76157106      5.63444413      5.63444413      5.42250170      5.42250170      5.12852329      5.12852329      4.80574806      4.49724747      4.49724747      4.22967342      4.22967342      4.14188399      4.14188399      2.72374608      2.72374608      2.61291328      2.61291328      2.38467673      2.38467673      1.72765475      1.47637482      1.47637482      0.47636832      0.47636832      0.33592120     -0.33592120     -0.47636832     -0.47636832     -1.47637482     -1.47637482     -1.72765475     -2.38467673     -2.38467673     -2.61291328     -2.61291328     -2.72374608     -2.72374608     -4.14188399     -4.14188399     -4.22967342     -4.22967342     -4.49724747     -4.49724747     -4.80574806     -5.12852329     -5.12852329     -5.42250170     -5.42250170     -5.63444413     -5.63444413     -5.76157106     -5.76157106     -6.62695033     -6.62695033     -6.89452438     -6.91147671     -6.91147671     -6.98297201     -6.98297201     -7.16275664     -7.16275664     -7.32135807     -7.32135807     -7.53330050     -7.53330050     -7.54959462     -7.54959462     -7.66987946     -7.66987946     -7.77098908     -7.77098909     -7.81032658     -7.81032658     -8.12342563     -8.16276313     -8.16276313     -8.38415760     -8.38415760     -8.40045172     -8.40045172     -8.45789653     -8.45789653     -8.51128452     -8.51128452     -8.52939183     -8.72612878     -8.81391821     -8.81391821     -9.01720536
      1.84097505      9.00903164      8.83605114      8.83605114      8.65727056      8.58059772      8.58059772      8.57483779      8.42428586      8.42428586      8.36189582      8.36189582      8.33366718      8.33366718      8.16644661      8.16644661      8.09829663      7.86181104      7.86181104      7.79366106      7.79366106      7.62644049      7.62644049      7.59821185      7.59821185      7.58074848      7.58074848      7.29933621      7.29933621      7.16659736      7.16659736      7.06635151      6.95012368      6.95012368      6.79957175      6.79957175      6.53835840      6.53835840      5.91579272      5.91579272      5.66886217      5.66886217      5.24042825      5.24042825      5.23724767      5.23724767      4.70618207      4.70618207      4.59011185      4.17818896      4.17818896      3.99940839      3.99940839      2.88264466      2.88264466      2.66394275      2.66394275      2.20409961      2.20409961      1.90601871      1.40625425      1.40625425      0.53914385      0.53914385      0.25808129     -0.25808129     -0.53914385     -0.53914385     -1.40625425     -1.40625425     -1.90601871     -2.20409961     -2.20409961     -2.66394275     -2.66394275     -2.88264466     -2.88264466     -3.99940839     -3.99940839     -4.17818896     -4.17818896     -4.59011185     -4.70618207     -4.70618207     -5.23724767     -5.23724767     -5.24042825     -5.24042825     -5.66886217     -5.66886217     -5.91579272     -5.91579272     -6.53835840     -6.53835840     -6.79957175     -6.79957175     -6.95012368     -6.95012368     -7.06635151     -7.16659736     -7.16659736     -7.29933621     -7.29933621     -7.58074848     -7.58074848     -7.59821185     -7.59821185     -7.62644049     -7.62644049     -7.79366106     -7.79366106     -7.86181104     -7.86181104     -8.09829663     -8.16644661     -8.16644661     -8.33366718     -8.33366718     -8.36189582     -8.36189582     -8.42428586     -8.42428586     -8.57483779     -8.58059772     -8.58059772     -8.65727056     -8.83605114     -8.83605114     -9.00903164
      1.85077897      8.99580492      8.85337611      8.85337611      8.64220897      8.64220897      8.62007805      8.58067118      8.38315503      8.38315503      8.31890078      8.31890078      8.28311887      8.28311887      8.16282096      8.16282096      8.07643579      7.90630887      7.90630887      7.81992370      7.81992370      7.69962580      7.69962580      7.66384389      7.66384389      7.48486395      7.48486395      7.42946271      7.42946271      7.23194656      7.00547595      7.00547595      6.92163262      6.92163262      6.68470960      6.68470960      6.45141154      6.45141154      6.06797646      6.06797646      5.70888636      5.70888636      5.35529040      5.35529040      5.05051842      5.05051842      4.91422615      4.91422615      4.37361427      4.13369113      4.13369113      3.86098620      3.86098620      3.04673692      3.04673691      2.72342873      2.72342872      2.09050275      2.02927888      2.02927888      1.34574964      1.34574964      0.61239139      0.61239139      0.19094647     -0.19094647     -0.61239139     -0.61239139     -1.34574964     -1.34574964     -2.02927888     -2.02927888     -2.09050275     -2.72342872     -2.72342873     -3.04673691     -3.04673692     -3.86098620     -3.86098620     -4.13369113     -4.13369113     -4.37361427     -4.91422615     -4.91422615     -5.05051842     -5.05051842     -5.35529040     -5.35529040     -5.70888636     -5.70888636     -6.06797646     -6.06797646     -6.45141154     -6.45141154     -6.68470960     -6.68470960     -6.92163262     -6.92163262     -7.00547595     -7.00547595     -7.23194656     -7.42946271     -7.42946271     -7.48486395     -7.48486395     -7.66384389     -7.66384389     -7.69962580     -7.69962580     -7.81992370     -7.81992370     -7.90630887     -7.90630887     -8.07643579     -8.16282096     -8.16282096     -8.28311887     -8.28311887     -8.31890078     -8.31890078     -8.38315503     -8.38315503     -8.58067118     -8.62007805     -8.64220897     -8.64220897     -8.85337611     -8.85337611     -8.99580492
      1.86058289      8.97786453      8.86555612      8.86555612      8.69620134      8.69620134      8.66474293      8.49627671      8.33441647      8.33441647      8.27183413      8.27183413      8.23288118      8.23288118      8.15203119      8.15203119      8.05799044      7.94365129      7.94365129      7.84961054      7.84961053      7.76876055      7.76876055      7.72980759      7.72980759      7.55288610      7.55288610      7.39102587      7.38245837      7.38245837      6.89765244      6.89765244      6.83828822      6.83828822      6.56732598      6.56732598      6.36651279      6.36651279      6.21765737      6.21765737      5.75433720      5.75433720      5.47267402      5.47267402      5.12086179      5.12086179      4.86281783      4.86281783      4.15678743      4.09634871      4.09634871      3.72706930      3.72706930      3.21554045      3.21554045      2.79117324      2.79117324      2.28060511      1.86070091      1.86070091      1.29504499      1.29504499      0.69589990      0.69589990      0.13470699     -0.13470699     -0.69589990     -0.69589990     -1.29504499     -1.29504499     -1.86070091     -1.86070091     -2.28060511     -2.79117324     -2.79117324     -3.21554045     -3.21554045     -3.72706930     -3.72706930     -4.09634871     -4.09634871     -4.15678743     -4.86281783     -4.86281783     -5.12086179     -5.12086179     -5.47267402     -5.47267402     -5.75433720     -5.75433720     -6.21765737     -6.21765737     -6.36651279     -6.36651279     -6.56732598     -6.56732598     -6.83828822     -6.83828822     -6.89765244     -6.89765244     -7.38245837     -7.38245837     -7.39102587     -7.55288610     -7.55288610     -7.72980759     -7.72980759     -7.76876055     -7.76876055     -7.84961053     -7.84961054     -7.94365129     -7.94365129     -8.05799044     -8.15203119     -8.15203119     -8.23288118     -8.23288118     -8.27183413     -8.27183413     -8.33441647     -8.33441647     -8.49627671     -8.66474293     -8.69620134     -8.69620134     -8.86555612     -8.86555612     -8.97786453
      1.87038681      8.95556139      8.87226839      8.87226839      8.74268465      8.74268465      8.70845613      8.40406097      8.27801017      8.27801017      8.22107446      8.22107446      8.18331300      8.18331300      8.13424852      8.13424852      8.04308429      7.97369664      7.97369664      7.88253241      7.88253241      7.83346792      7.83346792      7.79570646      7.79570646      7.66938310      7.66938310      7.54333230      7.27378989      7.27378989      6.87831213      6.87831213      6.66535376      6.66535376      6.44786617      6.44786617      6.36438222      6.36438222      6.28405391      6.28405391      5.80501057      5.80501057      5.59213383      5.59213383      5.32558176      5.32558176      4.67465787      4.67465787      4.06630336      4.06630336      3.94017094      3.59809595      3.59809595      3.38856120      3.38856120      2.86695102      2.86695102      2.47581154      1.69883685      1.69883685      1.25429460      1.25429460      0.78942918      0.78942918      0.08952244     -0.08952244     -0.78942918     -0.78942918     -1.25429460     -1.25429460     -1.69883685     -1.69883685     -2.47581154     -2.86695102     -2.86695102     -3.38856120     -3.38856120     -3.59809595     -3.59809595     -3.94017094     -4.06630336     -4.06630336     -4.67465787     -4.67465787     -5.32558176     -5.32558176     -5.59213383     -5.59213383     -5.80501057     -5.80501057     -6.28405391     -6.28405391     -6.36438222     -6.36438222     -6.44786617     -6.44786617     -6.66535376     -6.66535376     -6.87831213     -6.87831213     -7.27378989     -7.27378989     -7.54333230     -7.66938310     -7.66938310     -7.79570646     -7.79570646     -7.83346792     -7.83346792     -7.88253241     -7.88253241     -7.97369664     -7.97369664     -8.04308429     -8.13424852     -8.13424852     -8.18331300     -8.18331300     -8.22107446     -8.22107446     -8.27801017     -8.27801017     -8.40406097     -8.70845613     -8.74268465     -8.74268465     -8.87226839     -8.87226839     -8.95556139
      1.88019073      8.92925651      8.87320580      8.87320580      8.78179466      8.78179466      8.75083636      8.30402596      8.21390418      8.21390418      8.16700976      8.16700976      8.13476210      8.13476210      8.10966969      8.10966969      8.03181697      7.99633094      7.99633094      7.91847822      7.91847822      7.89338581      7.89338581      7.86113816      7.86113816      7.77875771      7.77875771      7.68863593      7.15914145      7.15914145      6.86371549      6.86371549      6.50771110      6.50771110      6.48701648      6.48701648      6.32678331      6.32678331      6.20441387      6.20441387      5.86067854      5.86067854      5.71321669      5.71321669      5.52789111      5.52789111      4.48655686      4.48655686      4.04366906      4.04366906      3.72431011      3.56529523      3.56529523      3.47448922      3.47448922      2.95051032      2.95051032      2.67559702      1.54414099      1.54414099      1.22362262      1.22362262      0.89271064      0.89271064      0.05552114     -0.05552114     -0.89271064     -0.89271064     -1.22362262     -1.22362262     -1.54414099     -1.54414099     -2.67559702     -2.95051032     -2.95051032     -3.47448922     -3.47448922     -3.56529523     -3.56529523     -3.72431011     -4.04366906     -4.04366906     -4.48655686     -4.48655686     -5.52789111     -5.52789111     -5.71321669     -5.71321669     -5.86067854     -5.86067854     -6.20441387     -6.20441387     -6.32678331     -6.32678331     -6.48701648     -6.48701648     -6.50771110     -6.50771110     -6.86371549     -6.86371549     -7.15914145     -7.15914145     -7.68863593     -7.77875771     -7.77875771     -7.86113816     -7.86113816     -7.89338581     -7.89338581     -7.91847822     -7.91847822     -7.99633094     -7.99633094     -8.03181697     -8.10966969     -8.10966969     -8.13476210     -8.13476210     -8.16700976     -8.16700976     -8.21390418     -8.21390418     -8.30402596     -8.75083636     -8.78179466     -8.78179466     -8.87320580     -8.87320580     -8.92925651
      1.88999466      8.89931929      8.86807836      8.86807836      8.81369231      8.81369231      8.79149895      8.19620219      8.14209490      8.14209490      8.11003575      8.11003575      8.08756363      8.08756363      8.07851606      8.07851606      8.02426355      8.01146835      8.01146835      7.95721584      7.95721584      7.94816827      7.94816827      7.92569615      7.92569615      7.88084181      7.88084181      7.82673452      7.03881983      7.03881983      6.85394077      6.85394077      6.64721895      6.64721895      6.30364357      6.30364357      6.20453672      6.20453672      6.12795731      6.12795731      5.92109026      5.92109026      5.83546328      5.83546328      5.72730886      5.72730886      4.29903769      4.29903769      4.02853165      4.02853165      3.74523041      3.74523041      3.50975414      3.35665547      3.35665547      3.04157385      3.04157385      2.87942761      1.39704915      1.39704915      1.20312253      1.20312253      1.00544827      1.00544827      0.03279975     -0.03279975     -1.00544827     -1.00544827     -1.20312253     -1.20312253     -1.39704915     -1.39704915     -2.87942761     -3.04157385     -3.04157385     -3.35665547     -3.35665547     -3.50975414     -3.74523041     -3.74523041     -4.02853165     -4.02853165     -4.29903769     -4.29903769     -5.72730886     -5.72730886     -5.83546328     -5.83546328     -5.92109026     -5.92109026     -6.12795731     -6.12795731     -6.20453672     -6.20453672     -6.30364357     -6.30364357     -6.64721895     -6.64721895     -6.85394077     -6.85394077     -7.03881983     -7.03881983     -7.82673452     -7.88084181     -7.88084181     -7.92569615     -7.92569615     -7.94816827     -7.94816827     -7.95721584     -7.95721584     -8.01146835     -8.01146835     -8.02426355     -8.07851606     -8.07851606     -8.08756363     -8.08756363     -8.11003575     -8.11003575     -8.14209490     -8.14209490     -8.19620219     -8.79149895     -8.81369231     -8.81369231     -8.86807836     -8.86807836     -8.89931929
      1.89979858      8.86612590      8.85661460      8.85661460      8.83856280      8.83856280      8.83005758      8.08064886      8.06260739      8.06260739      8.05055425      8.05055425      8.04203870      8.04203870      8.04103262      8.04103262      8.02047425      8.01905144      8.01905144      7.99849307      7.99849307      7.99748699      7.99748699      7.98897144      7.98897144      7.97549549      7.97549549      7.95745402      6.91315462      6.91315462      6.84904030      6.84904030      6.78249709      6.78249709      6.11562444      6.11562444      6.08159012      6.08159012      6.05503310      6.05503310      5.98597298      5.98597298      5.95840988      5.95840988      5.92336948      5.92336948      4.11262598      4.11262598      4.02094856      4.02094856      3.92784833      3.92784833      3.29705433      3.24498283      3.24498283      3.13983978      3.13983978      3.08676219      1.25797722      1.25797722      1.19285682      1.19285682      1.12731969      1.12731969      0.02142287     -0.02142287     -1.12731969     -1.12731969     -1.19285682     -1.19285682     -1.25797722     -1.25797722     -3.08676219     -3.13983978     -3.13983978     -3.24498283     -3.24498283     -3.29705433     -3.92784833     -3.92784833     -4.02094856     -4.02094856     -4.11262598     -4.11262598     -5.92336948     -5.92336948     -5.95840988     -5.95840988     -5.98597298     -5.98597298     -6.05503310     -6.05503310     -6.08159012     -6.08159012     -6.11562444     -6.11562444     -6.78249709     -6.78249709     -6.84904030     -6.84904030     -6.91315462     -6.91315462     -7.95745402     -7.97549549     -7.97549549     -7.98897144     -7.98897144     -7.99748699     -7.99748699     -7.99849307     -7.99849307     -8.01905144     -8.01905144     -8.02047425     -8.04103262     -8.04103262     -8.04203870     -8.04203870     -8.05055425     -8.05055425     -8.06260739     -8.06260739     -8.08064886     -8.83005758     -8.83856280     -8.83856280     -8.85661460     -8.85661460     -8.86612590
      1.90960250      8.86612590      8.85661460      8.85661460      8.83856280      8.83856280      8.83005758      8.08064886      8.06260739      8.06260739      8.05055425      8.05055425      8.04203870      8.04203870      8.04103262      8.04103262      8.02047425      8.01905144      8.01905144      7.99849307      7.99849307      7.99748699      7.99748699      7.98897144      7.98897144      7.97549549      7.97549549      7.95745402      6.91315462      6.91315462      6.84904030      6.84904030      6.78249709      6.78249709      6.11562444      6.11562444      6.08159012      6.08159012      6.05503310      6.05503310      5.98597298      5.98597298      5.95840988      5.95840988      5.92336948      5.92336948      4.11262598      4.11262598      4.02094856      4.02094856      3.92784833      3.92784833      3.29705433      3.24498283      3.24498283      3.13983978      3.13983978      3.08676219      1.25797722      1.25797722      1.19285682      1.19285682      1.12731969      1.12731969      0.02142287     -0.02142287     -1.12731969     -1.12731969     -1.19285682     -1.19285682     -1.25797722     -1.25797722     -3.08676219     -3.13983978     -3.13983978     -3.24498283     -3.24498283     -3.29705433     -3.92784833     -3.92784833     -4.02094856     -4.02094856     -4.11262598     -4.11262598     -5.92336948     -5.92336948     -5.95840988     -5.95840988     -5.98597298     -5.98597298     -6.05503310     -6.05503310     -6.08159012     -6.08159012     -6.11562444     -6.11562444     -6.78249709     -6.78249709     -6.84904030     -6.84904030     -6.91315462     -6.91315462     -7.95745402     -7.97549549     -7.97549549     -7.98897144     -7.98897144     -7.99748699     -7.99748699     -7.99849307     -7.99849307     -8.01905144     -8.01905144     -8.02047425     -8.04103262     -8.04103262     -8.04203870     -8.04203870     -8.05055425     -8.05055425     -8.06260739     -8.06260739     -8.08064886     -8.83005758     -8.83856280     -8.83856280     -8.85661460     -8.85661460     -8.86612590
      1.91940642      8.89931929      8.86807836      8.86807836      8.81369231      8.81369231      8.79149895      8.19620219      8.14209490      8.14209490      8.11003575      8.11003575      8.08756363      8.08756363      8.07851606      8.07851606      8.02426355      8.01146835      8.01146835      7.95721584      7.95721584      7.94816827      7.94816827      7.92569615      7.92569615      7.88084181      7.88084181      7.82673452      7.03881983      7.03881983      6.85394077      6.85394077      6.64721895      6.64721895      6.30364357      6.30364357      6.20453672      6.20453672      6.12795731      6.12795731      5.92109026      5.92109026      5.83546328      5.83546328      5.72730886      5.72730886      4.29903769      4.29903769      4.02853165      4.02853165      3.74523041      3.74523041      3.50975414      3.35665547      3.35665547      3.04157385      3.04157385      2.87942761      1.39704915      1.39704915      1.20312253      1.20312253      1.00544827      1.00544827      0.03279975     -0.03279975     -1.00544827     -1.00544827     -1.20312253     -1.20312253     -1.39704915     -1.39704915     -2.87942761     -3.04157385     -3.04157385     -3.35665547     -3.35665547     -3.50975414     -3.74523041     -3.74523041     -4.02853165     -4.02853165     -4.29903769     -4.29903769     -5.72730886     -5.72730886     -5.83546328     -5.83546328     -5.92109026     -5.92109026     -6.12795731     -6.12795731     -6.20453672     -6.20453672     -6.30364357     -6.30364357     -6.64721895     -6.64721895     -6.85394077     -6.85394077     -7.03881983     -7.03881983     -7.82673452     -7.88084181     -7.88084181     -7.92569615     -7.92569615     -7.94816827     -7.94816827     -7.95721584     -7.95721584     -8.01146835     -8.01146835     -8.02426355     -8.07851606     -8.07851606     -8.08756363     -8.08756363     -8.11003575     -8.11003575     -8.14209490     -8.14209490     -8.19620219     -8.79149895     -8.81369231     -8.81369231     -8.86807836     -8.86807836     -8.89931929
      1.92921034      8.92925651      8.87320580      8.87320580      8.78179466      8.78179466      8.75083636      8.30402596      8.21390418      8.21390418      8.16700976      8.16700976      8.13476210      8.13476210      8.10966969      8.10966969      8.03181697      7.99633094      7.99633094      7.91847822      7.91847822      7.89338581      7.89338581      7.86113816      7.86113816      7.77875771      7.77875771      7.68863593      7.15914145      7.15914145      6.86371549      6.86371549      6.50771110      6.50771110      6.48701648      6.48701648      6.32678331      6.32678331      6.20441387      6.20441387      5.86067854      5.86067854      5.71321669      5.71321669      5.52789111      5.52789111      4.48655686      4.48655686      4.04366906      4.04366906      3.72431011      3.56529523      3.56529523      3.47448922      3.47448922      2.95051032      2.95051032      2.67559702      1.54414099      1.54414099      1.22362262      1.22362262      0.89271064      0.89271064      0.05552114     -0.05552114     -0.89271064     -0.89271064     -1.22362262     -1.22362262     -1.54414099     -1.54414099     -2.67559702     -2.95051032     -2.95051032     -3.47448922     -3.47448922     -3.56529523     -3.56529523     -3.72431011     -4.04366906     -4.04366906     -4.48655686     -4.48655686     -5.52789111     -5.52789111     -5.71321669     -5.71321669     -5.86067854     -5.86067854     -6.20441387     -6.20441387     -6.32678331     -6.32678331     -6.48701648     -6.48701648     -6.50771110     -6.50771110     -6.86371549     -6.86371549     -7.15914145     -7.15914145     -7.68863593     -7.77875771     -7.77875771     -7.86113816     -7.86113816     -7.89338581     -7.89338581     -7.91847822     -7.91847822     -7.99633094     -7.99633094     -8.03181697     -8.10966969     -8.10966969     -8.13476210     -8.13476210     -8.16700976     -8.16700976     -8.21390418     -8.21390418     -8.30402596     -8.75083636     -8.78179466     -8.78179466     -8.87320580     -8.87320580     -8.92925651
      1.93901426      8.95556139      8.87226839      8.87226839      8.74268465      8.74268465      8.70845613      8.40406097      8.27801017      8.27801017      8.22107446      8.22107446      8.18331300      8.18331300      8.13424852      8.13424852      8.04308429      7.97369664      7.97369664      7.88253241      7.88253241      7.83346792      7.83346792      7.79570646      7.79570646      7.66938310      7.66938310      7.54333230      7.27378989      7.27378989      6.87831213      6.87831213      6.66535376      6.66535376      6.44786617      6.44786617      6.36438222      6.36438222      6.28405391      6.28405391      5.80501057      5.80501057      5.59213383      5.59213383      5.32558176      5.32558176      4.67465787      4.67465787      4.06630336      4.06630336      3.94017094      3.59809595      3.59809595      3.38856120      3.38856120      2.86695102      2.86695102      2.47581154      1.69883685      1.69883685      1.25429460      1.25429460      0.78942918      0.78942918      0.08952244     -0.08952244     -0.78942918     -0.78942918     -1.25429460     -1.25429460     -1.69883685     -1.69883685     -2.47581154     -2.86695102     -2.86695102     -3.38856120     -3.38856120     -3.59809595     -3.59809595     -3.94017094     -4.06630336     -4.06630336     -4.67465787     -4.67465787     -5.32558176     -5.32558176     -5.59213383     -5.59213383     -5.80501057     -5.80501057     -6.28405391     -6.28405391     -6.36438222     -6.36438222     -6.44786617     -6.44786617     -6.66535376     -6.66535376     -6.87831213     -6.87831213     -7.27378989     -7.27378989     -7.54333230     -7.66938310     -7.66938310     -7.79570646     -7.79570646     -7.83346792     -7.83346792     -7.88253241     -7.88253241     -7.97369664     -7.97369664     -8.04308429     -8.13424852     -8.13424852     -8.18331300     -8.18331300     -8.22107446     -8.22107446     -8.27801017     -8.27801017     -8.40406097     -8.70845613     -8.74268465     -8.74268465     -8.87226839     -8.87226839     -8.95556139
      1.94881819      8.97786453      8.86555612      8.86555612      8.69620134      8.69620134      8.66474293      8.49627671      8.33441647      8.33441647      8.27183413      8.27183413      8.23288118      8.23288118      8.15203119      8.15203119      8.05799044      7.94365129      7.94365129      7.84961054      7.84961053      7.76876055      7.76876055      7.72980759      7.72980759      7.55288610      7.55288610      7.39102587      7.38245837      7.38245837      6.89765244      6.89765244      6.83828822      6.83828822      6.56732598      6.56732598      6.36651279      6.36651279      6.21765737      6.21765737      5.75433720      5.75433720      5.47267402      5.47267402      5.12086179      5.12086179      4.86281783      4.86281783      4.15678743      4.09634871      4.09634871      3.72706930      3.72706930      3.21554045      3.21554045      2.79117324      2.79117324      2.28060511      1.86070091      1.86070091      1.29504499      1.29504499      0.69589990      0.69589990      0.13470699     -0.13470699     -0.69589990     -0.69589990     -1.29504499     -1.29504499     -1.86070091     -1.86070091     -2.28060511     -2.79117324     -2.79117324     -3.21554045     -3.21554045     -3.72706930     -3.72706930     -4.09634871     -4.09634871     -4.15678743     -4.86281783     -4.86281783     -5.12086179     -5.12086179     -5.47267402     -5.47267402     -5.75433720     -5.75433720     -6.21765737     -6.21765737     -6.36651279     -6.36651279     -6.56732598     -6.56732598     -6.83828822     -6.83828822     -6.89765244     -6.89765244     -7.38245837     -7.38245837     -7.39102587     -7.55288610     -7.55288610     -7.72980759     -7.72980759     -7.76876055     -7.76876055     -7.84961053     -7.84961054     -7.94365129     -7.94365129     -8.05799044     -8.15203119     -8.15203119     -8.23288118     -8.23288118     -8.27183413     -8.27183413     -8.33441647     -8.33441647     -8.49627671     -8.66474293     -8.69620134     -8.69620134     -8.86555612     -8.86555612     -8.97786453
      1.95862211      8.99580492      8.85337611      8.85337611      8.64220897      8.64220897      8.62007805      8.58067118      8.38315503      8.38315503      8.31890078      8.31890078      8.28311887      8.28311887      8.16282096      8.16282096      8.07643579      7.90630887      7.90630887      7.81992370      7.81992370      7.69962580      7.69962580      7.66384389      7.66384389      7.48486395      7.48486395      7.42946271      7.42946271      7.23194656      7.00547595      7.00547595      6.92163262      6.92163262      6.68470960      6.68470960      6.45141154      6.45141154      6.06797646      6.06797646      5.70888636      5.70888636      5.35529040      5.35529040      5.05051842      5.05051842      4.91422615      4.91422615      4.37361427      4.13369113      4.13369113      3.86098620      3.86098620      3.04673692      3.04673691      2.72342872      2.72342872      2.09050275      2.02927888      2.02927888      1.34574964      1.34574964      0.61239139      0.61239139      0.19094647     -0.19094647     -0.61239139     -0.61239139     -1.34574964     -1.34574964     -2.02927888     -2.02927888     -2.09050275     -2.72342872     -2.72342872     -3.04673691     -3.04673692     -3.86098620     -3.86098620     -4.13369113     -4.13369113     -4.37361427     -4.91422615     -4.91422615     -5.05051842     -5.05051842     -5.35529040     -5.35529040     -5.70888636     -5.70888636     -6.06797646     -6.06797646     -6.45141154     -6.45141154     -6.68470960     -6.68470960     -6.92163262     -6.92163262     -7.00547595     -7.00547595     -7.23194656     -7.42946271     -7.42946271     -7.48486395     -7.48486395     -7.66384389     -7.66384389     -7.69962580     -7.69962580     -7.81992370     -7.81992370     -7.90630887     -7.90630887     -8.07643579     -8.16282096     -8.16282096     -8.28311887     -8.28311887     -8.31890078     -8.31890078     -8.38315503     -8.38315503     -8.58067118     -8.62007805     -8.64220897     -8.64220897     -8.85337611     -8.85337611     -8.99580492
      1.96842603      9.00903164      8.83605114      8.83605114      8.65727056      8.58059772      8.58059772      8.57483779      8.42428586      8.42428586      8.36189582      8.36189582      8.33366718      8.33366718      8.16644661      8.16644661      8.09829663      7.86181104      7.86181104      7.79366106      7.79366106      7.62644049      7.62644049      7.59821185      7.59821185      7.58074848      7.58074848      7.29933621      7.29933621      7.16659736      7.16659736      7.06635151      6.95012368      6.95012368      6.79957175      6.79957175      6.53835840      6.53835840      5.91579272      5.91579272      5.66886217      5.66886217      5.24042825      5.24042825      5.23724767      5.23724767      4.70618207      4.70618207      4.59011185      4.17818896      4.17818896      3.99940839      3.99940839      2.88264466      2.88264466      2.66394275      2.66394275      2.20409961      2.20409961      1.90601871      1.40625425      1.40625425      0.53914385      0.53914385      0.25808129     -0.25808129     -0.53914385     -0.53914385     -1.40625425     -1.40625425     -1.90601871     -2.20409961     -2.20409961     -2.66394275     -2.66394275     -2.88264466     -2.88264466     -3.99940839     -3.99940839     -4.17818896     -4.17818896     -4.59011185     -4.70618207     -4.70618207     -5.23724767     -5.23724767     -5.24042825     -5.24042825     -5.66886217     -5.66886217     -5.91579272     -5.91579272     -6.53835840     -6.53835840     -6.79957175     -6.79957175     -6.95012368     -6.95012368     -7.06635151     -7.16659736     -7.16659736     -7.29933621     -7.29933621     -7.58074848     -7.58074848     -7.59821185     -7.59821185     -7.62644049     -7.62644049     -7.79366106     -7.79366106     -7.86181104     -7.86181104     -8.09829663     -8.16644661     -8.16644661     -8.33366718     -8.33366718     -8.36189582     -8.36189582     -8.42428586     -8.42428586     -8.57483779     -8.58059772     -8.58059772     -8.65727056     -8.83605114     -8.83605114     -9.00903164
      1.97822995      9.01720536      8.81391821      8.81391821      8.72612878      8.52939183      8.51128452      8.51128452      8.45789653      8.45789653      8.40045172      8.40045172      8.38415760      8.38415760      8.16276313      8.16276313      8.12342563      7.81032658      7.81032658      7.77098909      7.77098908      7.66987946      7.66987946      7.54959462      7.54959462      7.53330050      7.53330050      7.32135807      7.32135807      7.16275664      7.16275664      6.98297201      6.98297201      6.91147671      6.91147671      6.89452438      6.62695033      6.62695033      5.76157106      5.76157106      5.63444413      5.63444413      5.42250170      5.42250170      5.12852329      5.12852329      4.80574806      4.49724747      4.49724747      4.22967342      4.22967342      4.14188399      4.14188399      2.72374608      2.72374608      2.61291328      2.61291328      2.38467673      2.38467673      1.72765475      1.47637482      1.47637482      0.47636832      0.47636832      0.33592120     -0.33592120     -0.47636832     -0.47636832     -1.47637482     -1.47637482     -1.72765475     -2.38467673     -2.38467673     -2.61291328     -2.61291328     -2.72374608     -2.72374608     -4.14188399     -4.14188399     -4.22967342     -4.22967342     -4.49724747     -4.49724747     -4.80574806     -5.12852329     -5.12852329     -5.42250170     -5.42250170     -5.63444413     -5.63444413     -5.76157106     -5.76157106     -6.62695033     -6.62695033     -6.89452438     -6.91147671     -6.91147671     -6.98297201     -6.98297201     -7.16275664     -7.16275664     -7.32135807     -7.32135807     -7.53330050     -7.53330050     -7.54959462     -7.54959462     -7.66987946     -7.66987946     -7.77098908     -7.77098909     -7.81032658     -7.81032658     -8.12342563     -8.16276313     -8.16276313     -8.38415760     -8.38415760     -8.40045172     -8.40045172     -8.45789653     -8.45789653     -8.51128452     -8.51128452     -8.52939183     -8.72612878     -8.81391821     -8.81391821     -9.01720536
      1.98803387      9.02000000      8.78732699      8.78732699      8.78732699      8.48410162      8.48410162      8.48410162      8.43421356      8.43421356      8.43421356      8.43421356      8.43421356      8.43421356      8.15165250      8.15165250      8.15165250      7.75205081      7.75205081      7.75205081      7.75205081      7.75205081      7.75205081      7.46948974      7.46948974      7.46948974      7.46948974      7.46948974      7.46948974      7.02000000      7.02000000      7.02000000      7.02000000      7.02000000      7.02000000      6.71677463      6.71677463      6.71677463      5.60578644      5.60578644      5.60578644      5.60578644      5.60578644      5.60578644      5.02000000      5.02000000      5.02000000      4.28794919      4.28794919      4.28794919      4.28794919      4.28794919      4.28794919      2.57051026      2.57051026      2.57051026      2.57051026      2.57051026      2.57051026      1.55589838      1.55589838      1.55589838      0.42424589      0.42424589      0.42424589     -0.42424589     -0.42424589     -0.42424589     -1.55589838     -1.55589838     -1.55589838     -2.57051026     -2.57051026     -2.57051026     -2.57051026     -2.57051026     -2.57051026     -4.28794919     -4.28794919     -4.28794919     -4.28794919     -4.28794919     -4.28794919     -5.02000000     -5.02000000     -5.02000000     -5.60578644     -5.60578644     -5.60578644     -5.60578644     -5.60578644     -5.60578644     -6.71677463     -6.71677463     -6.71677463     -7.02000000     -7.02000000     -7.02000000     -7.02000000     -7.02000000     -7.02000000     -7.46948974     -7.46948974     -7.46948974     -7.46948974     -7.46948974     -7.46948974     -7.75205081     -7.75205081     -7.75205081     -7.75205081     -7.75205081     -7.75205081     -8.15165250     -8.15165250     -8.15165250     -8.43421356     -8.43421356     -8.43421356     -8.43421356     -8.43421356     -8.43421356     -8.48410162     -8.48410162     -8.48410162     -8.78732699     -8.78732699     -8.78732699     -9.02000000
      1.99783779      9.01710417      8.84097291      8.75663822      8.75663822      8.50304205      8.50304205      8.48345207      8.48345207      8.46284059      8.46284059      8.43931883      8.34935688      8.34935688      8.18278467      8.13302416      8.13302416      7.82708351      7.82708351      7.73696527      7.73696527      7.68720477      7.68720477      7.61075079      7.61075079      7.40714884      7.40714884      7.38653737      7.38653737      7.12472995      7.12472995      7.06100673      7.06100673      6.87136750      6.87136750      6.80741056      6.80741056      6.53343663      5.78661930      5.78661930      5.58301735      5.58301735      5.44892216      5.44892216      5.23235572      4.91527005      4.91527005      4.43712992      4.43712992      4.35279523      4.35279523      4.07882130      4.07882130      2.76108841      2.76108841      2.53687498      2.53687498      2.42339127      2.42339127      1.64458373      1.64458373      1.39122128      0.52280579      0.38292706      0.38292706     -0.38292706     -0.38292706     -0.52280579     -1.39122128     -1.64458373     -1.64458373     -2.42339127     -2.42339127     -2.53687498     -2.53687498     -2.76108841     -2.76108841     -4.07882130     -4.07882130     -4.35279523     -4.35279523     -4.43712992     -4.43712992     -4.91527005     -4.91527005     -5.23235572     -5.44892216     -5.44892216     -5.58301735     -5.58301735     -5.78661930     -5.78661930     -6.53343663     -6.80741056     -6.80741056     -6.87136750     -6.87136750     -7.06100673     -7.06100673     -7.12472995     -7.12472995     -7.38653737     -7.38653737     -7.40714884     -7.40714884     -7.61075079     -7.61075079     -7.68720477     -7.68720477     -7.73696527     -7.73696527     -7.82708351     -7.82708351     -8.13302416     -8.13302416     -8.18278467     -8.34935688     -8.34935688     -8.43931883     -8.46284059     -8.46284059     -8.48345207     -8.48345207     -8.50304205     -8.50304205     -8.75663822     -8.75663822     -8.84097291     -9.01710417
      2.00764171      9.00822270      8.88720013      8.72222213      8.72222213      8.53148530      8.53148530      8.51488433      8.51488433      8.48600773      8.48600773      8.39538389      8.25671473      8.25671473      8.21660814      8.10681557      8.10681557      7.89482615      7.89482615      7.74492699      7.74492699      7.72582702      7.72582702      7.61603445      7.61603445      7.34663486      7.34663486      7.30115729      7.30115729      7.22526927      7.22526927      7.10576884      7.10576884      6.89843103      6.89843103      6.71718458      6.71718458      6.34486878      5.96453082      5.96453082      5.56623869      5.56623869      5.44231585      5.29146813      5.29146813      4.81473073      4.81473073      4.58894355      4.58894355      4.42396555      4.42396555      3.87040329      3.87040329      2.95588928      2.95588928      2.51211959      2.51211959      2.28282659      2.28282659      1.74216225      1.74216225      1.23407756      0.63132296      0.35253126      0.35253126     -0.35253126     -0.35253126     -0.63132296     -1.23407756     -1.74216225     -1.74216225     -2.28282659     -2.28282659     -2.51211959     -2.51211959     -2.95588928     -2.95588928     -3.87040329     -3.87040329     -4.42396555     -4.42396555     -4.58894355     -4.58894355     -4.81473073     -4.81473073     -5.29146813     -5.29146813     -5.44231585     -5.56623869     -5.56623869     -5.96453082     -5.96453082     -6.34486878     -6.71718458     -6.71718458     -6.89843103     -6.89843103     -7.10576884     -7.10576884     -7.22526927     -7.22526927     -7.30115729     -7.30115729     -7.34663486     -7.34663486     -7.61603445     -7.61603445     -7.72582702     -7.72582702     -7.74492699     -7.74492699     -7.89482615     -7.89482615     -8.10681557     -8.10681557     -8.21660814     -8.25671473     -8.25671473     -8.39538389     -8.48600773     -8.48600773     -8.51488433     -8.51488433     -8.53148530     -8.53148530     -8.72222213     -8.72222213     -8.88720013     -9.00822270
      2.01744564      8.99307798      8.92616727      8.68445677      8.68445677      8.57792228      8.57792228      8.51981969      8.51981969      8.50340698      8.50340698      8.35262449      8.25288836      8.15631593      8.15631593      8.07299251      8.07299251      7.95515540      7.95515540      7.87183199      7.87183199      7.71870568      7.71870568      7.53880983      7.53880983      7.32123660      7.32123660      7.28829122      7.28829122      7.21377592      7.21377592      7.15404140      7.15404140      6.98940432      6.98940432      6.55779998      6.55779998      6.15145239      6.13906622      6.13906622      5.64939522      5.55552545      5.55552545      5.13391910      5.13391910      4.74290067      4.74290067      4.71876340      4.71876340      4.50119017      4.50119017      3.66323824      3.66323824      3.15438271      3.15438271      2.49632663      2.49632663      2.14923558      2.14923558      1.84833893      1.84833893      1.08490231      0.74949197      0.33314640      0.33314640     -0.33314640     -0.33314640     -0.74949197     -1.08490231     -1.84833893     -1.84833893     -2.14923558     -2.14923558     -2.49632663     -2.49632663     -3.15438271     -3.15438271     -3.66323824     -3.66323824     -4.50119017     -4.50119017     -4.71876340     -4.71876340     -4.74290067     -4.74290067     -5.13391910     -5.13391910     -5.55552545     -5.55552545     -5.64939522     -6.13906622     -6.13906622     -6.15145239     -6.55779998     -6.55779998     -6.98940432     -6.98940432     -7.15404140     -7.15404140     -7.21377592     -7.21377592     -7.28829122     -7.28829122     -7.32123660     -7.32123660     -7.53880983     -7.53880983     -7.71870568     -7.71870568     -7.87183199     -7.87183199     -7.95515540     -7.95515540     -8.07299251     -8.07299251     -8.15631593     -8.15631593     -8.25288836     -8.35262449     -8.50340698     -8.50340698     -8.51981969     -8.51981969     -8.57792228     -8.57792228     -8.68445677     -8.68445677     -8.92616727     -8.99307798
      2.02724956      8.97141139      8.95805706      8.64372635      8.64372635      8.62237058      8.62237058      8.51806314      8.51806314      8.51474883      8.51474883      8.31135418      8.29137124      8.04821799      8.04821799      8.03154935      8.03154935      8.00797634      8.00797634      7.99130770      7.99130770      7.71564573      7.71564573      7.45582385      7.45582385      7.41226789      7.41226789      7.23244625      7.23244625      7.20555894      7.20555894      7.12482451      7.12482451      7.07989572      7.07989572      6.39358456      6.39358456      6.30978696      6.30978696      5.95359064      5.85312440      5.55092551      5.55092551      4.97677292      4.97677292      4.89850686      4.89850686      4.62773211      4.62773211      4.58417615      4.58417615      3.45787107      3.45787107      3.35603200      3.35603200      2.48954880      2.48954880      2.02301796      2.02301796      1.96279337      1.96279337      0.94411004      0.87698107      0.32482858      0.32482858     -0.32482858     -0.32482858     -0.87698107     -0.94411004     -1.96279337     -1.96279337     -2.02301796     -2.02301796     -2.48954880     -2.48954880     -3.35603200     -3.35603200     -3.45787107     -3.45787107     -4.58417615     -4.58417615     -4.62773211     -4.62773211     -4.89850686     -4.89850686     -4.97677292     -4.97677292     -5.55092551     -5.55092551     -5.85312440     -5.95359064     -6.30978696     -6.30978696     -6.39358456     -6.39358456     -7.07989572     -7.07989572     -7.12482451     -7.12482451     -7.20555894     -7.20555894     -7.23244625     -7.23244625     -7.41226789     -7.41226789     -7.45582385     -7.45582385     -7.71564573     -7.71564573     -7.99130770     -7.99130770     -8.00797634     -8.00797634     -8.03154935     -8.03154935     -8.04821799     -8.04821799     -8.29137124     -8.31135418     -8.51474883     -8.51474883     -8.51806314     -8.51806314     -8.62237058     -8.62237058     -8.64372635     -8.64372635     -8.95805706     -8.97141139
      2.03705348      8.98307531      8.94298450      8.66443799      8.66443799      8.60041955      8.60041955      8.51976356      8.51976356      8.50985241      8.50985241      8.33178419      8.27187108      8.10322463      8.10322463      8.05322267      8.05322267      7.98250923      7.98250923      7.93250727      7.93250727      7.71666625      7.71666625      7.49801783      7.49801783      7.36739129      7.36739129      7.26003650      7.26003650      7.17941191      7.17941191      7.16946937      7.16946937      7.03473749      7.03473749      6.47627211      6.47627211      6.22493016      6.22493016      6.05305117      5.75170727      5.55245939      5.55245939      5.05526447      5.05526447      4.82052868      4.82052868      4.67260871      4.67260871      4.54198217      4.54198217      3.56029585      3.56029585      3.25484661      3.25484661      2.49180871      2.49180871      2.08518092      2.08518092      1.90455242      1.90455242      1.01343324      0.81209325      0.32760185      0.32760185     -0.32760185     -0.32760185     -0.81209325     -1.01343324     -1.90455242     -1.90455242     -2.08518092     -2.08518092     -2.49180871     -2.49180871     -3.25484661     -3.25484661     -3.56029585     -3.56029585     -4.54198217     -4.54198217     -4.67260871     -4.67260871     -4.82052868     -4.82052868     -5.05526447     -5.05526447     -5.55245939     -5.55245939     -5.75170727     -6.05305117     -6.22493016     -6.22493016     -6.47627211     -6.47627211     -7.03473749     -7.03473749     -7.16946937     -7.16946937     -7.17941191     -7.17941191     -7.26003650     -7.26003650     -7.36739129     -7.36739129     -7.49801783     -7.49801783     -7.71666625     -7.71666625     -7.93250727     -7.93250727     -7.98250923     -7.98250923     -8.05322267     -8.05322267     -8.10322463     -8.10322463     -8.27187108     -8.33178419     -8.50985241     -8.50985241     -8.51976356     -8.51976356     -8.60041955     -8.60041955     -8.66443799     -8.66443799     -8.94298450     -8.98307531
      2.04685740      9.00144987      8.90758035      8.70373422      8.70373422      8.55492783      8.55492783      8.51820248      8.51820248      8.49544688      8.49544688      8.37383730      8.23445659      8.20748199      8.20748199      8.09085687      8.09085687      7.92592405      7.92592405      7.80929893      7.80929893      7.72176086      7.72176086      7.57816115      7.57816115      7.31717086      7.31717086      7.27384761      7.27384761      7.25768991      7.25768991      7.12948244      7.12948244      6.94395069      6.94395069      6.63811982      6.63811982      6.24874195      6.05224834      6.05224834      5.56012026      5.56012026      5.54624536      5.21267442      5.21267442      4.76615239      4.76615239      4.66568498      4.66568498      4.46183885      4.46183885      3.76663011      3.76663011      3.05470784      3.05470784      2.50309881      2.50309881      2.21513392      2.21513392      1.79419527      1.79419527      1.15846747      0.68922111      0.34145821      0.34145821     -0.34145821     -0.34145821     -0.68922111     -1.15846747     -1.79419527     -1.79419527     -2.21513392     -2.21513392     -2.50309881     -2.50309881     -3.05470784     -3.05470784     -3.76663011     -3.76663011     -4.46183885     -4.46183885     -4.66568498     -4.66568498     -4.76615239     -4.76615239     -5.21267442     -5.21267442     -5.54624536     -5.56012026     -5.56012026     -6.05224834     -6.05224834     -6.24874195     -6.63811982     -6.63811982     -6.94395069     -6.94395069     -7.12948244     -7.12948244     -7.25768991     -7.25768991     -7.27384761     -7.27384761     -7.31717086     -7.31717086     -7.57816115     -7.57816115     -7.72176086     -7.72176086     -7.80929893     -7.80929893     -7.92592405     -7.92592405     -8.09085687     -8.09085687     -8.20748199     -8.20748199     -8.23445659     -8.37383730     -8.49544688     -8.49544688     -8.51820248     -8.51820248     -8.55492783     -8.55492783     -8.70373422     -8.70373422     -8.90758035     -9.00144987
      2.05666132      9.01342942      8.86500452      8.73987263      8.73987263      8.50983907      8.50983907      8.50764372      8.50764372      8.47512632      8.47512632      8.41722459      8.30400786      8.30400786      8.19937418      8.12087021      8.12087021      7.86187445      7.86187445      7.73089779      7.73089779      7.67873680      7.67873680      7.65239382      7.65239382      7.37664169      7.37664169      7.34412428      7.34412428      7.17554766      7.17554766      7.08293318      7.08293318      6.85289962      6.85289962      6.79494858      6.79494858      6.43978313      5.87596901      5.87596901      5.57387389      5.57387389      5.37023803      5.37023803      5.33766591      4.86445234      4.86445234      4.51273807      4.51273807      4.38760618      4.38760618      3.97448968      3.97448968      2.85799397      2.85799397      2.52338144      2.52338144      2.35226299      2.35226299      1.69227917      1.69227917      1.31168009      0.57583817      0.36635754      0.36635754     -0.36635754     -0.36635754     -0.57583817     -1.31168009     -1.69227917     -1.69227917     -2.35226299     -2.35226299     -2.52338144     -2.52338144     -2.85799397     -2.85799397     -3.97448968     -3.97448968     -4.38760618     -4.38760618     -4.51273807     -4.51273807     -4.86445234     -4.86445234     -5.33766591     -5.37023803     -5.37023803     -5.57387389     -5.57387389     -5.87596901     -5.87596901     -6.43978313     -6.79494858     -6.79494858     -6.85289962     -6.85289962     -7.08293318     -7.08293318     -7.17554766     -7.17554766     -7.34412428     -7.34412428     -7.37664169     -7.37664169     -7.65239382     -7.65239382     -7.67873680     -7.67873680     -7.73089779     -7.73089779     -7.86187445     -7.86187445     -8.12087021     -8.12087021     -8.19937418     -8.30400786     -8.30400786     -8.41722459     -8.47512632     -8.47512632     -8.50764372     -8.50764372     -8.50983907     -8.50983907     -8.73987263     -8.73987263     -8.86500452     -9.01342942
      2.06646524      9.01928224      8.81508623      8.77247186      8.77247186      8.49447010      8.49447010      8.46162524      8.45895914      8.45895914      8.44918963      8.44918963      8.39275909      8.39275909      8.16686830      8.14328261      8.14328261      7.79046960      7.79046960      7.74401996      7.74401996      7.72043427      7.72043427      7.54099313      7.54099313      7.43811294      7.43811294      7.42834343      7.42834343      7.07286433      7.07286433      7.04001947      7.04001947      6.94639845      6.94639845      6.76201770      6.76201770      6.62578231      5.69653902      5.69653902      5.59365883      5.59365883      5.52745877      5.52745877      5.12644641      4.96713567      4.96713567      4.36218010      4.36218010      4.31956573      4.31956573      4.18333034      4.18333034      2.66523866      2.66523866      2.55258895      2.55258895      2.49615841      2.49615841      1.59911199      1.59911199      1.47264611      0.47226316      0.40222782      0.40222782     -0.40222782     -0.40222782     -0.47226316     -1.47264611     -1.59911199     -1.59911199     -2.49615841     -2.49615841     -2.55258895     -2.55258895     -2.66523866     -2.66523866     -4.18333034     -4.18333034     -4.31956573     -4.31956573     -4.36218010     -4.36218010     -4.96713567     -4.96713567     -5.12644641     -5.52745877     -5.52745877     -5.59365883     -5.59365883     -5.69653902     -5.69653902     -6.62578231     -6.76201770     -6.76201770     -6.94639845     -6.94639845     -7.04001947     -7.04001947     -7.07286433     -7.07286433     -7.42834343     -7.42834343     -7.43811294     -7.43811294     -7.54099313     -7.54099313     -7.72043427     -7.72043427     -7.74401996     -7.74401996     -7.79046960     -7.79046960     -8.14328261     -8.14328261     -8.16686830     -8.39275909     -8.39275909     -8.44918963     -8.44918963     -8.45895914     -8.45895914     -8.46162524     -8.49447010     -8.49447010     -8.77247186     -8.77247186     -8.81508623     -9.01928224
      2.07626917      9.01929489      8.80115758      8.80115758      8.75767927      8.50670503      8.47372117      8.47372117      8.47191657      8.47191657      8.41795355      8.41795355      8.40926369      8.40926369      8.15814252      8.15814252      8.13716336      7.78202439      7.78202439      7.76104522      7.76104522      7.71184692      7.71184692      7.50992405      7.50992405      7.50123420      7.50123420      7.39626827      7.39626827      7.09213221      7.09213221      7.00097557      7.00097557      6.96618711      6.96618711      6.80636951      6.67173456      6.67173456      5.68384409      5.68384409      5.61938661      5.61938661      5.51442068      5.51442068      5.07381289      5.07381289      4.91307934      4.39261056      4.39261056      4.25797561      4.25797561      4.21449730      4.21449730      2.64639157      2.64639157      2.59062395      2.59062395      2.47696817      2.47696817      1.64092074      1.51497565      1.51497565      0.44896534      0.44896534      0.37878787     -0.37878787     -0.44896534     -0.44896534     -1.51497565     -1.51497565     -1.64092074     -2.47696817     -2.47696817     -2.59062395     -2.59062395     -2.64639157     -2.64639157     -4.21449730     -4.21449730     -4.25797561     -4.25797561     -4.39261056     -4.39261056     -4.91307934     -5.07381289     -5.07381289     -5.51442068     -5.51442068     -5.61938661     -5.61938661     -5.68384409     -5.68384409     -6.67173456     -6.67173456     -6.80636951     -6.96618711     -6.96618711     -7.00097557     -7.00097557     -7.09213221     -7.09213221     -7.39626827     -7.39626827     -7.50123420     -7.50123420     -7.50992405     -7.50992405     -7.71184692     -7.71184692     -7.76104522     -7.76104522     -7.78202439     -7.78202439     -8.13716336     -8.15814252     -8.15814252     -8.40926369     -8.40926369     -8.41795355     -8.41795355     -8.47191657     -8.47191657     -8.47372117     -8.47372117     -8.50670503     -8.75767927     -8.80115758     -8.80115758     -9.01929489
      2.08607309      9.01377083      8.82556409      8.82556409      8.69266288      8.55211772      8.54690800      8.54690800      8.44202468      8.44202468      8.38175116      8.38175116      8.35894299      8.35894299      8.16552653      8.16552653      8.11046273      7.83693054      7.83693054      7.78186675      7.78186675      7.62617167      7.62617167      7.58845028      7.58845028      7.56564211      7.56564211      7.24479019      7.24479019      7.23183641      7.23183641      6.98119821      6.96601374      6.96601374      6.85592069      6.85592069      6.58247432      6.58247432      5.83890716      5.83890716      5.65094214      5.65094214      5.33009022      5.33009022      5.18407931      5.18407931      4.69807055      4.60179335      4.60179335      4.20306946      4.20306946      4.07016824      4.07016824      2.80251651      2.80251651      2.63735967      2.63735967      2.29369957      2.29369957      1.81604090      1.44012518      1.44012518      0.50643506      0.50643506      0.29567619     -0.29567619     -0.50643506     -0.50643506     -1.44012518     -1.44012518     -1.81604090     -2.29369957     -2.29369957     -2.63735967     -2.63735967     -2.80251651     -2.80251651     -4.07016824     -4.07016824     -4.20306946     -4.20306946     -4.60179335     -4.60179335     -4.69807055     -5.18407931     -5.18407931     -5.33009022     -5.33009022     -5.65094214     -5.65094214     -5.83890716     -5.83890716     -6.58247432     -6.58247432     -6.85592069     -6.85592069     -6.96601374     -6.96601374     -6.98119821     -7.23183641     -7.23183641     -7.24479019     -7.24479019     -7.56564211     -7.56564211     -7.58845028     -7.58845028     -7.62617167     -7.62617167     -7.78186675     -7.78186675     -7.83693054     -7.83693054     -8.11046273     -8.16552653     -8.16552653     -8.35894299     -8.35894299     -8.38175116     -8.38175116     -8.44202468     -8.44202468     -8.54690800     -8.54690800     -8.55211772     -8.69266288     -8.82556409     -8.82556409     -9.01377083
      2.09587701      9.00302899      8.84533599      8.84533599      8.61994253      8.61236153      8.61236153      8.59750657      8.40466658      8.40466658      8.34093050      8.34093050      8.30837702      8.30837702      8.16553899      8.16553899      8.08694794      7.88494446      7.88494446      7.80635341      7.80635341      7.66351538      7.66351538      7.63096190      7.63096190      7.53363649      7.53363649      7.36522234      7.36522234      7.14994639      7.08681394      7.08681394      6.93532332      6.93532332      6.74248333      6.74248333      6.49465390      6.49465390      5.99216864      5.99216864      5.68818413      5.68818413      5.29751667      5.29751667      5.14403617      5.14403617      4.81034802      4.81034802      4.48193767      4.15505554      4.15505554      3.92966208      3.92966208      2.96407143      2.96407143      2.69264040      2.69264040      2.11593896      2.11593896      1.99752677      1.37478776      1.37478776      0.57447111      0.57447111      0.22316314     -0.22316314     -0.57447111     -0.57447111     -1.37478776     -1.37478776     -1.99752677     -2.11593896     -2.11593896     -2.69264040     -2.69264040     -2.96407143     -2.96407143     -3.92966208     -3.92966208     -4.15505554     -4.15505554     -4.48193767     -4.81034802     -4.81034802     -5.14403617     -5.14403617     -5.29751667     -5.29751667     -5.68818413     -5.68818413     -5.99216864     -5.99216864     -6.49465390     -6.49465390     -6.74248333     -6.74248333     -6.93532332     -6.93532332     -7.08681394     -7.08681394     -7.14994639     -7.36522234     -7.36522234     -7.53363649     -7.53363649     -7.63096190     -7.63096190     -7.66351538     -7.66351538     -7.80635341     -7.80635341     -7.88494446     -7.88494446     -8.08694794     -8.16553899     -8.16553899     -8.30837702     -8.30837702     -8.34093050     -8.34093050     -8.40466658     -8.40466658     -8.59750657     -8.61236153     -8.61236153     -8.61994253     -8.84533599     -8.84533599     -9.00302899
      2.10568093      8.98740226      8.86012976      8.86012976      8.67015127      8.67015127      8.64250579      8.53945062      8.35974112      8.35974112      8.29585298      8.29585298      8.25793852      8.25793852      8.15831150      8.15831150      8.06677789      7.92588400      7.92588400      7.83435039      7.83435039      7.73472337      7.73472337      7.69680891      7.69680891      7.49202688      7.49202688      7.43446075      7.43446075      7.31231738      6.92262098      6.92262098      6.90907002      6.90907002      6.62630535      6.62630535      6.40868138      6.40868138      6.14315839      6.14315839      5.73094564      5.73094564      5.41369465      5.41369465      5.01775200      5.01775200      4.95675771      4.95675771      4.26520844      4.11411600      4.11411600      3.79343686      3.79343686      3.13058040      3.13058040      2.75628211      2.75628211      2.18488351      1.94417972      1.94417972      1.31916197      1.31916197      0.65287736      0.65287736      0.16145411     -0.16145411     -0.65287736     -0.65287736     -1.31916197     -1.31916197     -1.94417972     -1.94417972     -2.18488351     -2.75628211     -2.75628211     -3.13058040     -3.13058040     -3.79343686     -3.79343686     -4.11411600     -4.11411600     -4.26520844     -4.95675771     -4.95675771     -5.01775200     -5.01775200     -5.41369465     -5.41369465     -5.73094564     -5.73094564     -6.14315839     -6.14315839     -6.40868138     -6.40868138     -6.62630535     -6.62630535     -6.90907002     -6.90907002     -6.92262098     -6.92262098     -7.31231738     -7.43446075     -7.43446075     -7.49202688     -7.49202688     -7.69680891     -7.69680891     -7.73472337     -7.73472337     -7.83435039     -7.83435039     -7.92588400     -7.92588400     -8.06677789     -8.15831150     -8.15831150     -8.25793852     -8.25793852     -8.29585298     -8.29585298     -8.35974112     -8.35974112     -8.53945062     -8.64250579     -8.67015127     -8.67015127     -8.86012976     -8.86012976     -8.98740226
      2.11548485      8.96723595      8.86961530      8.86961530      8.72037375      8.72037375      8.68674222      8.45114703      8.30717445      8.30717445      8.24689188      8.24689188      8.20799139      8.20799139      8.14400226      8.14400226      8.05008817      7.95959387      7.95959387      7.86567978      7.86567978      7.80169065      7.80169065      7.76279016      7.76279016      7.61201330      7.61201330      7.46804071      7.32888988      7.32888988      6.88739522      6.88739522      6.75251840      6.75251840      6.50782744      6.50782744      6.32495436      6.32495436      6.29141713      6.29141713      5.77903477      5.77903477      5.53217256      5.53217256      5.22349248      5.22349248      4.76876300      4.76876300      4.08040613      4.08040613      4.04841893      3.66193786      3.66193786      3.30155496      3.30155496      2.82807309      2.82807309      2.37760290      1.77890083      1.77890083      1.27341704      1.27341704      0.74142808      0.74142808      0.11072409     -0.11072409     -0.74142808     -0.74142808     -1.27341704     -1.27341704     -1.77890083     -1.77890083     -2.37760290     -2.82807309     -2.82807309     -3.30155496     -3.30155496     -3.66193786     -3.66193786     -4.04841893     -4.08040613     -4.08040613     -4.76876300     -4.76876300     -5.22349248     -5.22349248     -5.53217256     -5.53217256     -5.77903477     -5.77903477     -6.29141713     -6.29141713     -6.32495436     -6.32495436     -6.50782744     -6.50782744     -6.75251840     -6.75251840     -6.88739522     -6.88739522     -7.32888988     -7.32888988     -7.46804071     -7.61201330     -7.61201330     -7.76279016     -7.76279016     -7.80169065     -7.80169065     -7.86567978     -7.86567978     -7.95959387     -7.95959387     -8.05008817     -8.14400226     -8.14400226     -8.20799139     -8.20799139     -8.24689188     -8.24689188     -8.30717445     -8.30717445     -8.45114703     -8.68674222     -8.72037375     -8.72037375     -8.86961530     -8.86961530     -8.96723595
      2.12528877      8.94288626      8.87347749      8.87347749      8.76315184      8.76315184      8.72983685      8.35501964      8.24692053      8.24692053      8.19443067      8.19443067      8.15888914      8.15888914      8.12279536      8.12279536      8.03699051      7.98594620      7.98594620      7.90014135      7.90014135      7.86404757      7.86404757      7.82850604      7.82850604      7.72497187      7.72497187      7.61687276      7.21719454      7.21719454      6.87041535      6.87041535      6.57683806      6.57683806      6.43649809      6.43649809      6.38749904      6.38749904      6.24385839      6.24385839      5.83223538      5.83223538      5.65250096      5.65250096      5.42706817      5.42706817      4.58056740      4.58056740      4.05405380      4.05405380      3.83211181      3.53559595      3.53559595      3.47649589      3.47649589      2.90777472      2.90777472      2.57516508      1.62056521      1.62056521      1.23769225      1.23769225      0.83986876      0.83986876      0.07111710     -0.07111710     -0.83986876     -0.83986876     -1.23769225     -1.23769225     -1.62056521     -1.62056521     -2.57516508     -2.90777472     -2.90777472     -3.47649589     -3.47649589     -3.53559595     -3.53559595     -3.83211181     -4.05405380     -4.05405380     -4.58056740     -4.58056740     -5.42706817     -5.42706817     -5.65250096     -5.65250096     -5.83223538     -5.83223538     -6.24385839     -6.24385839     -6.38749904     -6.38749904     -6.43649809     -6.43649809     -6.57683806     -6.57683806     -6.87041535     -6.87041535     -7.21719454     -7.21719454     -7.61687276     -7.72497187     -7.72497187     -7.82850604     -7.82850604     -7.86404757     -7.86404757     -7.90014135     -7.90014135     -7.98594620     -7.98594620     -8.03699051     -8.12279536     -8.12279536     -8.15888914     -8.15888914     -8.19443067     -8.19443067     -8.24692053     -8.24692053     -8.35501964     -8.72983685     -8.76315184     -8.76315184     -8.87347749     -8.87347749     -8.94288626
      2.13509270      8.91471857      8.87141760      8.87141760      8.79863402      8.79863402      8.77140648      8.25108464      8.17896156      8.17896156      8.13886143      8.13886143      8.11097340      8.11097340      8.09489996      8.09489996      8.02757230      8.00484102      8.00484102      7.93751336      7.93751336      7.92143992      7.92143992      7.89355189      7.89355189      7.83072048      7.83072048      7.75859739      7.09966971      7.09966971      6.85822151      6.85822151      6.57796860      6.57796860      6.39593565      6.39593565      6.26577658      6.26577658      6.16576546      6.16576546      5.89030798      5.89030798      5.77422342      5.77422342      5.62799091      5.62799091      4.39269174      4.39269174      4.03515898      4.03515898      3.65489495      3.65489495      3.61683459      3.41482602      3.41482602      2.99512236      2.99512236      2.77704035      1.46961809      1.46961809      1.21209645      1.21209645      0.94791698      0.94791698      0.04274567     -0.04274567     -0.94791698     -0.94791698     -1.21209645     -1.21209645     -1.46961809     -1.46961809     -2.77704035     -2.99512236     -2.99512236     -3.41482602     -3.41482602     -3.61683459     -3.65489495     -3.65489495     -4.03515898     -4.03515898     -4.39269174     -4.39269174     -5.62799091     -5.62799091     -5.77422342     -5.77422342     -5.89030798     -5.89030798     -6.16576546     -6.16576546     -6.26577658     -6.26577658     -6.39593565     -6.39593565     -6.57796860     -6.57796860     -6.85822151     -6.85822151     -7.09966971     -7.09966971     -7.75859739     -7.83072048     -7.83072048     -7.89355189     -7.89355189     -7.92143992     -7.92143992     -7.93751336     -7.93751336     -8.00484102     -8.00484102     -8.02757230     -8.09489996     -8.09489996     -8.11097340     -8.11097340     -8.13886143     -8.13886143     -8.17896156     -8.17896156     -8.25108464     -8.77140648     -8.79863402     -8.79863402     -8.87141760     -8.87141760     -8.91471857
      2.14489662      8.88310589      8.86315473      8.86315473      8.82699345      8.82699345      8.81106542      8.13938689      8.10330824      8.10330824      8.08058313      8.08058313      8.06457248      8.06457248      8.06054935      8.06054935      8.02189622      8.01620666      8.01620666      7.97755353      7.97755353      7.97353040      7.97353040      7.95751974      7.95751974      7.92910508      7.92910508      7.89302642      6.97663371      6.97663371      6.85087900      6.85087900      6.71541160      6.71541160      6.21018961      6.21018961      6.14312181      6.14312181      6.09103251      6.09103251      5.95299062      5.95299062      5.89687819      5.89687819      5.82578726      5.82578726      4.20566049      4.20566049      4.02379334      4.02379334      3.83623663      3.83623663      3.40313773      3.30002550      3.30002550      3.08982631      3.08982631      2.98269095      1.32648553      1.32648553      1.19670769      1.19670769      1.06526341      1.06526341      0.02569046     -0.02569046     -1.06526341     -1.06526341     -1.19670769     -1.19670769     -1.32648553     -1.32648553     -2.98269095     -3.08982631     -3.08982631     -3.30002550     -3.30002550     -3.40313773     -3.83623663     -3.83623663     -4.02379334     -4.02379334     -4.20566049     -4.20566049     -5.82578726     -5.82578726     -5.89687819     -5.89687819     -5.95299062     -5.95299062     -6.09103251     -6.09103251     -6.14312181     -6.14312181     -6.21018961     -6.21018961     -6.71541160     -6.71541160     -6.85087900     -6.85087900     -6.97663371     -6.97663371     -7.89302642     -7.92910508     -7.92910508     -7.95751974     -7.95751974     -7.97353040     -7.97353040     -7.97755353     -7.97755353     -8.01620666     -8.01620666     -8.02189622     -8.06054935     -8.06054935     -8.06457248     -8.06457248     -8.08058313     -8.08058313     -8.10330824     -8.10330824     -8.13938689     -8.81106542     -8.82699345     -8.82699345     -8.86315473     -8.86315473     -8.88310589
      2.15470054      8.84842712      8.84842712      8.84842712      8.84842712      8.84842712      8.84842712      8.02000000      8.02000000      8.02000000      8.02000000      8.02000000      8.02000000      8.02000000      8.02000000      8.02000000      8.02000000      8.02000000      8.02000000      8.02000000      8.02000000      8.02000000      8.02000000      8.02000000      8.02000000      8.02000000      8.02000000      8.02000000      6.84842712      6.84842712      6.84842712      6.84842712      6.84842712      6.84842712      6.02000000      6.02000000      6.02000000      6.02000000      6.02000000      6.02000000      6.02000000      6.02000000      6.02000000      6.02000000      6.02000000      6.02000000      4.02000000      4.02000000      4.02000000      4.02000000      4.02000000      4.02000000      3.19157288      3.19157288      3.19157288      3.19157288      3.19157288      3.19157288      1.19157288      1.19157288      1.19157288      1.19157288      1.19157288      1.19157288      0.02000000     -0.02000000     -1.19157288     -1.19157288     -1.19157288     -1.19157288     -1.19157288     -1.19157288     -3.19157288     -3.19157288     -3.19157288     -3.19157288     -3.19157288     -3.19157288     -4.02000000     -4.02000000     -4.02000000     -4.02000000     -4.02000000     -4.02000000     -6.02000000     -6.02000000     -6.02000000     -6.02000000     -6.02000000     -6.02000000     -6.02000000     -6.02000000     -6.02000000     -6.02000000     -6.02000000     -6.02000000     -6.84842712     -6.84842712     -6.84842712     -6.84842712     -6.84842712     -6.84842712     -8.02000000     -8.02000000     -8.02000000     -8.02000000     -8.02000000     -8.02000000     -8.02000000     -8.02000000     -8.02000000     -8.02000000     -8.02000000     -8.02000000     -8.02000000     -8.02000000     -8.02000000     -8.02000000     -8.02000000     -8.02000000     -8.02000000     -8.02000000     -8.02000000     -8.84842712     -8.84842712     -8.84842712     -8.84842712     -8.84842712     -8.84842712
      2.16470054      8.88376946      8.86338250      8.86338250      8.82649483      8.82649483      8.81029347      8.14169649      8.10489650      8.10489650      8.08177264      8.08177264      8.06548360      8.06548360      8.06129801      8.06129801      8.02197278      8.01605346      8.01605346      7.97672824      7.97672824      7.97254264      7.97254264      7.95625360      7.95625360      7.92721041      7.92721041      7.89041042      6.97914627      6.97914627      6.85097801      6.85097801      6.71270482      6.71270482      6.21394945      6.21394945      6.14558104      6.14558104      6.09249201      6.09249201      5.95169359      5.95169359      5.89441896      5.89441896      5.82186496      5.82186496      4.20938944      4.20938944      4.02394654      4.02394654      3.83258432      3.83258432      3.40739262      3.30226053      3.30226053      3.08786213      3.08786213      2.97854445      1.32926894      1.32926894      1.19691508      1.19691508      1.06282749      1.06282749      0.02592030     -0.02592030     -1.06282749     -1.06282749     -1.19691508     -1.19691508     -1.32926894     -1.32926894     -2.97854445     -3.08786213     -3.08786213     -3.30226053     -3.30226053     -3.40739262     -3.83258432     -3.83258432     -4.02394654     -4.02394654     -4.20938944     -4.20938944     -5.82186496     -5.82186496     -5.89441896     -5.89441896     -5.95169359     -5.95169359     -6.09249201     -6.09249201     -6.14558104     -6.14558104     -6.21394945     -6.21394945     -6.71270482     -6.71270482     -6.85097801     -6.85097801     -6.97914627     -6.97914627     -7.89041042     -7.92721041     -7.92721041     -7.95625360     -7.95625360     -7.97254264     -7.97254264     -7.97672824     -7.97672824     -8.01605346     -8.01605346     -8.02197278     -8.06129801     -8.06129801     -8.06548360     -8.06548360     -8.08177264     -8.08177264     -8.10489650     -8.10489650     -8.14169649     -8.81029347     -8.82649483     -8.82649483     -8.86338250     -8.86338250     -8.88376946
      2.17470054      8.91591393      8.87161729      8.87161729      8.79735272      8.79735272      8.76977781      8.25539148      8.18182781      8.18182781      8.14113888      8.14113888      8.11286308      8.11286308      8.09614134      8.09614134      8.02787751      8.00422940      8.00422940      7.93596557      7.93596557      7.91924383      7.91924383      7.89096803      7.89096803      7.82663099      7.82663099      7.75306732      7.10447871      7.10447871      6.85861647      6.85861647      6.57238438      6.57238438      6.40326733      6.40326733      6.27066647      6.27066647      6.16882699      6.16882699      5.88789474      5.88789474      5.76933353      5.76933353      5.62001093      5.62001093      4.40019405      4.40019405      4.03577060      4.03577060      3.64769904      3.64769904      3.62541901      3.41954479      3.41954479      2.99148521      2.99148521      2.76888925      1.47550871      1.47550871      1.21292473      1.21292473      0.94341438      0.94341438      0.04366368     -0.04366368     -0.94341438     -0.94341438     -1.21292473     -1.21292473     -1.47550871     -1.47550871     -2.76888925     -2.99148521     -2.99148521     -3.41954479     -3.41954479     -3.62541901     -3.64769904     -3.64769904     -4.03577060     -4.03577060     -4.40019405     -4.40019405     -5.62001093     -5.62001093     -5.76933353     -5.76933353     -5.88789474     -5.88789474     -6.16882699     -6.16882699     -6.27066647     -6.27066647     -6.40326733     -6.40326733     -6.57238438     -6.57238438     -6.85861647     -6.85861647     -7.10447871     -7.10447871     -7.75306732     -7.82663099     -7.82663099     -7.89096803     -7.89096803     -7.91924383     -7.91924383     -7.93596557     -7.93596557     -8.00422940     -8.00422940     -8.02787751     -8.09614134     -8.09614134     -8.11286308     -8.11286308     -8.14113888     -8.14113888     -8.18182781     -8.18182781     -8.25539148     -8.76977781     -8.79735272     -8.79735272     -8.87161729     -8.87161729     -8.91591393
      2.18470054      8.94445859      8.87340987      8.87340987      8.76079250      8.76079250      8.72729034      8.36100775      8.25075301      8.25075301      8.19766993      8.19766993      8.16180515      8.16180515      8.12425859      8.12425859      8.03767336      7.98457450      7.98457450      7.89798927      7.89798927      7.86044271      7.86044271      7.82457793      7.82457793      7.71839600      7.71839600      7.60814125      7.22406370      7.22406370      6.87129996      6.87129996      6.58752980      6.58752980      6.42789081      6.42789081      6.39476263      6.39476263      6.24864310      6.24864310      5.82890346      5.82890346      5.64523737      5.64523737      5.41492364      5.41492364      4.59185533      4.59185533      4.05542550      4.05542550      3.84506667      3.54302339      3.54302339      3.46589681      3.46589681      2.90277425      2.90277425      2.56318440      1.62986134      1.62986134      1.23955103      1.23955103      0.83368844      0.83368844      0.07317764     -0.07317764     -0.83368844     -0.83368844     -1.23955103     -1.23955103     -1.62986134     -1.62986134     -2.56318440     -2.90277425     -2.90277425     -3.46589681     -3.46589681     -3.54302339     -3.54302339     -3.84506667     -4.05542550     -4.05542550     -4.59185533     -4.59185533     -5.41492364     -5.41492364     -5.64523737     -5.64523737     -5.82890346     -5.82890346     -6.24864310     -6.24864310     -6.39476263     -6.39476263     -6.42789081     -6.42789081     -6.58752980     -6.58752980     -6.87129996     -6.87129996     -7.22406370     -7.22406370     -7.60814125     -7.71839600     -7.71839600     -7.82457793     -7.82457793     -7.86044271     -7.86044271     -7.89798927     -7.89798927     -7.98457450     -7.98457450     -8.03767336     -8.12425859     -8.12425859     -8.16180515     -8.16180515     -8.19766993     -8.19766993     -8.25075301     -8.25075301     -8.36100775     -8.72729034     -8.76079250     -8.76079250     -8.87340987     -8.87340987     -8.94445859
      2.19470054      8.96900799      8.86905932      8.86905932      8.71663169      8.71663169      8.68324028      8.45849926      8.31166224      8.31166224      8.25094271      8.25094271      8.21196068      8.21196068      8.14540343      8.14540343      8.05129248      7.95716632      7.95716632      7.86305537      7.86305537      7.79649813      7.79649813      7.75751610      7.75751610      7.60267040      7.60267040      7.45583339      7.33756468      7.33756468      6.88895781      6.88895781      6.76633641      6.76633641      6.51737977      6.51737977      6.33156073      6.33156073      6.27966754      6.27966754      5.77499652      5.77499652      5.52262023      5.52262023      5.20710634      5.20710634      4.78381684      4.78381684      4.08283368      4.08283368      4.06575156      3.67227361      3.67227361      3.28772436      3.28772436      2.82203537      2.82203537      2.36200018      1.79187366      1.79187366      1.27670955      1.27670955      0.73397652      0.73397652      0.11437487     -0.11437487     -0.73397652     -0.73397652     -1.27670955     -1.27670955     -1.79187366     -1.79187366     -2.36200018     -2.82203537     -2.82203537     -3.28772436     -3.28772436     -3.67227361     -3.67227361     -4.06575156     -4.08283368     -4.08283368     -4.78381684     -4.78381684     -5.20710634     -5.20710634     -5.52262023     -5.52262023     -5.77499652     -5.77499652     -6.27966754     -6.27966754     -6.33156073     -6.33156073     -6.51737977     -6.51737977     -6.76633641     -6.76633641     -6.88895781     -6.88895781     -7.33756468     -7.33756468     -7.45583339     -7.60267040     -7.60267040     -7.75751610     -7.75751610     -7.79649813     -7.79649813     -7.86305537     -7.86305537     -7.95716632     -7.95716632     -8.05129248     -8.14540343     -8.14540343     -8.21196068     -8.21196068     -8.25094271     -8.25094271     -8.31166224     -8.31166224     -8.45849926     -8.68324028     -8.71663169     -8.71663169     -8.86905932     -8.86905932     -8.96900799
      2.20470054      8.98917500      8.85888392      8.85888392      8.66471462      8.66471462      8.63803399      8.54785089      8.36457652      8.36457652      8.30054174      8.30054174      8.26296619      8.26296619      8.15935574      8.15935574      8.06864033      7.92211303      7.92211303      7.83139762      7.83139762      7.72778718      7.72778718      7.69021162      7.69021162      7.47964955      7.47964955      7.44467036      7.44467036      7.29637517      6.93931147      6.93931147      6.91149146      6.91149146      6.63803399      6.63803399      6.41718406      6.41718406      6.12817482      6.12817482      5.72642639      5.72642639      5.40196601      5.40196601      4.99707808      4.99707808      4.97552624      4.97552624      4.28689298      4.11788697      4.11788697      3.80685394      3.80685394      3.11372040      3.11372040      2.74954752      2.74954752      2.16589803      1.96107181      1.96107181      1.32428247      1.32428247      0.64457628      0.64457628      0.16713361     -0.16713361     -0.64457628     -0.64457628     -1.32428247     -1.32428247     -1.96107181     -1.96107181     -2.16589803     -2.74954752     -2.74954752     -3.11372040     -3.11372040     -3.80685394     -3.80685394     -4.11788697     -4.11788697     -4.28689298     -4.97552624     -4.97552624     -4.99707808     -4.99707808     -5.40196601     -5.40196601     -5.72642639     -5.72642639     -6.12817482     -6.12817482     -6.41718406     -6.41718406     -6.63803399     -6.63803399     -6.91149146     -6.91149146     -6.93931147     -6.93931147     -7.29637517     -7.44467036     -7.44467036     -7.47964955     -7.47964955     -7.69021162     -7.69021162     -7.72778718     -7.72778718     -7.83139762     -7.83139762     -7.92211303     -7.92211303     -8.06864033     -8.15935574     -8.15935574     -8.26296619     -8.26296619     -8.30054174     -8.30054174     -8.36457652     -8.36457652     -8.54785089     -8.63803399     -8.66471462     -8.66471462     -8.85888392     -8.85888392     -8.98917500
      2.21470054      9.00458262      8.84321956      8.84321956      8.62907823      8.60491338      8.60491338      8.59207319      8.40954736      8.40954736      8.34606098      8.34606098      8.31444548      8.31444548      8.16592260      8.16592260      8.08959603      7.87955297      7.87955297      7.80322640      7.80322640      7.65470353      7.65470353      7.62308803      7.62308803      7.54509590      7.54509590      7.34955858      7.34955858      7.13002771      7.10610512      7.10610512      6.93877493      6.93877493      6.75624911      6.75624911      6.50510274      6.50510274      5.97388804      5.97388804      5.68342013      5.68342013      5.28375089      5.28375089      5.16643723      5.16643723      4.78537200      4.78537200      4.50791559      4.16044703      4.16044703      3.94630570      3.94630570      2.94441376      2.94441376      2.68556136      2.68556136      2.13696296      2.13696296      1.97542860      1.38211912      1.38211912      0.56575510      0.56575510      0.23129803     -0.23129803     -0.56575510     -0.56575510     -1.38211912     -1.38211912     -1.97542860     -2.13696296     -2.13696296     -2.68556136     -2.68556136     -2.94441376     -2.94441376     -3.94630570     -3.94630570     -4.16044703     -4.16044703     -4.50791559     -4.78537200     -4.78537200     -5.16643723     -5.16643723     -5.28375089     -5.28375089     -5.68342013     -5.68342013     -5.97388804     -5.97388804     -6.50510274     -6.50510274     -6.75624911     -6.75624911     -6.93877493     -6.93877493     -7.10610512     -7.10610512     -7.13002771     -7.34955858     -7.34955858     -7.54509590     -7.54509590     -7.62308803     -7.62308803     -7.65470353     -7.65470353     -7.80322640     -7.80322640     -7.87955297     -7.87955297     -8.08959603     -8.16592260     -8.16592260     -8.31444548     -8.31444548     -8.34606098     -8.34606098     -8.40954736     -8.40954736     -8.59207319     -8.60491338     -8.60491338     -8.62907823     -8.84321956     -8.84321956     -9.00458262
      2.22470054      9.01486576      8.82241817      8.82241817      8.70222707      8.54575312      8.53712865      8.53712865      8.44665637      8.44665637      8.38710562      8.38710562      8.36601127      8.36601127      8.16493921      8.16493921      8.11401294      7.82965410      7.82965410      7.77872784      7.77872784      7.63858387      7.63858387      7.57765577      7.57765577      7.55656142      7.55656142      7.26639443      7.26639443      7.21265184      7.21265184      6.97065534      6.97065534      6.95708114      6.87155858      6.87155858      6.59489353      6.59489353      5.81729591      5.81729591      5.64617853      5.64617853      5.35601154      5.35601154      5.16844142      5.16844142      4.72825140      4.57253351      4.57253351      4.21034590      4.21034590      4.09015479      4.09015479      2.78032141      2.78032141      2.63029839      2.63029839      2.31903705      2.31903705      1.79112971      1.45003645      1.45003645      0.49774909      0.49774909      0.30667885     -0.30667885     -0.49774909     -0.49774909     -1.45003645     -1.45003645     -1.79112971     -2.31903705     -2.31903705     -2.63029839     -2.63029839     -2.78032141     -2.78032141     -4.09015479     -4.09015479     -4.21034590     -4.21034590     -4.57253351     -4.57253351     -4.72825140     -5.16844142     -5.16844142     -5.35601154     -5.35601154     -5.64617853     -5.64617853     -5.81729591     -5.81729591     -6.59489353     -6.59489353     -6.87155858     -6.87155858     -6.95708114     -6.97065534     -6.97065534     -7.21265184     -7.21265184     -7.26639443     -7.26639443     -7.55656142     -7.55656142     -7.57765577     -7.57765577     -7.63858387     -7.63858387     -7.77872784     -7.77872784     -7.82965410     -7.82965410     -8.11401294     -8.16493921     -8.16493921     -8.36601127     -8.36601127     -8.38710562     -8.38710562     -8.44665637     -8.44665637     -8.53712865     -8.53712865     -8.54575312     -8.70222707     -8.82241817     -8.82241817     -9.01486576
      2.23470054      9.01967301      8.79684604      8.79684604      8.76737291      8.49946076      8.47601458      8.47601458      8.46129043      8.46129043      8.42329390      8.42329390      8.41726694      8.41726694      8.15626964      8.15626964      8.14171928      7.77261336      7.77261336      7.75806300      7.75806300      7.72490510      7.72490510      7.49706570      7.49706570      7.49103875      7.49103875      7.41988431      7.41988431      7.06921214      7.06921214      7.00695353      7.00695353      6.98350735      6.98350735      6.77785381      6.68612207      6.68612207      5.65889872      5.65889872      5.61487523      5.61487523      5.54372080      5.54372080      5.05649265      5.05649265      4.94734169      4.35911838      4.35911838      4.26738664      4.26738664      4.23791351      4.23791351      2.62194656      2.62194656      2.58395002      2.58395002      2.50676863      2.50676863      1.61352454      1.52781975      1.52781975      0.44076225      0.44076225      0.39305400     -0.39305400     -0.44076225     -0.44076225     -1.52781975     -1.52781975     -1.61352454     -2.50676863     -2.50676863     -2.58395002     -2.58395002     -2.62194656     -2.62194656     -4.23791351     -4.23791351     -4.26738664     -4.26738664     -4.35911838     -4.35911838     -4.94734169     -5.05649265     -5.05649265     -5.54372080     -5.54372080     -5.61487523     -5.61487523     -5.65889872     -5.65889872     -6.68612207     -6.68612207     -6.77785381     -6.98350735     -6.98350735     -7.00695353     -7.00695353     -7.06921214     -7.06921214     -7.41988431     -7.41988431     -7.49103875     -7.49103875     -7.49706570     -7.49706570     -7.72490510     -7.72490510     -7.75806300     -7.75806300     -7.77261336     -7.77261336     -8.14171928     -8.15626964     -8.15626964     -8.41726694     -8.41726694     -8.42329390     -8.42329390     -8.46129043     -8.46129043     -8.47601458     -8.47601458     -8.49946076     -8.76737291     -8.79684604     -8.79684604     -9.01967301
      2.24470054      9.01866829      8.82462028      8.76688205      8.76688205      8.49776186      8.49776186      8.46780824      8.46780824      8.45425875      8.45425875      8.45357313      8.37735866      8.37735866      8.17251889      8.13980754      8.13980754      7.80385951      7.80385951      7.74136721      7.74136721      7.70865585      7.70865585      7.56630839      7.56630839      7.42691599      7.42691599      7.41336651      7.41336651      7.09165359      7.09165359      7.04746486      7.04746486      6.91954984      6.91954984      6.77834467      6.77834467      6.59269143      5.72904843      5.72904843      5.58965604      5.58965604      5.49920646      5.49920646      5.16463889      4.94834641      4.94834641      4.38908237      4.38908237      4.33134415      4.33134415      4.14569091      4.14569091      2.69961880      2.69961880      2.54667692      2.54667692      2.46977683      2.46977683      1.61522344      1.61522344      1.44311969      0.49016941      0.39496574      0.39496574     -0.39496574     -0.39496574     -0.49016941     -1.44311969     -1.61522344     -1.61522344     -2.46977683     -2.46977683     -2.54667692     -2.54667692     -2.69961880     -2.69961880     -4.14569091     -4.14569091     -4.33134415     -4.33134415     -4.38908237     -4.38908237     -4.94834641     -4.94834641     -5.16463889     -5.49920646     -5.49920646     -5.58965604     -5.58965604     -5.72904843     -5.72904843     -6.59269143     -6.77834467     -6.77834467     -6.91954984     -6.91954984     -7.04746486     -7.04746486     -7.09165359     -7.09165359     -7.41336651     -7.41336651     -7.42691599     -7.42691599     -7.56630839     -7.56630839     -7.70865585     -7.70865585     -7.74136721     -7.74136721     -7.80385951     -7.80385951     -8.13980754     -8.13980754     -8.17251889     -8.37735866     -8.37735866     -8.45357313     -8.45425875     -8.45425875     -8.46780824     -8.46780824     -8.49776186     -8.49776186     -8.76688205     -8.76688205     -8.82462028     -9.01866829
      2.25470054      9.01153250      8.87410197      8.73291597      8.73291597      8.51722510      8.51722510      8.51206604      8.51206604      8.47964955      8.47964955      8.40845559      8.28532369      8.28532369      8.20619208      8.11547667      8.11547667      7.87527670      7.87527670      7.72874940      7.72874940      7.70542967      7.70542967      7.63803399      7.63803399      7.36457652      7.36457652      7.32700096      7.32700096      7.19557050      7.19557050      7.09196006      7.09196006      6.87111013      6.87111013      6.76400194      6.76400194      6.40196601      5.91149146      5.91149146      5.57063831      5.57063831      5.37960851      5.33873690      5.33873690      4.84442950      4.84442950      4.54315201      4.54315201      4.40196601      4.40196601      3.93282189      3.93282189      2.89703704      2.89703704      2.51860833      2.51860833      2.32428247      2.32428247      1.71197196      1.71197196      1.28040340      0.59773995      0.36049724      0.36049724     -0.36049724     -0.36049724     -0.59773995     -1.28040340     -1.71197196     -1.71197196     -2.32428247     -2.32428247     -2.51860833     -2.51860833     -2.89703704     -2.89703704     -3.93282189     -3.93282189     -4.40196601     -4.40196601     -4.54315201     -4.54315201     -4.84442950     -4.84442950     -5.33873690     -5.33873690     -5.37960851     -5.57063831     -5.57063831     -5.91149146     -5.91149146     -6.40196601     -6.76400194     -6.76400194     -6.87111013     -6.87111013     -7.09196006     -7.09196006     -7.19557050     -7.19557050     -7.32700096     -7.32700096     -7.36457652     -7.36457652     -7.63803399     -7.63803399     -7.70542967     -7.70542967     -7.72874940     -7.72874940     -7.87527670     -7.87527670     -8.11547667     -8.11547667     -8.20619208     -8.28532369     -8.28532369     -8.40845559     -8.47964955     -8.47964955     -8.51206604     -8.51206604     -8.51722510     -8.51722510     -8.73291597     -8.73291597     -8.87410197     -9.01153250
      2.26470054      8.99796515      8.91597817      8.69534657      8.69534657      8.56510349      8.56510349      8.51912201      8.51912201      8.49913368      8.49913368      8.36446023      8.24249659      8.18520667      8.18520667      8.08323136      8.08323136      7.93901650      7.93901650      7.83704119      7.83704119      7.72029171      7.72029171      7.56102649      7.56102649      7.30438940      7.30438940      7.29484798      7.29484798      7.23841958      7.23841958      7.14018620      7.14018620      6.96396164      6.96396164      6.60293096      6.60293096      6.20607480      6.09056228      6.09056228      5.59173081      5.55791049      5.55791049      5.17801367      5.17801367      4.74515202      4.74515202      4.69960511      4.69960511      4.47897351      4.47897351      3.72108668      3.72108668      3.09846325      3.09846325      2.49984165      2.49984165      2.18591464      2.18591464      1.81776083      1.81776083      1.12584381      0.71545044      0.33746043      0.33746043     -0.33746043     -0.33746043     -0.71545044     -1.12584381     -1.81776083     -1.81776083     -2.18591464     -2.18591464     -2.49984165     -2.49984165     -3.09846325     -3.09846325     -3.72108668     -3.72108668     -4.47897351     -4.47897351     -4.69960511     -4.69960511     -4.74515202     -4.74515202     -5.17801367     -5.17801367     -5.55791049     -5.55791049     -5.59173081     -6.09056228     -6.09056228     -6.20607480     -6.60293096     -6.60293096     -6.96396164     -6.96396164     -7.14018620     -7.14018620     -7.23841958     -7.23841958     -7.29484798     -7.29484798     -7.30438940     -7.30438940     -7.56102649     -7.56102649     -7.72029171     -7.72029171     -7.83704119     -7.83704119     -7.93901650     -7.93901650     -8.08323136     -8.08323136     -8.18520667     -8.18520667     -8.24249659     -8.36446023     -8.49913368     -8.49913368     -8.51912201     -8.51912201     -8.56510349     -8.56510349     -8.69534657     -8.69534657     -8.91597817     -8.99796515
      2.27470054      8.97768577      8.95043547      8.65457987      8.65457987      8.61102723      8.61102723      8.51915072      8.51915072      8.51239808      8.51239808      8.32192429      8.28116869      8.07705980      8.07705980      8.04305684      8.04305684      7.99496940      7.99496940      7.96096644      7.96096644      7.71604910      7.71604910      7.47793725      7.47793725      7.38909421      7.38909421      7.24670787      7.24670787      7.19186778      7.19186778      7.14807871      7.14807871      7.05643863      7.05643863      6.43672378      6.43672378      6.26579035      6.26579035      6.00543904      5.80050265      5.55153177      5.55153177      5.01756433      5.01756433      4.85791834      4.85791834      4.65090579      4.65090579      4.56206275      4.56206275      3.51106316      3.51106316      3.30332973      3.30332973      2.49044199      2.49044199      2.05510371      2.05510371      1.93225771      1.93225771      0.97988729      0.84295680      0.32592466      0.32592466     -0.32592466     -0.32592466     -0.84295680     -0.97988729     -1.93225771     -1.93225771     -2.05510371     -2.05510371     -2.49044199     -2.49044199     -3.30332973     -3.30332973     -3.51106316     -3.51106316     -4.56206275     -4.56206275     -4.65090579     -4.65090579     -4.85791834     -4.85791834     -5.01756433     -5.01756433     -5.55153177     -5.55153177     -5.80050265     -6.00543904     -6.26579035     -6.26579035     -6.43672378     -6.43672378     -7.05643863     -7.05643863     -7.14807871     -7.14807871     -7.19186778     -7.19186778     -7.24670787     -7.24670787     -7.38909421     -7.38909421     -7.47793725     -7.47793725     -7.71604910     -7.71604910     -7.96096644     -7.96096644     -7.99496940     -7.99496940     -8.04305684     -8.04305684     -8.07705980     -8.07705980     -8.28116869     -8.32192429     -8.51239808     -8.51239808     -8.51915072     -8.51915072     -8.61102723     -8.61102723     -8.65457987     -8.65457987     -8.95043547     -8.97768577
      2.28470054      8.97768577      8.95043547      8.65457987      8.65457987      8.61102723      8.61102723      8.51915072      8.51915072      8.51239808      8.51239808      8.32192429      8.28116869      8.07705980      8.07705980      8.04305684      8.04305684      7.99496940      7.99496940      7.96096644      7.96096644      7.71604910      7.71604910      7.47793725      7.47793725      7.38909421      7.38909421      7.24670787      7.24670787      7.19186778      7.19186778      7.14807871      7.14807871      7.05643863      7.05643863      6.43672378      6.43672378      6.26579035      6.26579035      6.00543904      5.80050265      5.55153177      5.55153177      5.01756433      5.01756433      4.85791834      4.85791834      4.65090579      4.65090579      4.56206275      4.56206275      3.51106316      3.51106316      3.30332973      3.30332973      2.49044199      2.49044199      2.05510371      2.05510371      1.93225771      1.93225771      0.97988729      0.84295680      0.32592466      0.32592466     -0.32592466     -0.32592466     -0.84295680     -0.97988729     -1.93225771     -1.93225771     -2.05510371     -2.05510371     -2.49044199     -2.49044199     -3.30332973     -3.30332973     -3.51106316     -3.51106316     -4.56206275     -4.56206275     -4.65090579     -4.65090579     -4.85791834     -4.85791834     -5.01756433     -5.01756433     -5.55153177     -5.55153177     -5.80050265     -6.00543904     -6.26579035     -6.26579035     -6.43672378     -6.43672378     -7.05643863     -7.05643863     -7.14807871     -7.14807871     -7.19186778     -7.19186778     -7.24670787     -7.24670787     -7.38909421     -7.38909421     -7.47793725     -7.47793725     -7.71604910     -7.71604910     -7.96096644     -7.96096644     -7.99496940     -7.99496940     -8.04305684     -8.04305684     -8.07705980     -8.07705980     -8.28116869     -8.32192429     -8.51239808     -8.51239808     -8.51915072     -8.51915072     -8.61102723     -8.61102723     -8.65457987     -8.65457987     -8.95043547     -8.97768577
      2.29470054      8.99796515      8.91597817      8.69534657      8.69534657      8.56510349      8.56510349      8.51912201      8.51912201      8.49913368      8.49913368      8.36446023      8.24249659      8.18520667      8.18520667      8.08323136      8.08323136      7.93901650      7.93901650      7.83704119      7.83704119      7.72029171      7.72029171      7.56102649      7.56102649      7.30438940      7.30438940      7.29484798      7.29484798      7.23841958      7.23841958      7.14018620      7.14018620      6.96396164      6.96396164      6.60293096      6.60293096      6.20607480      6.09056228      6.09056228      5.59173081      5.55791049      5.55791049      5.17801367      5.17801367      4.74515202      4.74515202      4.69960511      4.69960511      4.47897351      4.47897351      3.72108668      3.72108668      3.09846325      3.09846325      2.49984165      2.49984165      2.18591464      2.18591464      1.81776083      1.81776083      1.12584381      0.71545044      0.33746043      0.33746043     -0.33746043     -0.33746043     -0.71545044     -1.12584381     -1.81776083     -1.81776083     -2.18591464     -2.18591464     -2.49984165     -2.49984165     -3.09846325     -3.09846325     -3.72108668     -3.72108668     -4.47897351     -4.47897351     -4.69960511     -4.69960511     -4.74515202     -4.74515202     -5.17801367     -5.17801367     -5.55791049     -5.55791049     -5.59173081     -6.09056228     -6.09056228     -6.20607480     -6.60293096     -6.60293096     -6.96396164     -6.96396164     -7.14018620     -7.14018620     -7.23841958     -7.23841958     -7.29484798     -7.29484798     -7.30438940     -7.30438940     -7.56102649     -7.56102649     -7.72029171     -7.72029171     -7.83704119     -7.83704119     -7.93901650     -7.93901650     -8.08323136     -8.08323136     -8.18520667     -8.18520667     -8.24249659     -8.36446023     -8.49913368     -8.49913368     -8.51912201     -8.51912201     -8.56510349     -8.56510349     -8.69534657     -8.69534657     -8.91597817     -8.99796515
      2.30470054      9.01153250      8.87410197      8.73291597      8.73291597      8.51722510      8.51722510      8.51206604      8.51206604      8.47964955      8.47964955      8.40845559      8.28532369      8.28532369      8.20619208      8.11547667      8.11547667      7.87527670      7.87527670      7.72874940      7.72874940      7.70542967      7.70542967      7.63803399      7.63803399      7.36457652      7.36457652      7.32700096      7.32700096      7.19557050      7.19557050      7.09196006      7.09196006      6.87111013      6.87111013      6.76400194      6.76400194      6.40196601      5.91149146      5.91149146      5.57063831      5.57063831      5.37960851      5.33873690      5.33873690      4.84442950      4.84442950      4.54315201      4.54315201      4.40196601      4.40196601      3.93282189      3.93282189      2.89703704      2.89703704      2.51860833      2.51860833      2.32428247      2.32428247      1.71197196      1.71197196      1.28040340      0.59773995      0.36049724      0.36049724     -0.36049724     -0.36049724     -0.59773995     -1.28040340     -1.71197196     -1.71197196     -2.32428247     -2.32428247     -2.51860833     -2.51860833     -2.89703704     -2.89703704     -3.93282189     -3.93282189     -4.40196601     -4.40196601     -4.54315201     -4.54315201     -4.84442950     -4.84442950     -5.33873690     -5.33873690     -5.37960851     -5.57063831     -5.57063831     -5.91149146     -5.91149146     -6.40196601     -6.76400194     -6.76400194     -6.87111013     -6.87111013     -7.09196006     -7.09196006     -7.19557050     -7.19557050     -7.32700096     -7.32700096     -7.36457652     -7.36457652     -7.63803399     -7.63803399     -7.70542967     -7.70542967     -7.72874940     -7.72874940     -7.87527670     -7.87527670     -8.11547667     -8.11547667     -8.20619208     -8.28532369     -8.28532369     -8.40845559     -8.47964955     -8.47964955     -8.51206604     -8.51206604     -8.51722510     -8.51722510     -8.73291597     -8.73291597     -8.87410197     -9.01153250
      2.31470054      9.01866829      8.82462028      8.76688205      8.76688205      8.49776186      8.49776186      8.46780824      8.46780824      8.45425875      8.45425875      8.45357313      8.37735866      8.37735866      8.17251889      8.13980754      8.13980754      7.80385951      7.80385951      7.74136721      7.74136721      7.70865585      7.70865585      7.56630839      7.56630839      7.42691599      7.42691599      7.41336651      7.41336651      7.09165359      7.09165359      7.04746486      7.04746486      6.91954984      6.91954984      6.77834467      6.77834467      6.59269143      5.72904843      5.72904843      5.58965604      5.58965604      5.49920646      5.49920646      5.16463889      4.94834641      4.94834641      4.38908237      4.38908237      4.33134415      4.33134415      4.14569091      4.14569091      2.69961880      2.69961880      2.54667692      2.54667692      2.46977683      2.46977683      1.61522344      1.61522344      1.44311969      0.49016941      0.39496574      0.39496574     -0.39496574     -0.39496574     -0.49016941     -1.44311969     -1.61522344     -1.61522344     -2.46977683     -2.46977683     -2.54667692     -2.54667692     -2.69961880     -2.69961880     -4.14569091     -4.14569091     -4.33134415     -4.33134415     -4.38908237     -4.38908237     -4.94834641     -4.94834641     -5.16463889     -5.49920646     -5.49920646     -5.58965604     -5.58965604     -5.72904843     -5.72904843     -6.59269143     -6.77834467     -6.77834467     -6.91954984     -6.91954984     -7.04746486     -7.04746486     -7.09165359     -7.09165359     -7.41336651     -7.41336651     -7.42691599     -7.42691599     -7.56630839     -7.56630839     -7.70865585     -7.70865585     -7.74136721     -7.74136721     -7.80385951     -7.80385951     -8.13980754     -8.13980754     -8.17251889     -8.37735866     -8.37735866     -8.45357313     -8.45425875     -8.45425875     -8.46780824     -8.46780824     -8.49776186     -8.49776186     -8.76688205     -8.76688205     -8.82462028     -9.01866829
      2.32470054      9.01967301      8.79684604      8.79684604      8.76737291      8.49946076      8.47601458      8.47601458      8.46129043      8.46129043      8.42329390      8.42329390      8.41726694      8.41726694      8.15626964      8.15626964      8.14171928      7.77261336      7.77261336      7.75806300      7.75806300      7.72490510      7.72490510      7.49706570      7.49706570      7.49103875      7.49103875      7.41988431      7.41988431      7.06921214      7.06921214      7.00695353      7.00695353      6.98350735      6.98350735      6.77785381      6.68612207      6.68612207      5.65889872      5.65889872      5.61487523      5.61487523      5.54372080      5.54372080      5.05649265      5.05649265      4.94734169      4.35911838      4.35911838      4.26738664      4.26738664      4.23791351      4.23791351      2.62194656      2.62194656      2.58395002      2.58395002      2.50676863      2.50676863      1.61352454      1.52781975      1.52781975      0.44076225      0.44076225      0.39305400     -0.39305400     -0.44076225     -0.44076225     -1.52781975     -1.52781975     -1.61352454     -2.50676863     -2.50676863     -2.58395002     -2.58395002     -2.62194656     -2.62194656     -4.23791351     -4.23791351     -4.26738664     -4.26738664     -4.35911838     -4.35911838     -4.94734169     -5.05649265     -5.05649265     -5.54372080     -5.54372080     -5.61487523     -5.61487523     -5.65889872     -5.65889872     -6.68612207     -6.68612207     -6.77785381     -6.98350735     -6.98350735     -7.00695353     -7.00695353     -7.06921214     -7.06921214     -7.41988431     -7.41988431     -7.49103875     -7.49103875     -7.49706570     -7.49706570     -7.72490510     -7.72490510     -7.75806300     -7.75806300     -7.77261336     -7.77261336     -8.14171928     -8.15626964     -8.15626964     -8.41726694     -8.41726694     -8.42329390     -8.42329390     -8.46129043     -8.46129043     -8.47601458     -8.47601458     -8.49946076     -8.76737291     -8.79684604     -8.79684604     -9.01967301
      2.33470054      9.01486576      8.82241817      8.82241817      8.70222707      8.54575312      8.53712865      8.53712865      8.44665637      8.44665637      8.38710562      8.38710562      8.36601127      8.36601127      8.16493921      8.16493921      8.11401294      7.82965410      7.82965410      7.77872784      7.77872784      7.63858387      7.63858387      7.57765577      7.57765577      7.55656142      7.55656142      7.26639443      7.26639443      7.21265184      7.21265184      6.97065534      6.97065534      6.95708114      6.87155858      6.87155858      6.59489353      6.59489353      5.81729591      5.81729591      5.64617853      5.64617853      5.35601154      5.35601154      5.16844142      5.16844142      4.72825140      4.57253351      4.57253351      4.21034590      4.21034590      4.09015479      4.09015479      2.78032141      2.78032141      2.63029839      2.63029839      2.31903705      2.31903705      1.79112971      1.45003645      1.45003645      0.49774909      0.49774909      0.30667885     -0.30667885     -0.49774909     -0.49774909     -1.45003645     -1.45003645     -1.79112971     -2.31903705     -2.31903705     -2.63029839     -2.63029839     -2.78032141     -2.78032141     -4.09015479     -4.09015479     -4.21034590     -4.21034590     -4.57253351     -4.57253351     -4.72825140     -5.16844142     -5.16844142     -5.35601154     -5.35601154     -5.64617853     -5.64617853     -5.81729591     -5.81729591     -6.59489353     -6.59489353     -6.87155858     -6.87155858     -6.95708114     -6.97065534     -6.97065534     -7.21265184     -7.21265184     -7.26639443     -7.26639443     -7.55656142     -7.55656142     -7.57765577     -7.57765577     -7.63858387     -7.63858387     -7.77872784     -7.77872784     -7.82965410     -7.82965410     -8.11401294     -8.16493921     -8.16493921     -8.36601127     -8.36601127     -8.38710562     -8.38710562     -8.44665637     -8.44665637     -8.53712865     -8.53712865     -8.54575312     -8.70222707     -8.82241817     -8.82241817     -9.01486576
      2.34470054      9.00458262      8.84321956      8.84321956      8.62907823      8.60491338      8.60491338      8.59207319      8.40954736      8.40954736      8.34606098      8.34606098      8.31444548      8.31444548      8.16592260      8.16592260      8.08959603      7.87955297      7.87955297      7.80322640      7.80322640      7.65470353      7.65470353      7.62308803      7.62308803      7.54509590      7.54509590      7.34955858      7.34955858      7.13002771      7.10610512      7.10610512      6.93877493      6.93877493      6.75624911      6.75624911      6.50510274      6.50510274      5.97388804      5.97388804      5.68342013      5.68342013      5.28375089      5.28375089      5.16643723      5.16643723      4.78537200      4.78537200      4.50791559      4.16044703      4.16044703      3.94630570      3.94630570      2.94441376      2.94441376      2.68556136      2.68556136      2.13696296      2.13696296      1.97542860      1.38211912      1.38211912      0.56575510      0.56575510      0.23129803     -0.23129803     -0.56575510     -0.56575510     -1.38211912     -1.38211912     -1.97542860     -2.13696296     -2.13696296     -2.68556136     -2.68556136     -2.94441376     -2.94441376     -3.94630570     -3.94630570     -4.16044703     -4.16044703     -4.50791559     -4.78537200     -4.78537200     -5.16643723     -5.16643723     -5.28375089     -5.28375089     -5.68342013     -5.68342013     -5.97388804     -5.97388804     -6.50510274     -6.50510274     -6.75624911     -6.75624911     -6.93877493     -6.93877493     -7.10610512     -7.10610512     -7.13002771     -7.34955858     -7.34955858     -7.54509590     -7.54509590     -7.62308803     -7.62308803     -7.65470353     -7.65470353     -7.80322640     -7.80322640     -7.87955297     -7.87955297     -8.08959603     -8.16592260     -8.16592260     -8.31444548     -8.31444548     -8.34606098     -8.34606098     -8.40954736     -8.40954736     -8.59207319     -8.60491338     -8.60491338     -8.62907823     -8.84321956     -8.84321956     -9.00458262
      2.35470054      8.98917500      8.85888392      8.85888392      8.66471462      8.66471462      8.63803399      8.54785089      8.36457652      8.36457652      8.30054174      8.30054174      8.26296619      8.26296619      8.15935574      8.15935574      8.06864033      7.92211303      7.92211303      7.83139762      7.83139762      7.72778718      7.72778718      7.69021162      7.69021162      7.47964955      7.47964955      7.44467036      7.44467036      7.29637517      6.93931147      6.93931147      6.91149146      6.91149146      6.63803399      6.63803399      6.41718406      6.41718406      6.12817482      6.12817482      5.72642639      5.72642639      5.40196601      5.40196601      4.99707808      4.99707808      4.97552624      4.97552624      4.28689298      4.11788697      4.11788697      3.80685394      3.80685394      3.11372040      3.11372040      2.74954752      2.74954752      2.16589803      1.96107181      1.96107181      1.32428247      1.32428247      0.64457628      0.64457628      0.16713361     -0.16713361     -0.64457628     -0.64457628     -1.32428247     -1.32428247     -1.96107181     -1.96107181     -2.16589803     -2.74954752     -2.74954752     -3.11372040     -3.11372040     -3.80685394     -3.80685394     -4.11788697     -4.11788697     -4.28689298     -4.97552624     -4.97552624     -4.99707808     -4.99707808     -5.40196601     -5.40196601     -5.72642639     -5.72642639     -6.12817482     -6.12817482     -6.41718406     -6.41718406     -6.63803399     -6.63803399     -6.91149146     -6.91149146     -6.93931147     -6.93931147     -7.29637517     -7.44467036     -7.44467036     -7.47964955     -7.47964955     -7.69021162     -7.69021162     -7.72778718     -7.72778718     -7.83139762     -7.83139762     -7.92211303     -7.92211303     -8.06864033     -8.15935574     -8.15935574     -8.26296619     -8.26296619     -8.30054174     -8.30054174     -8.36457652     -8.36457652     -8.54785089     -8.63803399     -8.66471462     -8.66471462     -8.85888392     -8.85888392     -8.98917500
      2.36448614      8.98584272      8.89871467      8.81357982      8.68251047      8.64447336      8.63344750      8.54696403      8.38749828      8.38666774      8.34040054      8.32796406      8.20970318      8.20476413      8.18903661      8.11293442      8.06304091      7.95541616      7.90552265      7.88880990      7.82942046      7.80875389      7.74708668      7.62388675      7.56518307      7.50382552      7.49109167      7.45672778      7.39926197      7.29726203      7.05621378      6.95955274      6.92151563      6.76316683      6.75885037      6.58303451      6.51290115      6.24763398      6.23207524      6.02654154      5.91556595      5.57419659      5.53306768      5.22973544      5.06636480      5.04238218      4.95724733      4.88940024      4.32815465      4.29022526      3.97640402      3.90761928      3.64100350      3.23874895      2.99517813      2.94290622      2.56040796      2.17048453      2.03500139      1.89607394      1.47692357      1.17956016      0.72888722      0.57045125      0.17273302     -0.17273302     -0.57045125     -0.72888722     -1.17956016     -1.47692357     -1.89607394     -2.03500139     -2.17048453     -2.56040796     -2.94290622     -2.99517813     -3.23874895     -3.64100350     -3.90761928     -3.97640402     -4.29022526     -4.32815465     -4.88940024     -4.95724733     -5.04238218     -5.06636480     -5.22973544     -5.53306768     -5.57419659     -5.91556595     -6.02654154     -6.23207524     -6.24763398     -6.51290115     -6.58303451     -6.75885037     -6.76316683     -6.92151563     -6.95955274     -7.05621378     -7.29726203     -7.39926197     -7.45672778     -7.49109167     -7.50382552     -7.56518307     -7.62388675     -7.74708668     -7.80875389     -7.82942046     -7.88880990     -7.90552265     -7.95541616     -8.06304091     -8.11293442     -8.18903661     -8.20476413     -8.20970318     -8.32796406     -8.34040054     -8.38666774     -8.38749828     -8.54696403     -8.63344750     -8.64447336     -8.68251047     -8.81357982     -8.89871467     -8.98584272
      2.37427173      8.97585531      8.93295915      8.76293078      8.69781045      8.62184405      8.61970102      8.54430596      8.46783705      8.40910086      8.38384598      8.31503889      8.24903088      8.11440956      8.10638490      8.06563177      8.04625852      7.98862489      7.96925165      7.92849852      7.92047386      7.85560117      7.65282882      7.53839433      7.52918718      7.51801371      7.43512521      7.43402265      7.35499522      7.29992010      7.19260709      6.98218205      6.90621565      6.88794496      6.74471520      6.59872317      6.38812302      6.33794829      6.09995022      6.07486488      5.92746348      5.74593896      5.33603793      5.16165842      5.09303122      5.05799307      4.92300285      4.80823093      4.53782631      4.30021266      4.14917312      3.69794762      3.47932280      3.36990937      3.13993597      2.88345817      2.37602368      2.18423101      2.11765310      1.84019202      1.63705076      1.04316684      0.82314509      0.50672226      0.18951541     -0.18951541     -0.50672226     -0.82314509     -1.04316684     -1.63705076     -1.84019202     -2.11765310     -2.18423101     -2.37602368     -2.88345817     -3.13993597     -3.36990937     -3.47932280     -3.69794762     -4.14917312     -4.30021266     -4.53782631     -4.80823093     -4.92300285     -5.05799307     -5.09303122     -5.16165842     -5.33603793     -5.74593896     -5.92746348     -6.07486488     -6.09995022     -6.33794829     -6.38812302     -6.59872317     -6.74471520     -6.88794496     -6.90621565     -6.98218205     -7.19260709     -7.29992010     -7.35499522     -7.43402265     -7.43512521     -7.51801371     -7.52918718     -7.53839433     -7.65282882     -7.85560117     -7.92047386     -7.92849852     -7.96925165     -7.98862489     -8.04625852     -8.06563177     -8.10638490     -8.11440956     -8.24903088     -8.31503889     -8.38384598     -8.40910086     -8.46783705     -8.54430596     -8.61970102     -8.62184405     -8.69781045     -8.76293078     -8.93295915     -8.97585531
      2.38405733      8.96152031      8.95924110      8.71057119      8.70708038      8.59689083      8.59683352      8.54381958      8.53988422      8.43045356      8.42932302      8.29203051      8.28856344      8.02505484      8.02474050      8.02240397      8.02164508      8.01834074      8.01758185      8.01524533      8.01493099      7.82258098      7.58644424      7.55566263      7.54889121      7.41490305      7.41046816      7.32028478      7.31199559      7.30434184      7.29710214      7.01201470      7.00713526      6.90176784      6.89345491      6.44549384      6.43156378      6.27905657      6.26405328      5.91670630      5.89936649      5.83122150      5.26113699      5.14888162      5.13589564      4.89444169      4.88722573      4.74630761      4.73224840      4.32467152      4.31682687      3.50682988      3.48946633      3.34007826      3.32227017      2.77887718      2.20879267      2.20709850      2.19691734      1.80421015      1.79358444      0.92708269      0.91548916      0.45356993      0.21743320     -0.21743320     -0.45356993     -0.91548916     -0.92708269     -1.79358444     -1.80421015     -2.19691734     -2.20709850     -2.20879267     -2.77887718     -3.32227017     -3.34007826     -3.48946633     -3.50682988     -4.31682687     -4.32467152     -4.73224840     -4.74630761     -4.88722573     -4.89444169     -5.13589564     -5.14888162     -5.26113699     -5.83122150     -5.89936649     -5.91670630     -6.26405328     -6.27905657     -6.43156378     -6.44549384     -6.89345491     -6.90176784     -7.00713526     -7.01201470     -7.29710214     -7.30434184     -7.31199559     -7.32028478     -7.41046816     -7.41490305     -7.54889121     -7.55566263     -7.58644424     -7.82258098     -8.01493099     -8.01524533     -8.01758185     -8.01834074     -8.02164508     -8.02240397     -8.02474050     -8.02505484     -8.28856344     -8.29203051     -8.42932302     -8.43045356     -8.53988422     -8.54381958     -8.59683352     -8.59689083     -8.70708038     -8.71057119     -8.95924110     -8.96152031
      2.39384293      8.98431719      8.93604718      8.72075653      8.64618693      8.61439995      8.56968446      8.56490982      8.53371134      8.46765468      8.44810743      8.33364113      8.26104925      8.12220039      8.11787359      8.06482895      8.05438314      7.97936670      7.96892089      7.91587625      7.91154945      7.78984292      7.63510521      7.58317682      7.43888492      7.43556849      7.39611863      7.31051473      7.30155494      7.27038497      7.15480967      7.13502434      7.05374724      7.03434164      6.88326957      6.55440706      6.45237728      6.25784602      6.14104363      6.08601455      5.73808841      5.72163627      5.36451853      5.20977507      4.95300758      4.93320813      4.87164481      4.71791747      4.66166803      4.50240173      4.34002080      3.64912235      3.54276578      3.28276636      3.17029076      2.68173163      2.30816175      2.23902220      2.02359663      1.97792791      1.75638333      1.04040541      0.79688902      0.41114495      0.25640724     -0.25640724     -0.41114495     -0.79688902     -1.04040541     -1.75638333     -1.97792791     -2.02359663     -2.23902220     -2.30816175     -2.68173163     -3.17029076     -3.28276636     -3.54276578     -3.64912235     -4.34002080     -4.50240173     -4.66166803     -4.71791747     -4.87164481     -4.93320813     -4.95300758     -5.20977507     -5.36451853     -5.72163627     -5.73808841     -6.08601455     -6.14104363     -6.25784602     -6.45237728     -6.55440706     -6.88326957     -7.03434164     -7.05374724     -7.13502434     -7.15480967     -7.27038497     -7.30155494     -7.31051473     -7.39611863     -7.43556849     -7.43888492     -7.58317682     -7.63510521     -7.78984292     -7.91154945     -7.91587625     -7.96892089     -7.97936670     -8.05438314     -8.06482895     -8.11787359     -8.12220039     -8.26104925     -8.33364113     -8.44810743     -8.46765468     -8.53371134     -8.56490982     -8.56968446     -8.61439995     -8.64618693     -8.72075653     -8.93604718     -8.98431719
      2.40362853      9.00128515      8.90633929      8.72833759      8.67937810      8.58042304      8.54030203      8.52580481      8.52402042      8.49534388      8.46540086      8.37374479      8.23257431      8.21163514      8.20763381      8.09640634      8.08674627      7.92944687      7.91978680      7.80855933      7.80455800      7.75747980      7.68423930      7.61165176      7.54807133      7.37882520      7.31842125      7.31318187      7.25662522      7.23028130      7.20022260      7.19158279      7.06372407      7.00754857      6.87568851      6.66437921      6.61942105      6.25338379      6.07806232      6.01944276      5.64832819      5.54217803      5.47150998      5.27553896      5.15734031      4.85467685      4.72854993      4.68185997      4.59668988      4.55054823      4.36972869      3.79638346      3.74742397      3.07843363      3.02381540      2.59229688      2.41547867      2.27991161      2.15771162      1.85655285      1.72869413      1.16279203      0.68770261      0.37956757      0.30632707     -0.30632707     -0.37956757     -0.68770261     -1.16279203     -1.72869413     -1.85655285     -2.15771162     -2.27991161     -2.41547867     -2.59229688     -3.02381540     -3.07843363     -3.74742397     -3.79638346     -4.36972869     -4.55054823     -4.59668988     -4.68185997     -4.72854993     -4.85467685     -5.15734031     -5.27553896     -5.47150998     -5.54217803     -5.64832819     -6.01944276     -6.07806232     -6.25338379     -6.61942105     -6.66437921     -6.87568851     -7.00754857     -7.06372407     -7.19158279     -7.20022260     -7.23028130     -7.25662522     -7.31318187     -7.31842125     -7.37882520     -7.54807133     -7.61165176     -7.68423930     -7.75747980     -7.80455800     -7.80855933     -7.91978680     -7.92944687     -8.08674627     -8.09640634     -8.20763381     -8.21163514     -8.23257431     -8.37374479     -8.46540086     -8.49534388     -8.52402042     -8.52580481     -8.54030203     -8.58042304     -8.67937810     -8.72833759     -8.90633929     -9.00128515
      2.41341413      9.01237611      8.87020164      8.73856984      8.73329288      8.51618706      8.51344267      8.50997512      8.50882684      8.48115428      8.47428121      8.41222782      8.29376671      8.29310558      8.20321933      8.11864272      8.11704661      7.87031887      7.86872276      7.73370722      7.72558334      7.69425990      7.69359877      7.64753451      7.64100674      7.37647263      7.36307178      7.34077872      7.32803900      7.19179828      7.18207828      7.09519925      7.08086343      6.87073322      6.85573626      6.77971440      6.77509857      6.41833960      5.89959535      5.89272228      5.58180807      5.56219529      5.36150045      5.35872659      5.34598688      4.86253755      4.84358589      4.53749814      4.52250118      4.40586634      4.38559242      3.95347272      3.94819576      2.88325928      2.87704734      2.53043923      2.51082644      2.34305166      2.32965081      1.71059533      1.69625950      1.29389562      0.58823943      0.36705117      0.35892729     -0.35892729     -0.36705117     -0.58823943     -1.29389562     -1.69625950     -1.71059533     -2.32965081     -2.34305166     -2.51082644     -2.53043923     -2.87704734     -2.88325928     -3.94819576     -3.95347272     -4.38559242     -4.40586634     -4.52250118     -4.53749814     -4.84358589     -4.86253755     -5.34598688     -5.35872659     -5.36150045     -5.56219529     -5.58180807     -5.89272228     -5.89959535     -6.41833960     -6.77509857     -6.77971440     -6.85573626     -6.87073322     -7.08086343     -7.09519925     -7.18207828     -7.19179828     -7.32803900     -7.34077872     -7.36307178     -7.37647263     -7.64100674     -7.64753451     -7.69359877     -7.69425990     -7.72558334     -7.73370722     -7.86872276     -7.87031887     -8.11704661     -8.11864272     -8.20321933     -8.29310558     -8.29376671     -8.41222782     -8.47428121     -8.48115428     -8.50882684     -8.50997512     -8.51344267     -8.51618706     -8.73329288     -8.73856984     -8.87020164     -9.01237611
      2.42319972      9.01755862      8.82773667      8.79180738      8.73560836      8.52189977      8.50488534      8.49532304      8.47534811      8.44898113      8.43504287      8.41583319      8.37602814      8.36638077      8.17306753      8.14998209      8.12669127      7.82065732      7.79736650      7.78336877      7.73699252      7.69424397      7.67115854      7.58096782      7.57132045      7.49422685      7.47501718      7.34890303      7.33934073      7.15504497      7.12867798      7.04262935      6.96971071      6.93280294      6.88625129      6.86841774      6.69980309      6.58041439      5.78184113      5.70235128      5.69510015      5.55659558      5.47993385      5.42091913      5.18011570      5.04392230      4.83840338      4.48426060      4.44833131      4.31564595      4.22351764      4.16032795      4.10412893      2.74902082      2.67917835      2.65271755      2.53342266      2.43755125      2.38809883      1.70213823      1.54317096      1.43334456      0.49878142      0.43840743      0.34928263     -0.34928263     -0.43840743     -0.49878142     -1.43334456     -1.54317096     -1.70213823     -2.38809883     -2.43755125     -2.53342266     -2.65271755     -2.67917835     -2.74902082     -4.10412893     -4.16032795     -4.22351764     -4.31564595     -4.44833131     -4.48426060     -4.83840338     -5.04392230     -5.18011570     -5.42091913     -5.47993385     -5.55659558     -5.69510015     -5.70235128     -5.78184113     -6.58041439     -6.69980309     -6.86841774     -6.88625129     -6.93280294     -6.96971071     -7.04262935     -7.12867798     -7.15504497     -7.33934073     -7.34890303     -7.47501718     -7.49422685     -7.57132045     -7.58096782     -7.67115854     -7.69424397     -7.73699252     -7.78336877     -7.79736650     -7.82065732     -8.12669127     -8.14998209     -8.17306753     -8.36638077     -8.37602814     -8.41583319     -8.43504287     -8.44898113     -8.47534811     -8.49532304     -8.50488534     -8.52189977     -8.73560836     -8.79180738     -8.82773667     -9.01755862
      2.43298532      9.01681800      8.83893982      8.77906475      8.73527746      8.52069118      8.50786697      8.49193169      8.48390053      8.45418493      8.43996075      8.43125300      8.35583868      8.34884204      8.18067554      8.14220436      8.12531297      7.83308317      7.81619178      7.77094293      7.71558036      7.70202170      7.66355052      7.60955410      7.60255746      7.46500290      7.44207097      7.35229438      7.33635909      7.16406535      7.12012556      7.07825274      6.99752230      6.89523035      6.86874864      6.85843970      6.73914873      6.54019106      5.81106508      5.75038640      5.66651387      5.50748894      5.50012332      5.40177707      5.22550009      4.99853791      4.83914400      4.49700323      4.43712816      4.36740332      4.26374096      4.10857058      4.06478329      2.78196703      2.72828499      2.62148054      2.48538754      2.45508998      2.37267902      1.70334682      1.58074355      1.39772117      0.52019358      0.41958216      0.35066093     -0.35066093     -0.41958216     -0.52019358     -1.39772117     -1.58074355     -1.70334682     -2.37267902     -2.45508998     -2.48538754     -2.62148054     -2.72828499     -2.78196703     -4.06478329     -4.10857058     -4.26374096     -4.36740332     -4.43712816     -4.49700323     -4.83914400     -4.99853791     -5.22550009     -5.40177707     -5.50012332     -5.50748894     -5.66651387     -5.75038640     -5.81106508     -6.54019106     -6.73914873     -6.85843970     -6.86874864     -6.89523035     -6.99752230     -7.07825274     -7.12012556     -7.16406535     -7.33635909     -7.35229438     -7.44207097     -7.46500290     -7.60255746     -7.60955410     -7.66355052     -7.70202170     -7.71558036     -7.77094293     -7.81619178     -7.83308317     -8.12531297     -8.14220436     -8.18067554     -8.34884204     -8.35583868     -8.43125300     -8.43996075     -8.45418493     -8.48390053     -8.49193169     -8.50786697     -8.52069118     -8.73527746     -8.77906475     -8.83893982     -9.01681800
      2.44277092      9.01015634      8.87983355      8.73230112      8.72432384      8.52801553      8.51875052      8.51688706      8.50982035      8.48753840      8.47736282      8.40276504      8.27349765      8.27258708      8.21063607      8.11291563      8.11071733      7.88490780      7.88270950      7.73350874      7.72303804      7.72212748      7.72131660      7.63359000      7.62359616      7.36686324      7.34669383      7.32547555      7.30621670      7.21565149      7.20126105      7.10859619      7.08713904      6.89409269      6.87172498      6.74736581      6.74029910      6.37735261      5.93954972      5.92937414      5.58337492      5.55394050      5.40675620      5.32794647      5.30868763      4.84580566      4.81728180      4.57411185      4.55174414      4.42657941      4.39623443      3.90983933      3.90186206      2.92708631      2.91782130      2.53043438      2.50099996      2.31639363      2.29622422      1.73567480      1.71421766      1.26032242      0.61217777      0.36305827      0.35086614     -0.35086614     -0.36305827     -0.61217777     -1.26032242     -1.71421766     -1.73567480     -2.29622422     -2.31639363     -2.50099996     -2.53043438     -2.91782130     -2.92708631     -3.90186206     -3.90983933     -4.39623443     -4.42657941     -4.55174414     -4.57411185     -4.81728180     -4.84580566     -5.30868763     -5.32794647     -5.40675620     -5.55394050     -5.58337492     -5.92937414     -5.93954972     -6.37735261     -6.74029910     -6.74736581     -6.87172498     -6.89409269     -7.08713904     -7.10859619     -7.20126105     -7.21565149     -7.30621670     -7.32547555     -7.34669383     -7.36686324     -7.62359616     -7.63359000     -7.72131660     -7.72212748     -7.72303804     -7.73350874     -7.88270950     -7.88490780     -8.11071733     -8.11291563     -8.21063607     -8.27258708     -8.27349765     -8.40276504     -8.47736282     -8.48753840     -8.50982035     -8.51688706     -8.51875052     -8.52801553     -8.72432384     -8.73230112     -8.87983355     -9.01015634
      2.45255652      8.99759253      8.91437266      8.72668777      8.66366912      8.59731065      8.54784719      8.53507740      8.52794283      8.48931807      8.46122004      8.36386645      8.23977874      8.19001358      8.18552405      8.08953438      8.07869567      7.94294578      7.93210708      7.83611741      7.83162787      7.76553039      7.67191902      7.60444732      7.52167465      7.38300603      7.34460973      7.31628323      7.24015965      7.22637600      7.21915810      7.16414274      7.05617891      7.04480705      6.87733832      6.63680390      6.57827478      6.21174932      6.12354934      6.04969198      5.67043795      5.58717684      5.44444011      5.25865135      5.10651086      4.85836947      4.77986759      4.63686116      4.61239886      4.59218271      4.36169532      3.75912497      3.69610632      3.12926308      3.05989526      2.61391844      2.38792059      2.26885463      2.11222460      1.89769912      1.73471993      1.13136418      0.71409928      0.38643953      0.29282815     -0.29282815     -0.38643953     -0.71409928     -1.13136418     -1.73471993     -1.89769912     -2.11222460     -2.26885463     -2.38792059     -2.61391844     -3.05989526     -3.12926308     -3.69610632     -3.75912497     -4.36169532     -4.59218271     -4.61239886     -4.63686116     -4.77986759     -4.85836947     -5.10651086     -5.25865135     -5.44444011     -5.58717684     -5.67043795     -6.04969198     -6.12354934     -6.21174932     -6.57827478     -6.63680390     -6.87733832     -7.04480705     -7.05617891     -7.16414274     -7.21915810     -7.22637600     -7.24015965     -7.31628323     -7.34460973     -7.38300603     -7.52167465     -7.60444732     -7.67191902     -7.76553039     -7.83162787     -7.83611741     -7.93210708     -7.94294578     -8.07869567     -8.08953438     -8.18552405     -8.19001358     -8.23977874     -8.36386645     -8.46122004     -8.48931807     -8.52794283     -8.53507740     -8.54784719     -8.59731065     -8.66366912     -8.72668777     -8.91437266     -8.99759253
      2.46234211      8.97916218      8.94245923      8.71845334      8.66187388      8.59727252      8.57669317      8.57373525      8.53541786      8.45924248      8.44354910      8.32337521      8.26802096      8.09862650      8.09489637      8.05523550      8.04623017      7.99014122      7.98113590      7.94147502      7.93774489      7.79799590      7.62289020      7.57620510      7.46476190      7.41010474      7.40067696      7.32889464      7.30880821      7.28065088      7.19086460      7.10439044      7.02733292      7.01625182      6.88557275      6.52706736      6.40961666      6.30186368      6.17167753      6.04385061      5.76625060      5.76106563      5.33832309      5.19408812      4.98408731      4.90153173      4.87679981      4.76008142      4.67879546      4.45778740      4.33360875      3.61306742      3.49188660      3.33424221      3.20778618      2.70530552      2.28256298      2.23019677      2.06635724      1.93391025      1.76479552      1.01121200      0.82566920      0.42073841      0.24563271     -0.24563271     -0.42073841     -0.82566920     -1.01121200     -1.76479552     -1.93391025     -2.06635724     -2.23019677     -2.28256298     -2.70530552     -3.20778618     -3.33424221     -3.49188660     -3.61306742     -4.33360875     -4.45778740     -4.67879546     -4.76008142     -4.87679981     -4.90153173     -4.98408731     -5.19408812     -5.33832309     -5.76106563     -5.76625060     -6.04385061     -6.17167753     -6.30186368     -6.40961666     -6.52706736     -6.88557275     -7.01625182     -7.02733292     -7.10439044     -7.19086460     -7.28065088     -7.30880821     -7.32889464     -7.40067696     -7.41010474     -7.46476190     -7.57620510     -7.62289020     -7.79799590     -7.93774489     -7.94147502     -7.98113590     -7.99014122     -8.04623017     -8.05523550     -8.09489637     -8.09862650     -8.26802096     -8.32337521     -8.44354910     -8.45924248     -8.53541786     -8.57373525     -8.57669317     -8.59727252     -8.66187388     -8.71845334     -8.94245923     -8.97916218
      2.47212771      8.96401366      8.95491754      8.72152220      8.70762116      8.60340238      8.60334325      8.54115440      8.52532224      8.42440010      8.41967882      8.29528267      8.28140612      8.04017774      8.03881223      8.02965697      8.02636034      8.01341284      8.01011621      8.00096095      7.99959544      7.83081322      7.57576744      7.57436913      7.54894340      7.43749475      7.41982597      7.33185132      7.32261997      7.30307167      7.28920267      7.00068285      6.98108295      6.89640494      6.86296314      6.47398731      6.41846725      6.29498502      6.23480282      5.94346987      5.87413240      5.85500105      5.23589024      5.18619212      5.13443980      4.92979962      4.90104446      4.75074574      4.69433127      4.31205431      4.28056813      3.54144266      3.47208070      3.36107486      3.28978178      2.80433658      2.24117108      2.20052964      2.18522577      1.80435919      1.76178662      0.94657126      0.90020647      0.46585769      0.20941360     -0.20941360     -0.46585769     -0.90020647     -0.94657126     -1.76178662     -1.80435919     -2.18522577     -2.20052964     -2.24117108     -2.80433658     -3.28978178     -3.36107486     -3.47208070     -3.54144266     -4.28056813     -4.31205431     -4.69433127     -4.75074574     -4.90104446     -4.92979962     -5.13443980     -5.18619212     -5.23589024     -5.85500105     -5.87413240     -5.94346987     -6.23480282     -6.29498502     -6.41846725     -6.47398731     -6.86296314     -6.89640494     -6.98108295     -7.00068285     -7.28920267     -7.30307167     -7.32261997     -7.33185132     -7.41982597     -7.43749475     -7.54894340     -7.57436913     -7.57576744     -7.83081322     -7.99959544     -8.00096095     -8.01011621     -8.01341284     -8.02636034     -8.02965697     -8.03881223     -8.04017774     -8.28140612     -8.29528267     -8.41967882     -8.42440010     -8.52532224     -8.54115440     -8.60334325     -8.60340238     -8.70762116     -8.72152220     -8.95491754     -8.96401366
      2.48191331      8.97897486      8.92492733      8.77608653      8.69422193      8.62772186      8.62399470      8.54513620      8.44802224      8.40382730      8.37073923      8.32148658      8.23807814      8.13863606      8.12785313      8.07753276      8.05150046      7.98033671      7.95430441      7.90398404      7.89320111      7.86388935      7.67731167      7.54465058      7.52649333      7.52273948      7.46736758      7.44039876      7.36594795      7.29908986      7.15931117      6.97630424      6.90980416      6.85680305      6.70471122      6.63943232      6.41926493      6.31131142      6.11833230      6.05432879      5.95197795      5.70307579      5.38560915      5.13743191      5.10085623      5.07987547      4.93103467      4.82804574      4.48549682      4.29709312      4.10570570      3.75027711      3.51932678      3.33656445      3.09036475      2.91073091      2.42164511      2.17993733      2.09618487      1.85329877      1.59634161      1.07646277      0.79866223      0.52166949      0.18427347     -0.18427347     -0.52166949     -0.79866223     -1.07646277     -1.59634161     -1.85329877     -2.09618487     -2.17993733     -2.42164511     -2.91073091     -3.09036475     -3.33656445     -3.51932678     -3.75027711     -4.10570570     -4.29709312     -4.48549682     -4.82804574     -4.93103467     -5.07987547     -5.10085623     -5.13743191     -5.38560915     -5.70307579     -5.95197795     -6.05432879     -6.11833230     -6.31131142     -6.41926493     -6.63943232     -6.70471122     -6.85680305     -6.90980416     -6.97630424     -7.15931117     -7.29908986     -7.36594795     -7.44039876     -7.46736758     -7.52273948     -7.52649333     -7.54465058     -7.67731167     -7.86388935     -7.89320111     -7.90398404     -7.95430441     -7.98033671     -8.05150046     -8.07753276     -8.12785313     -8.13863606     -8.23807814     -8.32148658     -8.37073923     -8.40382730     -8.44802224     -8.54513620     -8.62399470     -8.62772186     -8.69422193     -8.77608653     -8.92492733     -8.97897486
      2.49169891      8.98730040      8.88927655      8.82541221      8.67829364      8.64975991      8.63545382      8.54735198      8.38188904      8.36559163      8.34655843      8.31256245      8.23284076      8.20834532      8.19351409      8.12462756      8.06549033      7.94709555      7.89713052      7.88795831      7.80424056      7.77974511      7.76910676      7.65005840      7.59702922      7.49766764      7.47939853      7.46233703      7.41051201      7.29687408      7.02079841      6.95426619      6.92573245      6.79772974      6.73190302      6.54416495      6.54194464      6.29034222      6.20590360      6.05172144      5.86870614      5.58177312      5.53116565      5.27276637      5.04322721      5.03054979      4.96668545      4.91047635      4.28876758      4.27562034      3.96015359      3.93369578      3.68209337      3.20690280      3.02418691      2.89420078      2.60726776      2.16847820      2.01569268      1.91147555      1.43804420      1.21497552      0.70686714      0.58801559      0.17028360     -0.17028360     -0.58801559     -0.70686714     -1.21497552     -1.43804420     -1.91147555     -2.01569268     -2.16847820     -2.60726776     -2.89420078     -3.02418691     -3.20690280     -3.68209337     -3.93369578     -3.96015359     -4.27562034     -4.28876758     -4.91047635     -4.96668545     -5.03054979     -5.04322721     -5.27276637     -5.53116565     -5.58177312     -5.86870614     -6.05172144     -6.20590360     -6.29034222     -6.54194464     -6.54416495     -6.73190302     -6.79772974     -6.92573245     -6.95426619     -7.02079841     -7.29687408     -7.41051201     -7.46233703     -7.47939853     -7.49766764     -7.59702922     -7.65005840     -7.76910676     -7.77974511     -7.80424056     -7.88795831     -7.89713052     -7.94709555     -8.06549033     -8.12462756     -8.19351409     -8.20834532     -8.23284076     -8.31256245     -8.34655843     -8.36559163     -8.38188904     -8.54735198     -8.63545382     -8.64975991     -8.67829364     -8.82541221     -8.88927655     -8.98730040
      2.50148451      8.98896668      8.86935941      8.84806627      8.66939493      8.65988144      8.63774727      8.54779545      8.37042714      8.35864749      8.32252481      8.28006064      8.27826407      8.24531338      8.17080788      8.14784028      8.06829029      7.93044250      7.91378356      7.85089251      7.81126597      7.75341941      7.72046873      7.70201321      7.65954904      7.48557858      7.47379893      7.45618582      7.43321822      7.29643061      6.94843084      6.94414466      6.93463116      6.87405705      6.66933106      6.60673692      6.45901206      6.37512478      6.15394879      6.10254259      5.77412798      5.67846104      5.44504274      5.35888929      5.00789573      4.99780391      4.98660259      4.95354317      4.28710129      4.17047718      4.06529675      3.84891323      3.76502594      3.14438299      3.08346330      2.79751287      2.70184592      2.16618475      1.97872462      1.94397737      1.36171689      1.28734309      0.66470793      0.62508139      0.16748365     -0.16748365     -0.62508139     -0.66470793     -1.28734309     -1.36171689     -1.94397737     -1.97872462     -2.16618475     -2.70184592     -2.79751287     -3.08346330     -3.14438299     -3.76502594     -3.84891323     -4.06529675     -4.17047718     -4.28710129     -4.95354317     -4.98660259     -4.99780391     -5.00789573     -5.35888929     -5.44504274     -5.67846104     -5.77412798     -6.10254259     -6.15394879     -6.37512478     -6.45901206     -6.60673692     -6.66933106     -6.87405705     -6.93463116     -6.94414466     -6.94843084     -7.29643061     -7.43321822     -7.45618582     -7.47379893     -7.48557858     -7.65954904     -7.70201321     -7.72046873     -7.75341941     -7.81126597     -7.85089251     -7.91378356     -7.93044250     -8.06829029     -8.14784028     -8.17080788     -8.24531338     -8.27826407     -8.28006064     -8.32252481     -8.35864749     -8.37042714     -8.54779545     -8.63774727     -8.65988144     -8.66939493     -8.84806627     -8.86935941     -8.98896668
      2.51127010      8.98396900      8.90780356      8.80141329      8.68657127      8.63903752      8.63086855      8.54646536      8.40743399      8.39302506      8.34279579      8.33416853      8.21594281      8.18628710      8.16918265      8.10118619      8.05989240      7.96373088      7.92243709      7.88049519      7.85444063      7.83733618      7.72444478      7.59759179      7.53295360      7.51005753      7.50283991      7.45120101      7.38808329      7.29776071      7.09110847      6.96498858      6.91745483      6.79440846      6.71950301      6.62386371      6.48165952      6.25837021      6.20472450      6.00152137      5.96212848      5.61719700      5.48413276      5.18673502      5.08978088      5.05454871      4.94815843      4.86863399      4.38065170      4.29209898      4.01931350      3.85512223      3.60017429      3.27097842      2.99184115      2.96659584      2.51384542      2.17306348      2.05485535      1.88124221      1.51627092      1.14466547      0.75152912      0.55353681      0.17588154     -0.17588154     -0.55353681     -0.75152912     -1.14466547     -1.51627092     -1.88124221     -2.05485535     -2.17306348     -2.51384542     -2.96659584     -2.99184115     -3.27097842     -3.60017429     -3.85512223     -4.01931350     -4.29209898     -4.38065170     -4.86863399     -4.94815843     -5.05454871     -5.08978088     -5.18673502     -5.48413276     -5.61719700     -5.96212848     -6.00152137     -6.20472450     -6.25837021     -6.48165952     -6.62386371     -6.71950301     -6.79440846     -6.91745483     -6.96498858     -7.09110847     -7.29776071     -7.38808329     -7.45120101     -7.50283991     -7.51005753     -7.53295360     -7.59759179     -7.72444478     -7.83733618     -7.85444063     -7.88049519     -7.92243709     -7.96373088     -8.05989240     -8.10118619     -8.16918265     -8.18628710     -8.21594281     -8.33416853     -8.34279579     -8.39302506     -8.40743399     -8.54646536     -8.63086855     -8.63903752     -8.68657127     -8.80141329     -8.90780356     -8.98396900
      2.52105570      8.97232151      8.94063570      8.74944987      8.70124022      8.61582096      8.61483715      8.54336547      8.48732761      8.41428812      8.39637296      8.30852156      8.25990441      8.08992144      8.08438606      8.05368406      8.04032047      7.99690128      7.98353769      7.95283569      7.94730031      7.84732478      7.62774084      7.55034204      7.53570450      7.49127229      7.42993795      7.40031764      7.34412169      7.30086060      7.22535817      6.98820514      6.91904259      6.90278587      6.78442986      6.55757442      6.36468971      6.35702539      6.14524172      6.03122684      5.90312631      5.78874117      5.28627214      5.18614654      5.10651213      5.01519086      4.91532630      4.78874037      4.59008139      4.30374647      4.19281116      3.64569255      3.43960814      3.40361438      3.18970176      2.85663171      2.33073219      2.18909488      2.13965195      1.82766504      1.67819952      1.01041576      0.84823306      0.49243621      0.19545347     -0.19545347     -0.49243621     -0.84823306     -1.01041576     -1.67819952     -1.82766504     -2.13965195     -2.18909488     -2.33073219     -2.85663171     -3.18970176     -3.40361438     -3.43960814     -3.64569255     -4.19281116     -4.30374647     -4.59008139     -4.78874037     -4.91532630     -5.01519086     -5.10651213     -5.18614654     -5.28627214     -5.78874117     -5.90312631     -6.03122684     -6.14524172     -6.35702539     -6.36468971     -6.55757442     -6.78442986     -6.90278587     -6.91904259     -6.98820514     -7.22535817     -7.30086060     -7.34412169     -7.40031764     -7.42993795     -7.49127229     -7.53570450     -7.55034204     -7.62774084     -7.84732478     -7.94730031     -7.95283569     -7.98353769     -7.99690128     -8.04032047     -8.05368406     -8.08438606     -8.08992144     -8.25990441     -8.30852156     -8.39637296     -8.41428812     -8.48732761     -8.54336547     -8.61483715     -8.61582096     -8.70124022     -8.74944987     -8.94063570     -8.97232151
      2.53084130      8.96776274      8.95405722      8.71336022      8.69232330      8.59029757      8.58969852      8.56197920      8.53850457      8.44064027      8.43415606      8.30256806      8.28177928      8.05004942      8.04832570      8.03402113      8.02985969      8.00962997      8.00546853      7.99116396      7.98944024      7.81436638      7.59855756      7.56244679      7.52142829      7.41007000      7.38335607      7.35079941      7.30572150      7.30145804      7.26201714      7.04288017      7.01372853      6.94025539      6.89066587      6.47260593      6.38873026      6.32294863      6.23318781      5.95918898      5.85512358      5.80763630      5.28662774      5.16363870      5.08544004      4.88819926      4.84474304      4.79817259      4.71408877      4.36891442      4.32201076      3.54191488      3.43760135      3.39053386      3.28378262      2.75388260      2.23287404      2.21423351      2.15302527      1.84704367      1.78339773      0.95454562      0.88497452      0.44195278      0.22614396     -0.22614396     -0.44195278     -0.88497452     -0.95454562     -1.78339773     -1.84704367     -2.15302527     -2.21423351     -2.23287404     -2.75388260     -3.28378262     -3.39053386     -3.43760135     -3.54191488     -4.32201076     -4.36891442     -4.71408877     -4.79817259     -4.84474304     -4.88819926     -5.08544004     -5.16363870     -5.28662774     -5.80763630     -5.85512358     -5.95918898     -6.23318781     -6.32294863     -6.38873026     -6.47260593     -6.89066587     -6.94025539     -7.01372853     -7.04288017     -7.26201714     -7.30145804     -7.30572150     -7.35079941     -7.38335607     -7.41007000     -7.52142829     -7.56244679     -7.59855756     -7.81436638     -7.98944024     -7.99116396     -8.00546853     -8.00962997     -8.02985969     -8.03402113     -8.04832570     -8.05004942     -8.28177928     -8.30256806     -8.43415606     -8.44064027     -8.53850457     -8.56197920     -8.58969852     -8.59029757     -8.69232330     -8.71336022     -8.95405722     -8.96776274
      2.54062690      8.98910780      8.92922792      8.72289691      8.63117717      8.63019551      8.56253970      8.55552391      8.53189644      8.47547225      8.45257256      8.34381284      8.25401748      8.14529225      8.14063996      8.07374429      8.06251268      7.96790791      7.95667630      7.88978062      7.88512834      7.78171339      7.64734980      7.59020859      7.46707661      7.40580846      7.39165351      7.31232962      7.27414905      7.26021326      7.16557017      7.11844413      7.09089857      7.04148639      6.88112919      6.58181295      6.49474549      6.21344915      6.12805728      6.11049780      5.71532204      5.67691391      5.39093964      5.22576649      5.00433544      4.88220575      4.86685420      4.67587474      4.64489081      4.54712409      4.34684006      3.68548790      3.59376815      3.23143849      3.13313943      2.65863978      2.33425738      2.24840811      2.02232478      1.98122841      1.74856576      1.07016545      0.76869733      0.40222962      0.26786603     -0.26786603     -0.40222962     -0.76869733     -1.07016545     -1.74856576     -1.98122841     -2.02232478     -2.24840811     -2.33425738     -2.65863978     -3.13313943     -3.23143849     -3.59376815     -3.68548790     -4.34684006     -4.54712409     -4.64489081     -4.67587474     -4.86685420     -4.88220575     -5.00433544     -5.22576649     -5.39093964     -5.67691391     -5.71532204     -6.11049780     -6.12805728     -6.21344915     -6.49474549     -6.58181295     -6.88112919     -7.04148639     -7.09089857     -7.11844413     -7.16557017     -7.26021326     -7.27414905     -7.31232962     -7.39165351     -7.40580846     -7.46707661     -7.59020859     -7.64734980     -7.78171339     -7.88512834     -7.88978062     -7.95667630     -7.96790791     -8.06251268     -8.07374429     -8.14063996     -8.14529225     -8.25401748     -8.34381284     -8.45257256     -8.47547225     -8.53189644     -8.55552391     -8.56253970     -8.63019551     -8.63117717     -8.72289691     -8.92922792     -8.98910780
      2.55041249      9.00461037      8.89790397      8.72982325      8.69472535      8.56324261      8.53262604      8.52355982      8.51241020      8.50077015      8.46948541      8.38352183      8.23275882      8.22951681      8.22531486      8.10259458      8.09476769      7.91527254      7.90744565      7.78052341      7.77728141      7.74945838      7.69658045      7.61891121      7.57386016      7.37474065      7.32066624      7.28676482      7.28120909      7.23593241      7.22050427      7.16396077      7.07140005      6.97000557      6.87420285      6.69200123      6.66014533      6.29486740      6.03222795      5.98930316      5.62644519      5.49878657      5.49710299      5.29271939      5.20798556      4.85135163      4.72693501      4.67714535      4.58134263      4.50906462      4.37816400      3.83392646      3.79882856      3.02778837      2.98810559      2.57117321      2.44351459      2.29152182      2.20354599      1.81582857      1.72326786      1.19476481      0.66191377      0.37337933      0.32050140     -0.32050140     -0.37337933     -0.66191377     -1.19476481     -1.72326786     -1.81582857     -2.20354599     -2.29152182     -2.44351459     -2.57117321     -2.98810559     -3.02778837     -3.79882856     -3.83392646     -4.37816400     -4.50906462     -4.58134263     -4.67714535     -4.72693501     -4.85135163     -5.20798556     -5.29271939     -5.49710299     -5.49878657     -5.62644519     -5.98930316     -6.03222795     -6.29486740     -6.66014533     -6.69200123     -6.87420285     -6.97000557     -7.07140005     -7.16396077     -7.22050427     -7.23593241     -7.28120909     -7.28676482     -7.32066624     -7.37474065     -7.57386016     -7.61891121     -7.69658045     -7.74945838     -7.77728141     -7.78052341     -7.90744565     -7.91527254     -8.09476769     -8.10259458     -8.22531486     -8.22951681     -8.23275882     -8.38352183     -8.46948541     -8.50077015     -8.51241020     -8.52355982     -8.53262604     -8.56324261     -8.69472535     -8.72982325     -8.89790397     -9.00461037
      2.56019809      9.01422651      8.86017419      8.75244362      8.73411961      8.51646226      8.51351833      8.50064138      8.49165438      8.48484668      8.46047960      8.42158246      8.31470432      8.31220120      8.19575278      8.12653329      8.12049022      7.85791614      7.85187307      7.74610995      7.71769277      7.67084739      7.66620516      7.66370204      7.64847329      7.40612057      7.37494579      7.35937938      7.33070773      7.18244363      7.14798338      7.10338472      7.05310358      6.86990648      6.81867929      6.81712223      6.80285841      6.45914649      5.86994741      5.84558033      5.60986281      5.54125768      5.40854568      5.36430762      5.31620050      4.90783750      4.84173549      4.52362436      4.47084010      4.41589379      4.34478553      4.00513380      3.98680980      2.84909221      2.82722826      2.56033596      2.49173083      2.39019360      2.34345242      1.70757574      1.65729461      1.32799052      0.56492655      0.38390086      0.35548369     -0.35548369     -0.38390086     -0.56492655     -1.32799052     -1.65729461     -1.70757574     -2.34345242     -2.39019360     -2.49173083     -2.56033596     -2.82722826     -2.84909221     -3.98680980     -4.00513380     -4.34478553     -4.41589379     -4.47084010     -4.52362436     -4.84173549     -4.90783750     -5.31620050     -5.36430762     -5.40854568     -5.54125768     -5.60986281     -5.84558033     -5.86994741     -6.45914649     -6.80285841     -6.81712223     -6.81867929     -6.86990648     -7.05310358     -7.10338472     -7.14798338     -7.18244363     -7.33070773     -7.35937938     -7.37494579     -7.40612057     -7.64847329     -7.66370204     -7.66620516     -7.67084739     -7.71769277     -7.74610995     -7.85187307     -7.85791614     -8.12049022     -8.12653329     -8.19575278     -8.31220120     -8.31470432     -8.42158246     -8.46047960     -8.48484668     -8.49165438     -8.50064138     -8.51351833     -8.51646226     -8.73411961     -8.75244362     -8.86017419     -9.01422651
      2.56998369      9.01792896      8.81614550      8.80416836      8.73577382      8.52250411      8.50180044      8.49861282      8.46667638      8.45788686      8.41563375      8.39987931      8.39596101      8.38339420      8.16541504      8.15771944      8.12738048      7.80822817      7.79579792      7.77788921      7.75776336      7.68650662      7.67881103      7.55221445      7.53964764      7.52329909      7.50754466      7.34561325      7.34242563      7.14613923      7.13734972      7.00650897      6.96989801      6.94189172      6.91407027      6.86825228      6.66022747      6.62042889      5.75276889      5.72385352      5.65403539      5.60544728      5.46000099      5.44032825      5.13471924      5.08931876      4.83803304      4.47189962      4.45992248      4.26387481      4.21209909      4.18350313      4.14370455      2.71649334      2.68439036      2.63032665      2.58173855      2.42053782      2.40405271      1.70153389      1.50607590      1.46946493      0.47801057      0.45788472      0.34859342     -0.34859342     -0.45788472     -0.47801057     -1.46946493     -1.50607590     -1.70153389     -2.40405271     -2.42053782     -2.58173855     -2.63032665     -2.68439036     -2.71649334     -4.14370455     -4.18350313     -4.21209909     -4.26387481     -4.45992248     -4.47189962     -4.83803304     -5.08931876     -5.13471924     -5.44032825     -5.46000099     -5.60544728     -5.65403539     -5.72385352     -5.75276889     -6.62042889     -6.66022747     -6.86825228     -6.91407027     -6.94189172     -6.96989801     -7.00650897     -7.13734972     -7.14613923     -7.34242563     -7.34561325     -7.50754466     -7.52329909     -7.53964764     -7.55221445     -7.67881103     -7.68650662     -7.75776336     -7.77788921     -7.79579792     -7.80822817     -8.12738048     -8.15771944     -8.16541504     -8.38339420     -8.39596101     -8.39987931     -8.41563375     -8.45788686     -8.46667638     -8.49861282     -8.50180044     -8.52250411     -8.73577382     -8.80416836     -8.81614550     -9.01792896
      2.57976929      9.01570723      8.84975296      8.76594272      8.73478118      8.51887857      8.51074480      8.49233212      8.48843936      8.47305655      8.44613602      8.43082732      8.33539620      8.33078111      8.18823774      8.13438763      8.12324583      7.84550351      7.83436171      7.75852259      7.70983843      7.69353068      7.65598833      7.63796823      7.63335314      7.43563240      7.40871187      7.35578670      7.33348126      7.17319878      7.11337282      7.11169398      7.02532157      6.86924492      6.85718689      6.83064043      6.77825742      6.49976604      5.84043558      5.79813224      5.63809975      5.52056580      5.45813606      5.38290545      5.27086437      4.95317363      4.84025477      4.51012526      4.42631501      4.41913776      4.30416598      4.05683614      4.02567460      2.81532613      2.77763788      2.59068486      2.47315091      2.43764170      2.35779600      1.70515943      1.61878702      1.36260108      0.54224325      0.40141223      0.35272807     -0.35272807     -0.40141223     -0.54224325     -1.36260108     -1.61878702     -1.70515943     -2.35779600     -2.43764170     -2.47315091     -2.59068486     -2.77763788     -2.81532613     -4.02567460     -4.05683614     -4.30416598     -4.41913776     -4.42631501     -4.51012526     -4.84025477     -4.95317363     -5.27086437     -5.38290545     -5.45813606     -5.52056580     -5.63809975     -5.79813224     -5.84043558     -6.49976604     -6.77825742     -6.83064043     -6.85718689     -6.86924492     -7.02532157     -7.11169398     -7.11337282     -7.17319878     -7.33348126     -7.35578670     -7.40871187     -7.43563240     -7.63335314     -7.63796823     -7.65598833     -7.69353068     -7.70983843     -7.75852259     -7.83436171     -7.84550351     -8.12324583     -8.13438763     -8.18823774     -8.33078111     -8.33539620     -8.43082732     -8.44613602     -8.47305655     -8.48843936     -8.49233212     -8.51074480     -8.51887857     -8.73478118     -8.76594272     -8.84975296     -9.01570723
      2.58955489      9.00756761      8.88906821      8.73114451      8.70970815      8.54577241      8.52482059      8.52120825      8.50559592      8.50024881      8.47347297      8.39319581      8.25338087      8.25116918      8.21800168      8.10809800      8.10275851      7.90042530      7.89508582      7.75201464      7.74980295      7.74146755      7.70894028      7.62622439      7.59903660      7.37075310      7.32301782      7.31678947      7.27126587      7.24869704      7.21083028      7.13629694      7.07920551      6.93218471      6.87288159      6.71966506      6.70044039      6.33619278      5.98605435      5.95927851      5.60479282      5.52626503      5.45195971      5.31018959      5.25843765      4.84839439      4.77207829      4.62566295      4.56635983      4.46773925      4.38699977      3.87174732      3.85031096      2.97733629      2.95277213      2.55055115      2.47202337      2.30368321      2.24971958      1.77553351      1.71844208      1.22727686      0.63673734      0.36787590      0.33534863     -0.33534863     -0.36787590     -0.63673734     -1.22727686     -1.71844208     -1.77553351     -2.24971958     -2.30368321     -2.47202337     -2.55055115     -2.95277213     -2.97733629     -3.85031096     -3.87174732     -4.38699977     -4.46773925     -4.56635983     -4.62566295     -4.77207829     -4.84839439     -5.25843765     -5.31018959     -5.45195971     -5.52626503     -5.60479282     -5.95927851     -5.98605435     -6.33619278     -6.70044039     -6.71966506     -6.87288159     -6.93218471     -7.07920551     -7.13629694     -7.21083028     -7.24869704     -7.27126587     -7.31678947     -7.32301782     -7.37075310     -7.59903660     -7.62622439     -7.70894028     -7.74146755     -7.74980295     -7.75201464     -7.89508582     -7.90042530     -8.10275851     -8.10809800     -8.21800168     -8.25116918     -8.25338087     -8.39319581     -8.47347297     -8.50024881     -8.50559592     -8.52120825     -8.52482059     -8.54577241     -8.70970815     -8.73114451     -8.88906821     -9.00756761
      2.59934048      8.99353318      8.92200265      8.72487411      8.64760119      8.61390246      8.55526018      8.54557918      8.52997350      8.48269381      8.45694369      8.35388854      8.24692689      8.16789798      8.16319145      8.08197991      8.07061733      7.95576688      7.94440430      7.86319277      7.85848624      7.77360873      7.65962179      7.59729918      7.49467482      7.38728238      7.37548708      7.31425257      7.25013756      7.24668181      7.19602253      7.12769925      7.08177442      7.04876591      6.87915199      6.60928019      6.53671381      6.16997134      6.16868095      6.08004545      5.69277055      5.63209146      5.41758174      5.24205954      5.05550622      4.86242882      4.83108922      4.63396068      4.62846678      4.59194654      4.35406533      3.72215760      3.64488469      3.18026771      3.09633875      2.63603404      2.36084523      2.25835284      2.06709299      1.93926009      1.74134420      1.10048683      0.74109912      0.39399399      0.28000705     -0.28000705     -0.39399399     -0.74109912     -1.10048683     -1.74134420     -1.93926009     -2.06709299     -2.25835284     -2.36084523     -2.63603404     -3.09633875     -3.18026771     -3.64488469     -3.72215760     -4.35406533     -4.59194654     -4.62846678     -4.63396068     -4.83108922     -4.86242882     -5.05550622     -5.24205954     -5.41758174     -5.63209146     -5.69277055     -6.08004545     -6.16868095     -6.16997134     -6.53671381     -6.60928019     -6.87915199     -7.04876591     -7.08177442     -7.12769925     -7.19602253     -7.24668181     -7.25013756     -7.31425257     -7.37548708     -7.38728238     -7.49467482     -7.59729918     -7.65962179     -7.77360873     -7.85848624     -7.86319277     -7.94440430     -7.95576688     -8.07061733     -8.08197991     -8.16319145     -8.16789798     -8.24692689     -8.35388854     -8.45694369     -8.48269381     -8.52997350     -8.54557918     -8.55526018     -8.61390246     -8.64760119     -8.72487411     -8.92200265     -8.99353318
      2.60912608      8.97364371      8.94846293      8.71598776      8.67725358      8.58356462      8.58199864      8.57979790      8.53701569      8.45023715      8.43889837      8.31301691      8.27493138      8.07457476      8.07171237      8.04496561      8.03805520      8.00022958      7.99331917      7.96657241      7.96371002      7.80617086      7.61070693      7.56929469      7.49338353      7.40532770      7.38074117      7.35616329      7.30721037      7.29100918      7.22660254      7.07367391      7.02046148      6.97841897      6.88803834      6.49979871      6.36647123      6.34549434      6.20239407      6.00157292      5.81074900      5.78424963      5.31235795      5.17870842      5.03483428      4.88231829      4.84991702      4.80235910      4.69627007      4.41328900      4.32760504      3.57732949      3.44113963      3.38585692      3.24561903      2.72935727      2.25746559      2.22193338      2.10950267      1.89027959      1.77380086      0.98259038      0.85503277      0.43100829      0.23554436     -0.23554436     -0.43100829     -0.85503277     -0.98259038     -1.77380086     -1.89027959     -2.10950267     -2.22193338     -2.25746559     -2.72935727     -3.24561903     -3.38585692     -3.44113963     -3.57732949     -4.32760504     -4.41328900     -4.69627007     -4.80235910     -4.84991702     -4.88231829     -5.03483428     -5.17870842     -5.31235795     -5.78424963     -5.81074900     -6.00157292     -6.20239407     -6.34549434     -6.36647123     -6.49979871     -6.88803834     -6.97841897     -7.02046148     -7.07367391     -7.22660254     -7.29100918     -7.30721037     -7.35616329     -7.38074117     -7.40532770     -7.49338353     -7.56929469     -7.61070693     -7.80617086     -7.96371002     -7.96657241     -7.99331917     -8.00022958     -8.03805520     -8.04496561     -8.07171237     -8.07457476     -8.27493138     -8.31301691     -8.43889837     -8.45023715     -8.53701569     -8.57979790     -8.58199864     -8.58356462     -8.67725358     -8.71598776     -8.94846293     -8.97364371
      2.61891168      8.96837406      8.94795559      8.73564620      8.70451065      8.60965366      8.60940395      8.54231488      8.50649047      8.41938817      8.40831794      8.30193577      8.27069679      8.06517603      8.06186050      8.04169175      8.03368735      8.00516442      7.99716002      7.97699126      7.97367573      7.83906165      7.60205220      7.56233435      7.54229030      7.46443105      7.42483790      7.36625852      7.33332931      7.30191118      7.25755860      6.99437244      6.95009042      6.89951544      6.82384817      6.51599334      6.39153095      6.32597756      6.19019524      5.98742592      5.87897074      5.83147484      5.23632059      5.21089194      5.12031580      4.97245718      4.90800641      4.76957751      4.64225279      4.30769392      4.23661208      3.59352114      3.43767350      3.40018983      3.23965332      2.83025629      2.28577867      2.19452807      2.16217750      1.81572006      1.71978059      0.97821534      0.87392170      0.47881388      0.20208659     -0.20208659     -0.47881388     -0.87392170     -0.97821534     -1.71978059     -1.81572006     -2.16217750     -2.19452807     -2.28577867     -2.83025629     -3.23965332     -3.40018983     -3.43767350     -3.59352114     -4.23661208     -4.30769392     -4.64225279     -4.76957751     -4.90800641     -4.97245718     -5.12031580     -5.21089194     -5.23632059     -5.83147484     -5.87897074     -5.98742592     -6.19019524     -6.32597756     -6.39153095     -6.51599334     -6.82384817     -6.89951544     -6.95009042     -6.99437244     -7.25755860     -7.30191118     -7.33332931     -7.36625852     -7.42483790     -7.46443105     -7.54229030     -7.56233435     -7.60205220     -7.83906165     -7.97367573     -7.97699126     -7.99716002     -8.00516442     -8.03368735     -8.04169175     -8.06186050     -8.06517603     -8.27069679     -8.30193577     -8.40831794     -8.41938817     -8.50649047     -8.54231488     -8.60940395     -8.60965366     -8.70451065     -8.73564620     -8.94795559     -8.96837406
      2.62869728      8.98167958      8.91654163      8.78891479      8.69047532      8.63345335      8.62771743      8.54585604      8.42788670      8.39846838      8.35705503      8.32786351      8.22704813      8.16259666      8.14878695      8.08938494      8.05604536      7.97203822      7.93869864      7.87929662      7.87218785      7.86548692      7.70118507      7.57117818      7.51636256      7.51464116      7.50034651      7.44575768      7.37697796      7.29837002      7.12547629      6.97057274      6.91355078      6.82562237      6.67969465      6.66442501      6.45044560      6.28478382      6.16162140      6.00838549      5.97666538      5.66015927      5.43497701      5.14377275      5.11347132      5.06704721      4.93942037      4.84818128      4.43310219      4.29438840      4.06241660      3.80267174      3.55961299      3.30358552      3.04099689      2.93844511      2.46758841      2.17621460      2.07525105      1.86698298      1.55607929      1.11029764      0.77478884      0.53727526      0.17972858     -0.17972858     -0.53727526     -0.77478884     -1.11029764     -1.55607929     -1.86698298     -2.07525105     -2.17621460     -2.46758841     -2.93844511     -3.04099689     -3.30358552     -3.55961299     -3.80267174     -4.06241660     -4.29438840     -4.43310219     -4.84818128     -4.93942037     -5.06704721     -5.11347132     -5.14377275     -5.43497701     -5.66015927     -5.97666538     -6.00838549     -6.16162140     -6.28478382     -6.45044560     -6.66442501     -6.67969465     -6.82562237     -6.91355078     -6.97057274     -7.12547629     -7.29837002     -7.37697796     -7.44575768     -7.50034651     -7.51464116     -7.51636256     -7.57117818     -7.70118507     -7.86548692     -7.87218785     -7.87929662     -7.93869864     -7.97203822     -8.05604536     -8.08938494     -8.14878695     -8.16259666     -8.22704813     -8.32786351     -8.35705503     -8.39846838     -8.42788670     -8.54585604     -8.62771743     -8.63345335     -8.69047532     -8.78891479     -8.91654163     -8.98167958
      2.63848287      8.98834178      8.87949089      8.83690837      8.67392154      8.65489624      8.63688716      8.54762914      8.37619832      8.35264110      8.34420939      8.29659370      8.25569574      8.22710535      8.18219467      8.13626354      8.06724023      7.93877050      7.90545556      7.86974719      7.79050112      7.77890538      7.75031499      7.67610209      7.62848640      7.49158496      7.46802774      7.46776256      7.42183143      7.29659693      6.98486865      6.94912985      6.93010456      6.83613423      6.70062259      6.57544539      6.50060138      6.33284167      6.17985991      6.07705662      5.82155737      5.63024043      5.48811183      5.31582019      5.02037224      5.01905363      4.97647111      4.93185859      4.28772620      4.22305808      4.01271585      3.89119633      3.72343662      3.17544562      3.05361704      2.84573347      2.65441654      2.16704486      1.99693265      1.92744430      1.39963970      1.25090529      0.68547278      0.60622671      0.16853371     -0.16853371     -0.60622671     -0.68547278     -1.25090529     -1.39963970     -1.92744430     -1.99693265     -2.16704486     -2.65441654     -2.84573347     -3.05361704     -3.17544562     -3.72343662     -3.89119633     -4.01271585     -4.22305808     -4.28772620     -4.93185859     -4.97647111     -5.01905363     -5.02037224     -5.31582019     -5.48811183     -5.63024043     -5.82155737     -6.07705662     -6.17985991     -6.33284167     -6.50060138     -6.57544539     -6.70062259     -6.83613423     -6.93010456     -6.94912985     -6.98486865     -7.29659693     -7.42183143     -7.46776256     -7.46802774     -7.49158496     -7.62848640     -7.67610209     -7.75031499     -7.77890538     -7.79050112     -7.86974719     -7.90545556     -7.93877050     -8.06724023     -8.13626354     -8.18219467     -8.22710535     -8.25569574     -8.29659370     -8.34420939     -8.35264110     -8.37619832     -8.54762914     -8.63688716     -8.65489624     -8.67392154     -8.83690837     -8.87949089     -8.98834178
      2.64826847      8.98834178      8.87949089      8.83690837      8.67392154      8.65489624      8.63688716      8.54762914      8.37619832      8.35264110      8.34420939      8.29659370      8.25569574      8.22710535      8.18219467      8.13626354      8.06724023      7.93877050      7.90545556      7.86974719      7.79050112      7.77890538      7.75031499      7.67610209      7.62848640      7.49158496      7.46802774      7.46776256      7.42183143      7.29659693      6.98486865      6.94912985      6.93010456      6.83613423      6.70062259      6.57544539      6.50060138      6.33284167      6.17985991      6.07705662      5.82155737      5.63024043      5.48811183      5.31582019      5.02037224      5.01905363      4.97647111      4.93185859      4.28772620      4.22305808      4.01271585      3.89119633      3.72343662      3.17544562      3.05361704      2.84573347      2.65441654      2.16704486      1.99693265      1.92744430      1.39963970      1.25090529      0.68547278      0.60622671      0.16853371     -0.16853371     -0.60622671     -0.68547278     -1.25090529     -1.39963970     -1.92744430     -1.99693265     -2.16704486     -2.65441654     -2.84573347     -3.05361704     -3.17544562     -3.72343662     -3.89119633     -4.01271585     -4.22305808     -4.28772620     -4.93185859     -4.97647111     -5.01905363     -5.02037224     -5.31582019     -5.48811183     -5.63024043     -5.82155737     -6.07705662     -6.17985991     -6.33284167     -6.50060138     -6.57544539     -6.70062259     -6.83613423     -6.93010456     -6.94912985     -6.98486865     -7.29659693     -7.42183143     -7.46776256     -7.46802774     -7.49158496     -7.62848640     -7.67610209     -7.75031499     -7.77890538     -7.79050112     -7.86974719     -7.90545556     -7.93877050     -8.06724023     -8.13626354     -8.18219467     -8.22710535     -8.25569574     -8.29659370     -8.34420939     -8.35264110     -8.37619832     -8.54762914     -8.63688716     -8.65489624     -8.67392154     -8.83690837     -8.87949089     -8.98834178
      2.65805407      8.98167958      8.91654163      8.78891479      8.69047532      8.63345335      8.62771743      8.54585604      8.42788670      8.39846838      8.35705503      8.32786351      8.22704813      8.16259666      8.14878695      8.08938494      8.05604536      7.97203822      7.93869864      7.87929662      7.87218785      7.86548692      7.70118507      7.57117818      7.51636256      7.51464116      7.50034651      7.44575768      7.37697796      7.29837002      7.12547629      6.97057274      6.91355078      6.82562237      6.67969465      6.66442501      6.45044560      6.28478382      6.16162140      6.00838549      5.97666538      5.66015927      5.43497701      5.14377275      5.11347132      5.06704721      4.93942037      4.84818128      4.43310219      4.29438840      4.06241660      3.80267174      3.55961299      3.30358552      3.04099689      2.93844511      2.46758841      2.17621460      2.07525105      1.86698298      1.55607929      1.11029764      0.77478884      0.53727526      0.17972858     -0.17972858     -0.53727526     -0.77478884     -1.11029764     -1.55607929     -1.86698298     -2.07525105     -2.17621460     -2.46758841     -2.93844511     -3.04099689     -3.30358552     -3.55961299     -3.80267174     -4.06241660     -4.29438840     -4.43310219     -4.84818128     -4.93942037     -5.06704721     -5.11347132     -5.14377275     -5.43497701     -5.66015927     -5.97666538     -6.00838549     -6.16162140     -6.28478382     -6.45044560     -6.66442501     -6.67969465     -6.82562237     -6.91355078     -6.97057274     -7.12547629     -7.29837002     -7.37697796     -7.44575768     -7.50034651     -7.51464116     -7.51636256     -7.57117818     -7.70118507     -7.86548692     -7.87218785     -7.87929662     -7.93869864     -7.97203822     -8.05604536     -8.08938494     -8.14878695     -8.16259666     -8.22704813     -8.32786351     -8.35705503     -8.39846838     -8.42788670     -8.54585604     -8.62771743     -8.63345335     -8.69047532     -8.78891479     -8.91654163     -8.98167958
      2.66783967      8.96837406      8.94795559      8.73564620      8.70451065      8.60965366      8.60940395      8.54231488      8.50649047      8.41938817      8.40831794      8.30193577      8.27069679      8.06517603      8.06186050      8.04169175      8.03368735      8.00516442      7.99716002      7.97699126      7.97367573      7.83906165      7.60205220      7.56233435      7.54229030      7.46443105      7.42483790      7.36625852      7.33332931      7.30191118      7.25755860      6.99437244      6.95009042      6.89951544      6.82384817      6.51599334      6.39153095      6.32597756      6.19019524      5.98742592      5.87897074      5.83147484      5.23632059      5.21089194      5.12031580      4.97245718      4.90800641      4.76957751      4.64225279      4.30769392      4.23661208      3.59352114      3.43767350      3.40018983      3.23965332      2.83025629      2.28577867      2.19452807      2.16217750      1.81572006      1.71978059      0.97821534      0.87392170      0.47881388      0.20208659     -0.20208659     -0.47881388     -0.87392170     -0.97821534     -1.71978059     -1.81572006     -2.16217750     -2.19452807     -2.28577867     -2.83025629     -3.23965332     -3.40018983     -3.43767350     -3.59352114     -4.23661208     -4.30769392     -4.64225279     -4.76957751     -4.90800641     -4.97245718     -5.12031580     -5.21089194     -5.23632059     -5.83147484     -5.87897074     -5.98742592     -6.19019524     -6.32597756     -6.39153095     -6.51599334     -6.82384817     -6.89951544     -6.95009042     -6.99437244     -7.25755860     -7.30191118     -7.33332931     -7.36625852     -7.42483790     -7.46443105     -7.54229030     -7.56233435     -7.60205220     -7.83906165     -7.97367573     -7.97699126     -7.99716002     -8.00516442     -8.03368735     -8.04169175     -8.06186050     -8.06517603     -8.27069679     -8.30193577     -8.40831794     -8.41938817     -8.50649047     -8.54231488     -8.60940395     -8.60965366     -8.70451065     -8.73564620     -8.94795559     -8.96837406
      2.67762527      8.97364371      8.94846293      8.71598776      8.67725358      8.58356462      8.58199864      8.57979790      8.53701569      8.45023715      8.43889837      8.31301691      8.27493138      8.07457476      8.07171237      8.04496561      8.03805520      8.00022958      7.99331917      7.96657241      7.96371002      7.80617086      7.61070693      7.56929469      7.49338353      7.40532770      7.38074117      7.35616329      7.30721037      7.29100918      7.22660254      7.07367391      7.02046148      6.97841897      6.88803834      6.49979871      6.36647123      6.34549434      6.20239407      6.00157292      5.81074900      5.78424963      5.31235795      5.17870842      5.03483428      4.88231829      4.84991702      4.80235910      4.69627007      4.41328900      4.32760504      3.57732949      3.44113963      3.38585692      3.24561903      2.72935727      2.25746559      2.22193338      2.10950267      1.89027959      1.77380086      0.98259038      0.85503277      0.43100829      0.23554436     -0.23554436     -0.43100829     -0.85503277     -0.98259038     -1.77380086     -1.89027959     -2.10950267     -2.22193338     -2.25746559     -2.72935727     -3.24561903     -3.38585692     -3.44113963     -3.57732949     -4.32760504     -4.41328900     -4.69627007     -4.80235910     -4.84991702     -4.88231829     -5.03483428     -5.17870842     -5.31235795     -5.78424963     -5.81074900     -6.00157292     -6.20239407     -6.34549434     -6.36647123     -6.49979871     -6.88803834     -6.97841897     -7.02046148     -7.07367391     -7.22660254     -7.29100918     -7.30721037     -7.35616329     -7.38074117     -7.40532770     -7.49338353     -7.56929469     -7.61070693     -7.80617086     -7.96371002     -7.96657241     -7.99331917     -8.00022958     -8.03805520     -8.04496561     -8.07171237     -8.07457476     -8.27493138     -8.31301691     -8.43889837     -8.45023715     -8.53701569     -8.57979790     -8.58199864     -8.58356462     -8.67725358     -8.71598776     -8.94846293     -8.97364371
      2.68741086      8.99353318      8.92200265      8.72487411      8.64760119      8.61390246      8.55526018      8.54557918      8.52997350      8.48269381      8.45694369      8.35388854      8.24692689      8.16789798      8.16319145      8.08197991      8.07061733      7.95576688      7.94440430      7.86319277      7.85848624      7.77360873      7.65962179      7.59729918      7.49467482      7.38728238      7.37548708      7.31425257      7.25013756      7.24668181      7.19602253      7.12769925      7.08177442      7.04876591      6.87915199      6.60928019      6.53671381      6.16997134      6.16868095      6.08004545      5.69277055      5.63209146      5.41758174      5.24205954      5.05550622      4.86242882      4.83108922      4.63396068      4.62846678      4.59194654      4.35406533      3.72215760      3.64488469      3.18026771      3.09633875      2.63603404      2.36084523      2.25835284      2.06709299      1.93926009      1.74134420      1.10048683      0.74109912      0.39399399      0.28000705     -0.28000705     -0.39399399     -0.74109912     -1.10048683     -1.74134420     -1.93926009     -2.06709299     -2.25835284     -2.36084523     -2.63603404     -3.09633875     -3.18026771     -3.64488469     -3.72215760     -4.35406533     -4.59194654     -4.62846678     -4.63396068     -4.83108922     -4.86242882     -5.05550622     -5.24205954     -5.41758174     -5.63209146     -5.69277055     -6.08004545     -6.16868095     -6.16997134     -6.53671381     -6.60928019     -6.87915199     -7.04876591     -7.08177442     -7.12769925     -7.19602253     -7.24668181     -7.25013756     -7.31425257     -7.37548708     -7.38728238     -7.49467482     -7.59729918     -7.65962179     -7.77360873     -7.85848624     -7.86319277     -7.94440430     -7.95576688     -8.07061733     -8.08197991     -8.16319145     -8.16789798     -8.24692689     -8.35388854     -8.45694369     -8.48269381     -8.52997350     -8.54557918     -8.55526018     -8.61390246     -8.64760119     -8.72487411     -8.92200265     -8.99353318
      2.69719646      9.00756761      8.88906821      8.73114451      8.70970815      8.54577241      8.52482059      8.52120825      8.50559592      8.50024881      8.47347297      8.39319581      8.25338087      8.25116918      8.21800168      8.10809800      8.10275851      7.90042530      7.89508582      7.75201464      7.74980295      7.74146755      7.70894028      7.62622439      7.59903660      7.37075310      7.32301782      7.31678947      7.27126587      7.24869704      7.21083028      7.13629694      7.07920551      6.93218471      6.87288159      6.71966506      6.70044039      6.33619278      5.98605435      5.95927851      5.60479282      5.52626503      5.45195971      5.31018959      5.25843765      4.84839439      4.77207829      4.62566295      4.56635983      4.46773925      4.38699977      3.87174732      3.85031096      2.97733629      2.95277213      2.55055115      2.47202337      2.30368321      2.24971958      1.77553351      1.71844208      1.22727686      0.63673734      0.36787590      0.33534863     -0.33534863     -0.36787590     -0.63673734     -1.22727686     -1.71844208     -1.77553351     -2.24971958     -2.30368321     -2.47202337     -2.55055115     -2.95277213     -2.97733629     -3.85031096     -3.87174732     -4.38699977     -4.46773925     -4.56635983     -4.62566295     -4.77207829     -4.84839439     -5.25843765     -5.31018959     -5.45195971     -5.52626503     -5.60479282     -5.95927851     -5.98605435     -6.33619278     -6.70044039     -6.71966506     -6.87288159     -6.93218471     -7.07920551     -7.13629694     -7.21083028     -7.24869704     -7.27126587     -7.31678947     -7.32301782     -7.37075310     -7.59903660     -7.62622439     -7.70894028     -7.74146755     -7.74980295     -7.75201464     -7.89508582     -7.90042530     -8.10275851     -8.10809800     -8.21800168     -8.25116918     -8.25338087     -8.39319581     -8.47347297     -8.50024881     -8.50559592     -8.52120825     -8.52482059     -8.54577241     -8.70970815     -8.73114451     -8.88906821     -9.00756761
      2.70698206      9.01570723      8.84975296      8.76594272      8.73478118      8.51887857      8.51074480      8.49233212      8.48843936      8.47305655      8.44613602      8.43082732      8.33539620      8.33078111      8.18823774      8.13438763      8.12324583      7.84550351      7.83436171      7.75852259      7.70983843      7.69353068      7.65598833      7.63796823      7.63335314      7.43563240      7.40871187      7.35578670      7.33348126      7.17319878      7.11337282      7.11169398      7.02532157      6.86924492      6.85718689      6.83064043      6.77825742      6.49976604      5.84043558      5.79813224      5.63809975      5.52056580      5.45813606      5.38290545      5.27086437      4.95317363      4.84025477      4.51012526      4.42631501      4.41913776      4.30416598      4.05683614      4.02567460      2.81532613      2.77763788      2.59068486      2.47315091      2.43764170      2.35779600      1.70515943      1.61878702      1.36260108      0.54224325      0.40141223      0.35272807     -0.35272807     -0.40141223     -0.54224325     -1.36260108     -1.61878702     -1.70515943     -2.35779600     -2.43764170     -2.47315091     -2.59068486     -2.77763788     -2.81532613     -4.02567460     -4.05683614     -4.30416598     -4.41913776     -4.42631501     -4.51012526     -4.84025477     -4.95317363     -5.27086437     -5.38290545     -5.45813606     -5.52056580     -5.63809975     -5.79813224     -5.84043558     -6.49976604     -6.77825742     -6.83064043     -6.85718689     -6.86924492     -7.02532157     -7.11169398     -7.11337282     -7.17319878     -7.33348126     -7.35578670     -7.40871187     -7.43563240     -7.63335314     -7.63796823     -7.65598833     -7.69353068     -7.70983843     -7.75852259     -7.83436171     -7.84550351     -8.12324583     -8.13438763     -8.18823774     -8.33078111     -8.33539620     -8.43082732     -8.44613602     -8.47305655     -8.48843936     -8.49233212     -8.51074480     -8.51887857     -8.73478118     -8.76594272     -8.84975296     -9.01570723
      2.71676766      9.01792896      8.81614550      8.80416836      8.73577382      8.52250411      8.50180044      8.49861282      8.46667638      8.45788686      8.41563375      8.39987931      8.39596101      8.38339420      8.16541504      8.15771944      8.12738048      7.80822817      7.79579792      7.77788921      7.75776336      7.68650662      7.67881103      7.55221445      7.53964764      7.52329909      7.50754466      7.34561325      7.34242563      7.14613923      7.13734972      7.00650897      6.96989801      6.94189172      6.91407027      6.86825228      6.66022747      6.62042889      5.75276889      5.72385352      5.65403539      5.60544728      5.46000099      5.44032825      5.13471924      5.08931876      4.83803304      4.47189962      4.45992248      4.26387481      4.21209909      4.18350313      4.14370455      2.71649334      2.68439036      2.63032665      2.58173855      2.42053782      2.40405271      1.70153389      1.50607590      1.46946493      0.47801057      0.45788472      0.34859342     -0.34859342     -0.45788472     -0.47801057     -1.46946493     -1.50607590     -1.70153389     -2.40405271     -2.42053782     -2.58173855     -2.63032665     -2.68439036     -2.71649334     -4.14370455     -4.18350313     -4.21209909     -4.26387481     -4.45992248     -4.47189962     -4.83803304     -5.08931876     -5.13471924     -5.44032825     -5.46000099     -5.60544728     -5.65403539     -5.72385352     -5.75276889     -6.62042889     -6.66022747     -6.86825228     -6.91407027     -6.94189172     -6.96989801     -7.00650897     -7.13734972     -7.14613923     -7.34242563     -7.34561325     -7.50754466     -7.52329909     -7.53964764     -7.55221445     -7.67881103     -7.68650662     -7.75776336     -7.77788921     -7.79579792     -7.80822817     -8.12738048     -8.15771944     -8.16541504     -8.38339420     -8.39596101     -8.39987931     -8.41563375     -8.45788686     -8.46667638     -8.49861282     -8.50180044     -8.52250411     -8.73577382     -8.80416836     -8.81614550     -9.01792896
      2.72655325      9.01422651      8.86017419      8.75244362      8.73411961      8.51646226      8.51351833      8.50064138      8.49165438      8.48484668      8.46047960      8.42158246      8.31470432      8.31220120      8.19575278      8.12653329      8.12049022      7.85791614      7.85187307      7.74610995      7.71769277      7.67084739      7.66620516      7.66370204      7.64847329      7.40612057      7.37494579      7.35937938      7.33070773      7.18244363      7.14798338      7.10338472      7.05310358      6.86990648      6.81867929      6.81712223      6.80285841      6.45914649      5.86994741      5.84558033      5.60986281      5.54125768      5.40854568      5.36430762      5.31620050      4.90783750      4.84173549      4.52362436      4.47084010      4.41589379      4.34478553      4.00513380      3.98680980      2.84909221      2.82722826      2.56033596      2.49173083      2.39019360      2.34345242      1.70757574      1.65729461      1.32799052      0.56492655      0.38390086      0.35548369     -0.35548369     -0.38390086     -0.56492655     -1.32799052     -1.65729461     -1.70757574     -2.34345242     -2.39019360     -2.49173083     -2.56033596     -2.82722826     -2.84909221     -3.98680980     -4.00513380     -4.34478553     -4.41589379     -4.47084010     -4.52362436     -4.84173549     -4.90783750     -5.31620050     -5.36430762     -5.40854568     -5.54125768     -5.60986281     -5.84558033     -5.86994741     -6.45914649     -6.80285841     -6.81712223     -6.81867929     -6.86990648     -7.05310358     -7.10338472     -7.14798338     -7.18244363     -7.33070773     -7.35937938     -7.37494579     -7.40612057     -7.64847329     -7.66370204     -7.66620516     -7.67084739     -7.71769277     -7.74610995     -7.85187307     -7.85791614     -8.12049022     -8.12653329     -8.19575278     -8.31220120     -8.31470432     -8.42158246     -8.46047960     -8.48484668     -8.49165438     -8.50064138     -8.51351833     -8.51646226     -8.73411961     -8.75244362     -8.86017419     -9.01422651
      2.73633885      9.00461037      8.89790397      8.72982325      8.69472535      8.56324261      8.53262604      8.52355982      8.51241020      8.50077015      8.46948541      8.38352183      8.23275882      8.22951681      8.22531486      8.10259458      8.09476769      7.91527254      7.90744565      7.78052341      7.77728141      7.74945838      7.69658045      7.61891121      7.57386016      7.37474065      7.32066624      7.28676482      7.28120909      7.23593241      7.22050427      7.16396077      7.07140005      6.97000557      6.87420285      6.69200123      6.66014533      6.29486740      6.03222795      5.98930316      5.62644519      5.49878657      5.49710299      5.29271939      5.20798556      4.85135163      4.72693501      4.67714535      4.58134263      4.50906462      4.37816400      3.83392646      3.79882856      3.02778837      2.98810559      2.57117321      2.44351459      2.29152182      2.20354599      1.81582857      1.72326786      1.19476481      0.66191377      0.37337933      0.32050140     -0.32050140     -0.37337933     -0.66191377     -1.19476481     -1.72326786     -1.81582857     -2.20354599     -2.29152182     -2.44351459     -2.57117321     -2.98810559     -3.02778837     -3.79882856     -3.83392646     -4.37816400     -4.50906462     -4.58134263     -4.67714535     -4.72693501     -4.85135163     -5.20798556     -5.29271939     -5.49710299     -5.49878657     -5.62644519     -5.98930316     -6.03222795     -6.29486740     -6.66014533     -6.69200123     -6.87420285     -6.97000557     -7.07140005     -7.16396077     -7.22050427     -7.23593241     -7.28120909     -7.28676482     -7.32066624     -7.37474065     -7.57386016     -7.61891121     -7.69658045     -7.74945838     -7.77728141     -7.78052341     -7.90744565     -7.91527254     -8.09476769     -8.10259458     -8.22531486     -8.22951681     -8.23275882     -8.38352183     -8.46948541     -8.50077015     -8.51241020     -8.52355982     -8.53262604     -8.56324261     -8.69472535     -8.72982325     -8.89790397     -9.00461037
      2.74612445      8.98910780      8.92922792      8.72289691      8.63117717      8.63019551      8.56253970      8.55552391      8.53189644      8.47547225      8.45257256      8.34381284      8.25401748      8.14529225      8.14063996      8.07374429      8.06251268      7.96790791      7.95667630      7.88978062      7.88512834      7.78171339      7.64734980      7.59020859      7.46707661      7.40580846      7.39165351      7.31232962      7.27414905      7.26021326      7.16557017      7.11844413      7.09089857      7.04148639      6.88112919      6.58181295      6.49474549      6.21344915      6.12805728      6.11049780      5.71532204      5.67691391      5.39093964      5.22576649      5.00433544      4.88220575      4.86685420      4.67587474      4.64489081      4.54712409      4.34684006      3.68548790      3.59376815      3.23143849      3.13313943      2.65863978      2.33425738      2.24840811      2.02232478      1.98122841      1.74856576      1.07016545      0.76869733      0.40222962      0.26786603     -0.26786603     -0.40222962     -0.76869733     -1.07016545     -1.74856576     -1.98122841     -2.02232478     -2.24840811     -2.33425738     -2.65863978     -3.13313943     -3.23143849     -3.59376815     -3.68548790     -4.34684006     -4.54712409     -4.64489081     -4.67587474     -4.86685420     -4.88220575     -5.00433544     -5.22576649     -5.39093964     -5.67691391     -5.71532204     -6.11049780     -6.12805728     -6.21344915     -6.49474549     -6.58181295     -6.88112919     -7.04148639     -7.09089857     -7.11844413     -7.16557017     -7.26021326     -7.27414905     -7.31232962     -7.39165351     -7.40580846     -7.46707661     -7.59020859     -7.64734980     -7.78171339     -7.88512834     -7.88978062     -7.95667630     -7.96790791     -8.06251268     -8.07374429     -8.14063996     -8.14529225     -8.25401748     -8.34381284     -8.45257256     -8.47547225     -8.53189644     -8.55552391     -8.56253970     -8.63019551     -8.63117717     -8.72289691     -8.92922792     -8.98910780
      2.75591005      8.96776274      8.95405722      8.71336022      8.69232330      8.59029757      8.58969852      8.56197920      8.53850457      8.44064027      8.43415606      8.30256806      8.28177928      8.05004942      8.04832570      8.03402113      8.02985969      8.00962997      8.00546853      7.99116396      7.98944024      7.81436638      7.59855756      7.56244679      7.52142829      7.41007000      7.38335607      7.35079941      7.30572150      7.30145804      7.26201714      7.04288017      7.01372853      6.94025539      6.89066587      6.47260593      6.38873026      6.32294863      6.23318781      5.95918898      5.85512358      5.80763630      5.28662774      5.16363870      5.08544004      4.88819926      4.84474304      4.79817259      4.71408877      4.36891442      4.32201076      3.54191488      3.43760135      3.39053386      3.28378262      2.75388260      2.23287404      2.21423351      2.15302527      1.84704367      1.78339773      0.95454562      0.88497452      0.44195278      0.22614396     -0.22614396     -0.44195278     -0.88497452     -0.95454562     -1.78339773     -1.84704367     -2.15302527     -2.21423351     -2.23287404     -2.75388260     -3.28378262     -3.39053386     -3.43760135     -3.54191488     -4.32201076     -4.36891442     -4.71408877     -4.79817259     -4.84474304     -4.88819926     -5.08544004     -5.16363870     -5.28662774     -5.80763630     -5.85512358     -5.95918898     -6.23318781     -6.32294863     -6.38873026     -6.47260593     -6.89066587     -6.94025539     -7.01372853     -7.04288017     -7.26201714     -7.30145804     -7.30572150     -7.35079941     -7.38335607     -7.41007000     -7.52142829     -7.56244679     -7.59855756     -7.81436638     -7.98944024     -7.99116396     -8.00546853     -8.00962997     -8.02985969     -8.03402113     -8.04832570     -8.05004942     -8.28177928     -8.30256806     -8.43415606     -8.44064027     -8.53850457     -8.56197920     -8.58969852     -8.59029757     -8.69232330     -8.71336022     -8.95405722     -8.96776274
      2.76569565      8.97232151      8.94063570      8.74944987      8.70124022      8.61582096      8.61483715      8.54336547      8.48732761      8.41428812      8.39637296      8.30852156      8.25990441      8.08992144      8.08438606      8.05368406      8.04032047      7.99690128      7.98353769      7.95283569      7.94730031      7.84732478      7.62774084      7.55034204      7.53570450      7.49127229      7.42993795      7.40031764      7.34412169      7.30086060      7.22535817      6.98820514      6.91904259      6.90278587      6.78442986      6.55757442      6.36468971      6.35702539      6.14524172      6.03122684      5.90312631      5.78874117      5.28627214      5.18614654      5.10651213      5.01519086      4.91532630      4.78874037      4.59008139      4.30374647      4.19281116      3.64569255      3.43960814      3.40361438      3.18970176      2.85663171      2.33073219      2.18909488      2.13965195      1.82766504      1.67819952      1.01041576      0.84823306      0.49243621      0.19545347     -0.19545347     -0.49243621     -0.84823306     -1.01041576     -1.67819952     -1.82766504     -2.13965195     -2.18909488     -2.33073219     -2.85663171     -3.18970176     -3.40361438     -3.43960814     -3.64569255     -4.19281116     -4.30374647     -4.59008139     -4.78874037     -4.91532630     -5.01519086     -5.10651213     -5.18614654     -5.28627214     -5.78874117     -5.90312631     -6.03122684     -6.14524172     -6.35702539     -6.36468971     -6.55757442     -6.78442986     -6.90278587     -6.91904259     -6.98820514     -7.22535817     -7.30086060     -7.34412169     -7.40031764     -7.42993795     -7.49127229     -7.53570450     -7.55034204     -7.62774084     -7.84732478     -7.94730031     -7.95283569     -7.98353769     -7.99690128     -8.04032047     -8.05368406     -8.08438606     -8.08992144     -8.25990441     -8.30852156     -8.39637296     -8.41428812     -8.48732761     -8.54336547     -8.61483715     -8.61582096     -8.70124022     -8.74944987     -8.94063570     -8.97232151
      2.77548124      8.98396900      8.90780356      8.80141329      8.68657127      8.63903752      8.63086855      8.54646536      8.40743399      8.39302506      8.34279579      8.33416853      8.21594281      8.18628710      8.16918265      8.10118619      8.05989240      7.96373088      7.92243709      7.88049519      7.85444063      7.83733618      7.72444478      7.59759179      7.53295360      7.51005753      7.50283991      7.45120101      7.38808329      7.29776071      7.09110847      6.96498858      6.91745483      6.79440846      6.71950301      6.62386371      6.48165952      6.25837021      6.20472450      6.00152137      5.96212848      5.61719700      5.48413276      5.18673502      5.08978088      5.05454871      4.94815843      4.86863399      4.38065170      4.29209898      4.01931350      3.85512223      3.60017429      3.27097842      2.99184115      2.96659584      2.51384542      2.17306348      2.05485535      1.88124221      1.51627092      1.14466547      0.75152912      0.55353681      0.17588154     -0.17588154     -0.55353681     -0.75152912     -1.14466547     -1.51627092     -1.88124221     -2.05485535     -2.17306348     -2.51384542     -2.96659584     -2.99184115     -3.27097842     -3.60017429     -3.85512223     -4.01931350     -4.29209898     -4.38065170     -4.86863399     -4.94815843     -5.05454871     -5.08978088     -5.18673502     -5.48413276     -5.61719700     -5.96212848     -6.00152137     -6.20472450     -6.25837021     -6.48165952     -6.62386371     -6.71950301     -6.79440846     -6.91745483     -6.96498858     -7.09110847     -7.29776071     -7.38808329     -7.45120101     -7.50283991     -7.51005753     -7.53295360     -7.59759179     -7.72444478     -7.83733618     -7.85444063     -7.88049519     -7.92243709     -7.96373088     -8.05989240     -8.10118619     -8.16918265     -8.18628710     -8.21594281     -8.33416853     -8.34279579     -8.39302506     -8.40743399     -8.54646536     -8.63086855     -8.63903752     -8.68657127     -8.80141329     -8.90780356     -8.98396900
      2.78526684      8.98896668      8.86935941      8.84806627      8.66939493      8.65988144      8.63774727      8.54779545      8.37042714      8.35864749      8.32252481      8.28006064      8.27826407      8.24531338      8.17080788      8.14784028      8.06829029      7.93044250      7.91378356      7.85089251      7.81126597      7.75341941      7.72046873      7.70201321      7.65954904      7.48557858      7.47379893      7.45618582      7.43321822      7.29643061      6.94843084      6.94414466      6.93463116      6.87405705      6.66933106      6.60673692      6.45901206      6.37512478      6.15394879      6.10254259      5.77412798      5.67846104      5.44504274      5.35888929      5.00789573      4.99780391      4.98660259      4.95354317      4.28710129      4.17047718      4.06529675      3.84891323      3.76502594      3.14438299      3.08346330      2.79751287      2.70184592      2.16618475      1.97872462      1.94397737      1.36171689      1.28734309      0.66470793      0.62508139      0.16748365     -0.16748365     -0.62508139     -0.66470793     -1.28734309     -1.36171689     -1.94397737     -1.97872462     -2.16618475     -2.70184592     -2.79751287     -3.08346330     -3.14438299     -3.76502594     -3.84891323     -4.06529675     -4.17047718     -4.28710129     -4.95354317     -4.98660259     -4.99780391     -5.00789573     -5.35888929     -5.44504274     -5.67846104     -5.77412798     -6.10254259     -6.15394879     -6.37512478     -6.45901206     -6.60673692     -6.66933106     -6.87405705     -6.93463116     -6.94414466     -6.94843084     -7.29643061     -7.43321822     -7.45618582     -7.47379893     -7.48557858     -7.65954904     -7.70201321     -7.72046873     -7.75341941     -7.81126597     -7.85089251     -7.91378356     -7.93044250     -8.06829029     -8.14784028     -8.17080788     -8.24531338     -8.27826407     -8.28006064     -8.32252481     -8.35864749     -8.37042714     -8.54779545     -8.63774727     -8.65988144     -8.66939493     -8.84806627     -8.86935941     -8.98896668
      2.79505244      8.98730040      8.88927655      8.82541221      8.67829364      8.64975991      8.63545382      8.54735198      8.38188904      8.36559163      8.34655843      8.31256245      8.23284076      8.20834532      8.19351409      8.12462756      8.06549033      7.94709555      7.89713052      7.88795831      7.80424056      7.77974511      7.76910676      7.65005840      7.59702922      7.49766764      7.47939853      7.46233703      7.41051201      7.29687408      7.02079841      6.95426619      6.92573245      6.79772974      6.73190302      6.54416495      6.54194464      6.29034222      6.20590360      6.05172144      5.86870614      5.58177312      5.53116565      5.27276637      5.04322721      5.03054979      4.96668545      4.91047635      4.28876758      4.27562034      3.96015359      3.93369578      3.68209337      3.20690280      3.02418691      2.89420078      2.60726776      2.16847820      2.01569268      1.91147555      1.43804420      1.21497552      0.70686714      0.58801559      0.17028360     -0.17028360     -0.58801559     -0.70686714     -1.21497552     -1.43804420     -1.91147555     -2.01569268     -2.16847820     -2.60726776     -2.89420078     -3.02418691     -3.20690280     -3.68209337     -3.93369578     -3.96015359     -4.27562034     -4.28876758     -4.91047635     -4.96668545     -5.03054979     -5.04322721     -5.27276637     -5.53116565     -5.58177312     -5.86870614     -6.05172144     -6.20590360     -6.29034222     -6.54194464     -6.54416495     -6.73190302     -6.79772974     -6.92573245     -6.95426619     -7.02079841     -7.29687408     -7.41051201     -7.46233703     -7.47939853     -7.49766764     -7.59702922     -7.65005840     -7.76910676     -7.77974511     -7.80424056     -7.88795831     -7.89713052     -7.94709555     -8.06549033     -8.12462756     -8.19351409     -8.20834532     -8.23284076     -8.31256245     -8.34655843     -8.36559163     -8.38188904     -8.54735198     -8.63545382     -8.64975991     -8.67829364     -8.82541221     -8.88927655     -8.98730040
      2.80483804      8.97897486      8.92492733      8.77608653      8.69422193      8.62772186      8.62399470      8.54513620      8.44802224      8.40382730      8.37073923      8.32148658      8.23807814      8.13863606      8.12785313      8.07753276      8.05150046      7.98033671      7.95430441      7.90398404      7.89320111      7.86388935      7.67731167      7.54465058      7.52649333      7.52273948      7.46736758      7.44039876      7.36594795      7.29908986      7.15931117      6.97630424      6.90980416      6.85680305      6.70471122      6.63943232      6.41926493      6.31131142      6.11833230      6.05432879      5.95197795      5.70307579      5.38560915      5.13743191      5.10085623      5.07987547      4.93103467      4.82804574      4.48549682      4.29709312      4.10570570      3.75027711      3.51932678      3.33656445      3.09036475      2.91073091      2.42164511      2.17993733      2.09618487      1.85329877      1.59634161      1.07646277      0.79866223      0.52166949      0.18427347     -0.18427347     -0.52166949     -0.79866223     -1.07646277     -1.59634161     -1.85329877     -2.09618487     -2.17993733     -2.42164511     -2.91073091     -3.09036475     -3.33656445     -3.51932678     -3.75027711     -4.10570570     -4.29709312     -4.48549682     -4.82804574     -4.93103467     -5.07987547     -5.10085623     -5.13743191     -5.38560915     -5.70307579     -5.95197795     -6.05432879     -6.11833230     -6.31131142     -6.41926493     -6.63943232     -6.70471122     -6.85680305     -6.90980416     -6.97630424     -7.15931117     -7.29908986     -7.36594795     -7.44039876     -7.46736758     -7.52273948     -7.52649333     -7.54465058     -7.67731167     -7.86388935     -7.89320111     -7.90398404     -7.95430441     -7.98033671     -8.05150046     -8.07753276     -8.12785313     -8.13863606     -8.23807814     -8.32148658     -8.37073923     -8.40382730     -8.44802224     -8.54513620     -8.62399470     -8.62772186     -8.69422193     -8.77608653     -8.92492733     -8.97897486
      2.81462363      8.96401366      8.95491754      8.72152220      8.70762116      8.60340238      8.60334325      8.54115440      8.52532224      8.42440010      8.41967882      8.29528267      8.28140612      8.04017774      8.03881223      8.02965697      8.02636034      8.01341284      8.01011621      8.00096095      7.99959544      7.83081322      7.57576744      7.57436913      7.54894340      7.43749475      7.41982597      7.33185132      7.32261997      7.30307167      7.28920267      7.00068285      6.98108295      6.89640494      6.86296314      6.47398731      6.41846725      6.29498502      6.23480282      5.94346987      5.87413240      5.85500105      5.23589024      5.18619212      5.13443980      4.92979962      4.90104446      4.75074574      4.69433127      4.31205431      4.28056813      3.54144266      3.47208070      3.36107486      3.28978178      2.80433658      2.24117108      2.20052964      2.18522577      1.80435919      1.76178662      0.94657126      0.90020647      0.46585769      0.20941360     -0.20941360     -0.46585769     -0.90020647     -0.94657126     -1.76178662     -1.80435919     -2.18522577     -2.20052964     -2.24117108     -2.80433658     -3.28978178     -3.36107486     -3.47208070     -3.54144266     -4.28056813     -4.31205431     -4.69433127     -4.75074574     -4.90104446     -4.92979962     -5.13443980     -5.18619212     -5.23589024     -5.85500105     -5.87413240     -5.94346987     -6.23480282     -6.29498502     -6.41846725     -6.47398731     -6.86296314     -6.89640494     -6.98108295     -7.00068285     -7.28920267     -7.30307167     -7.32261997     -7.33185132     -7.41982597     -7.43749475     -7.54894340     -7.57436913     -7.57576744     -7.83081322     -7.99959544     -8.00096095     -8.01011621     -8.01341284     -8.02636034     -8.02965697     -8.03881223     -8.04017774     -8.28140612     -8.29528267     -8.41967882     -8.42440010     -8.52532224     -8.54115440     -8.60334325     -8.60340238     -8.70762116     -8.72152220     -8.95491754     -8.96401366
      2.82440923      8.97916218      8.94245923      8.71845334      8.66187388      8.59727252      8.57669317      8.57373525      8.53541786      8.45924248      8.44354910      8.32337521      8.26802096      8.09862650      8.09489637      8.05523550      8.04623017      7.99014122      7.98113590      7.94147502      7.93774489      7.79799590      7.62289020      7.57620510      7.46476190      7.41010474      7.40067696      7.32889464      7.30880821      7.28065088      7.19086460      7.10439044      7.02733292      7.01625182      6.88557275      6.52706736      6.40961666      6.30186368      6.17167753      6.04385061      5.76625060      5.76106563      5.33832309      5.19408812      4.98408731      4.90153173      4.87679981      4.76008142      4.67879546      4.45778740      4.33360875      3.61306742      3.49188660      3.33424221      3.20778618      2.70530552      2.28256298      2.23019677      2.06635724      1.93391025      1.76479552      1.01121200      0.82566920      0.42073841      0.24563271     -0.24563271     -0.42073841     -0.82566920     -1.01121200     -1.76479552     -1.93391025     -2.06635724     -2.23019677     -2.28256298     -2.70530552     -3.20778618     -3.33424221     -3.49188660     -3.61306742     -4.33360875     -4.45778740     -4.67879546     -4.76008142     -4.87679981     -4.90153173     -4.98408731     -5.19408812     -5.33832309     -5.76106563     -5.76625060     -6.04385061     -6.17167753     -6.30186368     -6.40961666     -6.52706736     -6.88557275     -7.01625182     -7.02733292     -7.10439044     -7.19086460     -7.28065088     -7.30880821     -7.32889464     -7.40067696     -7.41010474     -7.46476190     -7.57620510     -7.62289020     -7.79799590     -7.93774489     -7.94147502     -7.98113590     -7.99014122     -8.04623017     -8.05523550     -8.09489637     -8.09862650     -8.26802096     -8.32337521     -8.44354910     -8.45924248     -8.53541786     -8.57373525     -8.57669317     -8.59727252     -8.66187388     -8.71845334     -8.94245923     -8.97916218
      2.83419483      8.99759253      8.91437266      8.72668777      8.66366912      8.59731065      8.54784719      8.53507740      8.52794283      8.48931807      8.46122004      8.36386645      8.23977874      8.19001358      8.18552405      8.08953438      8.07869567      7.94294578      7.93210708      7.83611741      7.83162787      7.76553039      7.67191902      7.60444732      7.52167465      7.38300603      7.34460973      7.31628323      7.24015965      7.22637600      7.21915810      7.16414274      7.05617891      7.04480705      6.87733832      6.63680390      6.57827478      6.21174932      6.12354934      6.04969198      5.67043795      5.58717684      5.44444011      5.25865135      5.10651086      4.85836947      4.77986759      4.63686116      4.61239886      4.59218271      4.36169532      3.75912497      3.69610632      3.12926308      3.05989526      2.61391844      2.38792059      2.26885463      2.11222460      1.89769912      1.73471993      1.13136418      0.71409928      0.38643953      0.29282815     -0.29282815     -0.38643953     -0.71409928     -1.13136418     -1.73471993     -1.89769912     -2.11222460     -2.26885463     -2.38792059     -2.61391844     -3.05989526     -3.12926308     -3.69610632     -3.75912497     -4.36169532     -4.59218271     -4.61239886     -4.63686116     -4.77986759     -4.85836947     -5.10651086     -5.25865135     -5.44444011     -5.58717684     -5.67043795     -6.04969198     -6.12354934     -6.21174932     -6.57827478     -6.63680390     -6.87733832     -7.04480705     -7.05617891     -7.16414274     -7.21915810     -7.22637600     -7.24015965     -7.31628323     -7.34460973     -7.38300603     -7.52167465     -7.60444732     -7.67191902     -7.76553039     -7.83162787     -7.83611741     -7.93210708     -7.94294578     -8.07869567     -8.08953438     -8.18552405     -8.19001358     -8.23977874     -8.36386645     -8.46122004     -8.48931807     -8.52794283     -8.53507740     -8.54784719     -8.59731065     -8.66366912     -8.72668777     -8.91437266     -8.99759253
      2.84398043      9.01015634      8.87983355      8.73230112      8.72432384      8.52801553      8.51875052      8.51688706      8.50982035      8.48753840      8.47736282      8.40276504      8.27349765      8.27258708      8.21063607      8.11291563      8.11071733      7.88490780      7.88270950      7.73350874      7.72303804      7.72212748      7.72131660      7.63359000      7.62359616      7.36686324      7.34669383      7.32547555      7.30621670      7.21565149      7.20126105      7.10859619      7.08713904      6.89409269      6.87172498      6.74736581      6.74029910      6.37735261      5.93954972      5.92937414      5.58337492      5.55394050      5.40675620      5.32794647      5.30868763      4.84580566      4.81728180      4.57411185      4.55174414      4.42657941      4.39623443      3.90983933      3.90186206      2.92708631      2.91782130      2.53043438      2.50099996      2.31639363      2.29622422      1.73567480      1.71421766      1.26032242      0.61217777      0.36305827      0.35086614     -0.35086614     -0.36305827     -0.61217777     -1.26032242     -1.71421766     -1.73567480     -2.29622422     -2.31639363     -2.50099996     -2.53043438     -2.91782130     -2.92708631     -3.90186206     -3.90983933     -4.39623443     -4.42657941     -4.55174414     -4.57411185     -4.81728180     -4.84580566     -5.30868763     -5.32794647     -5.40675620     -5.55394050     -5.58337492     -5.92937414     -5.93954972     -6.37735261     -6.74029910     -6.74736581     -6.87172498     -6.89409269     -7.08713904     -7.10859619     -7.20126105     -7.21565149     -7.30621670     -7.32547555     -7.34669383     -7.36686324     -7.62359616     -7.63359000     -7.72131660     -7.72212748     -7.72303804     -7.73350874     -7.88270950     -7.88490780     -8.11071733     -8.11291563     -8.21063607     -8.27258708     -8.27349765     -8.40276504     -8.47736282     -8.48753840     -8.50982035     -8.51688706     -8.51875052     -8.52801553     -8.72432384     -8.73230112     -8.87983355     -9.01015634
      2.85376603      9.01681800      8.83893982      8.77906475      8.73527746      8.52069118      8.50786697      8.49193169      8.48390053      8.45418493      8.43996075      8.43125300      8.35583868      8.34884204      8.18067554      8.14220436      8.12531297      7.83308317      7.81619178      7.77094293      7.71558036      7.70202170      7.66355052      7.60955410      7.60255746      7.46500290      7.44207097      7.35229438      7.33635909      7.16406535      7.12012556      7.07825274      6.99752230      6.89523035      6.86874864      6.85843970      6.73914873      6.54019106      5.81106508      5.75038640      5.66651387      5.50748894      5.50012332      5.40177707      5.22550009      4.99853791      4.83914400      4.49700323      4.43712816      4.36740332      4.26374096      4.10857058      4.06478329      2.78196703      2.72828499      2.62148054      2.48538754      2.45508998      2.37267902      1.70334682      1.58074355      1.39772117      0.52019358      0.41958216      0.35066093     -0.35066093     -0.41958216     -0.52019358     -1.39772117     -1.58074355     -1.70334682     -2.37267902     -2.45508998     -2.48538754     -2.62148054     -2.72828499     -2.78196703     -4.06478329     -4.10857058     -4.26374096     -4.36740332     -4.43712816     -4.49700323     -4.83914400     -4.99853791     -5.22550009     -5.40177707     -5.50012332     -5.50748894     -5.66651387     -5.75038640     -5.81106508     -6.54019106     -6.73914873     -6.85843970     -6.86874864     -6.89523035     -6.99752230     -7.07825274     -7.12012556     -7.16406535     -7.33635909     -7.35229438     -7.44207097     -7.46500290     -7.60255746     -7.60955410     -7.66355052     -7.70202170     -7.71558036     -7.77094293     -7.81619178     -7.83308317     -8.12531297     -8.14220436     -8.18067554     -8.34884204     -8.35583868     -8.43125300     -8.43996075     -8.45418493     -8.48390053     -8.49193169     -8.50786697     -8.52069118     -8.73527746     -8.77906475     -8.83893982     -9.01681800
      2.86355162      9.01755862      8.82773667      8.79180738      8.73560836      8.52189977      8.50488534      8.49532304      8.47534811      8.44898113      8.43504287      8.41583319      8.37602814      8.36638077      8.17306753      8.14998209      8.12669127      7.82065732      7.79736650      7.78336877      7.73699252      7.69424397      7.67115854      7.58096782      7.57132045      7.49422685      7.47501718      7.34890303      7.33934073      7.15504497      7.12867798      7.04262935      6.96971071      6.93280294      6.88625129      6.86841774      6.69980309      6.58041439      5.78184113      5.70235128      5.69510015      5.55659558      5.47993385      5.42091913      5.18011570      5.04392230      4.83840338      4.48426060      4.44833131      4.31564595      4.22351764      4.16032795      4.10412893      2.74902082      2.67917835      2.65271755      2.53342266      2.43755125      2.38809883      1.70213823      1.54317096      1.43334456      0.49878142      0.43840743      0.34928263     -0.34928263     -0.43840743     -0.49878142     -1.43334456     -1.54317096     -1.70213823     -2.38809883     -2.43755125     -2.53342266     -2.65271755     -2.67917835     -2.74902082     -4.10412893     -4.16032795     -4.22351764     -4.31564595     -4.44833131     -4.48426060     -4.83840338     -5.04392230     -5.18011570     -5.42091913     -5.47993385     -5.55659558     -5.69510015     -5.70235128     -5.78184113     -6.58041439     -6.69980309     -6.86841774     -6.88625129     -6.93280294     -6.96971071     -7.04262935     -7.12867798     -7.15504497     -7.33934073     -7.34890303     -7.47501718     -7.49422685     -7.57132045     -7.58096782     -7.67115854     -7.69424397     -7.73699252     -7.78336877     -7.79736650     -7.82065732     -8.12669127     -8.14998209     -8.17306753     -8.36638077     -8.37602814     -8.41583319     -8.43504287     -8.44898113     -8.47534811     -8.49532304     -8.50488534     -8.52189977     -8.73560836     -8.79180738     -8.82773667     -9.01755862
      2.87333722      9.01237611      8.87020164      8.73856984      8.73329288      8.51618706      8.51344267      8.50997512      8.50882684      8.48115428      8.47428121      8.41222782      8.29376671      8.29310558      8.20321933      8.11864272      8.11704661      7.87031887      7.86872276      7.73370722      7.72558334      7.69425990      7.69359877      7.64753451      7.64100674      7.37647263      7.36307178      7.34077872      7.32803900      7.19179828      7.18207828      7.09519925      7.08086343      6.87073322      6.85573626      6.77971440      6.77509857      6.41833960      5.89959535      5.89272228      5.58180807      5.56219529      5.36150045      5.35872659      5.34598688      4.86253755      4.84358589      4.53749814      4.52250118      4.40586634      4.38559242      3.95347272      3.94819576      2.88325928      2.87704734      2.53043923      2.51082644      2.34305166      2.32965081      1.71059533      1.69625950      1.29389562      0.58823943      0.36705117      0.35892729     -0.35892729     -0.36705117     -0.58823943     -1.29389562     -1.69625950     -1.71059533     -2.32965081     -2.34305166     -2.51082644     -2.53043923     -2.87704734     -2.88325928     -3.94819576     -3.95347272     -4.38559242     -4.40586634     -4.52250118     -4.53749814     -4.84358589     -4.86253755     -5.34598688     -5.35872659     -5.36150045     -5.56219529     -5.58180807     -5.89272228     -5.89959535     -6.41833960     -6.77509857     -6.77971440     -6.85573626     -6.87073322     -7.08086343     -7.09519925     -7.18207828     -7.19179828     -7.32803900     -7.34077872     -7.36307178     -7.37647263     -7.64100674     -7.64753451     -7.69359877     -7.69425990     -7.72558334     -7.73370722     -7.86872276     -7.87031887     -8.11704661     -8.11864272     -8.20321933     -8.29310558     -8.29376671     -8.41222782     -8.47428121     -8.48115428     -8.50882684     -8.50997512     -8.51344267     -8.51618706     -8.73329288     -8.73856984     -8.87020164     -9.01237611
      2.88312282      9.00128515      8.90633929      8.72833759      8.67937810      8.58042304      8.54030203      8.52580481      8.52402042      8.49534388      8.46540086      8.37374479      8.23257431      8.21163514      8.20763381      8.09640634      8.08674627      7.92944687      7.91978680      7.80855933      7.80455800      7.75747980      7.68423930      7.61165176      7.54807133      7.37882520      7.31842125      7.31318187      7.25662522      7.23028130      7.20022260      7.19158279      7.06372407      7.00754857      6.87568851      6.66437921      6.61942105      6.25338379      6.07806232      6.01944276      5.64832819      5.54217803      5.47150998      5.27553896      5.15734031      4.85467685      4.72854993      4.68185997      4.59668988      4.55054823      4.36972869      3.79638346      3.74742397      3.07843363      3.02381540      2.59229688      2.41547867      2.27991161      2.15771162      1.85655285      1.72869413      1.16279203      0.68770261      0.37956757      0.30632707     -0.30632707     -0.37956757     -0.68770261     -1.16279203     -1.72869413     -1.85655285     -2.15771162     -2.27991161     -2.41547867     -2.59229688     -3.02381540     -3.07843363     -3.74742397     -3.79638346     -4.36972869     -4.55054823     -4.59668988     -4.68185997     -4.72854993     -4.85467685     -5.15734031     -5.27553896     -5.47150998     -5.54217803     -5.64832819     -6.01944276     -6.07806232     -6.25338379     -6.61942105     -6.66437921     -6.87568851     -7.00754857     -7.06372407     -7.19158279     -7.20022260     -7.23028130     -7.25662522     -7.31318187     -7.31842125     -7.37882520     -7.54807133     -7.61165176     -7.68423930     -7.75747980     -7.80455800     -7.80855933     -7.91978680     -7.92944687     -8.08674627     -8.09640634     -8.20763381     -8.21163514     -8.23257431     -8.37374479     -8.46540086     -8.49534388     -8.52402042     -8.52580481     -8.54030203     -8.58042304     -8.67937810     -8.72833759     -8.90633929     -9.00128515
      2.89290842      8.98431719      8.93604718      8.72075653      8.64618693      8.61439995      8.56968446      8.56490982      8.53371134      8.46765468      8.44810743      8.33364113      8.26104925      8.12220039      8.11787359      8.06482895      8.05438314      7.97936670      7.96892089      7.91587625      7.91154945      7.78984292      7.63510521      7.58317682      7.43888492      7.43556849      7.39611863      7.31051473      7.30155494      7.27038497      7.15480967      7.13502434      7.05374724      7.03434164      6.88326957      6.55440706      6.45237728      6.25784602      6.14104363      6.08601455      5.73808841      5.72163627      5.36451853      5.20977507      4.95300758      4.93320813      4.87164481      4.71791747      4.66166803      4.50240173      4.34002080      3.64912235      3.54276578      3.28276636      3.17029076      2.68173163      2.30816175      2.23902220      2.02359663      1.97792791      1.75638333      1.04040541      0.79688902      0.41114495      0.25640724     -0.25640724     -0.41114495     -0.79688902     -1.04040541     -1.75638333     -1.97792791     -2.02359663     -2.23902220     -2.30816175     -2.68173163     -3.17029076     -3.28276636     -3.54276578     -3.64912235     -4.34002080     -4.50240173     -4.66166803     -4.71791747     -4.87164481     -4.93320813     -4.95300758     -5.20977507     -5.36451853     -5.72163627     -5.73808841     -6.08601455     -6.14104363     -6.25784602     -6.45237728     -6.55440706     -6.88326957     -7.03434164     -7.05374724     -7.13502434     -7.15480967     -7.27038497     -7.30155494     -7.31051473     -7.39611863     -7.43556849     -7.43888492     -7.58317682     -7.63510521     -7.78984292     -7.91154945     -7.91587625     -7.96892089     -7.97936670     -8.05438314     -8.06482895     -8.11787359     -8.12220039     -8.26104925     -8.33364113     -8.44810743     -8.46765468     -8.53371134     -8.56490982     -8.56968446     -8.61439995     -8.64618693     -8.72075653     -8.93604718     -8.98431719
      2.90269401      8.96152031      8.95924110      8.71057119      8.70708038      8.59689083      8.59683352      8.54381958      8.53988422      8.43045356      8.42932302      8.29203051      8.28856344      8.02505484      8.02474050      8.02240397      8.02164508      8.01834074      8.01758185      8.01524533      8.01493099      7.82258098      7.58644424      7.55566263      7.54889121      7.41490305      7.41046816      7.32028478      7.31199559      7.30434184      7.29710214      7.01201470      7.00713526      6.90176784      6.89345491      6.44549384      6.43156378      6.27905657      6.26405328      5.91670630      5.89936649      5.83122150      5.26113699      5.14888162      5.13589564      4.89444169      4.88722573      4.74630761      4.73224840      4.32467152      4.31682687      3.50682988      3.48946633      3.34007826      3.32227017      2.77887718      2.20879267      2.20709850      2.19691734      1.80421015      1.79358444      0.92708269      0.91548916      0.45356993      0.21743320     -0.21743320     -0.45356993     -0.91548916     -0.92708269     -1.79358444     -1.80421015     -2.19691734     -2.20709850     -2.20879267     -2.77887718     -3.32227017     -3.34007826     -3.48946633     -3.50682988     -4.31682687     -4.32467152     -4.73224840     -4.74630761     -4.88722573     -4.89444169     -5.13589564     -5.14888162     -5.26113699     -5.83122150     -5.89936649     -5.91670630     -6.26405328     -6.27905657     -6.43156378     -6.44549384     -6.89345491     -6.90176784     -7.00713526     -7.01201470     -7.29710214     -7.30434184     -7.31199559     -7.32028478     -7.41046816     -7.41490305     -7.54889121     -7.55566263     -7.58644424     -7.82258098     -8.01493099     -8.01524533     -8.01758185     -8.01834074     -8.02164508     -8.02240397     -8.02474050     -8.02505484     -8.28856344     -8.29203051     -8.42932302     -8.43045356     -8.53988422     -8.54381958     -8.59683352     -8.59689083     -8.70708038     -8.71057119     -8.95924110     -8.96152031
      2.91247961      8.97585531      8.93295915      8.76293078      8.69781045      8.62184405      8.61970102      8.54430596      8.46783705      8.40910086      8.38384598      8.31503889      8.24903088      8.11440956      8.10638490      8.06563177      8.04625852      7.98862489      7.96925165      7.92849852      7.92047386      7.85560117      7.65282882      7.53839433      7.52918718      7.51801371      7.43512521      7.43402265      7.35499522      7.29992010      7.19260709      6.98218205      6.90621565      6.88794496      6.74471520      6.59872317      6.38812302      6.33794829      6.09995022      6.07486488      5.92746348      5.74593896      5.33603793      5.16165842      5.09303122      5.05799307      4.92300285      4.80823093      4.53782631      4.30021266      4.14917312      3.69794762      3.47932280      3.36990937      3.13993597      2.88345817      2.37602368      2.18423101      2.11765310      1.84019202      1.63705076      1.04316684      0.82314509      0.50672226      0.18951541     -0.18951541     -0.50672226     -0.82314509     -1.04316684     -1.63705076     -1.84019202     -2.11765310     -2.18423101     -2.37602368     -2.88345817     -3.13993597     -3.36990937     -3.47932280     -3.69794762     -4.14917312     -4.30021266     -4.53782631     -4.80823093     -4.92300285     -5.05799307     -5.09303122     -5.16165842     -5.33603793     -5.74593896     -5.92746348     -6.07486488     -6.09995022     -6.33794829     -6.38812302     -6.59872317     -6.74471520     -6.88794496     -6.90621565     -6.98218205     -7.19260709     -7.29992010     -7.35499522     -7.43402265     -7.43512521     -7.51801371     -7.52918718     -7.53839433     -7.65282882     -7.85560117     -7.92047386     -7.92849852     -7.96925165     -7.98862489     -8.04625852     -8.06563177     -8.10638490     -8.11440956     -8.24903088     -8.31503889     -8.38384598     -8.40910086     -8.46783705     -8.54430596     -8.61970102     -8.62184405     -8.69781045     -8.76293078     -8.93295915     -8.97585531
      2.92226521      8.98584272      8.89871467      8.81357982      8.68251047      8.64447336      8.63344750      8.54696403      8.38749828      8.38666774      8.34040054      8.32796406      8.20970318      8.20476413      8.18903661      8.11293442      8.06304091      7.95541616      7.90552265      7.88880990      7.82942046      7.80875389      7.74708668      7.62388675      7.56518307      7.50382552      7.49109167      7.45672778      7.39926197      7.29726203      7.05621378      6.95955274      6.92151563      6.76316683      6.75885037      6.58303451      6.51290115      6.24763398      6.23207524      6.02654154      5.91556595      5.57419659      5.53306768      5.22973544      5.06636480      5.04238218      4.95724733      4.88940024      4.32815465      4.29022526      3.97640402      3.90761928      3.64100350      3.23874895      2.99517813      2.94290622      2.56040796      2.17048453      2.03500139      1.89607394      1.47692357      1.17956016      0.72888722      0.57045125      0.17273302     -0.17273302     -0.57045125     -0.72888722     -1.17956016     -1.47692357     -1.89607394     -2.03500139     -2.17048453     -2.56040796     -2.94290622     -2.99517813     -3.23874895     -3.64100350     -3.90761928     -3.97640402     -4.29022526     -4.32815465     -4.88940024     -4.95724733     -5.04238218     -5.06636480     -5.22973544     -5.53306768     -5.57419659     -5.91556595     -6.02654154     -6.23207524     -6.24763398     -6.51290115     -6.58303451     -6.75885037     -6.76316683     -6.92151563     -6.95955274     -7.05621378     -7.29726203     -7.39926197     -7.45672778     -7.49109167     -7.50382552     -7.56518307     -7.62388675     -7.74708668     -7.80875389     -7.82942046     -7.88880990     -7.90552265     -7.95541616     -8.06304091     -8.11293442     -8.18903661     -8.20476413     -8.20970318     -8.32796406     -8.34040054     -8.38666774     -8.38749828     -8.54696403     -8.63344750     -8.64447336     -8.68251047     -8.81357982     -8.89871467     -8.98584272
      2.93205081      8.98917500      8.85888392      8.85888392      8.66471462      8.66471462      8.63803399      8.54785089      8.36457652      8.36457652      8.30054174      8.30054174      8.26296619      8.26296619      8.15935574      8.15935574      8.06864033      7.92211303      7.92211303      7.83139762      7.83139762      7.72778718      7.72778718      7.69021162      7.69021162      7.47964955      7.47964955      7.44467036      7.44467036      7.29637517      6.93931147      6.93931147      6.91149146      6.91149146      6.63803399      6.63803399      6.41718406      6.41718406      6.12817482      6.12817482      5.72642639      5.72642639      5.40196601      5.40196601      4.99707808      4.99707808      4.97552624      4.97552624      4.28689298      4.11788697      4.11788697      3.80685394      3.80685394      3.11372040      3.11372040      2.74954752      2.74954752      2.16589803      1.96107181      1.96107181      1.32428247      1.32428247      0.64457628      0.64457628      0.16713361     -0.16713361     -0.64457628     -0.64457628     -1.32428247     -1.32428247     -1.96107181     -1.96107181     -2.16589803     -2.74954752     -2.74954752     -3.11372040     -3.11372040     -3.80685394     -3.80685394     -4.11788697     -4.11788697     -4.28689298     -4.97552624     -4.97552624     -4.99707808     -4.99707808     -5.40196601     -5.40196601     -5.72642639     -5.72642639     -6.12817482     -6.12817482     -6.41718406     -6.41718406     -6.63803399     -6.63803399     -6.91149146     -6.91149146     -6.93931147     -6.93931147     -7.29637517     -7.44467036     -7.44467036     -7.47964955     -7.47964955     -7.69021162     -7.69021162     -7.72778718     -7.72778718     -7.83139762     -7.83139762     -7.92211303     -7.92211303     -8.06864033     -8.15935574     -8.15935574     -8.26296619     -8.26296619     -8.30054174     -8.30054174     -8.36457652     -8.36457652     -8.54785089     -8.63803399     -8.66471462     -8.66471462     -8.85888392     -8.85888392     -8.98917500
