      0.00000000     -0.00000000     -0.00000000      0.00000000     -0.00000000      0.00000000     -0.00000000      0.00000000      0.00000000     -0.00000000     -0.00000000     -0.00000000     -0.00000000      0.00000000      0.00000000     -0.00000000      0.00000000     -0.00000000      0.00000000      0.00000000     -0.00000000     -0.00000000      0.00000000      0.00000000      0.00000000      0.00000000     -0.00000000      0.00000000      0.00000000     -0.00000000     -0.00000000      0.00000000      0.00000000     -0.00000000     -0.00000000      0.00000000     -0.00000000     -0.00000000      0.00000000     -0.00000000      0.00000000     -0.00000000     -0.00000000     -0.00000000     -0.00000000      0.00000000      0.00000000      0.00000000     -0.00000000      0.00000000     -0.00000000     -0.00000000      0.00000000     -0.00000000      0.00000000     -0.00000000     -0.00000000     -0.00000000      0.00000000      0.00000000      0.00000000     -0.00000000      0.00000000     -0.00000000     -0.00000000      0.00000000      0.00000000     -0.00000000      0.00000000     -0.00000000     -0.00000000     -0.00000000      0.00000000      0.00000000      0.00000000     -0.00000000      0.00000000     -0.00000000      0.00000000      0.00000000     -0.00000000      0.00000000     -0.00000000     -0.00000000     -0.00000000      0.00000000      0.00000000      0.00000000      0.00000000      0.00000000     -0.00000000      0.00000000     -0.00000000      0.00000000     -0.00000000      0.00000000      0.00000000     -0.00000000     -0.00000000      0.00000000      0.00000000     -0.00000000      0.00000000     -0.00000000     -0.00000000     -0.00000000      0.00000000     -0.00000000     -0.00000000      0.00000000     -0.00000000      0.00000000     -0.00000000     -0.00000000     -0.00000000      0.00000000      0.00000000     -0.00000000      0.00000000      0.00000000      0.00000000     -0.00000000     -0.00000000      0.00000000     -0.00000000     -0.00000000      0.00000000      0.00000000      0.00000000
      0.00978560      0.00000000      0.00000000     -0.00000000      0.00000000     -0.00000000      0.00000000      0.00000000      0.00000000      0.00000000     -0.00000000     -0.00000000      0.00000000      0.00000000      0.00000000      0.00000000      0.00000000      0.00000000     -0.00000000      0.00000000     -0.00000000      0.00000000      0.00000000      0.00000000     -0.00000000      0.00000000     -0.00000000      0.00000000     -0.00000000      0.00000000     -0.00000000      0.00000000      0.00000000     -0.00000000     -0.00000000      0.00000000     -0.00000000     -0.00000000      0.00000000      0.00000000     -0.00000000      0.00000000      0.00000000     -0.00000000     -0.00000000     -0.00000000      0.00000000      0.00000000     -0.00000000     -0.00000000      0.00000000     -0.00000000     -0.00000000     -0.00000000     -0.00000000     -0.00000000     -0.00000000     -0.00000000     -0.00000000     -0.00000000     -0.00000000     -0.00000000      0.00000000      0.00000000      0.00000000     -0.00000000     -0.00000000     -0.00000000      0.00000000      0.00000000      0.00000000      0.00000000      0.00000000      0.00000000      0.00000000      0.00000000      0.00000000      0.00000000      0.00000000     -0.00000000      0.00000000      0.00000000     -0.00000000     -0.00000000      0.00000000      0.00000000      0.00000000     -0.00000000     -0.00000000      0.00000000     -0.00000000     -0.00000000      0.00000000      0.00000000     -0.00000000      0.00000000      0.00000000     -0.00000000     -0.00000000      0.00000000     -0.00000000      0.00000000     -0.00000000      0.00000000     -0.00000000      0.00000000     -0.00000000     -0.00000000     -0.00000000      0.00000000      0.00000000      0.00000000     -0.00000000     -0.00000000     -0.00000000     -0.00000000     -0.00000000     -0.00000000      0.00000000      0.00000000     -0.00000000     -0.00000000     -0.00000000     -0.00000000      0.00000000     -0.00000000      0.00000000     -0.00000000     -0.00000000
      0.01957120     -0.00000000     -0.00000000      0.00000000      0.00000000     -0.00000000     -0.00000000      0.00000000     -0.00000000      0.00000000     -0.00000000      0.00000000      0.00000000      0.00000000      0.00000000      0.00000000      0.00000000     -0.00000000     -0.00000000      0.00000000     -0.00000000     -0.00000000     -0.00000000      0.00000000     -0.00000000      0.00000000     -0.00000000      0.00000000      0.00000000     -0.00000000      0.00000000     -0.00000000     -0.00000000     -0.00000000      0.00000000     -0.00000000      0.00000000     -0.00000000     -0.00000000      0.00000000      0.00000000      0.00000000      0.00000000     -0.00000000     -0.00000000     -0.00000000      0.00000000      0.00000000     -0.00000000     -0.00000000     -0.00000000     -0.00000000     -0.00000000     -0.00000000     -0.00000000     -0.00000000     -0.00000000      0.00000000     -0.00000000     -0.00000000     -0.00000000      0.00000000      0.00000000      0.00000000      0.00000000     -0.00000000     -0.00000000     -0.00000000     -0.00000000      0.00000000      0.00000000      0.00000000     -0.00000000      0.00000000      0.00000000      0.00000000      0.00000000      0.00000000      0.00000000      0.00000000      0.00000000      0.00000000     -0.00000000     -0.00000000      0.00000000      0.00000000      0.00000000     -0.00000000     -0.00000000     -0.00000000     -0.00000000      0.00000000      0.00000000     -0.00000000      0.00000000     -0.00000000      0.00000000      0.00000000      0.00000000     -0.00000000      0.00000000     -0.00000000     -0.00000000      0.00000000     -0.00000000      0.00000000     -0.00000000      0.00000000      0.00000000      0.00000000     -0.00000000     -0.00000000      0.00000000      0.00000000     -0.00000000     -0.00000000     -0.00000000     -0.00000000     -0.00000000      0.00000000     -0.00000000      0.00000000     -0.00000000      0.00000000      0.00000000     -0.00000000     -0.00000000      0.00000000      0.00000000
      0.02935679      0.00000000      0.00000000      0.00000000     -0.00000000      0.00000000      0.00000000     -0.00000000      0.00000000      0.00000000     -0.00000000      0.00000000     -0.00000000      0.00000000      0.00000000      0.00000000      0.00000000     -0.00000000      0.00000000     -0.00000000      0.00000000      0.00000000      0.00000000      0.00000000      0.00000000      0.00000000      0.00000000      0.00000000     -0.00000000     -0.00000000     -0.00000000     -0.00000000     -0.00000000      0.00000000     -0.00000000     -0.00000000      0.00000000     -0.00000000     -0.00000000     -0.00000000     -0.00000000     -0.00000000      0.00000000      0.00000000      0.00000000      0.00000000      0.00000000      0.00000000     -0.00000000      0.00000000      0.00000000     -0.00000000      0.00000000     -0.00000000     -0.00000000      0.00000000      0.00000000     -0.00000000      0.00000000     -0.00000000      0.00000000     -0.00000000      0.00000000     -0.00000000     -0.00000000      0.00000000      0.00000000      0.00000000     -0.00000000     -0.00000000      0.00000000     -0.00000000      0.00000000      0.00000000      0.00000000     -0.00000000      0.00000000      0.00000000      0.00000000     -0.00000000     -0.00000000      0.00000000      0.00000000     -0.00000000      0.00000000      0.00000000     -0.00000000     -0.00000000      0.00000000     -0.00000000      0.00000000     -0.00000000      0.00000000     -0.00000000     -0.00000000     -0.00000000      0.00000000      0.00000000      0.00000000      0.00000000      0.00000000     -0.00000000     -0.00000000     -0.00000000     -0.00000000     -0.00000000     -0.00000000     -0.00000000     -0.00000000     -0.00000000      0.00000000      0.00000000      0.00000000      0.00000000     -0.00000000     -0.00000000     -0.00000000     -0.00000000     -0.00000000      0.00000000      0.00000000     -0.00000000      0.00000000      0.00000000     -0.00000000     -0.00000000     -0.00000000      0.00000000     -0.00000000
      0.03914239     -0.00000000     -0.00000000     -0.00000000     -0.00000000      0.00000000      0.00000000      0.00000000     -0.00000000     -0.00000000      0.00000000      0.00000000     -0.00000000     -0.00000000      0.00000000      0.00000000      0.00000000      0.00000000      0.00000000      0.00000000      0.00000000      0.00000000      0.00000000      0.00000000     -0.00000000     -0.00000000      0.00000000      0.00000000      0.00000000      0.00000000      0.00000000     -0.00000000     -0.00000000      0.00000000     -0.00000000     -0.00000000      0.00000000      0.00000000      0.00000000     -0.00000000      0.00000000      0.00000000      0.00000000      0.00000000     -0.00000000      0.00000000     -0.00000000      0.00000000     -0.00000000     -0.00000000     -0.00000000      0.00000000      0.00000000     -0.00000000      0.00000000      0.00000000     -0.00000000     -0.00000000     -0.00000000      0.00000000     -0.00000000     -0.00000000     -0.00000000     -0.00000000      0.00000000     -0.00000000      0.00000000     -0.00000000      0.00000000      0.00000000      0.00000000      0.00000000      0.00000000     -0.00000000      0.00000000      0.00000000     -0.00000000      0.00000000     -0.00000000      0.00000000     -0.00000000     -0.00000000      0.00000000      0.00000000      0.00000000      0.00000000      0.00000000     -0.00000000     -0.00000000      0.00000000     -0.00000000     -0.00000000     -0.00000000     -0.00000000      0.00000000      0.00000000     -0.00000000      0.00000000      0.00000000     -0.00000000     -0.00000000      0.00000000     -0.00000000     -0.00000000      0.00000000      0.00000000     -0.00000000     -0.00000000     -0.00000000      0.00000000     -0.00000000     -0.00000000     -0.00000000     -0.00000000     -0.00000000      0.00000000      0.00000000      0.00000000     -0.00000000     -0.00000000      0.00000000      0.00000000      0.00000000     -0.00000000      0.00000000     -0.00000000     -0.00000000     -0.00000000      0.00000000
      0.04892799      0.00000000     -0.00000000      0.00000000      0.00000000     -0.00000000     -0.00000000     -0.00000000     -0.00000000     -0.00000000      0.00000000      0.00000000      0.00000000     -0.00000000      0.00000000     -0.00000000     -0.00000000     -0.00000000     -0.00000000      0.00000000     -0.00000000      0.00000000     -0.00000000     -0.00000000      0.00000000     -0.00000000      0.00000000     -0.00000000      0.00000000      0.00000000      0.00000000      0.00000000      0.00000000      0.00000000      0.00000000      0.00000000      0.00000000      0.00000000      0.00000000     -0.00000000      0.00000000     -0.00000000     -0.00000000      0.00000000      0.00000000     -0.00000000      0.00000000     -0.00000000     -0.00000000      0.00000000     -0.00000000      0.00000000      0.00000000     -0.00000000     -0.00000000      0.00000000      0.00000000      0.00000000      0.00000000      0.00000000      0.00000000     -0.00000000      0.00000000      0.00000000      0.00000000     -0.00000000     -0.00000000     -0.00000000      0.00000000     -0.00000000     -0.00000000     -0.00000000     -0.00000000     -0.00000000     -0.00000000      0.00000000      0.00000000     -0.00000000     -0.00000000      0.00000000     -0.00000000      0.00000000      0.00000000     -0.00000000      0.00000000     -0.00000000     -0.00000000      0.00000000      0.00000000     -0.00000000      0.00000000     -0.00000000     -0.00000000     -0.00000000     -0.00000000     -0.00000000     -0.00000000     -0.00000000     -0.00000000     -0.00000000     -0.00000000     -0.00000000      0.00000000     -0.00000000      0.00000000     -0.00000000      0.00000000      0.00000000     -0.00000000      0.00000000      0.00000000      0.00000000      0.00000000      0.00000000      0.00000000      0.00000000      0.00000000      0.00000000     -0.00000000     -0.00000000      0.00000000      0.00000000      0.00000000      0.00000000      0.00000000     -0.00000000     -0.00000000      0.00000000     -0.00000000
      0.05871359      0.00000000      0.00000000      0.00000000      0.00000000      0.00000000     -0.00000000     -0.00000000     -0.00000000      0.00000000     -0.00000000      0.00000000      0.00000000      0.00000000      0.00000000      0.00000000     -0.00000000      0.00000000     -0.00000000     -0.00000000      0.00000000     -0.00000000     -0.00000000     -0.00000000      0.00000000     -0.00000000     -0.00000000     -0.00000000     -0.00000000      0.00000000      0.00000000      0.00000000     -0.00000000     -0.00000000     -0.00000000     -0.00000000     -0.00000000     -0.00000000     -0.00000000      0.00000000     -0.00000000     -0.00000000      0.00000000     -0.00000000      0.00000000     -0.00000000     -0.00000000     -0.00000000      0.00000000      0.00000000      0.00000000     -0.00000000      0.00000000      0.00000000      0.00000000      0.00000000     -0.00000000      0.00000000      0.00000000     -0.00000000     -0.00000000      0.00000000      0.00000000      0.00000000     -0.00000000      0.00000000     -0.00000000     -0.00000000     -0.00000000     -0.00000000      0.00000000      0.00000000     -0.00000000      0.00000000     -0.00000000     -0.00000000     -0.00000000      0.00000000      0.00000000     -0.00000000     -0.00000000     -0.00000000     -0.00000000      0.00000000      0.00000000     -0.00000000      0.00000000      0.00000000     -0.00000000      0.00000000     -0.00000000      0.00000000      0.00000000     -0.00000000     -0.00000000      0.00000000      0.00000000      0.00000000      0.00000000     -0.00000000     -0.00000000      0.00000000      0.00000000     -0.00000000      0.00000000     -0.00000000     -0.00000000     -0.00000000      0.00000000      0.00000000     -0.00000000      0.00000000     -0.00000000     -0.00000000      0.00000000     -0.00000000      0.00000000      0.00000000     -0.00000000     -0.00000000      0.00000000     -0.00000000     -0.00000000      0.00000000     -0.00000000      0.00000000     -0.00000000      0.00000000      0.00000000
      0.06849918     -0.00000000      0.00000000     -0.00000000      0.00000000      0.00000000      0.00000000     -0.00000000     -0.00000000     -0.00000000     -0.00000000     -0.00000000     -0.00000000      0.00000000     -0.00000000      0.00000000      0.00000000     -0.00000000      0.00000000     -0.00000000     -0.00000000     -0.00000000      0.00000000     -0.00000000     -0.00000000      0.00000000      0.00000000     -0.00000000      0.00000000      0.00000000     -0.00000000      0.00000000     -0.00000000      0.00000000      0.00000000     -0.00000000     -0.00000000     -0.00000000      0.00000000     -0.00000000     -0.00000000     -0.00000000      0.00000000     -0.00000000     -0.00000000      0.00000000     -0.00000000     -0.00000000      0.00000000     -0.00000000     -0.00000000      0.00000000     -0.00000000     -0.00000000     -0.00000000      0.00000000     -0.00000000      0.00000000      0.00000000     -0.00000000      0.00000000     -0.00000000     -0.00000000      0.00000000     -0.00000000      0.00000000     -0.00000000      0.00000000      0.00000000     -0.00000000      0.00000000     -0.00000000     -0.00000000      0.00000000     -0.00000000      0.00000000      0.00000000      0.00000000     -0.00000000      0.00000000      0.00000000     -0.00000000      0.00000000      0.00000000     -0.00000000      0.00000000      0.00000000     -0.00000000      0.00000000      0.00000000      0.00000000     -0.00000000      0.00000000      0.00000000      0.00000000     -0.00000000     -0.00000000      0.00000000     -0.00000000      0.00000000     -0.00000000     -0.00000000      0.00000000     -0.00000000     -0.00000000      0.00000000      0.00000000     -0.00000000      0.00000000      0.00000000      0.00000000     -0.00000000      0.00000000     -0.00000000     -0.00000000      0.00000000     -0.00000000      0.00000000      0.00000000      0.00000000      0.00000000      0.00000000      0.00000000     -0.00000000     -0.00000000     -0.00000000      0.00000000     -0.00000000      0.00000000
      0.07828478      0.00000000     -0.00000000     -0.00000000     -0.00000000     -0.00000000     -0.00000000     -0.00000000     -0.00000000      0.00000000     -0.00000000      0.00000000     -0.00000000     -0.00000000      0.00000000      0.00000000      0.00000000     -0.00000000      0.00000000      0.00000000     -0.00000000      0.00000000      0.00000000      0.00000000      0.00000000     -0.00000000     -0.00000000     -0.00000000      0.00000000      0.00000000     -0.00000000      0.00000000     -0.00000000      0.00000000      0.00000000      0.00000000      0.00000000     -0.00000000     -0.00000000      0.00000000     -0.00000000      0.00000000     -0.00000000     -0.00000000     -0.00000000     -0.00000000      0.00000000      0.00000000      0.00000000     -0.00000000      0.00000000     -0.00000000     -0.00000000      0.00000000     -0.00000000     -0.00000000      0.00000000      0.00000000     -0.00000000      0.00000000      0.00000000     -0.00000000     -0.00000000      0.00000000     -0.00000000      0.00000000     -0.00000000      0.00000000      0.00000000     -0.00000000     -0.00000000      0.00000000     -0.00000000     -0.00000000      0.00000000      0.00000000     -0.00000000      0.00000000      0.00000000     -0.00000000      0.00000000     -0.00000000     -0.00000000     -0.00000000      0.00000000      0.00000000      0.00000000      0.00000000     -0.00000000      0.00000000     -0.00000000      0.00000000      0.00000000     -0.00000000     -0.00000000     -0.00000000     -0.00000000      0.00000000     -0.00000000      0.00000000     -0.00000000     -0.00000000      0.00000000      0.00000000      0.00000000     -0.00000000     -0.00000000     -0.00000000     -0.00000000      0.00000000      0.00000000     -0.00000000     -0.00000000      0.00000000     -0.00000000      0.00000000      0.00000000      0.00000000     -0.00000000      0.00000000     -0.00000000      0.00000000      0.00000000      0.00000000      0.00000000      0.00000000      0.00000000     -0.00000000      0.00000000
      0.08807038      0.00000000      0.00000000     -0.00000000     -0.00000000      0.00000000     -0.00000000     -0.00000000      0.00000000      0.00000000      0.00000000     -0.00000000     -0.00000000     -0.00000000      0.00000000     -0.00000000     -0.00000000     -0.00000000      0.00000000     -0.00000000      0.00000000      0.00000000     -0.00000000     -0.00000000      0.00000000      0.00000000      0.00000000     -0.00000000     -0.00000000     -0.00000000     -0.00000000      0.00000000      0.00000000     -0.00000000     -0.00000000      0.00000000      0.00000000     -0.00000000      0.00000000      0.00000000     -0.00000000     -0.00000000      0.00000000     -0.00000000     -0.00000000      0.00000000      0.00000000     -0.00000000     -0.00000000     -0.00000000     -0.00000000     -0.00000000     -0.00000000      0.00000000      0.00000000     -0.00000000      0.00000000     -0.00000000     -0.00000000      0.00000000      0.00000000      0.00000000      0.00000000     -0.00000000     -0.00000000      0.00000000      0.00000000     -0.00000000     -0.00000000     -0.00000000     -0.00000000      0.00000000      0.00000000     -0.00000000      0.00000000     -0.00000000     -0.00000000      0.00000000      0.00000000      0.00000000      0.00000000      0.00000000      0.00000000     -0.00000000     -0.00000000      0.00000000      0.00000000     -0.00000000      0.00000000      0.00000000     -0.00000000     -0.00000000      0.00000000     -0.00000000     -0.00000000      0.00000000      0.00000000     -0.00000000     -0.00000000      0.00000000      0.00000000      0.00000000      0.00000000     -0.00000000     -0.00000000     -0.00000000      0.00000000      0.00000000     -0.00000000     -0.00000000      0.00000000     -0.00000000      0.00000000      0.00000000      0.00000000     -0.00000000      0.00000000      0.00000000      0.00000000     -0.00000000     -0.00000000     -0.00000000      0.00000000      0.00000000     -0.00000000      0.00000000      0.00000000     -0.00000000     -0.00000000
      0.09785598      0.00000000      0.00000000     -0.00000000      0.00000000      0.00000000      0.00000000      0.00000000      0.00000000      0.00000000     -0.00000000      0.00000000      0.00000000     -0.00000000     -0.00000000     -0.00000000      0.00000000      0.00000000     -0.00000000      0.00000000      0.00000000     -0.00000000     -0.00000000      0.00000000     -0.00000000      0.00000000     -0.00000000      0.00000000     -0.00000000      0.00000000      0.00000000     -0.00000000     -0.00000000     -0.00000000     -0.00000000     -0.00000000     -0.00000000     -0.00000000     -0.00000000     -0.00000000     -0.00000000     -0.00000000      0.00000000     -0.00000000     -0.00000000     -0.00000000     -0.00000000      0.00000000      0.00000000      0.00000000     -0.00000000      0.00000000      0.00000000      0.00000000     -0.00000000      0.00000000      0.00000000     -0.00000000      0.00000000      0.00000000     -0.00000000      0.00000000      0.00000000      0.00000000     -0.00000000      0.00000000     -0.00000000     -0.00000000     -0.00000000      0.00000000     -0.00000000     -0.00000000      0.00000000     -0.00000000     -0.00000000      0.00000000     -0.00000000     -0.00000000     -0.00000000      0.00000000     -0.00000000     -0.00000000     -0.00000000      0.00000000      0.00000000      0.00000000      0.00000000     -0.00000000      0.00000000      0.00000000      0.00000000      0.00000000      0.00000000      0.00000000      0.00000000      0.00000000      0.00000000      0.00000000      0.00000000     -0.00000000     -0.00000000      0.00000000     -0.00000000      0.00000000     -0.00000000      0.00000000     -0.00000000      0.00000000      0.00000000      0.00000000     -0.00000000     -0.00000000      0.00000000     -0.00000000      0.00000000      0.00000000      0.00000000     -0.00000000     -0.00000000      0.00000000     -0.00000000     -0.00000000     -0.00000000     -0.00000000     -0.00000000     -0.00000000      0.00000000     -0.00000000     -0.00000000
      0.10764158      0.00000000     -0.00000000     -0.00000000     -0.00000000     -0.00000000      0.00000000      0.00000000     -0.00000000     -0.00000000     -0.00000000      0.00000000      0.00000000     -0.00000000      0.00000000     -0.00000000     -0.00000000     -0.00000000      0.00000000      0.00000000     -0.00000000      0.00000000      0.00000000      0.00000000      0.00000000     -0.00000000     -0.00000000      0.00000000     -0.00000000     -0.00000000     -0.00000000     -0.00000000     -0.00000000     -0.00000000     -0.00000000      0.00000000      0.00000000      0.00000000      0.00000000     -0.00000000     -0.00000000      0.00000000     -0.00000000     -0.00000000      0.00000000     -0.00000000     -0.00000000      0.00000000     -0.00000000     -0.00000000     -0.00000000      0.00000000     -0.00000000     -0.00000000     -0.00000000     -0.00000000      0.00000000     -0.00000000     -0.00000000      0.00000000     -0.00000000     -0.00000000     -0.00000000     -0.00000000     -0.00000000      0.00000000      0.00000000      0.00000000      0.00000000     -0.00000000     -0.00000000      0.00000000      0.00000000      0.00000000      0.00000000     -0.00000000     -0.00000000     -0.00000000      0.00000000      0.00000000      0.00000000      0.00000000     -0.00000000      0.00000000     -0.00000000     -0.00000000     -0.00000000     -0.00000000      0.00000000     -0.00000000     -0.00000000     -0.00000000     -0.00000000      0.00000000     -0.00000000      0.00000000      0.00000000     -0.00000000     -0.00000000      0.00000000      0.00000000      0.00000000      0.00000000     -0.00000000     -0.00000000     -0.00000000     -0.00000000     -0.00000000      0.00000000      0.00000000     -0.00000000     -0.00000000      0.00000000      0.00000000      0.00000000     -0.00000000      0.00000000     -0.00000000     -0.00000000     -0.00000000     -0.00000000     -0.00000000     -0.00000000     -0.00000000     -0.00000000     -0.00000000      0.00000000      0.00000000      0.00000000
      0.11742717     -0.00000000      0.00000000      0.00000000     -0.00000000     -0.00000000     -0.00000000      0.00000000      0.00000000     -0.00000000     -0.00000000     -0.00000000      0.00000000      0.00000000      0.00000000      0.00000000     -0.00000000     -0.00000000      0.00000000     -0.00000000      0.00000000     -0.00000000     -0.00000000     -0.00000000     -0.00000000     -0.00000000     -0.00000000      0.00000000      0.00000000      0.00000000      0.00000000     -0.00000000     -0.00000000      0.00000000     -0.00000000      0.00000000      0.00000000      0.00000000      0.00000000      0.00000000      0.00000000      0.00000000      0.00000000      0.00000000      0.00000000      0.00000000     -0.00000000     -0.00000000      0.00000000      0.00000000     -0.00000000     -0.00000000     -0.00000000     -0.00000000      0.00000000      0.00000000     -0.00000000     -0.00000000     -0.00000000     -0.00000000     -0.00000000     -0.00000000     -0.00000000     -0.00000000      0.00000000     -0.00000000      0.00000000      0.00000000     -0.00000000      0.00000000      0.00000000      0.00000000      0.00000000      0.00000000      0.00000000     -0.00000000      0.00000000      0.00000000      0.00000000     -0.00000000     -0.00000000     -0.00000000     -0.00000000     -0.00000000     -0.00000000     -0.00000000     -0.00000000     -0.00000000     -0.00000000     -0.00000000     -0.00000000     -0.00000000      0.00000000     -0.00000000     -0.00000000      0.00000000      0.00000000     -0.00000000      0.00000000      0.00000000     -0.00000000      0.00000000     -0.00000000      0.00000000      0.00000000      0.00000000      0.00000000      0.00000000      0.00000000     -0.00000000      0.00000000     -0.00000000      0.00000000      0.00000000      0.00000000     -0.00000000      0.00000000     -0.00000000      0.00000000     -0.00000000      0.00000000      0.00000000      0.00000000      0.00000000     -0.00000000      0.00000000     -0.00000000     -0.00000000      0.00000000
      0.12721277      0.00000000     -0.00000000     -0.00000000      0.00000000     -0.00000000     -0.00000000      0.00000000      0.00000000     -0.00000000     -0.00000000     -0.00000000      0.00000000     -0.00000000      0.00000000      0.00000000      0.00000000      0.00000000      0.00000000     -0.00000000     -0.00000000      0.00000000     -0.00000000      0.00000000      0.00000000     -0.00000000      0.00000000     -0.00000000      0.00000000     -0.00000000     -0.00000000     -0.00000000     -0.00000000     -0.00000000      0.00000000     -0.00000000     -0.00000000      0.00000000     -0.00000000      0.00000000      0.00000000     -0.00000000      0.00000000     -0.00000000      0.00000000     -0.00000000     -0.00000000      0.00000000      0.00000000     -0.00000000      0.00000000     -0.00000000     -0.00000000     -0.00000000      0.00000000     -0.00000000     -0.00000000     -0.00000000      0.00000000     -0.00000000      0.00000000     -0.00000000     -0.00000000     -0.00000000     -0.00000000      0.00000000      0.00000000      0.00000000      0.00000000     -0.00000000      0.00000000     -0.00000000      0.00000000      0.00000000      0.00000000     -0.00000000      0.00000000      0.00000000      0.00000000     -0.00000000      0.00000000     -0.00000000     -0.00000000      0.00000000      0.00000000     -0.00000000      0.00000000     -0.00000000      0.00000000     -0.00000000     -0.00000000      0.00000000     -0.00000000      0.00000000      0.00000000     -0.00000000      0.00000000      0.00000000      0.00000000      0.00000000      0.00000000     -0.00000000      0.00000000     -0.00000000      0.00000000     -0.00000000     -0.00000000      0.00000000     -0.00000000      0.00000000      0.00000000     -0.00000000     -0.00000000     -0.00000000     -0.00000000     -0.00000000      0.00000000     -0.00000000      0.00000000      0.00000000      0.00000000     -0.00000000     -0.00000000      0.00000000      0.00000000     -0.00000000      0.00000000      0.00000000     -0.00000000
      0.13699837      0.00000000     -0.00000000     -0.00000000      0.00000000     -0.00000000      0.00000000     -0.00000000      0.00000000     -0.00000000      0.00000000     -0.00000000      0.00000000     -0.00000000     -0.00000000      0.00000000      0.00000000     -0.00000000     -0.00000000      0.00000000     -0.00000000      0.00000000      0.00000000      0.00000000      0.00000000     -0.00000000     -0.00000000      0.00000000      0.00000000      0.00000000     -0.00000000     -0.00000000      0.00000000      0.00000000      0.00000000      0.00000000     -0.00000000     -0.00000000      0.00000000      0.00000000     -0.00000000     -0.00000000      0.00000000     -0.00000000      0.00000000      0.00000000      0.00000000      0.00000000      0.00000000     -0.00000000      0.00000000     -0.00000000     -0.00000000      0.00000000      0.00000000      0.00000000     -0.00000000      0.00000000     -0.00000000      0.00000000      0.00000000      0.00000000     -0.00000000      0.00000000      0.00000000     -0.00000000     -0.00000000      0.00000000     -0.00000000     -0.00000000     -0.00000000      0.00000000     -0.00000000      0.00000000     -0.00000000     -0.00000000     -0.00000000      0.00000000      0.00000000     -0.00000000      0.00000000     -0.00000000     -0.00000000     -0.00000000     -0.00000000     -0.00000000      0.00000000     -0.00000000      0.00000000      0.00000000     -0.00000000     -0.00000000      0.00000000      0.00000000     -0.00000000     -0.00000000     -0.00000000     -0.00000000      0.00000000      0.00000000     -0.00000000     -0.00000000      0.00000000      0.00000000      0.00000000     -0.00000000     -0.00000000     -0.00000000     -0.00000000      0.00000000      0.00000000      0.00000000     -0.00000000     -0.00000000     -0.00000000      0.00000000      0.00000000     -0.00000000      0.00000000     -0.00000000      0.00000000     -0.00000000      0.00000000     -0.00000000      0.00000000     -0.00000000      0.00000000      0.00000000     -0.00000000
      0.14678397      0.00000000      0.00000000      0.00000000      0.00000000     -0.00000000     -0.00000000     -0.00000000     -0.00000000      0.00000000      0.00000000      0.00000000      0.00000000     -0.00000000      0.00000000     -0.00000000      0.00000000     -0.00000000     -0.00000000      0.00000000      0.00000000      0.00000000      0.00000000      0.00000000      0.00000000      0.00000000     -0.00000000      0.00000000     -0.00000000     -0.00000000     -0.00000000      0.00000000      0.00000000     -0.00000000      0.00000000     -0.00000000     -0.00000000      0.00000000     -0.00000000     -0.00000000      0.00000000     -0.00000000      0.00000000     -0.00000000     -0.00000000     -0.00000000      0.00000000     -0.00000000      0.00000000     -0.00000000      0.00000000     -0.00000000     -0.00000000     -0.00000000     -0.00000000     -0.00000000     -0.00000000     -0.00000000     -0.00000000      0.00000000     -0.00000000      0.00000000     -0.00000000      0.00000000      0.00000000     -0.00000000     -0.00000000      0.00000000      0.00000000     -0.00000000     -0.00000000      0.00000000     -0.00000000     -0.00000000     -0.00000000     -0.00000000      0.00000000      0.00000000     -0.00000000     -0.00000000      0.00000000      0.00000000      0.00000000     -0.00000000     -0.00000000     -0.00000000      0.00000000      0.00000000     -0.00000000      0.00000000      0.00000000      0.00000000      0.00000000      0.00000000     -0.00000000     -0.00000000      0.00000000     -0.00000000      0.00000000      0.00000000      0.00000000      0.00000000     -0.00000000     -0.00000000     -0.00000000     -0.00000000     -0.00000000     -0.00000000     -0.00000000     -0.00000000     -0.00000000      0.00000000      0.00000000     -0.00000000      0.00000000     -0.00000000      0.00000000     -0.00000000      0.00000000     -0.00000000     -0.00000000      0.00000000     -0.00000000      0.00000000      0.00000000     -0.00000000     -0.00000000      0.00000000     -0.00000000
      0.15656956     -0.00000000     -0.00000000      0.00000000      0.00000000     -0.00000000     -0.00000000      0.00000000      0.00000000     -0.00000000     -0.00000000      0.00000000     -0.00000000      0.00000000     -0.00000000     -0.00000000      0.00000000      0.00000000     -0.00000000      0.00000000      0.00000000     -0.00000000     -0.00000000     -0.00000000      0.00000000     -0.00000000     -0.00000000      0.00000000      0.00000000     -0.00000000      0.00000000     -0.00000000      0.00000000     -0.00000000      0.00000000     -0.00000000      0.00000000     -0.00000000     -0.00000000     -0.00000000     -0.00000000     -0.00000000      0.00000000     -0.00000000      0.00000000      0.00000000      0.00000000      0.00000000      0.00000000      0.00000000      0.00000000     -0.00000000      0.00000000     -0.00000000      0.00000000     -0.00000000      0.00000000     -0.00000000     -0.00000000     -0.00000000     -0.00000000     -0.00000000      0.00000000      0.00000000      0.00000000     -0.00000000     -0.00000000      0.00000000     -0.00000000     -0.00000000      0.00000000      0.00000000      0.00000000      0.00000000      0.00000000     -0.00000000     -0.00000000     -0.00000000      0.00000000      0.00000000      0.00000000     -0.00000000     -0.00000000     -0.00000000     -0.00000000     -0.00000000     -0.00000000     -0.00000000      0.00000000      0.00000000      0.00000000     -0.00000000     -0.00000000     -0.00000000      0.00000000      0.00000000      0.00000000     -0.00000000     -0.00000000     -0.00000000     -0.00000000     -0.00000000      0.00000000      0.00000000      0.00000000     -0.00000000      0.00000000      0.00000000     -0.00000000     -0.00000000     -0.00000000      0.00000000     -0.00000000      0.00000000      0.00000000      0.00000000     -0.00000000      0.00000000     -0.00000000      0.00000000      0.00000000      0.00000000     -0.00000000     -0.00000000      0.00000000     -0.00000000      0.00000000     -0.00000000     -0.00000000
      0.16635516     -0.00000000     -0.00000000      0.00000000     -0.00000000      0.00000000      0.00000000      0.00000000     -0.00000000      0.00000000      0.00000000     -0.00000000     -0.00000000     -0.00000000     -0.00000000     -0.00000000      0.00000000     -0.00000000     -0.00000000     -0.00000000     -0.00000000      0.00000000     -0.00000000     -0.00000000     -0.00000000     -0.00000000      0.00000000     -0.00000000      0.00000000      0.00000000      0.00000000      0.00000000      0.00000000     -0.00000000      0.00000000      0.00000000      0.00000000     -0.00000000     -0.00000000      0.00000000      0.00000000     -0.00000000      0.00000000     -0.00000000      0.00000000     -0.00000000      0.00000000     -0.00000000     -0.00000000      0.00000000      0.00000000     -0.00000000      0.00000000      0.00000000      0.00000000     -0.00000000      0.00000000     -0.00000000     -0.00000000     -0.00000000     -0.00000000     -0.00000000     -0.00000000     -0.00000000      0.00000000     -0.00000000      0.00000000      0.00000000      0.00000000      0.00000000      0.00000000      0.00000000      0.00000000     -0.00000000      0.00000000     -0.00000000     -0.00000000     -0.00000000      0.00000000     -0.00000000     -0.00000000      0.00000000      0.00000000     -0.00000000      0.00000000     -0.00000000      0.00000000     -0.00000000      0.00000000     -0.00000000     -0.00000000      0.00000000      0.00000000     -0.00000000      0.00000000     -0.00000000      0.00000000     -0.00000000     -0.00000000     -0.00000000     -0.00000000     -0.00000000      0.00000000     -0.00000000      0.00000000      0.00000000      0.00000000      0.00000000     -0.00000000      0.00000000      0.00000000      0.00000000     -0.00000000      0.00000000      0.00000000      0.00000000      0.00000000      0.00000000      0.00000000     -0.00000000     -0.00000000      0.00000000     -0.00000000     -0.00000000     -0.00000000      0.00000000     -0.00000000      0.00000000      0.00000000
      0.17614076     -0.00000000     -0.00000000      0.00000000     -0.00000000      0.00000000      0.00000000      0.00000000      0.00000000     -0.00000000      0.00000000     -0.00000000      0.00000000     -0.00000000     -0.00000000      0.00000000      0.00000000      0.00000000     -0.00000000     -0.00000000      0.00000000     -0.00000000     -0.00000000     -0.00000000      0.00000000     -0.00000000      0.00000000      0.00000000     -0.00000000      0.00000000      0.00000000     -0.00000000     -0.00000000     -0.00000000     -0.00000000      0.00000000      0.00000000      0.00000000     -0.00000000      0.00000000     -0.00000000      0.00000000      0.00000000      0.00000000     -0.00000000      0.00000000      0.00000000     -0.00000000      0.00000000      0.00000000      0.00000000      0.00000000      0.00000000     -0.00000000     -0.00000000      0.00000000     -0.00000000      0.00000000     -0.00000000     -0.00000000      0.00000000     -0.00000000      0.00000000      0.00000000     -0.00000000      0.00000000     -0.00000000     -0.00000000      0.00000000      0.00000000     -0.00000000      0.00000000     -0.00000000      0.00000000     -0.00000000      0.00000000      0.00000000     -0.00000000     -0.00000000     -0.00000000     -0.00000000     -0.00000000      0.00000000     -0.00000000     -0.00000000      0.00000000     -0.00000000     -0.00000000     -0.00000000      0.00000000     -0.00000000      0.00000000     -0.00000000     -0.00000000     -0.00000000      0.00000000      0.00000000      0.00000000      0.00000000     -0.00000000     -0.00000000      0.00000000     -0.00000000     -0.00000000      0.00000000     -0.00000000      0.00000000      0.00000000      0.00000000     -0.00000000      0.00000000     -0.00000000      0.00000000      0.00000000     -0.00000000      0.00000000      0.00000000     -0.00000000      0.00000000     -0.00000000      0.00000000     -0.00000000     -0.00000000     -0.00000000     -0.00000000      0.00000000     -0.00000000      0.00000000      0.00000000
      0.18592636      0.00000000     -0.00000000     -0.00000000     -0.00000000      0.00000000      0.00000000     -0.00000000      0.00000000      0.00000000     -0.00000000     -0.00000000     -0.00000000     -0.00000000      0.00000000      0.00000000     -0.00000000      0.00000000      0.00000000      0.00000000      0.00000000     -0.00000000      0.00000000      0.00000000      0.00000000     -0.00000000     -0.00000000      0.00000000      0.00000000     -0.00000000      0.00000000     -0.00000000     -0.00000000     -0.00000000     -0.00000000      0.00000000     -0.00000000      0.00000000     -0.00000000     -0.00000000      0.00000000      0.00000000      0.00000000      0.00000000     -0.00000000      0.00000000     -0.00000000     -0.00000000     -0.00000000     -0.00000000     -0.00000000     -0.00000000      0.00000000     -0.00000000      0.00000000      0.00000000     -0.00000000     -0.00000000      0.00000000      0.00000000     -0.00000000      0.00000000      0.00000000     -0.00000000      0.00000000     -0.00000000      0.00000000     -0.00000000     -0.00000000      0.00000000     -0.00000000     -0.00000000      0.00000000      0.00000000     -0.00000000     -0.00000000      0.00000000     -0.00000000      0.00000000      0.00000000      0.00000000      0.00000000      0.00000000      0.00000000     -0.00000000      0.00000000     -0.00000000     -0.00000000     -0.00000000     -0.00000000      0.00000000      0.00000000     -0.00000000      0.00000000     -0.00000000      0.00000000      0.00000000      0.00000000      0.00000000     -0.00000000      0.00000000     -0.00000000      0.00000000      0.00000000      0.00000000     -0.00000000     -0.00000000     -0.00000000      0.00000000      0.00000000     -0.00000000      0.00000000     -0.00000000      0.00000000     -0.00000000     -0.00000000      0.00000000      0.00000000      0.00000000      0.00000000     -0.00000000     -0.00000000      0.00000000     -0.00000000     -0.00000000      0.00000000      0.00000000      0.00000000     -0.00000000
      0.19571196      0.00000000      0.00000000     -0.00000000      0.00000000      0.00000000     -0.00000000     -0.00000000     -0.00000000     -0.00000000      0.00000000      0.00000000     -0.00000000     -0.00000000     -0.00000000     -0.00000000     -0.00000000      0.00000000      0.00000000      0.00000000     -0.00000000      0.00000000     -0.00000000     -0.00000000      0.00000000     -0.00000000      0.00000000     -0.00000000     -0.00000000      0.00000000      0.00000000     -0.00000000     -0.00000000      0.00000000      0.00000000      0.00000000      0.00000000      0.00000000      0.00000000      0.00000000      0.00000000      0.00000000      0.00000000      0.00000000      0.00000000      0.00000000     -0.00000000      0.00000000      0.00000000      0.00000000      0.00000000      0.00000000     -0.00000000      0.00000000     -0.00000000     -0.00000000     -0.00000000      0.00000000      0.00000000      0.00000000      0.00000000     -0.00000000      0.00000000      0.00000000      0.00000000     -0.00000000     -0.00000000     -0.00000000      0.00000000     -0.00000000     -0.00000000     -0.00000000     -0.00000000      0.00000000      0.00000000      0.00000000     -0.00000000      0.00000000     -0.00000000     -0.00000000     -0.00000000     -0.00000000     -0.00000000      0.00000000     -0.00000000     -0.00000000     -0.00000000     -0.00000000     -0.00000000     -0.00000000     -0.00000000     -0.00000000     -0.00000000      0.00000000     -0.00000000     -0.00000000     -0.00000000      0.00000000      0.00000000     -0.00000000     -0.00000000      0.00000000      0.00000000     -0.00000000      0.00000000     -0.00000000      0.00000000      0.00000000     -0.00000000      0.00000000     -0.00000000      0.00000000      0.00000000      0.00000000     -0.00000000      0.00000000      0.00000000     -0.00000000      0.00000000     -0.00000000      0.00000000      0.00000000      0.00000000      0.00000000     -0.00000000     -0.00000000      0.00000000     -0.00000000     -0.00000000
      0.20549755     -0.00000000     -0.00000000      0.00000000      0.00000000      0.00000000     -0.00000000      0.00000000     -0.00000000      0.00000000     -0.00000000      0.00000000      0.00000000     -0.00000000     -0.00000000      0.00000000     -0.00000000      0.00000000      0.00000000     -0.00000000      0.00000000      0.00000000     -0.00000000      0.00000000      0.00000000     -0.00000000     -0.00000000     -0.00000000      0.00000000      0.00000000      0.00000000      0.00000000      0.00000000     -0.00000000     -0.00000000     -0.00000000      0.00000000      0.00000000     -0.00000000      0.00000000     -0.00000000     -0.00000000      0.00000000     -0.00000000     -0.00000000     -0.00000000      0.00000000     -0.00000000      0.00000000      0.00000000     -0.00000000      0.00000000     -0.00000000      0.00000000     -0.00000000      0.00000000      0.00000000      0.00000000      0.00000000      0.00000000     -0.00000000     -0.00000000     -0.00000000      0.00000000      0.00000000     -0.00000000     -0.00000000      0.00000000      0.00000000      0.00000000     -0.00000000     -0.00000000     -0.00000000     -0.00000000     -0.00000000      0.00000000     -0.00000000      0.00000000     -0.00000000      0.00000000     -0.00000000     -0.00000000      0.00000000     -0.00000000      0.00000000      0.00000000      0.00000000     -0.00000000      0.00000000      0.00000000     -0.00000000      0.00000000     -0.00000000     -0.00000000      0.00000000      0.00000000      0.00000000     -0.00000000     -0.00000000     -0.00000000     -0.00000000     -0.00000000      0.00000000      0.00000000      0.00000000     -0.00000000     -0.00000000      0.00000000     -0.00000000      0.00000000      0.00000000     -0.00000000     -0.00000000      0.00000000     -0.00000000      0.00000000      0.00000000     -0.00000000     -0.00000000      0.00000000     -0.00000000      0.00000000     -0.00000000      0.00000000     -0.00000000     -0.00000000     -0.00000000      0.00000000      0.00000000
      0.21528315     -0.00000000      0.00000000      0.00000000     -0.00000000     -0.00000000      0.00000000     -0.00000000      0.00000000      0.00000000     -0.00000000     -0.00000000     -0.00000000      0.00000000      0.00000000      0.00000000      0.00000000     -0.00000000     -0.00000000      0.00000000      0.00000000      0.00000000      0.00000000     -0.00000000      0.00000000     -0.00000000      0.00000000     -0.00000000      0.00000000      0.00000000      0.00000000      0.00000000     -0.00000000     -0.00000000     -0.00000000      0.00000000     -0.00000000      0.00000000      0.00000000     -0.00000000     -0.00000000     -0.00000000     -0.00000000      0.00000000      0.00000000     -0.00000000     -0.00000000     -0.00000000     -0.00000000     -0.00000000     -0.00000000      0.00000000      0.00000000      0.00000000      0.00000000      0.00000000      0.00000000      0.00000000     -0.00000000     -0.00000000      0.00000000      0.00000000      0.00000000     -0.00000000      0.00000000     -0.00000000      0.00000000     -0.00000000     -0.00000000     -0.00000000      0.00000000      0.00000000     -0.00000000     -0.00000000     -0.00000000      0.00000000     -0.00000000     -0.00000000     -0.00000000      0.00000000      0.00000000      0.00000000      0.00000000      0.00000000      0.00000000     -0.00000000     -0.00000000      0.00000000      0.00000000      0.00000000      0.00000000     -0.00000000     -0.00000000      0.00000000     -0.00000000      0.00000000      0.00000000      0.00000000     -0.00000000     -0.00000000      0.00000000     -0.00000000      0.00000000     -0.00000000      0.00000000     -0.00000000      0.00000000     -0.00000000     -0.00000000     -0.00000000     -0.00000000     -0.00000000      0.00000000      0.00000000      0.00000000     -0.00000000     -0.00000000      0.00000000      0.00000000      0.00000000      0.00000000     -0.00000000      0.00000000     -0.00000000      0.00000000      0.00000000     -0.00000000     -0.00000000      0.00000000
      0.22506875     -0.00000000      0.00000000     -0.00000000      0.00000000      0.00000000      0.00000000     -0.00000000      0.00000000      0.00000000     -0.00000000      0.00000000      0.00000000     -0.00000000      0.00000000      0.00000000      0.00000000      0.00000000     -0.00000000     -0.00000000     -0.00000000     -0.00000000      0.00000000     -0.00000000     -0.00000000     -0.00000000      0.00000000      0.00000000     -0.00000000      0.00000000     -0.00000000     -0.00000000      0.00000000      0.00000000     -0.00000000     -0.00000000     -0.00000000     -0.00000000     -0.00000000     -0.00000000      0.00000000      0.00000000      0.00000000     -0.00000000     -0.00000000     -0.00000000     -0.00000000     -0.00000000     -0.00000000      0.00000000     -0.00000000      0.00000000     -0.00000000     -0.00000000     -0.00000000      0.00000000     -0.00000000      0.00000000      0.00000000     -0.00000000     -0.00000000      0.00000000     -0.00000000      0.00000000      0.00000000     -0.00000000     -0.00000000     -0.00000000      0.00000000      0.00000000      0.00000000     -0.00000000      0.00000000      0.00000000     -0.00000000     -0.00000000      0.00000000      0.00000000     -0.00000000     -0.00000000     -0.00000000     -0.00000000     -0.00000000      0.00000000     -0.00000000      0.00000000     -0.00000000      0.00000000     -0.00000000     -0.00000000      0.00000000      0.00000000      0.00000000     -0.00000000      0.00000000      0.00000000      0.00000000     -0.00000000      0.00000000     -0.00000000     -0.00000000      0.00000000     -0.00000000     -0.00000000     -0.00000000     -0.00000000      0.00000000     -0.00000000      0.00000000      0.00000000      0.00000000      0.00000000      0.00000000      0.00000000      0.00000000     -0.00000000      0.00000000     -0.00000000      0.00000000     -0.00000000      0.00000000      0.00000000      0.00000000     -0.00000000      0.00000000     -0.00000000      0.00000000      0.00000000     -0.00000000
      0.23485435     -0.00000000     -0.00000000     -0.00000000      0.00000000     -0.00000000      0.00000000     -0.00000000     -0.00000000     -0.00000000     -0.00000000      0.00000000      0.00000000     -0.00000000     -0.00000000      0.00000000     -0.00000000     -0.00000000      0.00000000      0.00000000     -0.00000000      0.00000000      0.00000000      0.00000000     -0.00000000     -0.00000000      0.00000000     -0.00000000     -0.00000000     -0.00000000     -0.00000000     -0.00000000     -0.00000000     -0.00000000     -0.00000000     -0.00000000      0.00000000      0.00000000      0.00000000     -0.00000000     -0.00000000     -0.00000000      0.00000000      0.00000000      0.00000000     -0.00000000     -0.00000000     -0.00000000     -0.00000000     -0.00000000     -0.00000000     -0.00000000      0.00000000      0.00000000     -0.00000000      0.00000000     -0.00000000     -0.00000000     -0.00000000      0.00000000     -0.00000000     -0.00000000     -0.00000000     -0.00000000     -0.00000000      0.00000000      0.00000000      0.00000000      0.00000000      0.00000000     -0.00000000      0.00000000      0.00000000      0.00000000     -0.00000000      0.00000000     -0.00000000     -0.00000000      0.00000000      0.00000000      0.00000000      0.00000000      0.00000000      0.00000000      0.00000000     -0.00000000     -0.00000000     -0.00000000      0.00000000      0.00000000      0.00000000     -0.00000000     -0.00000000     -0.00000000      0.00000000      0.00000000      0.00000000      0.00000000      0.00000000      0.00000000      0.00000000      0.00000000      0.00000000     -0.00000000      0.00000000      0.00000000     -0.00000000     -0.00000000     -0.00000000      0.00000000     -0.00000000     -0.00000000      0.00000000      0.00000000     -0.00000000      0.00000000      0.00000000     -0.00000000     -0.00000000      0.00000000      0.00000000      0.00000000      0.00000000     -0.00000000      0.00000000     -0.00000000      0.00000000      0.00000000      0.00000000
      0.24463994     -0.00000000      0.00000000     -0.00000000      0.00000000      0.00000000      0.00000000     -0.00000000      0.00000000     -0.00000000      0.00000000      0.00000000     -0.00000000     -0.00000000      0.00000000     -0.00000000      0.00000000     -0.00000000     -0.00000000     -0.00000000     -0.00000000     -0.00000000      0.00000000     -0.00000000     -0.00000000     -0.00000000      0.00000000      0.00000000      0.00000000      0.00000000      0.00000000     -0.00000000      0.00000000      0.00000000      0.00000000      0.00000000      0.00000000     -0.00000000     -0.00000000     -0.00000000     -0.00000000      0.00000000      0.00000000      0.00000000      0.00000000      0.00000000     -0.00000000     -0.00000000     -0.00000000     -0.00000000      0.00000000      0.00000000     -0.00000000     -0.00000000     -0.00000000     -0.00000000     -0.00000000      0.00000000     -0.00000000      0.00000000      0.00000000      0.00000000     -0.00000000      0.00000000      0.00000000     -0.00000000     -0.00000000      0.00000000     -0.00000000     -0.00000000     -0.00000000      0.00000000     -0.00000000      0.00000000      0.00000000      0.00000000      0.00000000      0.00000000     -0.00000000     -0.00000000      0.00000000      0.00000000      0.00000000      0.00000000     -0.00000000     -0.00000000     -0.00000000     -0.00000000     -0.00000000      0.00000000      0.00000000      0.00000000      0.00000000     -0.00000000     -0.00000000     -0.00000000     -0.00000000     -0.00000000      0.00000000     -0.00000000     -0.00000000     -0.00000000     -0.00000000     -0.00000000      0.00000000      0.00000000      0.00000000     -0.00000000      0.00000000      0.00000000      0.00000000      0.00000000      0.00000000     -0.00000000      0.00000000     -0.00000000      0.00000000      0.00000000     -0.00000000     -0.00000000      0.00000000     -0.00000000      0.00000000     -0.00000000     -0.00000000      0.00000000     -0.00000000     -0.00000000      0.00000000
      0.25442554     -0.00000000     -0.00000000      0.00000000      0.00000000     -0.00000000     -0.00000000     -0.00000000      0.00000000     -0.00000000      0.00000000     -0.00000000      0.00000000      0.00000000      0.00000000      0.00000000      0.00000000     -0.00000000     -0.00000000      0.00000000     -0.00000000      0.00000000      0.00000000     -0.00000000      0.00000000      0.00000000     -0.00000000     -0.00000000     -0.00000000      0.00000000      0.00000000      0.00000000      0.00000000      0.00000000      0.00000000     -0.00000000      0.00000000     -0.00000000      0.00000000     -0.00000000     -0.00000000      0.00000000      0.00000000      0.00000000      0.00000000     -0.00000000      0.00000000     -0.00000000      0.00000000     -0.00000000     -0.00000000      0.00000000     -0.00000000     -0.00000000      0.00000000      0.00000000     -0.00000000      0.00000000     -0.00000000     -0.00000000     -0.00000000     -0.00000000      0.00000000      0.00000000      0.00000000     -0.00000000     -0.00000000      0.00000000     -0.00000000      0.00000000      0.00000000      0.00000000     -0.00000000      0.00000000     -0.00000000      0.00000000      0.00000000     -0.00000000     -0.00000000      0.00000000     -0.00000000     -0.00000000      0.00000000     -0.00000000      0.00000000     -0.00000000     -0.00000000      0.00000000     -0.00000000      0.00000000      0.00000000      0.00000000     -0.00000000     -0.00000000      0.00000000     -0.00000000      0.00000000     -0.00000000      0.00000000     -0.00000000     -0.00000000     -0.00000000     -0.00000000      0.00000000     -0.00000000     -0.00000000      0.00000000     -0.00000000      0.00000000      0.00000000      0.00000000      0.00000000      0.00000000     -0.00000000     -0.00000000      0.00000000     -0.00000000      0.00000000     -0.00000000     -0.00000000      0.00000000     -0.00000000     -0.00000000     -0.00000000     -0.00000000     -0.00000000      0.00000000      0.00000000     -0.00000000
      0.26421114      0.00000000     -0.00000000      0.00000000      0.00000000      0.00000000      0.00000000      0.00000000     -0.00000000      0.00000000      0.00000000      0.00000000     -0.00000000      0.00000000      0.00000000      0.00000000      0.00000000      0.00000000      0.00000000      0.00000000      0.00000000      0.00000000     -0.00000000      0.00000000     -0.00000000     -0.00000000     -0.00000000     -0.00000000     -0.00000000      0.00000000      0.00000000     -0.00000000      0.00000000     -0.00000000     -0.00000000     -0.00000000      0.00000000      0.00000000      0.00000000      0.00000000     -0.00000000      0.00000000      0.00000000      0.00000000      0.00000000     -0.00000000     -0.00000000     -0.00000000      0.00000000      0.00000000      0.00000000     -0.00000000      0.00000000     -0.00000000     -0.00000000      0.00000000     -0.00000000      0.00000000     -0.00000000     -0.00000000      0.00000000     -0.00000000      0.00000000     -0.00000000     -0.00000000      0.00000000      0.00000000     -0.00000000      0.00000000     -0.00000000      0.00000000      0.00000000     -0.00000000      0.00000000     -0.00000000      0.00000000      0.00000000     -0.00000000      0.00000000     -0.00000000     -0.00000000     -0.00000000      0.00000000      0.00000000      0.00000000     -0.00000000     -0.00000000     -0.00000000     -0.00000000      0.00000000     -0.00000000     -0.00000000     -0.00000000     -0.00000000      0.00000000      0.00000000      0.00000000      0.00000000     -0.00000000     -0.00000000     -0.00000000      0.00000000      0.00000000      0.00000000      0.00000000      0.00000000     -0.00000000      0.00000000     -0.00000000     -0.00000000     -0.00000000      0.00000000     -0.00000000      0.00000000     -0.00000000     -0.00000000     -0.00000000      0.00000000     -0.00000000     -0.00000000     -0.00000000      0.00000000     -0.00000000     -0.00000000     -0.00000000     -0.00000000      0.00000000      0.00000000     -0.00000000
      0.27399674      0.00000000     -0.00000000     -0.00000000     -0.00000000      0.00000000     -0.00000000      0.00000000      0.00000000     -0.00000000      0.00000000      0.00000000      0.00000000      0.00000000      0.00000000      0.00000000      0.00000000     -0.00000000      0.00000000     -0.00000000     -0.00000000      0.00000000      0.00000000      0.00000000     -0.00000000     -0.00000000      0.00000000     -0.00000000      0.00000000      0.00000000      0.00000000     -0.00000000     -0.00000000     -0.00000000     -0.00000000     -0.00000000     -0.00000000     -0.00000000      0.00000000      0.00000000     -0.00000000     -0.00000000      0.00000000     -0.00000000      0.00000000      0.00000000      0.00000000      0.00000000     -0.00000000      0.00000000      0.00000000      0.00000000     -0.00000000     -0.00000000      0.00000000     -0.00000000      0.00000000      0.00000000      0.00000000      0.00000000     -0.00000000     -0.00000000      0.00000000      0.00000000     -0.00000000      0.00000000     -0.00000000     -0.00000000      0.00000000      0.00000000     -0.00000000     -0.00000000     -0.00000000     -0.00000000      0.00000000     -0.00000000      0.00000000      0.00000000     -0.00000000     -0.00000000     -0.00000000      0.00000000     -0.00000000     -0.00000000     -0.00000000     -0.00000000      0.00000000     -0.00000000      0.00000000      0.00000000     -0.00000000     -0.00000000      0.00000000      0.00000000      0.00000000      0.00000000      0.00000000      0.00000000      0.00000000     -0.00000000     -0.00000000     -0.00000000      0.00000000     -0.00000000      0.00000000      0.00000000     -0.00000000     -0.00000000     -0.00000000      0.00000000      0.00000000      0.00000000     -0.00000000     -0.00000000     -0.00000000     -0.00000000     -0.00000000     -0.00000000     -0.00000000     -0.00000000      0.00000000     -0.00000000     -0.00000000      0.00000000     -0.00000000      0.00000000      0.00000000      0.00000000     -0.00000000
      0.28378234     -0.00000000      0.00000000     -0.00000000      0.00000000      0.00000000      0.00000000      0.00000000     -0.00000000     -0.00000000      0.00000000      0.00000000     -0.00000000      0.00000000      0.00000000      0.00000000     -0.00000000     -0.00000000      0.00000000     -0.00000000     -0.00000000     -0.00000000      0.00000000      0.00000000      0.00000000     -0.00000000      0.00000000     -0.00000000     -0.00000000      0.00000000     -0.00000000      0.00000000      0.00000000      0.00000000     -0.00000000      0.00000000      0.00000000      0.00000000     -0.00000000      0.00000000     -0.00000000     -0.00000000      0.00000000     -0.00000000      0.00000000     -0.00000000      0.00000000      0.00000000     -0.00000000      0.00000000     -0.00000000      0.00000000      0.00000000      0.00000000     -0.00000000     -0.00000000     -0.00000000     -0.00000000     -0.00000000      0.00000000      0.00000000     -0.00000000     -0.00000000     -0.00000000     -0.00000000      0.00000000      0.00000000      0.00000000      0.00000000     -0.00000000     -0.00000000      0.00000000      0.00000000      0.00000000      0.00000000      0.00000000     -0.00000000     -0.00000000     -0.00000000      0.00000000     -0.00000000      0.00000000     -0.00000000     -0.00000000      0.00000000     -0.00000000      0.00000000     -0.00000000      0.00000000      0.00000000     -0.00000000      0.00000000     -0.00000000     -0.00000000     -0.00000000      0.00000000     -0.00000000     -0.00000000     -0.00000000      0.00000000     -0.00000000      0.00000000      0.00000000     -0.00000000      0.00000000     -0.00000000     -0.00000000     -0.00000000      0.00000000      0.00000000      0.00000000      0.00000000     -0.00000000      0.00000000     -0.00000000     -0.00000000     -0.00000000      0.00000000     -0.00000000     -0.00000000      0.00000000      0.00000000     -0.00000000     -0.00000000     -0.00000000     -0.00000000      0.00000000     -0.00000000      0.00000000
      0.29356793     -0.00000000      0.00000000      0.00000000      0.00000000     -0.00000000      0.00000000     -0.00000000     -0.00000000      0.00000000     -0.00000000      0.00000000     -0.00000000      0.00000000      0.00000000     -0.00000000     -0.00000000     -0.00000000     -0.00000000     -0.00000000     -0.00000000     -0.00000000     -0.00000000     -0.00000000     -0.00000000      0.00000000      0.00000000     -0.00000000      0.00000000     -0.00000000      0.00000000     -0.00000000     -0.00000000     -0.00000000     -0.00000000     -0.00000000      0.00000000     -0.00000000      0.00000000     -0.00000000      0.00000000      0.00000000      0.00000000     -0.00000000      0.00000000     -0.00000000     -0.00000000      0.00000000     -0.00000000      0.00000000      0.00000000      0.00000000     -0.00000000      0.00000000     -0.00000000     -0.00000000     -0.00000000     -0.00000000      0.00000000      0.00000000     -0.00000000     -0.00000000     -0.00000000     -0.00000000      0.00000000     -0.00000000     -0.00000000      0.00000000     -0.00000000     -0.00000000     -0.00000000      0.00000000     -0.00000000      0.00000000      0.00000000      0.00000000      0.00000000     -0.00000000     -0.00000000     -0.00000000      0.00000000      0.00000000      0.00000000      0.00000000     -0.00000000     -0.00000000      0.00000000      0.00000000     -0.00000000     -0.00000000      0.00000000      0.00000000      0.00000000      0.00000000      0.00000000     -0.00000000     -0.00000000     -0.00000000     -0.00000000     -0.00000000      0.00000000      0.00000000      0.00000000     -0.00000000     -0.00000000      0.00000000      0.00000000      0.00000000     -0.00000000      0.00000000      0.00000000      0.00000000      0.00000000      0.00000000      0.00000000     -0.00000000     -0.00000000      0.00000000     -0.00000000      0.00000000     -0.00000000      0.00000000      0.00000000     -0.00000000     -0.00000000     -0.00000000      0.00000000     -0.00000000     -0.00000000
      0.30335353      0.00000000      0.00000000      0.00000000     -0.00000000      0.00000000     -0.00000000      0.00000000     -0.00000000      0.00000000     -0.00000000     -0.00000000     -0.00000000      0.00000000      0.00000000     -0.00000000      0.00000000      0.00000000     -0.00000000     -0.00000000      0.00000000     -0.00000000     -0.00000000     -0.00000000      0.00000000     -0.00000000     -0.00000000      0.00000000     -0.00000000      0.00000000     -0.00000000      0.00000000      0.00000000     -0.00000000     -0.00000000     -0.00000000      0.00000000      0.00000000     -0.00000000     -0.00000000      0.00000000     -0.00000000      0.00000000     -0.00000000      0.00000000     -0.00000000     -0.00000000     -0.00000000      0.00000000     -0.00000000      0.00000000     -0.00000000      0.00000000     -0.00000000      0.00000000      0.00000000     -0.00000000     -0.00000000      0.00000000      0.00000000     -0.00000000      0.00000000      0.00000000      0.00000000      0.00000000     -0.00000000     -0.00000000     -0.00000000     -0.00000000      0.00000000     -0.00000000     -0.00000000      0.00000000      0.00000000     -0.00000000     -0.00000000      0.00000000     -0.00000000      0.00000000     -0.00000000      0.00000000     -0.00000000      0.00000000      0.00000000      0.00000000     -0.00000000      0.00000000     -0.00000000      0.00000000     -0.00000000      0.00000000      0.00000000     -0.00000000     -0.00000000      0.00000000      0.00000000      0.00000000     -0.00000000     -0.00000000      0.00000000     -0.00000000      0.00000000     -0.00000000      0.00000000      0.00000000     -0.00000000      0.00000000      0.00000000      0.00000000      0.00000000      0.00000000      0.00000000      0.00000000      0.00000000     -0.00000000     -0.00000000     -0.00000000      0.00000000      0.00000000      0.00000000     -0.00000000      0.00000000     -0.00000000      0.00000000     -0.00000000      0.00000000     -0.00000000     -0.00000000     -0.00000000
      0.31313913      0.00000000     -0.00000000     -0.00000000      0.00000000     -0.00000000     -0.00000000     -0.00000000      0.00000000     -0.00000000     -0.00000000     -0.00000000      0.00000000      0.00000000     -0.00000000     -0.00000000      0.00000000      0.00000000      0.00000000     -0.00000000     -0.00000000      0.00000000      0.00000000     -0.00000000     -0.00000000     -0.00000000     -0.00000000      0.00000000      0.00000000      0.00000000      0.00000000      0.00000000     -0.00000000     -0.00000000     -0.00000000     -0.00000000      0.00000000     -0.00000000     -0.00000000      0.00000000     -0.00000000     -0.00000000      0.00000000      0.00000000     -0.00000000      0.00000000      0.00000000      0.00000000      0.00000000     -0.00000000     -0.00000000      0.00000000     -0.00000000      0.00000000      0.00000000      0.00000000      0.00000000     -0.00000000     -0.00000000      0.00000000      0.00000000     -0.00000000      0.00000000      0.00000000      0.00000000     -0.00000000     -0.00000000     -0.00000000      0.00000000     -0.00000000      0.00000000      0.00000000      0.00000000     -0.00000000     -0.00000000     -0.00000000      0.00000000      0.00000000     -0.00000000     -0.00000000     -0.00000000     -0.00000000     -0.00000000     -0.00000000     -0.00000000      0.00000000     -0.00000000      0.00000000     -0.00000000     -0.00000000     -0.00000000     -0.00000000      0.00000000     -0.00000000      0.00000000      0.00000000      0.00000000     -0.00000000     -0.00000000     -0.00000000     -0.00000000      0.00000000     -0.00000000      0.00000000      0.00000000      0.00000000      0.00000000      0.00000000     -0.00000000      0.00000000      0.00000000      0.00000000     -0.00000000     -0.00000000      0.00000000     -0.00000000      0.00000000      0.00000000      0.00000000      0.00000000     -0.00000000     -0.00000000     -0.00000000     -0.00000000      0.00000000      0.00000000      0.00000000      0.00000000     -0.00000000
      0.32292473      0.00000000     -0.00000000      0.00000000     -0.00000000      0.00000000     -0.00000000      0.00000000      0.00000000      0.00000000      0.00000000     -0.00000000     -0.00000000     -0.00000000     -0.00000000     -0.00000000     -0.00000000      0.00000000     -0.00000000      0.00000000     -0.00000000     -0.00000000      0.00000000     -0.00000000     -0.00000000     -0.00000000      0.00000000      0.00000000      0.00000000      0.00000000      0.00000000     -0.00000000      0.00000000      0.00000000     -0.00000000     -0.00000000     -0.00000000     -0.00000000     -0.00000000      0.00000000     -0.00000000      0.00000000      0.00000000     -0.00000000      0.00000000     -0.00000000      0.00000000     -0.00000000     -0.00000000      0.00000000      0.00000000     -0.00000000      0.00000000      0.00000000      0.00000000     -0.00000000     -0.00000000      0.00000000      0.00000000     -0.00000000     -0.00000000     -0.00000000     -0.00000000     -0.00000000     -0.00000000      0.00000000      0.00000000      0.00000000      0.00000000      0.00000000      0.00000000     -0.00000000     -0.00000000      0.00000000      0.00000000     -0.00000000     -0.00000000     -0.00000000      0.00000000     -0.00000000     -0.00000000      0.00000000      0.00000000     -0.00000000      0.00000000     -0.00000000      0.00000000     -0.00000000     -0.00000000      0.00000000     -0.00000000      0.00000000      0.00000000      0.00000000      0.00000000      0.00000000     -0.00000000     -0.00000000      0.00000000     -0.00000000     -0.00000000     -0.00000000     -0.00000000     -0.00000000      0.00000000      0.00000000      0.00000000     -0.00000000      0.00000000      0.00000000      0.00000000     -0.00000000     -0.00000000      0.00000000      0.00000000      0.00000000      0.00000000      0.00000000      0.00000000     -0.00000000     -0.00000000     -0.00000000     -0.00000000      0.00000000     -0.00000000      0.00000000     -0.00000000      0.00000000     -0.00000000
      0.33271032     -0.00000000      0.00000000     -0.00000000      0.00000000     -0.00000000      0.00000000      0.00000000      0.00000000      0.00000000      0.00000000     -0.00000000      0.00000000     -0.00000000      0.00000000     -0.00000000      0.00000000      0.00000000      0.00000000     -0.00000000     -0.00000000      0.00000000     -0.00000000      0.00000000     -0.00000000      0.00000000     -0.00000000     -0.00000000     -0.00000000     -0.00000000     -0.00000000     -0.00000000     -0.00000000      0.00000000      0.00000000      0.00000000     -0.00000000      0.00000000     -0.00000000     -0.00000000     -0.00000000     -0.00000000     -0.00000000     -0.00000000     -0.00000000     -0.00000000      0.00000000     -0.00000000     -0.00000000      0.00000000     -0.00000000     -0.00000000     -0.00000000      0.00000000      0.00000000     -0.00000000      0.00000000     -0.00000000      0.00000000      0.00000000      0.00000000      0.00000000      0.00000000      0.00000000     -0.00000000      0.00000000     -0.00000000     -0.00000000     -0.00000000     -0.00000000     -0.00000000     -0.00000000     -0.00000000      0.00000000      0.00000000     -0.00000000     -0.00000000      0.00000000      0.00000000      0.00000000     -0.00000000      0.00000000      0.00000000     -0.00000000      0.00000000      0.00000000      0.00000000      0.00000000      0.00000000      0.00000000      0.00000000      0.00000000     -0.00000000     -0.00000000      0.00000000     -0.00000000     -0.00000000      0.00000000      0.00000000      0.00000000      0.00000000      0.00000000      0.00000000      0.00000000     -0.00000000      0.00000000     -0.00000000      0.00000000     -0.00000000      0.00000000      0.00000000     -0.00000000     -0.00000000     -0.00000000      0.00000000      0.00000000      0.00000000     -0.00000000      0.00000000     -0.00000000     -0.00000000     -0.00000000     -0.00000000     -0.00000000      0.00000000     -0.00000000      0.00000000     -0.00000000      0.00000000
      0.34249592      0.00000000      0.00000000      0.00000000      0.00000000      0.00000000     -0.00000000     -0.00000000     -0.00000000     -0.00000000     -0.00000000      0.00000000     -0.00000000     -0.00000000      0.00000000     -0.00000000      0.00000000      0.00000000      0.00000000     -0.00000000      0.00000000      0.00000000      0.00000000      0.00000000     -0.00000000     -0.00000000     -0.00000000     -0.00000000     -0.00000000      0.00000000     -0.00000000     -0.00000000      0.00000000      0.00000000      0.00000000      0.00000000     -0.00000000      0.00000000     -0.00000000     -0.00000000     -0.00000000     -0.00000000      0.00000000     -0.00000000      0.00000000      0.00000000     -0.00000000      0.00000000     -0.00000000     -0.00000000      0.00000000      0.00000000     -0.00000000     -0.00000000     -0.00000000     -0.00000000      0.00000000     -0.00000000      0.00000000     -0.00000000      0.00000000     -0.00000000      0.00000000      0.00000000     -0.00000000      0.00000000     -0.00000000     -0.00000000      0.00000000     -0.00000000      0.00000000     -0.00000000      0.00000000     -0.00000000      0.00000000      0.00000000      0.00000000     -0.00000000      0.00000000     -0.00000000      0.00000000      0.00000000     -0.00000000      0.00000000     -0.00000000     -0.00000000      0.00000000     -0.00000000      0.00000000      0.00000000      0.00000000      0.00000000     -0.00000000      0.00000000     -0.00000000     -0.00000000     -0.00000000     -0.00000000      0.00000000      0.00000000     -0.00000000      0.00000000      0.00000000      0.00000000      0.00000000      0.00000000     -0.00000000     -0.00000000     -0.00000000      0.00000000     -0.00000000     -0.00000000      0.00000000     -0.00000000     -0.00000000      0.00000000      0.00000000      0.00000000     -0.00000000      0.00000000      0.00000000      0.00000000      0.00000000      0.00000000     -0.00000000     -0.00000000     -0.00000000     -0.00000000     -0.00000000
      0.35228152      0.00000000      0.00000000      0.00000000      0.00000000      0.00000000      0.00000000     -0.00000000      0.00000000      0.00000000      0.00000000      0.00000000     -0.00000000     -0.00000000      0.00000000      0.00000000      0.00000000      0.00000000      0.00000000      0.00000000      0.00000000     -0.00000000      0.00000000     -0.00000000      0.00000000      0.00000000      0.00000000      0.00000000      0.00000000      0.00000000      0.00000000     -0.00000000     -0.00000000      0.00000000      0.00000000     -0.00000000     -0.00000000      0.00000000     -0.00000000     -0.00000000     -0.00000000     -0.00000000     -0.00000000     -0.00000000      0.00000000      0.00000000      0.00000000     -0.00000000     -0.00000000     -0.00000000     -0.00000000      0.00000000     -0.00000000     -0.00000000     -0.00000000      0.00000000      0.00000000     -0.00000000     -0.00000000     -0.00000000     -0.00000000     -0.00000000     -0.00000000     -0.00000000     -0.00000000      0.00000000      0.00000000      0.00000000      0.00000000      0.00000000      0.00000000      0.00000000      0.00000000     -0.00000000     -0.00000000      0.00000000      0.00000000      0.00000000     -0.00000000      0.00000000      0.00000000      0.00000000      0.00000000     -0.00000000     -0.00000000     -0.00000000      0.00000000      0.00000000      0.00000000      0.00000000      0.00000000      0.00000000     -0.00000000      0.00000000      0.00000000     -0.00000000     -0.00000000      0.00000000      0.00000000     -0.00000000     -0.00000000     -0.00000000     -0.00000000     -0.00000000     -0.00000000     -0.00000000      0.00000000     -0.00000000      0.00000000     -0.00000000     -0.00000000      0.00000000     -0.00000000      0.00000000     -0.00000000     -0.00000000      0.00000000      0.00000000     -0.00000000     -0.00000000     -0.00000000     -0.00000000      0.00000000     -0.00000000     -0.00000000     -0.00000000     -0.00000000     -0.00000000     -0.00000000
      0.36206712      0.00000000      0.00000000     -0.00000000     -0.00000000     -0.00000000     -0.00000000     -0.00000000     -0.00000000      0.00000000     -0.00000000      0.00000000      0.00000000      0.00000000     -0.00000000     -0.00000000      0.00000000      0.00000000     -0.00000000     -0.00000000     -0.00000000      0.00000000      0.00000000     -0.00000000     -0.00000000      0.00000000     -0.00000000     -0.00000000     -0.00000000      0.00000000      0.00000000     -0.00000000      0.00000000     -0.00000000     -0.00000000     -0.00000000      0.00000000      0.00000000     -0.00000000     -0.00000000      0.00000000      0.00000000     -0.00000000      0.00000000      0.00000000      0.00000000     -0.00000000      0.00000000     -0.00000000     -0.00000000      0.00000000      0.00000000      0.00000000      0.00000000      0.00000000      0.00000000      0.00000000      0.00000000     -0.00000000     -0.00000000      0.00000000     -0.00000000     -0.00000000      0.00000000     -0.00000000      0.00000000     -0.00000000      0.00000000      0.00000000     -0.00000000      0.00000000      0.00000000     -0.00000000     -0.00000000      0.00000000     -0.00000000     -0.00000000     -0.00000000     -0.00000000      0.00000000     -0.00000000     -0.00000000      0.00000000     -0.00000000      0.00000000     -0.00000000      0.00000000      0.00000000     -0.00000000      0.00000000      0.00000000     -0.00000000      0.00000000      0.00000000     -0.00000000      0.00000000      0.00000000     -0.00000000      0.00000000      0.00000000     -0.00000000      0.00000000      0.00000000      0.00000000     -0.00000000      0.00000000      0.00000000      0.00000000     -0.00000000     -0.00000000     -0.00000000      0.00000000     -0.00000000      0.00000000      0.00000000      0.00000000     -0.00000000      0.00000000     -0.00000000      0.00000000      0.00000000      0.00000000      0.00000000     -0.00000000      0.00000000     -0.00000000      0.00000000     -0.00000000     -0.00000000
      0.37185272     -0.00000000      0.00000000     -0.00000000     -0.00000000      0.00000000      0.00000000      0.00000000      0.00000000      0.00000000     -0.00000000     -0.00000000     -0.00000000     -0.00000000      0.00000000      0.00000000     -0.00000000      0.00000000      0.00000000     -0.00000000     -0.00000000      0.00000000      0.00000000      0.00000000      0.00000000     -0.00000000      0.00000000      0.00000000     -0.00000000      0.00000000      0.00000000     -0.00000000     -0.00000000     -0.00000000     -0.00000000     -0.00000000     -0.00000000      0.00000000     -0.00000000     -0.00000000     -0.00000000     -0.00000000      0.00000000     -0.00000000      0.00000000      0.00000000     -0.00000000     -0.00000000      0.00000000      0.00000000     -0.00000000     -0.00000000     -0.00000000      0.00000000     -0.00000000      0.00000000      0.00000000      0.00000000     -0.00000000      0.00000000     -0.00000000      0.00000000     -0.00000000     -0.00000000      0.00000000     -0.00000000      0.00000000      0.00000000     -0.00000000     -0.00000000      0.00000000      0.00000000     -0.00000000     -0.00000000      0.00000000      0.00000000     -0.00000000      0.00000000     -0.00000000     -0.00000000     -0.00000000     -0.00000000      0.00000000      0.00000000      0.00000000     -0.00000000      0.00000000      0.00000000      0.00000000     -0.00000000     -0.00000000      0.00000000     -0.00000000      0.00000000      0.00000000      0.00000000      0.00000000      0.00000000     -0.00000000     -0.00000000     -0.00000000     -0.00000000     -0.00000000      0.00000000     -0.00000000     -0.00000000     -0.00000000     -0.00000000      0.00000000      0.00000000      0.00000000      0.00000000      0.00000000      0.00000000     -0.00000000      0.00000000     -0.00000000     -0.00000000     -0.00000000     -0.00000000     -0.00000000      0.00000000     -0.00000000      0.00000000     -0.00000000      0.00000000      0.00000000      0.00000000     -0.00000000
      0.38163831     -0.00000000      0.00000000     -0.00000000      0.00000000      0.00000000     -0.00000000     -0.00000000      0.00000000      0.00000000     -0.00000000      0.00000000      0.00000000      0.00000000     -0.00000000     -0.00000000      0.00000000     -0.00000000      0.00000000     -0.00000000      0.00000000      0.00000000     -0.00000000      0.00000000      0.00000000      0.00000000     -0.00000000      0.00000000     -0.00000000     -0.00000000      0.00000000      0.00000000     -0.00000000     -0.00000000     -0.00000000      0.00000000      0.00000000      0.00000000     -0.00000000     -0.00000000     -0.00000000     -0.00000000      0.00000000     -0.00000000     -0.00000000      0.00000000     -0.00000000     -0.00000000      0.00000000      0.00000000      0.00000000     -0.00000000     -0.00000000      0.00000000     -0.00000000     -0.00000000     -0.00000000      0.00000000      0.00000000     -0.00000000      0.00000000      0.00000000      0.00000000     -0.00000000     -0.00000000      0.00000000      0.00000000     -0.00000000     -0.00000000     -0.00000000      0.00000000     -0.00000000     -0.00000000      0.00000000      0.00000000      0.00000000     -0.00000000      0.00000000      0.00000000     -0.00000000     -0.00000000     -0.00000000      0.00000000      0.00000000     -0.00000000      0.00000000      0.00000000     -0.00000000      0.00000000      0.00000000      0.00000000      0.00000000      0.00000000     -0.00000000     -0.00000000      0.00000000      0.00000000      0.00000000     -0.00000000     -0.00000000      0.00000000      0.00000000     -0.00000000      0.00000000     -0.00000000     -0.00000000     -0.00000000      0.00000000     -0.00000000     -0.00000000      0.00000000      0.00000000     -0.00000000     -0.00000000      0.00000000      0.00000000     -0.00000000     -0.00000000     -0.00000000      0.00000000     -0.00000000     -0.00000000      0.00000000      0.00000000     -0.00000000     -0.00000000      0.00000000     -0.00000000      0.00000000
      0.39142391     -0.00000000     -0.00000000      0.00000000      0.00000000     -0.00000000     -0.00000000      0.00000000      0.00000000     -0.00000000      0.00000000      0.00000000     -0.00000000      0.00000000     -0.00000000      0.00000000     -0.00000000     -0.00000000     -0.00000000     -0.00000000     -0.00000000     -0.00000000     -0.00000000      0.00000000     -0.00000000      0.00000000      0.00000000      0.00000000     -0.00000000     -0.00000000     -0.00000000     -0.00000000     -0.00000000     -0.00000000      0.00000000     -0.00000000     -0.00000000     -0.00000000      0.00000000      0.00000000     -0.00000000      0.00000000      0.00000000     -0.00000000      0.00000000      0.00000000     -0.00000000      0.00000000      0.00000000     -0.00000000      0.00000000     -0.00000000      0.00000000     -0.00000000     -0.00000000      0.00000000     -0.00000000     -0.00000000      0.00000000     -0.00000000      0.00000000      0.00000000      0.00000000     -0.00000000      0.00000000     -0.00000000      0.00000000     -0.00000000     -0.00000000     -0.00000000      0.00000000     -0.00000000      0.00000000      0.00000000     -0.00000000      0.00000000      0.00000000     -0.00000000      0.00000000     -0.00000000      0.00000000     -0.00000000     -0.00000000      0.00000000     -0.00000000     -0.00000000      0.00000000     -0.00000000     -0.00000000      0.00000000     -0.00000000     -0.00000000      0.00000000      0.00000000      0.00000000     -0.00000000      0.00000000      0.00000000      0.00000000      0.00000000      0.00000000      0.00000000     -0.00000000     -0.00000000     -0.00000000      0.00000000     -0.00000000      0.00000000      0.00000000      0.00000000      0.00000000      0.00000000      0.00000000      0.00000000      0.00000000      0.00000000     -0.00000000      0.00000000     -0.00000000     -0.00000000      0.00000000     -0.00000000     -0.00000000      0.00000000      0.00000000     -0.00000000     -0.00000000      0.00000000      0.00000000
      0.40120951     -0.00000000      0.00000000      0.00000000     -0.00000000      0.00000000      0.00000000     -0.00000000      0.00000000     -0.00000000     -0.00000000     -0.00000000     -0.00000000     -0.00000000      0.00000000     -0.00000000      0.00000000      0.00000000      0.00000000     -0.00000000     -0.00000000      0.00000000      0.00000000     -0.00000000      0.00000000      0.00000000      0.00000000     -0.00000000     -0.00000000     -0.00000000     -0.00000000     -0.00000000     -0.00000000     -0.00000000     -0.00000000      0.00000000      0.00000000      0.00000000     -0.00000000     -0.00000000      0.00000000      0.00000000     -0.00000000     -0.00000000     -0.00000000      0.00000000      0.00000000      0.00000000      0.00000000      0.00000000      0.00000000     -0.00000000      0.00000000     -0.00000000     -0.00000000     -0.00000000      0.00000000     -0.00000000     -0.00000000     -0.00000000     -0.00000000      0.00000000      0.00000000      0.00000000     -0.00000000      0.00000000     -0.00000000     -0.00000000     -0.00000000      0.00000000      0.00000000      0.00000000      0.00000000     -0.00000000      0.00000000      0.00000000      0.00000000     -0.00000000      0.00000000     -0.00000000     -0.00000000     -0.00000000     -0.00000000     -0.00000000     -0.00000000      0.00000000      0.00000000      0.00000000     -0.00000000     -0.00000000      0.00000000      0.00000000     -0.00000000     -0.00000000     -0.00000000      0.00000000      0.00000000      0.00000000      0.00000000      0.00000000      0.00000000      0.00000000      0.00000000     -0.00000000     -0.00000000     -0.00000000      0.00000000     -0.00000000     -0.00000000      0.00000000      0.00000000     -0.00000000     -0.00000000     -0.00000000      0.00000000     -0.00000000      0.00000000      0.00000000      0.00000000      0.00000000      0.00000000     -0.00000000      0.00000000     -0.00000000     -0.00000000      0.00000000     -0.00000000     -0.00000000      0.00000000
      0.41099511     -0.00000000      0.00000000     -0.00000000      0.00000000      0.00000000      0.00000000      0.00000000     -0.00000000     -0.00000000      0.00000000      0.00000000     -0.00000000      0.00000000     -0.00000000     -0.00000000      0.00000000     -0.00000000      0.00000000      0.00000000     -0.00000000      0.00000000      0.00000000      0.00000000      0.00000000     -0.00000000      0.00000000      0.00000000      0.00000000     -0.00000000      0.00000000     -0.00000000      0.00000000      0.00000000      0.00000000     -0.00000000     -0.00000000     -0.00000000      0.00000000     -0.00000000     -0.00000000     -0.00000000      0.00000000      0.00000000     -0.00000000     -0.00000000      0.00000000      0.00000000     -0.00000000     -0.00000000      0.00000000     -0.00000000     -0.00000000      0.00000000     -0.00000000     -0.00000000      0.00000000     -0.00000000      0.00000000      0.00000000      0.00000000     -0.00000000     -0.00000000     -0.00000000     -0.00000000      0.00000000      0.00000000      0.00000000      0.00000000     -0.00000000      0.00000000     -0.00000000     -0.00000000      0.00000000      0.00000000      0.00000000     -0.00000000      0.00000000      0.00000000     -0.00000000      0.00000000      0.00000000      0.00000000      0.00000000      0.00000000     -0.00000000     -0.00000000      0.00000000      0.00000000      0.00000000     -0.00000000     -0.00000000     -0.00000000      0.00000000     -0.00000000      0.00000000     -0.00000000     -0.00000000     -0.00000000      0.00000000     -0.00000000     -0.00000000     -0.00000000      0.00000000      0.00000000     -0.00000000     -0.00000000     -0.00000000      0.00000000     -0.00000000      0.00000000     -0.00000000      0.00000000      0.00000000      0.00000000      0.00000000     -0.00000000      0.00000000     -0.00000000     -0.00000000      0.00000000     -0.00000000      0.00000000     -0.00000000      0.00000000      0.00000000      0.00000000     -0.00000000      0.00000000
      0.42078070      0.00000000      0.00000000     -0.00000000      0.00000000      0.00000000      0.00000000      0.00000000      0.00000000     -0.00000000     -0.00000000      0.00000000     -0.00000000     -0.00000000      0.00000000      0.00000000      0.00000000      0.00000000      0.00000000      0.00000000      0.00000000      0.00000000     -0.00000000      0.00000000      0.00000000     -0.00000000     -0.00000000     -0.00000000      0.00000000     -0.00000000     -0.00000000     -0.00000000     -0.00000000     -0.00000000      0.00000000     -0.00000000      0.00000000      0.00000000      0.00000000      0.00000000      0.00000000     -0.00000000      0.00000000      0.00000000      0.00000000     -0.00000000     -0.00000000     -0.00000000      0.00000000     -0.00000000      0.00000000     -0.00000000      0.00000000     -0.00000000      0.00000000      0.00000000      0.00000000     -0.00000000      0.00000000      0.00000000      0.00000000     -0.00000000      0.00000000     -0.00000000     -0.00000000      0.00000000      0.00000000     -0.00000000      0.00000000     -0.00000000     -0.00000000     -0.00000000      0.00000000     -0.00000000     -0.00000000     -0.00000000      0.00000000     -0.00000000      0.00000000     -0.00000000      0.00000000     -0.00000000      0.00000000      0.00000000      0.00000000     -0.00000000     -0.00000000     -0.00000000      0.00000000     -0.00000000     -0.00000000     -0.00000000     -0.00000000     -0.00000000      0.00000000     -0.00000000      0.00000000      0.00000000      0.00000000      0.00000000      0.00000000     -0.00000000      0.00000000      0.00000000      0.00000000     -0.00000000     -0.00000000      0.00000000     -0.00000000     -0.00000000     -0.00000000     -0.00000000     -0.00000000      0.00000000     -0.00000000      0.00000000      0.00000000     -0.00000000      0.00000000      0.00000000      0.00000000     -0.00000000     -0.00000000     -0.00000000     -0.00000000     -0.00000000      0.00000000     -0.00000000     -0.00000000
      0.43056630     -0.00000000     -0.00000000      0.00000000      0.00000000      0.00000000      0.00000000      0.00000000     -0.00000000      0.00000000     -0.00000000      0.00000000      0.00000000      0.00000000      0.00000000      0.00000000      0.00000000      0.00000000      0.00000000     -0.00000000     -0.00000000     -0.00000000      0.00000000     -0.00000000     -0.00000000     -0.00000000     -0.00000000     -0.00000000      0.00000000      0.00000000     -0.00000000      0.00000000      0.00000000      0.00000000     -0.00000000     -0.00000000      0.00000000      0.00000000     -0.00000000     -0.00000000     -0.00000000      0.00000000     -0.00000000     -0.00000000     -0.00000000      0.00000000     -0.00000000      0.00000000     -0.00000000     -0.00000000      0.00000000      0.00000000      0.00000000      0.00000000      0.00000000      0.00000000     -0.00000000     -0.00000000      0.00000000     -0.00000000     -0.00000000      0.00000000      0.00000000     -0.00000000      0.00000000     -0.00000000      0.00000000     -0.00000000     -0.00000000      0.00000000      0.00000000     -0.00000000      0.00000000      0.00000000     -0.00000000     -0.00000000     -0.00000000      0.00000000     -0.00000000      0.00000000     -0.00000000      0.00000000     -0.00000000      0.00000000     -0.00000000      0.00000000      0.00000000      0.00000000     -0.00000000      0.00000000      0.00000000      0.00000000     -0.00000000     -0.00000000      0.00000000      0.00000000     -0.00000000     -0.00000000     -0.00000000      0.00000000     -0.00000000     -0.00000000      0.00000000      0.00000000      0.00000000      0.00000000      0.00000000     -0.00000000      0.00000000      0.00000000      0.00000000      0.00000000     -0.00000000     -0.00000000     -0.00000000     -0.00000000     -0.00000000     -0.00000000     -0.00000000      0.00000000     -0.00000000      0.00000000     -0.00000000     -0.00000000     -0.00000000     -0.00000000     -0.00000000      0.00000000      0.00000000
      0.44035190      0.00000000     -0.00000000     -0.00000000     -0.00000000      0.00000000      0.00000000      0.00000000     -0.00000000      0.00000000      0.00000000      0.00000000      0.00000000      0.00000000      0.00000000      0.00000000     -0.00000000      0.00000000     -0.00000000     -0.00000000     -0.00000000     -0.00000000      0.00000000      0.00000000     -0.00000000      0.00000000      0.00000000     -0.00000000      0.00000000      0.00000000      0.00000000     -0.00000000      0.00000000     -0.00000000     -0.00000000     -0.00000000     -0.00000000     -0.00000000     -0.00000000      0.00000000     -0.00000000     -0.00000000     -0.00000000     -0.00000000      0.00000000     -0.00000000     -0.00000000      0.00000000      0.00000000      0.00000000     -0.00000000      0.00000000      0.00000000      0.00000000      0.00000000      0.00000000     -0.00000000     -0.00000000      0.00000000      0.00000000     -0.00000000     -0.00000000     -0.00000000      0.00000000     -0.00000000      0.00000000     -0.00000000      0.00000000      0.00000000      0.00000000     -0.00000000     -0.00000000      0.00000000      0.00000000     -0.00000000     -0.00000000     -0.00000000     -0.00000000     -0.00000000      0.00000000     -0.00000000     -0.00000000     -0.00000000      0.00000000      0.00000000     -0.00000000      0.00000000      0.00000000      0.00000000      0.00000000     -0.00000000      0.00000000      0.00000000      0.00000000      0.00000000      0.00000000      0.00000000     -0.00000000      0.00000000     -0.00000000     -0.00000000     -0.00000000      0.00000000     -0.00000000     -0.00000000      0.00000000     -0.00000000     -0.00000000      0.00000000      0.00000000     -0.00000000      0.00000000      0.00000000      0.00000000     -0.00000000     -0.00000000     -0.00000000     -0.00000000     -0.00000000     -0.00000000     -0.00000000      0.00000000     -0.00000000     -0.00000000     -0.00000000      0.00000000      0.00000000      0.00000000     -0.00000000
      0.45013750      0.00000000     -0.00000000      0.00000000      0.00000000     -0.00000000     -0.00000000     -0.00000000      0.00000000     -0.00000000      0.00000000      0.00000000      0.00000000      0.00000000      0.00000000      0.00000000     -0.00000000     -0.00000000     -0.00000000     -0.00000000      0.00000000      0.00000000     -0.00000000     -0.00000000     -0.00000000     -0.00000000     -0.00000000     -0.00000000      0.00000000      0.00000000     -0.00000000     -0.00000000     -0.00000000      0.00000000      0.00000000      0.00000000     -0.00000000     -0.00000000     -0.00000000     -0.00000000     -0.00000000      0.00000000      0.00000000      0.00000000      0.00000000      0.00000000     -0.00000000     -0.00000000      0.00000000     -0.00000000     -0.00000000      0.00000000     -0.00000000     -0.00000000     -0.00000000      0.00000000     -0.00000000      0.00000000      0.00000000     -0.00000000      0.00000000      0.00000000     -0.00000000     -0.00000000      0.00000000     -0.00000000      0.00000000      0.00000000     -0.00000000     -0.00000000      0.00000000     -0.00000000     -0.00000000      0.00000000     -0.00000000      0.00000000      0.00000000      0.00000000     -0.00000000      0.00000000      0.00000000     -0.00000000      0.00000000      0.00000000     -0.00000000     -0.00000000     -0.00000000     -0.00000000     -0.00000000      0.00000000      0.00000000      0.00000000      0.00000000      0.00000000     -0.00000000     -0.00000000     -0.00000000      0.00000000      0.00000000      0.00000000     -0.00000000     -0.00000000      0.00000000      0.00000000      0.00000000      0.00000000      0.00000000      0.00000000     -0.00000000     -0.00000000      0.00000000      0.00000000      0.00000000      0.00000000     -0.00000000      0.00000000     -0.00000000     -0.00000000     -0.00000000     -0.00000000      0.00000000     -0.00000000      0.00000000      0.00000000      0.00000000     -0.00000000     -0.00000000      0.00000000     -0.00000000
      0.45992310     -0.00000000     -0.00000000     -0.00000000      0.00000000     -0.00000000      0.00000000     -0.00000000      0.00000000     -0.00000000     -0.00000000     -0.00000000     -0.00000000      0.00000000     -0.00000000      0.00000000      0.00000000      0.00000000      0.00000000      0.00000000     -0.00000000      0.00000000      0.00000000     -0.00000000     -0.00000000      0.00000000     -0.00000000      0.00000000      0.00000000      0.00000000      0.00000000      0.00000000     -0.00000000      0.00000000      0.00000000     -0.00000000     -0.00000000     -0.00000000     -0.00000000      0.00000000     -0.00000000      0.00000000     -0.00000000      0.00000000      0.00000000     -0.00000000     -0.00000000     -0.00000000     -0.00000000     -0.00000000     -0.00000000     -0.00000000      0.00000000     -0.00000000     -0.00000000      0.00000000      0.00000000      0.00000000     -0.00000000     -0.00000000      0.00000000      0.00000000      0.00000000      0.00000000     -0.00000000      0.00000000     -0.00000000      0.00000000     -0.00000000     -0.00000000      0.00000000      0.00000000     -0.00000000     -0.00000000      0.00000000     -0.00000000      0.00000000     -0.00000000      0.00000000      0.00000000      0.00000000      0.00000000      0.00000000      0.00000000      0.00000000     -0.00000000     -0.00000000      0.00000000     -0.00000000      0.00000000     -0.00000000      0.00000000      0.00000000      0.00000000      0.00000000     -0.00000000     -0.00000000      0.00000000     -0.00000000     -0.00000000     -0.00000000     -0.00000000     -0.00000000      0.00000000     -0.00000000      0.00000000      0.00000000     -0.00000000     -0.00000000      0.00000000     -0.00000000     -0.00000000     -0.00000000     -0.00000000      0.00000000      0.00000000      0.00000000      0.00000000      0.00000000      0.00000000      0.00000000     -0.00000000      0.00000000     -0.00000000      0.00000000     -0.00000000      0.00000000      0.00000000      0.00000000
      0.46970869     -0.00000000     -0.00000000      0.00000000     -0.00000000      0.00000000      0.00000000      0.00000000     -0.00000000      0.00000000     -0.00000000     -0.00000000      0.00000000      0.00000000     -0.00000000      0.00000000      0.00000000      0.00000000     -0.00000000      0.00000000      0.00000000     -0.00000000     -0.00000000     -0.00000000     -0.00000000      0.00000000      0.00000000     -0.00000000      0.00000000     -0.00000000      0.00000000      0.00000000      0.00000000      0.00000000     -0.00000000     -0.00000000     -0.00000000     -0.00000000      0.00000000      0.00000000     -0.00000000      0.00000000     -0.00000000     -0.00000000     -0.00000000      0.00000000     -0.00000000     -0.00000000      0.00000000      0.00000000     -0.00000000      0.00000000      0.00000000     -0.00000000     -0.00000000     -0.00000000      0.00000000     -0.00000000     -0.00000000      0.00000000     -0.00000000     -0.00000000      0.00000000     -0.00000000      0.00000000     -0.00000000      0.00000000     -0.00000000      0.00000000      0.00000000     -0.00000000      0.00000000      0.00000000     -0.00000000      0.00000000      0.00000000      0.00000000     -0.00000000     -0.00000000      0.00000000     -0.00000000     -0.00000000      0.00000000      0.00000000     -0.00000000      0.00000000      0.00000000      0.00000000     -0.00000000      0.00000000     -0.00000000     -0.00000000      0.00000000      0.00000000      0.00000000      0.00000000     -0.00000000     -0.00000000     -0.00000000     -0.00000000      0.00000000     -0.00000000      0.00000000     -0.00000000     -0.00000000      0.00000000      0.00000000      0.00000000      0.00000000     -0.00000000     -0.00000000      0.00000000     -0.00000000      0.00000000      0.00000000     -0.00000000     -0.00000000     -0.00000000      0.00000000      0.00000000     -0.00000000      0.00000000     -0.00000000     -0.00000000     -0.00000000      0.00000000     -0.00000000      0.00000000      0.00000000
      0.47949429     -0.00000000     -0.00000000      0.00000000     -0.00000000      0.00000000      0.00000000     -0.00000000     -0.00000000     -0.00000000     -0.00000000      0.00000000     -0.00000000     -0.00000000      0.00000000     -0.00000000     -0.00000000     -0.00000000     -0.00000000      0.00000000     -0.00000000     -0.00000000     -0.00000000      0.00000000     -0.00000000     -0.00000000     -0.00000000      0.00000000      0.00000000      0.00000000      0.00000000      0.00000000     -0.00000000     -0.00000000     -0.00000000     -0.00000000     -0.00000000     -0.00000000      0.00000000     -0.00000000      0.00000000      0.00000000     -0.00000000     -0.00000000     -0.00000000      0.00000000     -0.00000000      0.00000000     -0.00000000      0.00000000      0.00000000     -0.00000000     -0.00000000     -0.00000000      0.00000000      0.00000000      0.00000000     -0.00000000     -0.00000000     -0.00000000      0.00000000     -0.00000000     -0.00000000      0.00000000      0.00000000     -0.00000000     -0.00000000      0.00000000      0.00000000     -0.00000000      0.00000000      0.00000000      0.00000000     -0.00000000     -0.00000000     -0.00000000      0.00000000      0.00000000      0.00000000     -0.00000000     -0.00000000      0.00000000     -0.00000000      0.00000000     -0.00000000      0.00000000      0.00000000      0.00000000     -0.00000000     -0.00000000      0.00000000     -0.00000000      0.00000000      0.00000000      0.00000000      0.00000000      0.00000000      0.00000000     -0.00000000     -0.00000000     -0.00000000     -0.00000000     -0.00000000      0.00000000      0.00000000      0.00000000      0.00000000      0.00000000      0.00000000      0.00000000      0.00000000      0.00000000      0.00000000      0.00000000      0.00000000     -0.00000000      0.00000000      0.00000000     -0.00000000      0.00000000      0.00000000      0.00000000      0.00000000     -0.00000000     -0.00000000      0.00000000     -0.00000000      0.00000000      0.00000000
      0.48927989      0.00000000      0.00000000      0.00000000      0.00000000      0.00000000      0.00000000     -0.00000000     -0.00000000     -0.00000000      0.00000000      0.00000000      0.00000000      0.00000000      0.00000000      0.00000000      0.00000000      0.00000000     -0.00000000      0.00000000     -0.00000000      0.00000000      0.00000000     -0.00000000     -0.00000000      0.00000000      0.00000000     -0.00000000      0.00000000      0.00000000      0.00000000     -0.00000000     -0.00000000     -0.00000000     -0.00000000      0.00000000      0.00000000     -0.00000000      0.00000000     -0.00000000      0.00000000      0.00000000     -0.00000000     -0.00000000      0.00000000      0.00000000     -0.00000000      0.00000000     -0.00000000     -0.00000000     -0.00000000      0.00000000      0.00000000      0.00000000     -0.00000000      0.00000000     -0.00000000      0.00000000      0.00000000      0.00000000      0.00000000     -0.00000000     -0.00000000      0.00000000      0.00000000     -0.00000000     -0.00000000      0.00000000      0.00000000     -0.00000000     -0.00000000     -0.00000000     -0.00000000      0.00000000     -0.00000000      0.00000000     -0.00000000     -0.00000000     -0.00000000      0.00000000      0.00000000      0.00000000     -0.00000000      0.00000000     -0.00000000     -0.00000000      0.00000000      0.00000000     -0.00000000     -0.00000000      0.00000000     -0.00000000      0.00000000     -0.00000000     -0.00000000      0.00000000      0.00000000      0.00000000      0.00000000     -0.00000000     -0.00000000     -0.00000000      0.00000000     -0.00000000     -0.00000000      0.00000000      0.00000000     -0.00000000     -0.00000000      0.00000000      0.00000000     -0.00000000     -0.00000000     -0.00000000     -0.00000000      0.00000000     -0.00000000     -0.00000000     -0.00000000     -0.00000000      0.00000000      0.00000000      0.00000000     -0.00000000     -0.00000000     -0.00000000     -0.00000000     -0.00000000     -0.00000000
      0.49906549     -0.00000000     -0.00000000      0.00000000     -0.00000000      0.00000000      0.00000000     -0.00000000      0.00000000     -0.00000000      0.00000000     -0.00000000     -0.00000000      0.00000000      0.00000000     -0.00000000      0.00000000     -0.00000000      0.00000000      0.00000000      0.00000000      0.00000000     -0.00000000     -0.00000000     -0.00000000     -0.00000000     -0.00000000     -0.00000000     -0.00000000     -0.00000000      0.00000000      0.00000000     -0.00000000     -0.00000000     -0.00000000      0.00000000      0.00000000     -0.00000000     -0.00000000      0.00000000     -0.00000000     -0.00000000     -0.00000000      0.00000000      0.00000000      0.00000000      0.00000000      0.00000000     -0.00000000      0.00000000      0.00000000      0.00000000     -0.00000000     -0.00000000      0.00000000     -0.00000000     -0.00000000     -0.00000000     -0.00000000     -0.00000000      0.00000000      0.00000000      0.00000000     -0.00000000      0.00000000     -0.00000000      0.00000000     -0.00000000     -0.00000000     -0.00000000      0.00000000      0.00000000      0.00000000      0.00000000      0.00000000     -0.00000000      0.00000000      0.00000000     -0.00000000     -0.00000000     -0.00000000      0.00000000     -0.00000000     -0.00000000     -0.00000000     -0.00000000     -0.00000000      0.00000000      0.00000000     -0.00000000      0.00000000      0.00000000      0.00000000     -0.00000000     -0.00000000      0.00000000      0.00000000      0.00000000     -0.00000000     -0.00000000      0.00000000      0.00000000      0.00000000      0.00000000      0.00000000      0.00000000      0.00000000      0.00000000     -0.00000000     -0.00000000     -0.00000000     -0.00000000     -0.00000000      0.00000000      0.00000000      0.00000000      0.00000000      0.00000000      0.00000000     -0.00000000      0.00000000     -0.00000000      0.00000000     -0.00000000     -0.00000000      0.00000000     -0.00000000      0.00000000      0.00000000
      0.50885108     -0.00000000      0.00000000      0.00000000     -0.00000000      0.00000000      0.00000000     -0.00000000     -0.00000000      0.00000000      0.00000000     -0.00000000     -0.00000000      0.00000000     -0.00000000      0.00000000     -0.00000000     -0.00000000      0.00000000      0.00000000      0.00000000      0.00000000      0.00000000      0.00000000      0.00000000     -0.00000000     -0.00000000     -0.00000000     -0.00000000      0.00000000      0.00000000      0.00000000      0.00000000     -0.00000000      0.00000000     -0.00000000      0.00000000      0.00000000      0.00000000      0.00000000     -0.00000000     -0.00000000     -0.00000000      0.00000000      0.00000000      0.00000000     -0.00000000      0.00000000     -0.00000000     -0.00000000      0.00000000     -0.00000000      0.00000000      0.00000000     -0.00000000     -0.00000000      0.00000000      0.00000000      0.00000000     -0.00000000     -0.00000000      0.00000000     -0.00000000     -0.00000000      0.00000000     -0.00000000      0.00000000      0.00000000     -0.00000000      0.00000000      0.00000000     -0.00000000     -0.00000000     -0.00000000      0.00000000      0.00000000     -0.00000000     -0.00000000      0.00000000     -0.00000000      0.00000000      0.00000000     -0.00000000      0.00000000     -0.00000000     -0.00000000     -0.00000000      0.00000000      0.00000000      0.00000000     -0.00000000     -0.00000000     -0.00000000     -0.00000000      0.00000000     -0.00000000      0.00000000     -0.00000000     -0.00000000     -0.00000000     -0.00000000      0.00000000      0.00000000      0.00000000      0.00000000     -0.00000000     -0.00000000     -0.00000000     -0.00000000     -0.00000000     -0.00000000      0.00000000      0.00000000     -0.00000000     -0.00000000      0.00000000     -0.00000000      0.00000000      0.00000000     -0.00000000     -0.00000000      0.00000000      0.00000000     -0.00000000     -0.00000000      0.00000000     -0.00000000     -0.00000000      0.00000000
      0.51863668      0.00000000      0.00000000      0.00000000     -0.00000000     -0.00000000      0.00000000      0.00000000     -0.00000000     -0.00000000     -0.00000000      0.00000000     -0.00000000     -0.00000000     -0.00000000      0.00000000     -0.00000000      0.00000000     -0.00000000     -0.00000000      0.00000000     -0.00000000      0.00000000     -0.00000000      0.00000000     -0.00000000     -0.00000000      0.00000000      0.00000000     -0.00000000      0.00000000      0.00000000     -0.00000000      0.00000000     -0.00000000     -0.00000000     -0.00000000     -0.00000000      0.00000000      0.00000000     -0.00000000      0.00000000     -0.00000000      0.00000000      0.00000000      0.00000000     -0.00000000      0.00000000      0.00000000     -0.00000000      0.00000000     -0.00000000     -0.00000000      0.00000000     -0.00000000     -0.00000000      0.00000000     -0.00000000     -0.00000000      0.00000000     -0.00000000     -0.00000000     -0.00000000     -0.00000000      0.00000000     -0.00000000      0.00000000      0.00000000      0.00000000      0.00000000     -0.00000000      0.00000000      0.00000000     -0.00000000      0.00000000      0.00000000     -0.00000000      0.00000000      0.00000000     -0.00000000      0.00000000     -0.00000000     -0.00000000      0.00000000     -0.00000000     -0.00000000     -0.00000000      0.00000000     -0.00000000      0.00000000     -0.00000000     -0.00000000      0.00000000      0.00000000      0.00000000      0.00000000     -0.00000000      0.00000000     -0.00000000     -0.00000000      0.00000000     -0.00000000     -0.00000000      0.00000000      0.00000000     -0.00000000      0.00000000     -0.00000000      0.00000000     -0.00000000      0.00000000      0.00000000     -0.00000000      0.00000000      0.00000000      0.00000000      0.00000000      0.00000000     -0.00000000      0.00000000      0.00000000      0.00000000     -0.00000000     -0.00000000      0.00000000      0.00000000     -0.00000000     -0.00000000     -0.00000000
      0.52842228      0.00000000      0.00000000      0.00000000      0.00000000      0.00000000     -0.00000000      0.00000000      0.00000000      0.00000000      0.00000000     -0.00000000      0.00000000     -0.00000000      0.00000000      0.00000000      0.00000000     -0.00000000      0.00000000     -0.00000000     -0.00000000      0.00000000     -0.00000000      0.00000000     -0.00000000     -0.00000000      0.00000000      0.00000000     -0.00000000      0.00000000     -0.00000000     -0.00000000     -0.00000000     -0.00000000     -0.00000000      0.00000000      0.00000000     -0.00000000     -0.00000000     -0.00000000      0.00000000      0.00000000      0.00000000      0.00000000      0.00000000     -0.00000000      0.00000000     -0.00000000      0.00000000     -0.00000000     -0.00000000     -0.00000000     -0.00000000     -0.00000000     -0.00000000      0.00000000      0.00000000      0.00000000     -0.00000000     -0.00000000     -0.00000000     -0.00000000      0.00000000      0.00000000     -0.00000000      0.00000000     -0.00000000     -0.00000000      0.00000000      0.00000000      0.00000000      0.00000000     -0.00000000     -0.00000000     -0.00000000      0.00000000      0.00000000      0.00000000      0.00000000      0.00000000      0.00000000     -0.00000000      0.00000000     -0.00000000      0.00000000     -0.00000000     -0.00000000     -0.00000000     -0.00000000     -0.00000000      0.00000000      0.00000000      0.00000000     -0.00000000     -0.00000000      0.00000000      0.00000000      0.00000000      0.00000000      0.00000000     -0.00000000      0.00000000     -0.00000000     -0.00000000      0.00000000      0.00000000     -0.00000000      0.00000000     -0.00000000      0.00000000     -0.00000000      0.00000000      0.00000000     -0.00000000     -0.00000000     -0.00000000      0.00000000     -0.00000000      0.00000000     -0.00000000     -0.00000000     -0.00000000     -0.00000000      0.00000000     -0.00000000     -0.00000000     -0.00000000     -0.00000000     -0.00000000
      0.53820788     -0.00000000     -0.00000000      0.00000000     -0.00000000     -0.00000000     -0.00000000     -0.00000000      0.00000000      0.00000000     -0.00000000      0.00000000      0.00000000      0.00000000      0.00000000      0.00000000      0.00000000     -0.00000000      0.00000000     -0.00000000     -0.00000000     -0.00000000      0.00000000      0.00000000      0.00000000      0.00000000     -0.00000000     -0.00000000      0.00000000      0.00000000     -0.00000000      0.00000000      0.00000000     -0.00000000     -0.00000000     -0.00000000      0.00000000     -0.00000000      0.00000000      0.00000000     -0.00000000     -0.00000000     -0.00000000     -0.00000000     -0.00000000      0.00000000      0.00000000      0.00000000      0.00000000     -0.00000000     -0.00000000     -0.00000000     -0.00000000     -0.00000000     -0.00000000      0.00000000      0.00000000     -0.00000000     -0.00000000     -0.00000000      0.00000000      0.00000000      0.00000000      0.00000000     -0.00000000      0.00000000     -0.00000000     -0.00000000     -0.00000000     -0.00000000      0.00000000      0.00000000      0.00000000     -0.00000000     -0.00000000      0.00000000      0.00000000      0.00000000      0.00000000      0.00000000      0.00000000     -0.00000000     -0.00000000     -0.00000000     -0.00000000      0.00000000      0.00000000      0.00000000      0.00000000      0.00000000     -0.00000000     -0.00000000      0.00000000     -0.00000000      0.00000000      0.00000000      0.00000000     -0.00000000     -0.00000000      0.00000000     -0.00000000     -0.00000000      0.00000000      0.00000000     -0.00000000     -0.00000000     -0.00000000     -0.00000000      0.00000000      0.00000000     -0.00000000      0.00000000     -0.00000000     -0.00000000      0.00000000      0.00000000     -0.00000000     -0.00000000     -0.00000000      0.00000000     -0.00000000     -0.00000000      0.00000000      0.00000000      0.00000000      0.00000000     -0.00000000      0.00000000      0.00000000
      0.54799348      0.00000000     -0.00000000     -0.00000000     -0.00000000     -0.00000000     -0.00000000     -0.00000000     -0.00000000     -0.00000000     -0.00000000      0.00000000      0.00000000      0.00000000     -0.00000000      0.00000000     -0.00000000      0.00000000      0.00000000     -0.00000000      0.00000000      0.00000000     -0.00000000      0.00000000      0.00000000     -0.00000000     -0.00000000     -0.00000000      0.00000000     -0.00000000     -0.00000000      0.00000000      0.00000000     -0.00000000      0.00000000     -0.00000000      0.00000000     -0.00000000      0.00000000      0.00000000     -0.00000000      0.00000000      0.00000000     -0.00000000      0.00000000     -0.00000000      0.00000000     -0.00000000     -0.00000000      0.00000000     -0.00000000      0.00000000      0.00000000     -0.00000000      0.00000000     -0.00000000     -0.00000000     -0.00000000      0.00000000     -0.00000000     -0.00000000     -0.00000000     -0.00000000     -0.00000000      0.00000000     -0.00000000      0.00000000      0.00000000      0.00000000      0.00000000      0.00000000     -0.00000000      0.00000000      0.00000000      0.00000000     -0.00000000      0.00000000     -0.00000000     -0.00000000      0.00000000     -0.00000000      0.00000000      0.00000000     -0.00000000      0.00000000     -0.00000000      0.00000000     -0.00000000     -0.00000000      0.00000000      0.00000000     -0.00000000      0.00000000     -0.00000000      0.00000000     -0.00000000      0.00000000     -0.00000000     -0.00000000      0.00000000      0.00000000     -0.00000000      0.00000000      0.00000000      0.00000000     -0.00000000     -0.00000000      0.00000000     -0.00000000      0.00000000      0.00000000     -0.00000000     -0.00000000      0.00000000     -0.00000000      0.00000000     -0.00000000     -0.00000000     -0.00000000      0.00000000      0.00000000      0.00000000      0.00000000      0.00000000      0.00000000      0.00000000      0.00000000      0.00000000     -0.00000000
      0.55777907     -0.00000000     -0.00000000      0.00000000     -0.00000000      0.00000000     -0.00000000     -0.00000000      0.00000000      0.00000000     -0.00000000     -0.00000000     -0.00000000      0.00000000     -0.00000000      0.00000000      0.00000000     -0.00000000      0.00000000     -0.00000000     -0.00000000      0.00000000     -0.00000000      0.00000000      0.00000000      0.00000000      0.00000000      0.00000000     -0.00000000      0.00000000     -0.00000000     -0.00000000      0.00000000      0.00000000      0.00000000      0.00000000     -0.00000000      0.00000000      0.00000000      0.00000000      0.00000000      0.00000000      0.00000000      0.00000000      0.00000000      0.00000000      0.00000000     -0.00000000     -0.00000000     -0.00000000     -0.00000000     -0.00000000     -0.00000000     -0.00000000      0.00000000     -0.00000000      0.00000000     -0.00000000     -0.00000000     -0.00000000      0.00000000      0.00000000     -0.00000000     -0.00000000     -0.00000000      0.00000000      0.00000000      0.00000000     -0.00000000     -0.00000000      0.00000000      0.00000000      0.00000000     -0.00000000      0.00000000     -0.00000000      0.00000000      0.00000000      0.00000000      0.00000000      0.00000000      0.00000000      0.00000000     -0.00000000     -0.00000000     -0.00000000     -0.00000000     -0.00000000     -0.00000000     -0.00000000     -0.00000000     -0.00000000     -0.00000000      0.00000000     -0.00000000     -0.00000000     -0.00000000     -0.00000000      0.00000000      0.00000000     -0.00000000      0.00000000     -0.00000000     -0.00000000     -0.00000000     -0.00000000     -0.00000000      0.00000000     -0.00000000      0.00000000      0.00000000      0.00000000     -0.00000000     -0.00000000      0.00000000      0.00000000     -0.00000000      0.00000000      0.00000000      0.00000000     -0.00000000     -0.00000000      0.00000000      0.00000000     -0.00000000      0.00000000     -0.00000000      0.00000000      0.00000000
      0.56756467      0.00000000     -0.00000000     -0.00000000     -0.00000000      0.00000000      0.00000000     -0.00000000      0.00000000      0.00000000      0.00000000     -0.00000000     -0.00000000      0.00000000      0.00000000      0.00000000     -0.00000000      0.00000000     -0.00000000     -0.00000000     -0.00000000     -0.00000000      0.00000000      0.00000000     -0.00000000      0.00000000     -0.00000000     -0.00000000      0.00000000      0.00000000     -0.00000000      0.00000000      0.00000000     -0.00000000     -0.00000000     -0.00000000      0.00000000     -0.00000000     -0.00000000      0.00000000      0.00000000      0.00000000     -0.00000000     -0.00000000     -0.00000000      0.00000000     -0.00000000      0.00000000      0.00000000      0.00000000     -0.00000000     -0.00000000     -0.00000000     -0.00000000      0.00000000     -0.00000000      0.00000000      0.00000000      0.00000000      0.00000000      0.00000000     -0.00000000      0.00000000     -0.00000000     -0.00000000      0.00000000      0.00000000     -0.00000000      0.00000000     -0.00000000     -0.00000000     -0.00000000     -0.00000000     -0.00000000      0.00000000     -0.00000000      0.00000000      0.00000000      0.00000000      0.00000000     -0.00000000     -0.00000000     -0.00000000      0.00000000     -0.00000000      0.00000000      0.00000000      0.00000000     -0.00000000     -0.00000000     -0.00000000      0.00000000      0.00000000     -0.00000000      0.00000000      0.00000000      0.00000000     -0.00000000     -0.00000000      0.00000000     -0.00000000     -0.00000000      0.00000000      0.00000000     -0.00000000      0.00000000     -0.00000000      0.00000000      0.00000000      0.00000000      0.00000000      0.00000000     -0.00000000      0.00000000     -0.00000000     -0.00000000     -0.00000000      0.00000000      0.00000000     -0.00000000     -0.00000000     -0.00000000      0.00000000     -0.00000000     -0.00000000      0.00000000      0.00000000      0.00000000     -0.00000000
      0.57735027      0.00000000      0.00000000      0.00000000      0.00000000     -0.00000000      0.00000000      0.00000000     -0.00000000     -0.00000000      0.00000000      0.00000000      0.00000000      0.00000000      0.00000000      0.00000000      0.00000000      0.00000000      0.00000000      0.00000000      0.00000000      0.00000000      0.00000000     -0.00000000      0.00000000      0.00000000      0.00000000      0.00000000     -0.00000000      0.00000000      0.00000000      0.00000000     -0.00000000      0.00000000      0.00000000      0.00000000      0.00000000      0.00000000      0.00000000      0.00000000      0.00000000      0.00000000      0.00000000      0.00000000      0.00000000      0.00000000     -0.00000000      0.00000000      0.00000000      0.00000000     -0.00000000      0.00000000      0.00000000      0.00000000      0.00000000      0.00000000      0.00000000      0.00000000      0.00000000      0.00000000     -0.00000000     -0.00000000     -0.00000000     -0.00000000      0.00000000      0.00000000     -0.00000000     -0.00000000     -0.00000000     -0.00000000      0.00000000      0.00000000      0.00000000      0.00000000      0.00000000      0.00000000      0.00000000      0.00000000      0.00000000     -0.00000000      0.00000000      0.00000000      0.00000000     -0.00000000      0.00000000      0.00000000      0.00000000      0.00000000      0.00000000      0.00000000      0.00000000      0.00000000      0.00000000      0.00000000      0.00000000      0.00000000      0.00000000     -0.00000000      0.00000000      0.00000000      0.00000000     -0.00000000      0.00000000      0.00000000     -0.00000000      0.00000000      0.00000000      0.00000000      0.00000000      0.00000000      0.00000000      0.00000000      0.00000000      0.00000000      0.00000000      0.00000000      0.00000000      0.00000000      0.00000000     -0.00000000     -0.00000000      0.00000000      0.00000000      0.00000000     -0.00000000      0.00000000      0.00000000      0.00000000      0.00000000
      0.58713587      0.00000000      0.00000000      0.00000000     -0.00000000     -0.00000000     -0.00000000      0.00000000     -0.00000000     -0.00000000      0.00000000     -0.00000000     -0.00000000     -0.00000000     -0.00000000      0.00000000      0.00000000     -0.00000000      0.00000000     -0.00000000     -0.00000000     -0.00000000      0.00000000      0.00000000     -0.00000000      0.00000000      0.00000000      0.00000000     -0.00000000     -0.00000000     -0.00000000     -0.00000000      0.00000000     -0.00000000      0.00000000     -0.00000000     -0.00000000      0.00000000     -0.00000000     -0.00000000     -0.00000000     -0.00000000      0.00000000      0.00000000     -0.00000000     -0.00000000      0.00000000      0.00000000     -0.00000000      0.00000000      0.00000000      0.00000000      0.00000000      0.00000000     -0.00000000      0.00000000     -0.00000000      0.00000000     -0.00000000      0.00000000      0.00000000     -0.00000000     -0.00000000      0.00000000      0.00000000     -0.00000000     -0.00000000      0.00000000      0.00000000     -0.00000000     -0.00000000      0.00000000     -0.00000000      0.00000000     -0.00000000      0.00000000     -0.00000000     -0.00000000     -0.00000000     -0.00000000     -0.00000000      0.00000000     -0.00000000     -0.00000000      0.00000000      0.00000000     -0.00000000     -0.00000000      0.00000000      0.00000000      0.00000000      0.00000000     -0.00000000      0.00000000      0.00000000     -0.00000000      0.00000000     -0.00000000      0.00000000      0.00000000      0.00000000      0.00000000     -0.00000000     -0.00000000     -0.00000000      0.00000000     -0.00000000     -0.00000000      0.00000000      0.00000000      0.00000000     -0.00000000      0.00000000     -0.00000000      0.00000000      0.00000000      0.00000000      0.00000000      0.00000000     -0.00000000      0.00000000      0.00000000     -0.00000000      0.00000000      0.00000000      0.00000000     -0.00000000     -0.00000000     -0.00000000
      0.59692146      0.00000000     -0.00000000     -0.00000000     -0.00000000     -0.00000000     -0.00000000     -0.00000000      0.00000000      0.00000000      0.00000000     -0.00000000      0.00000000     -0.00000000     -0.00000000     -0.00000000     -0.00000000     -0.00000000     -0.00000000      0.00000000     -0.00000000      0.00000000      0.00000000      0.00000000     -0.00000000      0.00000000      0.00000000      0.00000000      0.00000000      0.00000000      0.00000000     -0.00000000      0.00000000      0.00000000      0.00000000     -0.00000000      0.00000000     -0.00000000     -0.00000000      0.00000000      0.00000000     -0.00000000     -0.00000000     -0.00000000      0.00000000     -0.00000000      0.00000000     -0.00000000     -0.00000000     -0.00000000      0.00000000      0.00000000     -0.00000000      0.00000000      0.00000000     -0.00000000     -0.00000000     -0.00000000      0.00000000     -0.00000000      0.00000000      0.00000000      0.00000000      0.00000000      0.00000000     -0.00000000     -0.00000000     -0.00000000     -0.00000000     -0.00000000      0.00000000     -0.00000000      0.00000000      0.00000000      0.00000000     -0.00000000     -0.00000000      0.00000000     -0.00000000     -0.00000000      0.00000000      0.00000000      0.00000000     -0.00000000      0.00000000     -0.00000000      0.00000000      0.00000000      0.00000000     -0.00000000     -0.00000000      0.00000000      0.00000000     -0.00000000      0.00000000     -0.00000000     -0.00000000     -0.00000000      0.00000000     -0.00000000     -0.00000000     -0.00000000     -0.00000000     -0.00000000     -0.00000000      0.00000000     -0.00000000     -0.00000000     -0.00000000      0.00000000     -0.00000000      0.00000000      0.00000000      0.00000000      0.00000000      0.00000000      0.00000000     -0.00000000      0.00000000     -0.00000000     -0.00000000     -0.00000000      0.00000000      0.00000000      0.00000000      0.00000000      0.00000000      0.00000000     -0.00000000
      0.60670706      0.00000000     -0.00000000      0.00000000     -0.00000000     -0.00000000     -0.00000000     -0.00000000      0.00000000      0.00000000      0.00000000     -0.00000000     -0.00000000      0.00000000      0.00000000      0.00000000     -0.00000000      0.00000000      0.00000000     -0.00000000      0.00000000      0.00000000     -0.00000000     -0.00000000      0.00000000     -0.00000000     -0.00000000     -0.00000000     -0.00000000     -0.00000000     -0.00000000      0.00000000      0.00000000      0.00000000      0.00000000      0.00000000     -0.00000000     -0.00000000      0.00000000      0.00000000     -0.00000000      0.00000000     -0.00000000      0.00000000     -0.00000000     -0.00000000     -0.00000000      0.00000000      0.00000000     -0.00000000      0.00000000     -0.00000000     -0.00000000     -0.00000000     -0.00000000      0.00000000     -0.00000000      0.00000000      0.00000000      0.00000000      0.00000000     -0.00000000     -0.00000000     -0.00000000     -0.00000000      0.00000000      0.00000000      0.00000000      0.00000000     -0.00000000     -0.00000000     -0.00000000     -0.00000000      0.00000000     -0.00000000      0.00000000      0.00000000      0.00000000      0.00000000     -0.00000000      0.00000000     -0.00000000     -0.00000000      0.00000000      0.00000000      0.00000000     -0.00000000      0.00000000     -0.00000000      0.00000000     -0.00000000     -0.00000000      0.00000000      0.00000000     -0.00000000     -0.00000000     -0.00000000     -0.00000000     -0.00000000      0.00000000      0.00000000      0.00000000      0.00000000      0.00000000      0.00000000     -0.00000000      0.00000000      0.00000000     -0.00000000     -0.00000000      0.00000000      0.00000000     -0.00000000      0.00000000     -0.00000000     -0.00000000     -0.00000000      0.00000000      0.00000000     -0.00000000     -0.00000000     -0.00000000      0.00000000      0.00000000      0.00000000      0.00000000     -0.00000000      0.00000000     -0.00000000
      0.61649266     -0.00000000      0.00000000     -0.00000000      0.00000000     -0.00000000     -0.00000000     -0.00000000     -0.00000000     -0.00000000      0.00000000     -0.00000000     -0.00000000     -0.00000000      0.00000000      0.00000000      0.00000000      0.00000000      0.00000000     -0.00000000      0.00000000      0.00000000      0.00000000     -0.00000000     -0.00000000      0.00000000      0.00000000     -0.00000000      0.00000000      0.00000000     -0.00000000     -0.00000000     -0.00000000      0.00000000     -0.00000000      0.00000000     -0.00000000     -0.00000000      0.00000000      0.00000000     -0.00000000     -0.00000000      0.00000000      0.00000000     -0.00000000      0.00000000     -0.00000000      0.00000000     -0.00000000      0.00000000      0.00000000     -0.00000000      0.00000000      0.00000000     -0.00000000      0.00000000      0.00000000     -0.00000000     -0.00000000      0.00000000     -0.00000000      0.00000000     -0.00000000     -0.00000000      0.00000000     -0.00000000      0.00000000      0.00000000     -0.00000000      0.00000000     -0.00000000      0.00000000      0.00000000     -0.00000000     -0.00000000      0.00000000     -0.00000000     -0.00000000      0.00000000     -0.00000000     -0.00000000      0.00000000     -0.00000000      0.00000000     -0.00000000      0.00000000     -0.00000000     -0.00000000      0.00000000      0.00000000     -0.00000000     -0.00000000      0.00000000      0.00000000     -0.00000000      0.00000000     -0.00000000      0.00000000      0.00000000      0.00000000     -0.00000000     -0.00000000      0.00000000     -0.00000000     -0.00000000      0.00000000      0.00000000     -0.00000000     -0.00000000     -0.00000000      0.00000000     -0.00000000      0.00000000     -0.00000000      0.00000000     -0.00000000      0.00000000      0.00000000      0.00000000     -0.00000000      0.00000000      0.00000000      0.00000000      0.00000000      0.00000000     -0.00000000      0.00000000     -0.00000000      0.00000000
      0.62627826      0.00000000      0.00000000      0.00000000      0.00000000     -0.00000000     -0.00000000      0.00000000      0.00000000      0.00000000      0.00000000     -0.00000000     -0.00000000      0.00000000      0.00000000     -0.00000000     -0.00000000      0.00000000      0.00000000     -0.00000000      0.00000000      0.00000000      0.00000000     -0.00000000      0.00000000     -0.00000000      0.00000000     -0.00000000     -0.00000000      0.00000000      0.00000000      0.00000000     -0.00000000     -0.00000000     -0.00000000     -0.00000000      0.00000000      0.00000000      0.00000000      0.00000000      0.00000000      0.00000000      0.00000000     -0.00000000     -0.00000000     -0.00000000      0.00000000      0.00000000     -0.00000000      0.00000000     -0.00000000      0.00000000     -0.00000000     -0.00000000     -0.00000000      0.00000000     -0.00000000     -0.00000000      0.00000000     -0.00000000      0.00000000      0.00000000     -0.00000000     -0.00000000      0.00000000     -0.00000000      0.00000000      0.00000000     -0.00000000     -0.00000000      0.00000000     -0.00000000      0.00000000      0.00000000     -0.00000000      0.00000000      0.00000000      0.00000000     -0.00000000      0.00000000     -0.00000000      0.00000000     -0.00000000     -0.00000000      0.00000000      0.00000000      0.00000000     -0.00000000     -0.00000000     -0.00000000     -0.00000000     -0.00000000     -0.00000000     -0.00000000      0.00000000      0.00000000      0.00000000      0.00000000     -0.00000000     -0.00000000     -0.00000000      0.00000000      0.00000000     -0.00000000      0.00000000     -0.00000000      0.00000000     -0.00000000     -0.00000000     -0.00000000      0.00000000     -0.00000000      0.00000000      0.00000000      0.00000000      0.00000000     -0.00000000      0.00000000      0.00000000     -0.00000000     -0.00000000     -0.00000000     -0.00000000      0.00000000      0.00000000     -0.00000000     -0.00000000     -0.00000000     -0.00000000
      0.63606386      0.00000000      0.00000000      0.00000000     -0.00000000      0.00000000     -0.00000000     -0.00000000     -0.00000000     -0.00000000      0.00000000      0.00000000     -0.00000000      0.00000000      0.00000000      0.00000000     -0.00000000      0.00000000     -0.00000000      0.00000000      0.00000000      0.00000000      0.00000000      0.00000000     -0.00000000     -0.00000000     -0.00000000      0.00000000     -0.00000000      0.00000000     -0.00000000     -0.00000000      0.00000000     -0.00000000      0.00000000      0.00000000      0.00000000     -0.00000000     -0.00000000     -0.00000000      0.00000000      0.00000000      0.00000000      0.00000000     -0.00000000      0.00000000     -0.00000000      0.00000000     -0.00000000      0.00000000     -0.00000000     -0.00000000      0.00000000      0.00000000     -0.00000000      0.00000000     -0.00000000     -0.00000000     -0.00000000      0.00000000     -0.00000000     -0.00000000      0.00000000      0.00000000     -0.00000000      0.00000000     -0.00000000     -0.00000000      0.00000000      0.00000000     -0.00000000      0.00000000      0.00000000      0.00000000     -0.00000000      0.00000000     -0.00000000     -0.00000000      0.00000000      0.00000000     -0.00000000      0.00000000     -0.00000000      0.00000000     -0.00000000      0.00000000     -0.00000000     -0.00000000     -0.00000000     -0.00000000      0.00000000      0.00000000      0.00000000     -0.00000000     -0.00000000     -0.00000000      0.00000000     -0.00000000      0.00000000      0.00000000     -0.00000000      0.00000000     -0.00000000      0.00000000      0.00000000      0.00000000     -0.00000000     -0.00000000     -0.00000000     -0.00000000     -0.00000000      0.00000000      0.00000000     -0.00000000      0.00000000     -0.00000000     -0.00000000      0.00000000     -0.00000000     -0.00000000      0.00000000      0.00000000      0.00000000      0.00000000     -0.00000000      0.00000000     -0.00000000     -0.00000000     -0.00000000
      0.64584945     -0.00000000      0.00000000      0.00000000     -0.00000000      0.00000000     -0.00000000      0.00000000      0.00000000      0.00000000     -0.00000000     -0.00000000      0.00000000     -0.00000000      0.00000000     -0.00000000      0.00000000      0.00000000     -0.00000000     -0.00000000     -0.00000000      0.00000000      0.00000000      0.00000000     -0.00000000      0.00000000     -0.00000000      0.00000000     -0.00000000     -0.00000000      0.00000000      0.00000000     -0.00000000      0.00000000     -0.00000000     -0.00000000     -0.00000000     -0.00000000      0.00000000     -0.00000000      0.00000000     -0.00000000     -0.00000000     -0.00000000      0.00000000      0.00000000     -0.00000000      0.00000000      0.00000000     -0.00000000      0.00000000      0.00000000     -0.00000000      0.00000000      0.00000000      0.00000000     -0.00000000      0.00000000      0.00000000     -0.00000000      0.00000000     -0.00000000     -0.00000000      0.00000000     -0.00000000      0.00000000     -0.00000000      0.00000000      0.00000000     -0.00000000      0.00000000     -0.00000000     -0.00000000      0.00000000     -0.00000000     -0.00000000      0.00000000     -0.00000000      0.00000000     -0.00000000      0.00000000     -0.00000000     -0.00000000      0.00000000     -0.00000000     -0.00000000      0.00000000      0.00000000      0.00000000     -0.00000000      0.00000000     -0.00000000      0.00000000      0.00000000      0.00000000      0.00000000     -0.00000000      0.00000000     -0.00000000     -0.00000000      0.00000000      0.00000000     -0.00000000     -0.00000000      0.00000000      0.00000000     -0.00000000     -0.00000000     -0.00000000      0.00000000      0.00000000     -0.00000000     -0.00000000      0.00000000      0.00000000     -0.00000000      0.00000000     -0.00000000      0.00000000      0.00000000     -0.00000000     -0.00000000     -0.00000000      0.00000000     -0.00000000      0.00000000     -0.00000000     -0.00000000      0.00000000
      0.65563505      0.00000000      0.00000000     -0.00000000     -0.00000000      0.00000000     -0.00000000      0.00000000     -0.00000000      0.00000000     -0.00000000      0.00000000      0.00000000      0.00000000     -0.00000000     -0.00000000     -0.00000000     -0.00000000     -0.00000000     -0.00000000     -0.00000000      0.00000000      0.00000000     -0.00000000      0.00000000      0.00000000     -0.00000000     -0.00000000     -0.00000000      0.00000000     -0.00000000     -0.00000000     -0.00000000     -0.00000000     -0.00000000     -0.00000000     -0.00000000     -0.00000000     -0.00000000     -0.00000000      0.00000000     -0.00000000      0.00000000      0.00000000     -0.00000000      0.00000000      0.00000000     -0.00000000      0.00000000      0.00000000      0.00000000     -0.00000000      0.00000000     -0.00000000     -0.00000000      0.00000000      0.00000000      0.00000000      0.00000000     -0.00000000     -0.00000000      0.00000000     -0.00000000     -0.00000000     -0.00000000      0.00000000      0.00000000      0.00000000     -0.00000000      0.00000000      0.00000000     -0.00000000     -0.00000000     -0.00000000     -0.00000000      0.00000000      0.00000000     -0.00000000      0.00000000     -0.00000000     -0.00000000     -0.00000000      0.00000000     -0.00000000     -0.00000000      0.00000000     -0.00000000     -0.00000000      0.00000000     -0.00000000      0.00000000      0.00000000      0.00000000      0.00000000      0.00000000      0.00000000      0.00000000      0.00000000      0.00000000      0.00000000     -0.00000000      0.00000000      0.00000000      0.00000000     -0.00000000     -0.00000000      0.00000000     -0.00000000     -0.00000000      0.00000000      0.00000000      0.00000000      0.00000000      0.00000000      0.00000000      0.00000000     -0.00000000     -0.00000000     -0.00000000      0.00000000     -0.00000000      0.00000000     -0.00000000      0.00000000     -0.00000000      0.00000000      0.00000000     -0.00000000     -0.00000000
      0.66542065     -0.00000000     -0.00000000     -0.00000000      0.00000000     -0.00000000     -0.00000000     -0.00000000     -0.00000000      0.00000000      0.00000000      0.00000000      0.00000000     -0.00000000      0.00000000     -0.00000000      0.00000000     -0.00000000      0.00000000      0.00000000      0.00000000      0.00000000     -0.00000000      0.00000000      0.00000000      0.00000000     -0.00000000     -0.00000000     -0.00000000     -0.00000000     -0.00000000     -0.00000000     -0.00000000      0.00000000     -0.00000000      0.00000000     -0.00000000     -0.00000000      0.00000000     -0.00000000     -0.00000000      0.00000000     -0.00000000     -0.00000000      0.00000000     -0.00000000      0.00000000      0.00000000      0.00000000      0.00000000     -0.00000000      0.00000000     -0.00000000      0.00000000      0.00000000     -0.00000000     -0.00000000     -0.00000000     -0.00000000     -0.00000000      0.00000000      0.00000000      0.00000000     -0.00000000     -0.00000000      0.00000000      0.00000000     -0.00000000     -0.00000000     -0.00000000      0.00000000      0.00000000      0.00000000      0.00000000      0.00000000     -0.00000000     -0.00000000      0.00000000     -0.00000000      0.00000000     -0.00000000     -0.00000000     -0.00000000     -0.00000000      0.00000000     -0.00000000      0.00000000      0.00000000     -0.00000000      0.00000000      0.00000000     -0.00000000      0.00000000      0.00000000     -0.00000000      0.00000000     -0.00000000      0.00000000      0.00000000      0.00000000      0.00000000      0.00000000      0.00000000      0.00000000     -0.00000000     -0.00000000     -0.00000000      0.00000000     -0.00000000     -0.00000000     -0.00000000     -0.00000000      0.00000000     -0.00000000      0.00000000     -0.00000000      0.00000000     -0.00000000     -0.00000000     -0.00000000     -0.00000000      0.00000000      0.00000000      0.00000000      0.00000000     -0.00000000      0.00000000      0.00000000      0.00000000
      0.67520625      0.00000000     -0.00000000      0.00000000      0.00000000      0.00000000      0.00000000      0.00000000      0.00000000     -0.00000000     -0.00000000      0.00000000     -0.00000000      0.00000000      0.00000000      0.00000000     -0.00000000     -0.00000000     -0.00000000      0.00000000     -0.00000000      0.00000000      0.00000000      0.00000000     -0.00000000      0.00000000     -0.00000000     -0.00000000     -0.00000000      0.00000000      0.00000000      0.00000000     -0.00000000      0.00000000      0.00000000     -0.00000000      0.00000000     -0.00000000      0.00000000     -0.00000000      0.00000000      0.00000000     -0.00000000      0.00000000      0.00000000      0.00000000      0.00000000     -0.00000000      0.00000000      0.00000000     -0.00000000     -0.00000000      0.00000000     -0.00000000      0.00000000      0.00000000     -0.00000000     -0.00000000      0.00000000      0.00000000     -0.00000000      0.00000000      0.00000000     -0.00000000     -0.00000000      0.00000000      0.00000000     -0.00000000     -0.00000000     -0.00000000     -0.00000000     -0.00000000      0.00000000      0.00000000     -0.00000000     -0.00000000     -0.00000000     -0.00000000     -0.00000000      0.00000000      0.00000000      0.00000000      0.00000000      0.00000000     -0.00000000      0.00000000     -0.00000000      0.00000000      0.00000000     -0.00000000     -0.00000000     -0.00000000      0.00000000      0.00000000     -0.00000000     -0.00000000     -0.00000000      0.00000000      0.00000000      0.00000000      0.00000000     -0.00000000     -0.00000000     -0.00000000      0.00000000      0.00000000     -0.00000000      0.00000000      0.00000000     -0.00000000      0.00000000      0.00000000     -0.00000000      0.00000000     -0.00000000      0.00000000     -0.00000000      0.00000000      0.00000000     -0.00000000      0.00000000      0.00000000      0.00000000     -0.00000000     -0.00000000     -0.00000000      0.00000000      0.00000000     -0.00000000
      0.68499184      0.00000000      0.00000000     -0.00000000      0.00000000     -0.00000000     -0.00000000     -0.00000000      0.00000000     -0.00000000      0.00000000      0.00000000     -0.00000000     -0.00000000      0.00000000     -0.00000000      0.00000000     -0.00000000      0.00000000     -0.00000000     -0.00000000      0.00000000      0.00000000      0.00000000      0.00000000     -0.00000000     -0.00000000      0.00000000     -0.00000000      0.00000000     -0.00000000     -0.00000000     -0.00000000     -0.00000000      0.00000000      0.00000000      0.00000000      0.00000000     -0.00000000     -0.00000000      0.00000000     -0.00000000      0.00000000      0.00000000      0.00000000     -0.00000000      0.00000000      0.00000000     -0.00000000     -0.00000000      0.00000000     -0.00000000     -0.00000000      0.00000000      0.00000000      0.00000000     -0.00000000      0.00000000      0.00000000     -0.00000000      0.00000000      0.00000000     -0.00000000      0.00000000     -0.00000000      0.00000000     -0.00000000      0.00000000     -0.00000000     -0.00000000      0.00000000     -0.00000000     -0.00000000      0.00000000     -0.00000000     -0.00000000     -0.00000000      0.00000000      0.00000000     -0.00000000      0.00000000      0.00000000     -0.00000000     -0.00000000      0.00000000     -0.00000000     -0.00000000     -0.00000000      0.00000000     -0.00000000      0.00000000      0.00000000     -0.00000000     -0.00000000     -0.00000000     -0.00000000      0.00000000      0.00000000      0.00000000      0.00000000     -0.00000000      0.00000000     -0.00000000      0.00000000      0.00000000     -0.00000000     -0.00000000     -0.00000000     -0.00000000      0.00000000      0.00000000     -0.00000000      0.00000000      0.00000000     -0.00000000      0.00000000      0.00000000      0.00000000     -0.00000000     -0.00000000      0.00000000     -0.00000000      0.00000000      0.00000000      0.00000000     -0.00000000      0.00000000     -0.00000000     -0.00000000
      0.69477744      0.00000000      0.00000000      0.00000000     -0.00000000      0.00000000     -0.00000000      0.00000000     -0.00000000      0.00000000      0.00000000      0.00000000      0.00000000      0.00000000      0.00000000     -0.00000000     -0.00000000      0.00000000     -0.00000000     -0.00000000      0.00000000     -0.00000000     -0.00000000      0.00000000      0.00000000     -0.00000000      0.00000000     -0.00000000     -0.00000000     -0.00000000     -0.00000000     -0.00000000      0.00000000     -0.00000000     -0.00000000      0.00000000      0.00000000      0.00000000      0.00000000     -0.00000000      0.00000000     -0.00000000      0.00000000     -0.00000000      0.00000000     -0.00000000      0.00000000      0.00000000      0.00000000      0.00000000      0.00000000      0.00000000     -0.00000000      0.00000000      0.00000000     -0.00000000     -0.00000000     -0.00000000      0.00000000      0.00000000     -0.00000000      0.00000000     -0.00000000     -0.00000000      0.00000000     -0.00000000      0.00000000      0.00000000      0.00000000      0.00000000     -0.00000000     -0.00000000      0.00000000      0.00000000      0.00000000     -0.00000000     -0.00000000      0.00000000     -0.00000000     -0.00000000     -0.00000000     -0.00000000     -0.00000000     -0.00000000      0.00000000     -0.00000000      0.00000000     -0.00000000      0.00000000     -0.00000000      0.00000000     -0.00000000     -0.00000000     -0.00000000     -0.00000000      0.00000000      0.00000000     -0.00000000      0.00000000      0.00000000      0.00000000      0.00000000      0.00000000     -0.00000000      0.00000000     -0.00000000     -0.00000000      0.00000000      0.00000000     -0.00000000      0.00000000      0.00000000      0.00000000      0.00000000      0.00000000      0.00000000     -0.00000000     -0.00000000     -0.00000000     -0.00000000     -0.00000000      0.00000000     -0.00000000      0.00000000     -0.00000000      0.00000000     -0.00000000     -0.00000000     -0.00000000
      0.70456304      0.00000000      0.00000000      0.00000000     -0.00000000      0.00000000     -0.00000000     -0.00000000     -0.00000000     -0.00000000      0.00000000     -0.00000000      0.00000000     -0.00000000      0.00000000      0.00000000      0.00000000     -0.00000000     -0.00000000      0.00000000     -0.00000000     -0.00000000     -0.00000000     -0.00000000     -0.00000000      0.00000000      0.00000000      0.00000000     -0.00000000      0.00000000     -0.00000000      0.00000000      0.00000000     -0.00000000     -0.00000000     -0.00000000      0.00000000      0.00000000     -0.00000000     -0.00000000     -0.00000000      0.00000000      0.00000000      0.00000000     -0.00000000     -0.00000000      0.00000000      0.00000000     -0.00000000     -0.00000000     -0.00000000     -0.00000000     -0.00000000      0.00000000      0.00000000     -0.00000000      0.00000000     -0.00000000      0.00000000      0.00000000     -0.00000000      0.00000000      0.00000000      0.00000000     -0.00000000      0.00000000     -0.00000000     -0.00000000     -0.00000000      0.00000000     -0.00000000     -0.00000000      0.00000000     -0.00000000      0.00000000     -0.00000000     -0.00000000      0.00000000      0.00000000      0.00000000      0.00000000      0.00000000     -0.00000000     -0.00000000      0.00000000      0.00000000     -0.00000000     -0.00000000     -0.00000000      0.00000000      0.00000000      0.00000000     -0.00000000     -0.00000000      0.00000000      0.00000000      0.00000000     -0.00000000     -0.00000000      0.00000000     -0.00000000      0.00000000     -0.00000000     -0.00000000     -0.00000000      0.00000000      0.00000000      0.00000000      0.00000000      0.00000000     -0.00000000      0.00000000      0.00000000     -0.00000000     -0.00000000     -0.00000000      0.00000000     -0.00000000      0.00000000     -0.00000000      0.00000000      0.00000000      0.00000000      0.00000000     -0.00000000      0.00000000     -0.00000000     -0.00000000     -0.00000000
      0.71434864      0.00000000      0.00000000     -0.00000000      0.00000000     -0.00000000     -0.00000000     -0.00000000      0.00000000      0.00000000      0.00000000      0.00000000     -0.00000000     -0.00000000      0.00000000      0.00000000     -0.00000000      0.00000000     -0.00000000     -0.00000000     -0.00000000      0.00000000     -0.00000000     -0.00000000      0.00000000     -0.00000000     -0.00000000      0.00000000     -0.00000000     -0.00000000      0.00000000     -0.00000000     -0.00000000     -0.00000000      0.00000000     -0.00000000     -0.00000000      0.00000000      0.00000000      0.00000000      0.00000000      0.00000000      0.00000000      0.00000000     -0.00000000      0.00000000      0.00000000      0.00000000     -0.00000000      0.00000000      0.00000000     -0.00000000     -0.00000000     -0.00000000      0.00000000     -0.00000000      0.00000000      0.00000000      0.00000000      0.00000000     -0.00000000      0.00000000      0.00000000     -0.00000000      0.00000000     -0.00000000      0.00000000     -0.00000000     -0.00000000      0.00000000     -0.00000000     -0.00000000     -0.00000000     -0.00000000      0.00000000     -0.00000000      0.00000000      0.00000000      0.00000000     -0.00000000     -0.00000000      0.00000000     -0.00000000     -0.00000000     -0.00000000      0.00000000     -0.00000000     -0.00000000     -0.00000000     -0.00000000     -0.00000000     -0.00000000     -0.00000000      0.00000000      0.00000000     -0.00000000      0.00000000      0.00000000      0.00000000     -0.00000000      0.00000000      0.00000000     -0.00000000      0.00000000      0.00000000     -0.00000000      0.00000000      0.00000000     -0.00000000      0.00000000      0.00000000      0.00000000     -0.00000000      0.00000000      0.00000000      0.00000000     -0.00000000      0.00000000     -0.00000000     -0.00000000     -0.00000000     -0.00000000      0.00000000      0.00000000      0.00000000     -0.00000000      0.00000000     -0.00000000     -0.00000000
      0.72413424      0.00000000      0.00000000     -0.00000000     -0.00000000     -0.00000000     -0.00000000     -0.00000000      0.00000000     -0.00000000      0.00000000     -0.00000000     -0.00000000     -0.00000000     -0.00000000     -0.00000000     -0.00000000      0.00000000     -0.00000000      0.00000000      0.00000000      0.00000000     -0.00000000      0.00000000      0.00000000      0.00000000      0.00000000      0.00000000     -0.00000000     -0.00000000      0.00000000     -0.00000000     -0.00000000     -0.00000000      0.00000000      0.00000000     -0.00000000     -0.00000000      0.00000000      0.00000000      0.00000000     -0.00000000      0.00000000      0.00000000      0.00000000     -0.00000000      0.00000000     -0.00000000      0.00000000      0.00000000     -0.00000000     -0.00000000     -0.00000000     -0.00000000     -0.00000000     -0.00000000      0.00000000      0.00000000     -0.00000000      0.00000000      0.00000000     -0.00000000     -0.00000000      0.00000000     -0.00000000      0.00000000     -0.00000000      0.00000000      0.00000000     -0.00000000     -0.00000000      0.00000000     -0.00000000     -0.00000000      0.00000000      0.00000000      0.00000000     -0.00000000      0.00000000     -0.00000000      0.00000000      0.00000000     -0.00000000     -0.00000000      0.00000000     -0.00000000     -0.00000000     -0.00000000      0.00000000     -0.00000000     -0.00000000     -0.00000000      0.00000000      0.00000000     -0.00000000     -0.00000000      0.00000000      0.00000000      0.00000000     -0.00000000      0.00000000      0.00000000     -0.00000000     -0.00000000     -0.00000000     -0.00000000     -0.00000000      0.00000000     -0.00000000     -0.00000000     -0.00000000      0.00000000      0.00000000      0.00000000      0.00000000      0.00000000      0.00000000      0.00000000      0.00000000     -0.00000000      0.00000000     -0.00000000      0.00000000      0.00000000      0.00000000      0.00000000      0.00000000     -0.00000000     -0.00000000
      0.73391983     -0.00000000     -0.00000000      0.00000000     -0.00000000     -0.00000000     -0.00000000     -0.00000000     -0.00000000      0.00000000      0.00000000     -0.00000000      0.00000000      0.00000000      0.00000000     -0.00000000     -0.00000000      0.00000000     -0.00000000     -0.00000000     -0.00000000     -0.00000000      0.00000000     -0.00000000     -0.00000000      0.00000000      0.00000000      0.00000000     -0.00000000      0.00000000      0.00000000      0.00000000      0.00000000      0.00000000     -0.00000000      0.00000000     -0.00000000     -0.00000000     -0.00000000     -0.00000000     -0.00000000      0.00000000     -0.00000000     -0.00000000     -0.00000000      0.00000000      0.00000000      0.00000000     -0.00000000      0.00000000     -0.00000000      0.00000000     -0.00000000      0.00000000     -0.00000000     -0.00000000     -0.00000000      0.00000000     -0.00000000     -0.00000000     -0.00000000      0.00000000     -0.00000000      0.00000000      0.00000000     -0.00000000     -0.00000000      0.00000000     -0.00000000      0.00000000      0.00000000      0.00000000     -0.00000000      0.00000000      0.00000000      0.00000000     -0.00000000      0.00000000     -0.00000000      0.00000000     -0.00000000      0.00000000     -0.00000000     -0.00000000     -0.00000000      0.00000000      0.00000000      0.00000000     -0.00000000      0.00000000      0.00000000      0.00000000      0.00000000      0.00000000     -0.00000000      0.00000000     -0.00000000     -0.00000000     -0.00000000     -0.00000000     -0.00000000      0.00000000     -0.00000000     -0.00000000     -0.00000000      0.00000000      0.00000000     -0.00000000      0.00000000      0.00000000      0.00000000      0.00000000      0.00000000      0.00000000      0.00000000      0.00000000     -0.00000000      0.00000000     -0.00000000     -0.00000000     -0.00000000      0.00000000      0.00000000      0.00000000      0.00000000      0.00000000     -0.00000000      0.00000000      0.00000000
      0.74370543     -0.00000000     -0.00000000      0.00000000      0.00000000     -0.00000000      0.00000000      0.00000000     -0.00000000     -0.00000000      0.00000000     -0.00000000     -0.00000000     -0.00000000      0.00000000      0.00000000     -0.00000000      0.00000000      0.00000000     -0.00000000      0.00000000      0.00000000      0.00000000     -0.00000000      0.00000000     -0.00000000     -0.00000000      0.00000000      0.00000000     -0.00000000      0.00000000      0.00000000      0.00000000     -0.00000000     -0.00000000      0.00000000      0.00000000     -0.00000000      0.00000000      0.00000000     -0.00000000      0.00000000     -0.00000000     -0.00000000      0.00000000      0.00000000     -0.00000000      0.00000000      0.00000000      0.00000000     -0.00000000     -0.00000000     -0.00000000     -0.00000000     -0.00000000     -0.00000000     -0.00000000      0.00000000      0.00000000     -0.00000000      0.00000000      0.00000000     -0.00000000      0.00000000     -0.00000000      0.00000000     -0.00000000      0.00000000     -0.00000000     -0.00000000      0.00000000     -0.00000000     -0.00000000      0.00000000      0.00000000      0.00000000      0.00000000      0.00000000      0.00000000      0.00000000     -0.00000000     -0.00000000     -0.00000000      0.00000000     -0.00000000     -0.00000000      0.00000000      0.00000000     -0.00000000      0.00000000     -0.00000000     -0.00000000      0.00000000     -0.00000000     -0.00000000      0.00000000      0.00000000     -0.00000000     -0.00000000     -0.00000000      0.00000000     -0.00000000     -0.00000000      0.00000000      0.00000000     -0.00000000      0.00000000      0.00000000     -0.00000000     -0.00000000     -0.00000000     -0.00000000      0.00000000     -0.00000000      0.00000000     -0.00000000      0.00000000      0.00000000      0.00000000     -0.00000000      0.00000000      0.00000000     -0.00000000     -0.00000000      0.00000000     -0.00000000     -0.00000000      0.00000000      0.00000000
      0.75349103     -0.00000000     -0.00000000      0.00000000     -0.00000000     -0.00000000     -0.00000000     -0.00000000     -0.00000000      0.00000000      0.00000000     -0.00000000      0.00000000     -0.00000000      0.00000000      0.00000000     -0.00000000      0.00000000      0.00000000      0.00000000      0.00000000      0.00000000     -0.00000000     -0.00000000      0.00000000      0.00000000      0.00000000     -0.00000000      0.00000000     -0.00000000      0.00000000      0.00000000     -0.00000000     -0.00000000     -0.00000000     -0.00000000     -0.00000000      0.00000000      0.00000000      0.00000000      0.00000000      0.00000000     -0.00000000     -0.00000000      0.00000000     -0.00000000      0.00000000     -0.00000000      0.00000000     -0.00000000      0.00000000     -0.00000000     -0.00000000     -0.00000000     -0.00000000      0.00000000      0.00000000     -0.00000000     -0.00000000     -0.00000000      0.00000000      0.00000000     -0.00000000     -0.00000000      0.00000000     -0.00000000      0.00000000     -0.00000000      0.00000000      0.00000000      0.00000000      0.00000000     -0.00000000     -0.00000000      0.00000000     -0.00000000      0.00000000      0.00000000      0.00000000      0.00000000      0.00000000     -0.00000000      0.00000000     -0.00000000     -0.00000000      0.00000000      0.00000000     -0.00000000     -0.00000000     -0.00000000      0.00000000     -0.00000000      0.00000000     -0.00000000      0.00000000     -0.00000000      0.00000000      0.00000000      0.00000000     -0.00000000     -0.00000000      0.00000000      0.00000000     -0.00000000     -0.00000000     -0.00000000      0.00000000     -0.00000000      0.00000000     -0.00000000     -0.00000000     -0.00000000      0.00000000     -0.00000000      0.00000000      0.00000000      0.00000000      0.00000000      0.00000000     -0.00000000     -0.00000000      0.00000000      0.00000000     -0.00000000      0.00000000     -0.00000000      0.00000000     -0.00000000      0.00000000
      0.76327663      0.00000000      0.00000000     -0.00000000     -0.00000000      0.00000000      0.00000000     -0.00000000     -0.00000000      0.00000000     -0.00000000     -0.00000000      0.00000000     -0.00000000      0.00000000      0.00000000      0.00000000      0.00000000      0.00000000      0.00000000      0.00000000      0.00000000      0.00000000     -0.00000000      0.00000000     -0.00000000     -0.00000000     -0.00000000      0.00000000      0.00000000      0.00000000      0.00000000      0.00000000      0.00000000     -0.00000000      0.00000000      0.00000000      0.00000000     -0.00000000     -0.00000000      0.00000000     -0.00000000     -0.00000000      0.00000000     -0.00000000     -0.00000000      0.00000000     -0.00000000     -0.00000000      0.00000000     -0.00000000      0.00000000     -0.00000000      0.00000000      0.00000000     -0.00000000      0.00000000      0.00000000     -0.00000000      0.00000000     -0.00000000     -0.00000000     -0.00000000      0.00000000     -0.00000000      0.00000000     -0.00000000      0.00000000      0.00000000      0.00000000     -0.00000000      0.00000000     -0.00000000     -0.00000000      0.00000000     -0.00000000     -0.00000000      0.00000000     -0.00000000      0.00000000     -0.00000000      0.00000000      0.00000000     -0.00000000      0.00000000      0.00000000     -0.00000000      0.00000000      0.00000000     -0.00000000      0.00000000      0.00000000     -0.00000000     -0.00000000     -0.00000000      0.00000000     -0.00000000     -0.00000000     -0.00000000     -0.00000000     -0.00000000     -0.00000000      0.00000000      0.00000000      0.00000000     -0.00000000      0.00000000     -0.00000000     -0.00000000     -0.00000000     -0.00000000     -0.00000000     -0.00000000     -0.00000000      0.00000000     -0.00000000      0.00000000     -0.00000000      0.00000000      0.00000000     -0.00000000      0.00000000      0.00000000     -0.00000000     -0.00000000      0.00000000      0.00000000     -0.00000000     -0.00000000
      0.77306222      0.00000000     -0.00000000      0.00000000     -0.00000000     -0.00000000      0.00000000      0.00000000     -0.00000000     -0.00000000      0.00000000     -0.00000000     -0.00000000     -0.00000000      0.00000000      0.00000000     -0.00000000      0.00000000     -0.00000000      0.00000000     -0.00000000     -0.00000000      0.00000000     -0.00000000     -0.00000000      0.00000000     -0.00000000     -0.00000000      0.00000000      0.00000000     -0.00000000     -0.00000000      0.00000000      0.00000000      0.00000000     -0.00000000     -0.00000000      0.00000000      0.00000000      0.00000000      0.00000000      0.00000000     -0.00000000      0.00000000      0.00000000     -0.00000000      0.00000000      0.00000000     -0.00000000     -0.00000000     -0.00000000      0.00000000      0.00000000     -0.00000000      0.00000000      0.00000000      0.00000000     -0.00000000     -0.00000000      0.00000000     -0.00000000     -0.00000000     -0.00000000      0.00000000      0.00000000     -0.00000000     -0.00000000      0.00000000      0.00000000      0.00000000     -0.00000000      0.00000000      0.00000000     -0.00000000     -0.00000000     -0.00000000      0.00000000     -0.00000000     -0.00000000      0.00000000      0.00000000      0.00000000     -0.00000000     -0.00000000      0.00000000     -0.00000000     -0.00000000      0.00000000     -0.00000000     -0.00000000     -0.00000000     -0.00000000      0.00000000      0.00000000      0.00000000     -0.00000000     -0.00000000     -0.00000000      0.00000000      0.00000000     -0.00000000     -0.00000000      0.00000000      0.00000000     -0.00000000      0.00000000      0.00000000     -0.00000000      0.00000000      0.00000000     -0.00000000     -0.00000000      0.00000000      0.00000000     -0.00000000     -0.00000000      0.00000000      0.00000000      0.00000000     -0.00000000      0.00000000      0.00000000     -0.00000000     -0.00000000      0.00000000      0.00000000     -0.00000000      0.00000000     -0.00000000
      0.78284782      0.00000000     -0.00000000      0.00000000      0.00000000     -0.00000000     -0.00000000     -0.00000000     -0.00000000     -0.00000000      0.00000000      0.00000000      0.00000000      0.00000000     -0.00000000     -0.00000000      0.00000000      0.00000000      0.00000000      0.00000000      0.00000000     -0.00000000     -0.00000000     -0.00000000     -0.00000000      0.00000000     -0.00000000     -0.00000000      0.00000000     -0.00000000     -0.00000000      0.00000000      0.00000000      0.00000000      0.00000000      0.00000000      0.00000000     -0.00000000      0.00000000      0.00000000      0.00000000      0.00000000     -0.00000000      0.00000000     -0.00000000     -0.00000000      0.00000000      0.00000000     -0.00000000     -0.00000000      0.00000000      0.00000000      0.00000000     -0.00000000      0.00000000     -0.00000000     -0.00000000      0.00000000     -0.00000000     -0.00000000      0.00000000     -0.00000000      0.00000000      0.00000000     -0.00000000      0.00000000     -0.00000000     -0.00000000      0.00000000      0.00000000     -0.00000000     -0.00000000      0.00000000      0.00000000     -0.00000000     -0.00000000      0.00000000     -0.00000000      0.00000000      0.00000000      0.00000000      0.00000000     -0.00000000     -0.00000000     -0.00000000      0.00000000     -0.00000000     -0.00000000     -0.00000000      0.00000000      0.00000000     -0.00000000      0.00000000     -0.00000000     -0.00000000     -0.00000000     -0.00000000     -0.00000000      0.00000000      0.00000000      0.00000000      0.00000000      0.00000000     -0.00000000      0.00000000      0.00000000      0.00000000      0.00000000     -0.00000000     -0.00000000      0.00000000      0.00000000     -0.00000000     -0.00000000      0.00000000     -0.00000000      0.00000000      0.00000000      0.00000000      0.00000000      0.00000000     -0.00000000      0.00000000     -0.00000000      0.00000000     -0.00000000     -0.00000000     -0.00000000      0.00000000
      0.79263342     -0.00000000     -0.00000000      0.00000000      0.00000000      0.00000000      0.00000000      0.00000000      0.00000000     -0.00000000      0.00000000     -0.00000000     -0.00000000     -0.00000000      0.00000000      0.00000000     -0.00000000      0.00000000      0.00000000     -0.00000000      0.00000000     -0.00000000     -0.00000000      0.00000000      0.00000000     -0.00000000      0.00000000      0.00000000      0.00000000     -0.00000000     -0.00000000      0.00000000     -0.00000000      0.00000000      0.00000000      0.00000000     -0.00000000     -0.00000000      0.00000000      0.00000000     -0.00000000     -0.00000000      0.00000000     -0.00000000     -0.00000000     -0.00000000      0.00000000     -0.00000000      0.00000000      0.00000000     -0.00000000     -0.00000000     -0.00000000     -0.00000000     -0.00000000     -0.00000000     -0.00000000     -0.00000000      0.00000000      0.00000000     -0.00000000      0.00000000      0.00000000     -0.00000000      0.00000000     -0.00000000      0.00000000     -0.00000000     -0.00000000      0.00000000     -0.00000000     -0.00000000      0.00000000      0.00000000     -0.00000000      0.00000000      0.00000000      0.00000000      0.00000000     -0.00000000      0.00000000      0.00000000     -0.00000000      0.00000000     -0.00000000      0.00000000     -0.00000000     -0.00000000      0.00000000     -0.00000000     -0.00000000      0.00000000     -0.00000000     -0.00000000      0.00000000     -0.00000000     -0.00000000      0.00000000     -0.00000000     -0.00000000      0.00000000     -0.00000000     -0.00000000     -0.00000000      0.00000000     -0.00000000     -0.00000000     -0.00000000      0.00000000      0.00000000      0.00000000     -0.00000000      0.00000000     -0.00000000     -0.00000000     -0.00000000      0.00000000     -0.00000000      0.00000000     -0.00000000     -0.00000000     -0.00000000     -0.00000000      0.00000000     -0.00000000      0.00000000     -0.00000000      0.00000000      0.00000000
      0.80241902     -0.00000000     -0.00000000     -0.00000000     -0.00000000     -0.00000000     -0.00000000      0.00000000     -0.00000000     -0.00000000     -0.00000000     -0.00000000      0.00000000      0.00000000     -0.00000000     -0.00000000      0.00000000     -0.00000000      0.00000000     -0.00000000     -0.00000000      0.00000000     -0.00000000      0.00000000     -0.00000000     -0.00000000     -0.00000000     -0.00000000     -0.00000000     -0.00000000     -0.00000000      0.00000000      0.00000000     -0.00000000     -0.00000000      0.00000000      0.00000000     -0.00000000      0.00000000      0.00000000      0.00000000      0.00000000      0.00000000      0.00000000     -0.00000000     -0.00000000     -0.00000000      0.00000000      0.00000000      0.00000000      0.00000000     -0.00000000      0.00000000      0.00000000      0.00000000     -0.00000000     -0.00000000      0.00000000      0.00000000      0.00000000      0.00000000      0.00000000      0.00000000      0.00000000      0.00000000     -0.00000000     -0.00000000     -0.00000000     -0.00000000     -0.00000000     -0.00000000     -0.00000000     -0.00000000      0.00000000      0.00000000     -0.00000000     -0.00000000     -0.00000000      0.00000000     -0.00000000     -0.00000000     -0.00000000     -0.00000000      0.00000000      0.00000000      0.00000000     -0.00000000     -0.00000000     -0.00000000     -0.00000000     -0.00000000     -0.00000000      0.00000000     -0.00000000     -0.00000000      0.00000000      0.00000000     -0.00000000     -0.00000000      0.00000000      0.00000000      0.00000000      0.00000000      0.00000000      0.00000000      0.00000000     -0.00000000      0.00000000     -0.00000000      0.00000000      0.00000000      0.00000000      0.00000000      0.00000000      0.00000000      0.00000000     -0.00000000     -0.00000000      0.00000000      0.00000000      0.00000000      0.00000000     -0.00000000      0.00000000      0.00000000      0.00000000      0.00000000      0.00000000      0.00000000
      0.81220462     -0.00000000     -0.00000000     -0.00000000     -0.00000000     -0.00000000      0.00000000      0.00000000      0.00000000      0.00000000      0.00000000     -0.00000000      0.00000000      0.00000000     -0.00000000      0.00000000      0.00000000     -0.00000000     -0.00000000      0.00000000     -0.00000000     -0.00000000     -0.00000000     -0.00000000      0.00000000      0.00000000      0.00000000      0.00000000      0.00000000     -0.00000000      0.00000000      0.00000000     -0.00000000     -0.00000000     -0.00000000     -0.00000000      0.00000000     -0.00000000      0.00000000      0.00000000      0.00000000      0.00000000     -0.00000000      0.00000000     -0.00000000     -0.00000000      0.00000000     -0.00000000      0.00000000      0.00000000     -0.00000000      0.00000000     -0.00000000      0.00000000      0.00000000      0.00000000     -0.00000000      0.00000000     -0.00000000      0.00000000     -0.00000000      0.00000000     -0.00000000     -0.00000000      0.00000000     -0.00000000      0.00000000      0.00000000     -0.00000000      0.00000000     -0.00000000      0.00000000     -0.00000000      0.00000000     -0.00000000     -0.00000000     -0.00000000      0.00000000     -0.00000000      0.00000000     -0.00000000     -0.00000000      0.00000000     -0.00000000      0.00000000      0.00000000     -0.00000000      0.00000000     -0.00000000     -0.00000000     -0.00000000     -0.00000000      0.00000000     -0.00000000      0.00000000      0.00000000      0.00000000      0.00000000     -0.00000000     -0.00000000      0.00000000     -0.00000000     -0.00000000     -0.00000000     -0.00000000     -0.00000000      0.00000000      0.00000000      0.00000000      0.00000000     -0.00000000      0.00000000      0.00000000      0.00000000      0.00000000     -0.00000000     -0.00000000     -0.00000000      0.00000000     -0.00000000     -0.00000000     -0.00000000     -0.00000000     -0.00000000      0.00000000      0.00000000      0.00000000      0.00000000      0.00000000
      0.82199021      0.00000000      0.00000000      0.00000000     -0.00000000      0.00000000     -0.00000000      0.00000000     -0.00000000      0.00000000     -0.00000000     -0.00000000     -0.00000000     -0.00000000      0.00000000      0.00000000      0.00000000     -0.00000000      0.00000000     -0.00000000     -0.00000000      0.00000000     -0.00000000      0.00000000      0.00000000      0.00000000     -0.00000000      0.00000000      0.00000000     -0.00000000      0.00000000      0.00000000     -0.00000000      0.00000000     -0.00000000     -0.00000000      0.00000000     -0.00000000     -0.00000000      0.00000000     -0.00000000     -0.00000000     -0.00000000     -0.00000000      0.00000000     -0.00000000     -0.00000000      0.00000000     -0.00000000     -0.00000000     -0.00000000     -0.00000000      0.00000000      0.00000000      0.00000000      0.00000000      0.00000000      0.00000000      0.00000000     -0.00000000      0.00000000      0.00000000      0.00000000      0.00000000      0.00000000     -0.00000000     -0.00000000     -0.00000000     -0.00000000     -0.00000000      0.00000000     -0.00000000     -0.00000000     -0.00000000     -0.00000000     -0.00000000     -0.00000000     -0.00000000      0.00000000      0.00000000      0.00000000      0.00000000     -0.00000000      0.00000000      0.00000000     -0.00000000      0.00000000      0.00000000      0.00000000      0.00000000     -0.00000000      0.00000000      0.00000000     -0.00000000      0.00000000      0.00000000     -0.00000000      0.00000000     -0.00000000     -0.00000000      0.00000000     -0.00000000     -0.00000000      0.00000000     -0.00000000     -0.00000000     -0.00000000      0.00000000     -0.00000000      0.00000000      0.00000000      0.00000000      0.00000000     -0.00000000     -0.00000000      0.00000000      0.00000000      0.00000000      0.00000000      0.00000000     -0.00000000      0.00000000     -0.00000000      0.00000000     -0.00000000      0.00000000     -0.00000000     -0.00000000     -0.00000000
      0.83177581     -0.00000000     -0.00000000      0.00000000      0.00000000      0.00000000      0.00000000      0.00000000     -0.00000000     -0.00000000      0.00000000     -0.00000000     -0.00000000     -0.00000000      0.00000000      0.00000000      0.00000000      0.00000000      0.00000000     -0.00000000      0.00000000     -0.00000000      0.00000000      0.00000000      0.00000000     -0.00000000     -0.00000000     -0.00000000      0.00000000     -0.00000000     -0.00000000      0.00000000     -0.00000000      0.00000000     -0.00000000     -0.00000000     -0.00000000      0.00000000      0.00000000      0.00000000     -0.00000000     -0.00000000     -0.00000000      0.00000000      0.00000000      0.00000000      0.00000000     -0.00000000      0.00000000     -0.00000000     -0.00000000     -0.00000000     -0.00000000      0.00000000     -0.00000000      0.00000000      0.00000000      0.00000000      0.00000000      0.00000000      0.00000000      0.00000000      0.00000000      0.00000000      0.00000000     -0.00000000     -0.00000000     -0.00000000     -0.00000000     -0.00000000     -0.00000000     -0.00000000     -0.00000000     -0.00000000     -0.00000000      0.00000000     -0.00000000      0.00000000      0.00000000      0.00000000      0.00000000     -0.00000000      0.00000000     -0.00000000     -0.00000000     -0.00000000      0.00000000      0.00000000      0.00000000      0.00000000     -0.00000000     -0.00000000     -0.00000000      0.00000000      0.00000000      0.00000000     -0.00000000      0.00000000     -0.00000000      0.00000000      0.00000000     -0.00000000      0.00000000      0.00000000      0.00000000     -0.00000000     -0.00000000     -0.00000000      0.00000000     -0.00000000      0.00000000     -0.00000000     -0.00000000     -0.00000000     -0.00000000     -0.00000000      0.00000000      0.00000000      0.00000000     -0.00000000      0.00000000      0.00000000     -0.00000000     -0.00000000     -0.00000000     -0.00000000     -0.00000000      0.00000000      0.00000000
      0.84156141     -0.00000000      0.00000000      0.00000000     -0.00000000      0.00000000      0.00000000      0.00000000     -0.00000000      0.00000000      0.00000000      0.00000000     -0.00000000     -0.00000000      0.00000000      0.00000000     -0.00000000      0.00000000      0.00000000     -0.00000000      0.00000000     -0.00000000     -0.00000000      0.00000000      0.00000000      0.00000000      0.00000000     -0.00000000     -0.00000000     -0.00000000     -0.00000000     -0.00000000      0.00000000      0.00000000      0.00000000      0.00000000     -0.00000000      0.00000000      0.00000000     -0.00000000      0.00000000      0.00000000     -0.00000000     -0.00000000      0.00000000     -0.00000000     -0.00000000     -0.00000000     -0.00000000      0.00000000      0.00000000      0.00000000     -0.00000000     -0.00000000     -0.00000000     -0.00000000      0.00000000     -0.00000000      0.00000000     -0.00000000     -0.00000000      0.00000000     -0.00000000     -0.00000000     -0.00000000      0.00000000      0.00000000      0.00000000     -0.00000000      0.00000000     -0.00000000     -0.00000000     -0.00000000      0.00000000      0.00000000      0.00000000     -0.00000000     -0.00000000      0.00000000      0.00000000      0.00000000      0.00000000      0.00000000      0.00000000      0.00000000     -0.00000000      0.00000000     -0.00000000      0.00000000      0.00000000      0.00000000      0.00000000     -0.00000000      0.00000000     -0.00000000     -0.00000000     -0.00000000      0.00000000      0.00000000      0.00000000      0.00000000     -0.00000000      0.00000000     -0.00000000     -0.00000000     -0.00000000     -0.00000000     -0.00000000      0.00000000     -0.00000000     -0.00000000     -0.00000000      0.00000000      0.00000000      0.00000000      0.00000000     -0.00000000     -0.00000000     -0.00000000     -0.00000000      0.00000000      0.00000000      0.00000000      0.00000000     -0.00000000     -0.00000000     -0.00000000     -0.00000000      0.00000000
      0.85134701     -0.00000000     -0.00000000     -0.00000000      0.00000000     -0.00000000      0.00000000     -0.00000000      0.00000000     -0.00000000      0.00000000      0.00000000      0.00000000     -0.00000000     -0.00000000      0.00000000     -0.00000000      0.00000000      0.00000000      0.00000000      0.00000000      0.00000000      0.00000000      0.00000000     -0.00000000      0.00000000      0.00000000     -0.00000000      0.00000000     -0.00000000      0.00000000     -0.00000000     -0.00000000      0.00000000      0.00000000      0.00000000     -0.00000000     -0.00000000      0.00000000      0.00000000     -0.00000000      0.00000000     -0.00000000      0.00000000     -0.00000000      0.00000000      0.00000000      0.00000000     -0.00000000      0.00000000     -0.00000000      0.00000000     -0.00000000      0.00000000     -0.00000000     -0.00000000      0.00000000      0.00000000     -0.00000000     -0.00000000      0.00000000     -0.00000000     -0.00000000     -0.00000000     -0.00000000      0.00000000      0.00000000      0.00000000      0.00000000     -0.00000000      0.00000000      0.00000000     -0.00000000     -0.00000000      0.00000000      0.00000000     -0.00000000      0.00000000     -0.00000000      0.00000000     -0.00000000      0.00000000     -0.00000000     -0.00000000     -0.00000000      0.00000000     -0.00000000      0.00000000     -0.00000000      0.00000000     -0.00000000     -0.00000000      0.00000000      0.00000000     -0.00000000     -0.00000000     -0.00000000      0.00000000      0.00000000     -0.00000000      0.00000000     -0.00000000      0.00000000     -0.00000000     -0.00000000      0.00000000     -0.00000000     -0.00000000     -0.00000000      0.00000000     -0.00000000      0.00000000     -0.00000000     -0.00000000      0.00000000      0.00000000      0.00000000     -0.00000000     -0.00000000     -0.00000000      0.00000000     -0.00000000      0.00000000     -0.00000000      0.00000000     -0.00000000      0.00000000      0.00000000      0.00000000
      0.86113260      0.00000000     -0.00000000     -0.00000000     -0.00000000      0.00000000     -0.00000000      0.00000000      0.00000000     -0.00000000      0.00000000     -0.00000000      0.00000000     -0.00000000     -0.00000000      0.00000000      0.00000000      0.00000000      0.00000000      0.00000000      0.00000000      0.00000000      0.00000000      0.00000000      0.00000000     -0.00000000     -0.00000000      0.00000000     -0.00000000      0.00000000     -0.00000000      0.00000000      0.00000000      0.00000000      0.00000000      0.00000000     -0.00000000      0.00000000     -0.00000000      0.00000000     -0.00000000     -0.00000000     -0.00000000      0.00000000     -0.00000000      0.00000000      0.00000000     -0.00000000      0.00000000     -0.00000000     -0.00000000     -0.00000000      0.00000000     -0.00000000      0.00000000      0.00000000      0.00000000      0.00000000     -0.00000000     -0.00000000      0.00000000      0.00000000      0.00000000      0.00000000     -0.00000000      0.00000000      0.00000000     -0.00000000      0.00000000      0.00000000      0.00000000     -0.00000000      0.00000000     -0.00000000     -0.00000000     -0.00000000     -0.00000000      0.00000000      0.00000000      0.00000000     -0.00000000     -0.00000000     -0.00000000     -0.00000000      0.00000000      0.00000000     -0.00000000     -0.00000000      0.00000000      0.00000000     -0.00000000     -0.00000000     -0.00000000     -0.00000000     -0.00000000      0.00000000      0.00000000      0.00000000      0.00000000      0.00000000     -0.00000000     -0.00000000     -0.00000000      0.00000000      0.00000000     -0.00000000     -0.00000000     -0.00000000      0.00000000     -0.00000000     -0.00000000     -0.00000000     -0.00000000     -0.00000000     -0.00000000      0.00000000      0.00000000      0.00000000     -0.00000000     -0.00000000      0.00000000     -0.00000000     -0.00000000      0.00000000      0.00000000      0.00000000     -0.00000000      0.00000000      0.00000000
      0.87091820      0.00000000     -0.00000000      0.00000000     -0.00000000     -0.00000000     -0.00000000     -0.00000000      0.00000000      0.00000000     -0.00000000     -0.00000000      0.00000000     -0.00000000      0.00000000     -0.00000000     -0.00000000      0.00000000      0.00000000     -0.00000000      0.00000000      0.00000000     -0.00000000     -0.00000000     -0.00000000      0.00000000     -0.00000000      0.00000000      0.00000000     -0.00000000      0.00000000     -0.00000000     -0.00000000     -0.00000000      0.00000000     -0.00000000     -0.00000000     -0.00000000      0.00000000     -0.00000000      0.00000000      0.00000000     -0.00000000      0.00000000     -0.00000000      0.00000000     -0.00000000     -0.00000000      0.00000000     -0.00000000      0.00000000     -0.00000000     -0.00000000     -0.00000000      0.00000000      0.00000000      0.00000000      0.00000000      0.00000000     -0.00000000     -0.00000000      0.00000000      0.00000000      0.00000000      0.00000000     -0.00000000     -0.00000000     -0.00000000     -0.00000000      0.00000000      0.00000000     -0.00000000     -0.00000000     -0.00000000     -0.00000000     -0.00000000      0.00000000      0.00000000      0.00000000     -0.00000000      0.00000000     -0.00000000      0.00000000      0.00000000     -0.00000000      0.00000000     -0.00000000      0.00000000     -0.00000000     -0.00000000      0.00000000     -0.00000000      0.00000000      0.00000000      0.00000000     -0.00000000      0.00000000      0.00000000      0.00000000      0.00000000     -0.00000000     -0.00000000     -0.00000000      0.00000000     -0.00000000      0.00000000      0.00000000      0.00000000     -0.00000000     -0.00000000      0.00000000     -0.00000000     -0.00000000      0.00000000      0.00000000     -0.00000000      0.00000000     -0.00000000      0.00000000      0.00000000     -0.00000000     -0.00000000      0.00000000      0.00000000      0.00000000      0.00000000     -0.00000000      0.00000000     -0.00000000
      0.88070380     -0.00000000      0.00000000      0.00000000      0.00000000     -0.00000000      0.00000000     -0.00000000     -0.00000000      0.00000000     -0.00000000     -0.00000000     -0.00000000     -0.00000000     -0.00000000     -0.00000000     -0.00000000      0.00000000     -0.00000000      0.00000000      0.00000000     -0.00000000     -0.00000000     -0.00000000      0.00000000      0.00000000     -0.00000000      0.00000000     -0.00000000     -0.00000000     -0.00000000      0.00000000      0.00000000      0.00000000      0.00000000      0.00000000      0.00000000      0.00000000     -0.00000000     -0.00000000      0.00000000      0.00000000     -0.00000000      0.00000000     -0.00000000     -0.00000000     -0.00000000     -0.00000000      0.00000000     -0.00000000     -0.00000000     -0.00000000      0.00000000      0.00000000     -0.00000000      0.00000000     -0.00000000     -0.00000000     -0.00000000     -0.00000000      0.00000000      0.00000000     -0.00000000     -0.00000000      0.00000000     -0.00000000      0.00000000      0.00000000     -0.00000000      0.00000000     -0.00000000      0.00000000      0.00000000      0.00000000     -0.00000000      0.00000000     -0.00000000     -0.00000000      0.00000000      0.00000000      0.00000000     -0.00000000      0.00000000      0.00000000      0.00000000      0.00000000     -0.00000000      0.00000000     -0.00000000     -0.00000000      0.00000000      0.00000000     -0.00000000     -0.00000000     -0.00000000     -0.00000000     -0.00000000     -0.00000000     -0.00000000      0.00000000      0.00000000      0.00000000     -0.00000000      0.00000000     -0.00000000     -0.00000000      0.00000000      0.00000000      0.00000000     -0.00000000     -0.00000000     -0.00000000      0.00000000      0.00000000      0.00000000      0.00000000      0.00000000      0.00000000      0.00000000      0.00000000     -0.00000000      0.00000000      0.00000000     -0.00000000      0.00000000     -0.00000000     -0.00000000     -0.00000000      0.00000000
      0.89048940      0.00000000     -0.00000000      0.00000000     -0.00000000     -0.00000000     -0.00000000     -0.00000000      0.00000000     -0.00000000     -0.00000000     -0.00000000      0.00000000     -0.00000000     -0.00000000      0.00000000     -0.00000000     -0.00000000     -0.00000000      0.00000000     -0.00000000     -0.00000000      0.00000000     -0.00000000      0.00000000      0.00000000      0.00000000      0.00000000      0.00000000     -0.00000000     -0.00000000      0.00000000     -0.00000000      0.00000000      0.00000000      0.00000000     -0.00000000     -0.00000000     -0.00000000     -0.00000000      0.00000000     -0.00000000     -0.00000000     -0.00000000     -0.00000000      0.00000000      0.00000000      0.00000000     -0.00000000     -0.00000000     -0.00000000      0.00000000     -0.00000000      0.00000000      0.00000000     -0.00000000      0.00000000     -0.00000000      0.00000000      0.00000000     -0.00000000      0.00000000     -0.00000000      0.00000000      0.00000000     -0.00000000     -0.00000000      0.00000000     -0.00000000      0.00000000     -0.00000000     -0.00000000      0.00000000     -0.00000000      0.00000000     -0.00000000     -0.00000000      0.00000000     -0.00000000      0.00000000      0.00000000      0.00000000     -0.00000000     -0.00000000     -0.00000000      0.00000000      0.00000000      0.00000000      0.00000000     -0.00000000      0.00000000      0.00000000      0.00000000      0.00000000     -0.00000000     -0.00000000     -0.00000000     -0.00000000      0.00000000      0.00000000      0.00000000     -0.00000000     -0.00000000     -0.00000000     -0.00000000     -0.00000000      0.00000000     -0.00000000      0.00000000      0.00000000      0.00000000      0.00000000      0.00000000      0.00000000      0.00000000      0.00000000      0.00000000     -0.00000000      0.00000000      0.00000000      0.00000000     -0.00000000      0.00000000      0.00000000      0.00000000      0.00000000      0.00000000      0.00000000     -0.00000000
      0.90027500      0.00000000      0.00000000     -0.00000000     -0.00000000      0.00000000      0.00000000      0.00000000     -0.00000000      0.00000000     -0.00000000      0.00000000     -0.00000000     -0.00000000      0.00000000     -0.00000000     -0.00000000      0.00000000      0.00000000     -0.00000000      0.00000000     -0.00000000     -0.00000000      0.00000000     -0.00000000     -0.00000000      0.00000000      0.00000000      0.00000000     -0.00000000     -0.00000000     -0.00000000     -0.00000000     -0.00000000     -0.00000000      0.00000000     -0.00000000      0.00000000     -0.00000000      0.00000000      0.00000000     -0.00000000     -0.00000000     -0.00000000     -0.00000000      0.00000000     -0.00000000      0.00000000     -0.00000000      0.00000000      0.00000000     -0.00000000      0.00000000      0.00000000     -0.00000000     -0.00000000      0.00000000     -0.00000000      0.00000000      0.00000000      0.00000000      0.00000000     -0.00000000     -0.00000000     -0.00000000      0.00000000      0.00000000      0.00000000     -0.00000000     -0.00000000     -0.00000000     -0.00000000      0.00000000     -0.00000000      0.00000000     -0.00000000     -0.00000000      0.00000000      0.00000000     -0.00000000      0.00000000      0.00000000     -0.00000000      0.00000000     -0.00000000      0.00000000      0.00000000     -0.00000000      0.00000000     -0.00000000     -0.00000000     -0.00000000      0.00000000      0.00000000     -0.00000000      0.00000000     -0.00000000      0.00000000     -0.00000000      0.00000000      0.00000000      0.00000000      0.00000000     -0.00000000      0.00000000      0.00000000     -0.00000000      0.00000000     -0.00000000     -0.00000000     -0.00000000     -0.00000000     -0.00000000      0.00000000      0.00000000      0.00000000      0.00000000     -0.00000000      0.00000000      0.00000000     -0.00000000      0.00000000      0.00000000      0.00000000      0.00000000      0.00000000     -0.00000000     -0.00000000      0.00000000
      0.91006059      0.00000000     -0.00000000      0.00000000     -0.00000000     -0.00000000     -0.00000000      0.00000000     -0.00000000      0.00000000     -0.00000000     -0.00000000      0.00000000      0.00000000     -0.00000000      0.00000000     -0.00000000      0.00000000      0.00000000      0.00000000      0.00000000      0.00000000     -0.00000000      0.00000000      0.00000000      0.00000000     -0.00000000     -0.00000000     -0.00000000     -0.00000000     -0.00000000      0.00000000     -0.00000000     -0.00000000     -0.00000000     -0.00000000     -0.00000000      0.00000000      0.00000000      0.00000000      0.00000000     -0.00000000     -0.00000000     -0.00000000     -0.00000000     -0.00000000      0.00000000      0.00000000      0.00000000      0.00000000     -0.00000000     -0.00000000      0.00000000      0.00000000      0.00000000      0.00000000      0.00000000     -0.00000000      0.00000000     -0.00000000     -0.00000000      0.00000000     -0.00000000     -0.00000000     -0.00000000      0.00000000      0.00000000      0.00000000     -0.00000000      0.00000000      0.00000000     -0.00000000      0.00000000     -0.00000000     -0.00000000     -0.00000000     -0.00000000     -0.00000000      0.00000000      0.00000000     -0.00000000     -0.00000000     -0.00000000     -0.00000000      0.00000000      0.00000000      0.00000000      0.00000000      0.00000000     -0.00000000     -0.00000000     -0.00000000     -0.00000000      0.00000000      0.00000000      0.00000000      0.00000000      0.00000000     -0.00000000      0.00000000      0.00000000      0.00000000      0.00000000      0.00000000     -0.00000000     -0.00000000     -0.00000000      0.00000000     -0.00000000     -0.00000000     -0.00000000     -0.00000000     -0.00000000      0.00000000     -0.00000000      0.00000000     -0.00000000     -0.00000000      0.00000000      0.00000000     -0.00000000      0.00000000     -0.00000000      0.00000000      0.00000000      0.00000000     -0.00000000      0.00000000     -0.00000000
      0.91984619      0.00000000      0.00000000      0.00000000     -0.00000000      0.00000000     -0.00000000      0.00000000      0.00000000      0.00000000      0.00000000     -0.00000000     -0.00000000      0.00000000      0.00000000     -0.00000000      0.00000000      0.00000000      0.00000000     -0.00000000     -0.00000000     -0.00000000     -0.00000000     -0.00000000      0.00000000      0.00000000     -0.00000000      0.00000000      0.00000000      0.00000000      0.00000000      0.00000000      0.00000000      0.00000000      0.00000000      0.00000000     -0.00000000     -0.00000000     -0.00000000      0.00000000      0.00000000      0.00000000     -0.00000000     -0.00000000     -0.00000000      0.00000000      0.00000000      0.00000000      0.00000000      0.00000000      0.00000000      0.00000000     -0.00000000     -0.00000000      0.00000000     -0.00000000      0.00000000      0.00000000      0.00000000     -0.00000000      0.00000000      0.00000000      0.00000000      0.00000000      0.00000000     -0.00000000     -0.00000000     -0.00000000     -0.00000000     -0.00000000      0.00000000     -0.00000000     -0.00000000     -0.00000000      0.00000000     -0.00000000      0.00000000      0.00000000     -0.00000000     -0.00000000     -0.00000000     -0.00000000     -0.00000000     -0.00000000     -0.00000000      0.00000000      0.00000000      0.00000000     -0.00000000     -0.00000000     -0.00000000      0.00000000      0.00000000      0.00000000     -0.00000000     -0.00000000     -0.00000000     -0.00000000     -0.00000000     -0.00000000     -0.00000000     -0.00000000     -0.00000000      0.00000000     -0.00000000     -0.00000000      0.00000000      0.00000000      0.00000000      0.00000000     -0.00000000      0.00000000     -0.00000000      0.00000000     -0.00000000     -0.00000000     -0.00000000      0.00000000      0.00000000     -0.00000000     -0.00000000     -0.00000000     -0.00000000      0.00000000     -0.00000000      0.00000000     -0.00000000     -0.00000000     -0.00000000
      0.92963179     -0.00000000     -0.00000000     -0.00000000     -0.00000000     -0.00000000      0.00000000      0.00000000     -0.00000000     -0.00000000     -0.00000000     -0.00000000     -0.00000000     -0.00000000     -0.00000000      0.00000000     -0.00000000      0.00000000     -0.00000000      0.00000000     -0.00000000     -0.00000000      0.00000000     -0.00000000      0.00000000      0.00000000     -0.00000000      0.00000000     -0.00000000      0.00000000      0.00000000     -0.00000000      0.00000000     -0.00000000      0.00000000     -0.00000000      0.00000000      0.00000000      0.00000000     -0.00000000      0.00000000      0.00000000     -0.00000000      0.00000000     -0.00000000      0.00000000      0.00000000      0.00000000     -0.00000000      0.00000000     -0.00000000      0.00000000     -0.00000000      0.00000000     -0.00000000     -0.00000000      0.00000000      0.00000000      0.00000000      0.00000000     -0.00000000      0.00000000      0.00000000      0.00000000     -0.00000000      0.00000000     -0.00000000     -0.00000000     -0.00000000      0.00000000     -0.00000000     -0.00000000     -0.00000000     -0.00000000      0.00000000      0.00000000     -0.00000000      0.00000000     -0.00000000      0.00000000     -0.00000000      0.00000000     -0.00000000     -0.00000000     -0.00000000      0.00000000     -0.00000000      0.00000000     -0.00000000     -0.00000000      0.00000000     -0.00000000     -0.00000000     -0.00000000      0.00000000     -0.00000000      0.00000000     -0.00000000      0.00000000     -0.00000000     -0.00000000      0.00000000     -0.00000000      0.00000000     -0.00000000     -0.00000000      0.00000000     -0.00000000      0.00000000      0.00000000     -0.00000000      0.00000000      0.00000000     -0.00000000     -0.00000000      0.00000000      0.00000000      0.00000000      0.00000000      0.00000000      0.00000000      0.00000000     -0.00000000     -0.00000000      0.00000000      0.00000000      0.00000000      0.00000000      0.00000000
      0.93941739      0.00000000     -0.00000000     -0.00000000      0.00000000      0.00000000     -0.00000000      0.00000000     -0.00000000      0.00000000      0.00000000      0.00000000      0.00000000     -0.00000000     -0.00000000      0.00000000      0.00000000      0.00000000     -0.00000000     -0.00000000     -0.00000000     -0.00000000     -0.00000000      0.00000000     -0.00000000      0.00000000     -0.00000000      0.00000000     -0.00000000      0.00000000     -0.00000000     -0.00000000      0.00000000      0.00000000      0.00000000     -0.00000000      0.00000000     -0.00000000     -0.00000000      0.00000000      0.00000000      0.00000000      0.00000000     -0.00000000     -0.00000000      0.00000000      0.00000000      0.00000000      0.00000000      0.00000000      0.00000000     -0.00000000     -0.00000000     -0.00000000      0.00000000     -0.00000000     -0.00000000      0.00000000     -0.00000000      0.00000000     -0.00000000     -0.00000000     -0.00000000      0.00000000     -0.00000000      0.00000000     -0.00000000      0.00000000      0.00000000      0.00000000     -0.00000000      0.00000000     -0.00000000      0.00000000      0.00000000      0.00000000      0.00000000      0.00000000      0.00000000     -0.00000000     -0.00000000     -0.00000000     -0.00000000     -0.00000000     -0.00000000      0.00000000      0.00000000     -0.00000000     -0.00000000     -0.00000000     -0.00000000      0.00000000      0.00000000     -0.00000000      0.00000000     -0.00000000     -0.00000000     -0.00000000      0.00000000      0.00000000      0.00000000      0.00000000     -0.00000000      0.00000000     -0.00000000      0.00000000     -0.00000000      0.00000000      0.00000000      0.00000000      0.00000000      0.00000000     -0.00000000     -0.00000000      0.00000000      0.00000000      0.00000000     -0.00000000     -0.00000000      0.00000000     -0.00000000      0.00000000     -0.00000000      0.00000000     -0.00000000     -0.00000000      0.00000000      0.00000000     -0.00000000
      0.94920298      0.00000000      0.00000000     -0.00000000     -0.00000000     -0.00000000      0.00000000     -0.00000000      0.00000000     -0.00000000      0.00000000     -0.00000000     -0.00000000      0.00000000      0.00000000      0.00000000     -0.00000000      0.00000000     -0.00000000     -0.00000000      0.00000000     -0.00000000      0.00000000     -0.00000000     -0.00000000      0.00000000      0.00000000      0.00000000     -0.00000000     -0.00000000     -0.00000000     -0.00000000     -0.00000000      0.00000000      0.00000000      0.00000000     -0.00000000     -0.00000000      0.00000000     -0.00000000      0.00000000      0.00000000     -0.00000000      0.00000000      0.00000000      0.00000000     -0.00000000      0.00000000     -0.00000000     -0.00000000      0.00000000     -0.00000000      0.00000000     -0.00000000      0.00000000     -0.00000000     -0.00000000     -0.00000000     -0.00000000     -0.00000000      0.00000000      0.00000000      0.00000000     -0.00000000     -0.00000000      0.00000000      0.00000000     -0.00000000     -0.00000000     -0.00000000      0.00000000      0.00000000      0.00000000      0.00000000      0.00000000     -0.00000000      0.00000000     -0.00000000      0.00000000     -0.00000000      0.00000000      0.00000000     -0.00000000      0.00000000     -0.00000000     -0.00000000     -0.00000000      0.00000000     -0.00000000     -0.00000000      0.00000000     -0.00000000      0.00000000      0.00000000     -0.00000000     -0.00000000     -0.00000000      0.00000000      0.00000000      0.00000000      0.00000000      0.00000000     -0.00000000     -0.00000000     -0.00000000      0.00000000      0.00000000     -0.00000000      0.00000000      0.00000000     -0.00000000      0.00000000      0.00000000      0.00000000     -0.00000000     -0.00000000     -0.00000000      0.00000000      0.00000000     -0.00000000      0.00000000     -0.00000000      0.00000000     -0.00000000      0.00000000      0.00000000      0.00000000     -0.00000000     -0.00000000
      0.95898858      0.00000000      0.00000000      0.00000000      0.00000000      0.00000000      0.00000000      0.00000000     -0.00000000     -0.00000000      0.00000000     -0.00000000     -0.00000000     -0.00000000      0.00000000     -0.00000000      0.00000000     -0.00000000     -0.00000000      0.00000000      0.00000000     -0.00000000     -0.00000000      0.00000000     -0.00000000     -0.00000000      0.00000000      0.00000000      0.00000000     -0.00000000     -0.00000000      0.00000000     -0.00000000      0.00000000     -0.00000000      0.00000000     -0.00000000     -0.00000000     -0.00000000      0.00000000      0.00000000      0.00000000      0.00000000      0.00000000      0.00000000      0.00000000      0.00000000     -0.00000000      0.00000000      0.00000000      0.00000000      0.00000000     -0.00000000     -0.00000000     -0.00000000     -0.00000000      0.00000000      0.00000000      0.00000000     -0.00000000      0.00000000      0.00000000      0.00000000     -0.00000000      0.00000000     -0.00000000      0.00000000     -0.00000000     -0.00000000     -0.00000000      0.00000000     -0.00000000     -0.00000000     -0.00000000      0.00000000      0.00000000      0.00000000      0.00000000     -0.00000000     -0.00000000     -0.00000000     -0.00000000      0.00000000     -0.00000000     -0.00000000     -0.00000000     -0.00000000     -0.00000000     -0.00000000     -0.00000000     -0.00000000      0.00000000      0.00000000      0.00000000     -0.00000000      0.00000000     -0.00000000      0.00000000     -0.00000000      0.00000000      0.00000000     -0.00000000     -0.00000000     -0.00000000      0.00000000      0.00000000      0.00000000     -0.00000000      0.00000000     -0.00000000     -0.00000000      0.00000000      0.00000000     -0.00000000      0.00000000     -0.00000000      0.00000000      0.00000000      0.00000000     -0.00000000      0.00000000      0.00000000     -0.00000000     -0.00000000     -0.00000000     -0.00000000     -0.00000000     -0.00000000     -0.00000000
      0.96877418     -0.00000000      0.00000000      0.00000000      0.00000000     -0.00000000     -0.00000000      0.00000000     -0.00000000     -0.00000000      0.00000000      0.00000000      0.00000000      0.00000000     -0.00000000     -0.00000000      0.00000000     -0.00000000      0.00000000     -0.00000000      0.00000000      0.00000000     -0.00000000     -0.00000000     -0.00000000      0.00000000      0.00000000      0.00000000     -0.00000000      0.00000000     -0.00000000      0.00000000      0.00000000      0.00000000      0.00000000     -0.00000000      0.00000000     -0.00000000      0.00000000      0.00000000     -0.00000000     -0.00000000     -0.00000000     -0.00000000      0.00000000     -0.00000000      0.00000000      0.00000000      0.00000000      0.00000000      0.00000000      0.00000000     -0.00000000      0.00000000     -0.00000000     -0.00000000      0.00000000      0.00000000     -0.00000000     -0.00000000      0.00000000     -0.00000000     -0.00000000      0.00000000     -0.00000000      0.00000000     -0.00000000      0.00000000      0.00000000     -0.00000000      0.00000000      0.00000000     -0.00000000     -0.00000000      0.00000000      0.00000000     -0.00000000      0.00000000     -0.00000000     -0.00000000     -0.00000000     -0.00000000     -0.00000000     -0.00000000      0.00000000     -0.00000000      0.00000000      0.00000000      0.00000000      0.00000000     -0.00000000     -0.00000000      0.00000000     -0.00000000      0.00000000     -0.00000000     -0.00000000     -0.00000000     -0.00000000      0.00000000     -0.00000000      0.00000000      0.00000000     -0.00000000     -0.00000000      0.00000000      0.00000000      0.00000000     -0.00000000      0.00000000      0.00000000      0.00000000      0.00000000     -0.00000000      0.00000000      0.00000000     -0.00000000     -0.00000000     -0.00000000     -0.00000000      0.00000000      0.00000000     -0.00000000      0.00000000      0.00000000     -0.00000000     -0.00000000     -0.00000000      0.00000000
      0.97855978      0.00000000      0.00000000     -0.00000000      0.00000000     -0.00000000     -0.00000000     -0.00000000     -0.00000000      0.00000000     -0.00000000      0.00000000     -0.00000000      0.00000000      0.00000000      0.00000000     -0.00000000      0.00000000     -0.00000000      0.00000000     -0.00000000      0.00000000      0.00000000      0.00000000     -0.00000000      0.00000000     -0.00000000     -0.00000000      0.00000000     -0.00000000     -0.00000000      0.00000000      0.00000000      0.00000000      0.00000000     -0.00000000     -0.00000000     -0.00000000      0.00000000     -0.00000000      0.00000000     -0.00000000     -0.00000000     -0.00000000      0.00000000     -0.00000000     -0.00000000      0.00000000     -0.00000000     -0.00000000     -0.00000000     -0.00000000     -0.00000000      0.00000000      0.00000000     -0.00000000      0.00000000     -0.00000000      0.00000000      0.00000000     -0.00000000      0.00000000     -0.00000000     -0.00000000      0.00000000     -0.00000000      0.00000000      0.00000000     -0.00000000     -0.00000000      0.00000000     -0.00000000      0.00000000     -0.00000000      0.00000000     -0.00000000     -0.00000000      0.00000000      0.00000000      0.00000000      0.00000000      0.00000000     -0.00000000      0.00000000      0.00000000     -0.00000000      0.00000000      0.00000000      0.00000000     -0.00000000      0.00000000     -0.00000000      0.00000000      0.00000000      0.00000000     -0.00000000     -0.00000000     -0.00000000     -0.00000000      0.00000000      0.00000000     -0.00000000      0.00000000      0.00000000     -0.00000000      0.00000000     -0.00000000     -0.00000000     -0.00000000      0.00000000     -0.00000000      0.00000000     -0.00000000      0.00000000      0.00000000     -0.00000000     -0.00000000      0.00000000     -0.00000000      0.00000000     -0.00000000      0.00000000      0.00000000      0.00000000      0.00000000     -0.00000000      0.00000000     -0.00000000     -0.00000000
      0.98834538      0.00000000      0.00000000     -0.00000000      0.00000000     -0.00000000     -0.00000000     -0.00000000      0.00000000     -0.00000000     -0.00000000      0.00000000      0.00000000      0.00000000      0.00000000      0.00000000      0.00000000      0.00000000     -0.00000000      0.00000000      0.00000000     -0.00000000      0.00000000      0.00000000      0.00000000      0.00000000     -0.00000000      0.00000000     -0.00000000     -0.00000000     -0.00000000     -0.00000000     -0.00000000      0.00000000     -0.00000000      0.00000000     -0.00000000      0.00000000      0.00000000     -0.00000000     -0.00000000      0.00000000     -0.00000000      0.00000000     -0.00000000      0.00000000     -0.00000000      0.00000000      0.00000000     -0.00000000     -0.00000000      0.00000000     -0.00000000     -0.00000000      0.00000000     -0.00000000     -0.00000000      0.00000000      0.00000000      0.00000000      0.00000000      0.00000000      0.00000000      0.00000000     -0.00000000      0.00000000     -0.00000000     -0.00000000     -0.00000000     -0.00000000     -0.00000000     -0.00000000     -0.00000000      0.00000000      0.00000000     -0.00000000      0.00000000      0.00000000     -0.00000000      0.00000000      0.00000000     -0.00000000     -0.00000000      0.00000000     -0.00000000      0.00000000     -0.00000000      0.00000000     -0.00000000      0.00000000      0.00000000     -0.00000000     -0.00000000      0.00000000      0.00000000      0.00000000     -0.00000000      0.00000000      0.00000000      0.00000000      0.00000000      0.00000000     -0.00000000      0.00000000     -0.00000000     -0.00000000     -0.00000000     -0.00000000      0.00000000     -0.00000000     -0.00000000      0.00000000     -0.00000000     -0.00000000     -0.00000000     -0.00000000     -0.00000000     -0.00000000     -0.00000000      0.00000000      0.00000000     -0.00000000      0.00000000      0.00000000      0.00000000     -0.00000000      0.00000000     -0.00000000     -0.00000000
      0.99813097      0.00000000      0.00000000     -0.00000000     -0.00000000      0.00000000      0.00000000     -0.00000000     -0.00000000      0.00000000      0.00000000     -0.00000000      0.00000000     -0.00000000      0.00000000      0.00000000      0.00000000      0.00000000     -0.00000000     -0.00000000     -0.00000000      0.00000000      0.00000000      0.00000000     -0.00000000      0.00000000      0.00000000     -0.00000000     -0.00000000      0.00000000     -0.00000000      0.00000000     -0.00000000      0.00000000     -0.00000000      0.00000000     -0.00000000      0.00000000      0.00000000      0.00000000      0.00000000      0.00000000     -0.00000000      0.00000000     -0.00000000     -0.00000000     -0.00000000     -0.00000000     -0.00000000     -0.00000000     -0.00000000      0.00000000     -0.00000000      0.00000000     -0.00000000      0.00000000     -0.00000000      0.00000000      0.00000000      0.00000000      0.00000000      0.00000000     -0.00000000     -0.00000000     -0.00000000      0.00000000      0.00000000     -0.00000000      0.00000000      0.00000000     -0.00000000     -0.00000000     -0.00000000     -0.00000000     -0.00000000      0.00000000      0.00000000      0.00000000     -0.00000000     -0.00000000     -0.00000000      0.00000000      0.00000000      0.00000000      0.00000000      0.00000000      0.00000000      0.00000000     -0.00000000     -0.00000000     -0.00000000      0.00000000      0.00000000      0.00000000     -0.00000000     -0.00000000     -0.00000000      0.00000000      0.00000000      0.00000000      0.00000000      0.00000000     -0.00000000     -0.00000000     -0.00000000      0.00000000     -0.00000000     -0.00000000      0.00000000      0.00000000      0.00000000     -0.00000000      0.00000000      0.00000000     -0.00000000     -0.00000000      0.00000000     -0.00000000      0.00000000     -0.00000000     -0.00000000     -0.00000000      0.00000000      0.00000000     -0.00000000      0.00000000     -0.00000000      0.00000000      0.00000000
      1.00791657     -0.00000000     -0.00000000     -0.00000000     -0.00000000      0.00000000      0.00000000      0.00000000      0.00000000     -0.00000000     -0.00000000     -0.00000000     -0.00000000      0.00000000     -0.00000000      0.00000000      0.00000000     -0.00000000      0.00000000     -0.00000000     -0.00000000     -0.00000000     -0.00000000     -0.00000000     -0.00000000     -0.00000000      0.00000000     -0.00000000      0.00000000      0.00000000      0.00000000     -0.00000000     -0.00000000      0.00000000     -0.00000000      0.00000000      0.00000000     -0.00000000      0.00000000      0.00000000     -0.00000000      0.00000000     -0.00000000      0.00000000      0.00000000      0.00000000     -0.00000000      0.00000000     -0.00000000      0.00000000     -0.00000000      0.00000000      0.00000000      0.00000000      0.00000000      0.00000000      0.00000000      0.00000000      0.00000000     -0.00000000      0.00000000     -0.00000000      0.00000000     -0.00000000     -0.00000000      0.00000000      0.00000000     -0.00000000     -0.00000000      0.00000000      0.00000000     -0.00000000      0.00000000      0.00000000      0.00000000      0.00000000     -0.00000000     -0.00000000      0.00000000      0.00000000     -0.00000000     -0.00000000     -0.00000000      0.00000000      0.00000000      0.00000000     -0.00000000     -0.00000000      0.00000000     -0.00000000     -0.00000000     -0.00000000     -0.00000000     -0.00000000      0.00000000      0.00000000     -0.00000000      0.00000000     -0.00000000     -0.00000000     -0.00000000     -0.00000000      0.00000000      0.00000000      0.00000000      0.00000000      0.00000000      0.00000000      0.00000000      0.00000000      0.00000000     -0.00000000      0.00000000     -0.00000000     -0.00000000      0.00000000     -0.00000000      0.00000000     -0.00000000      0.00000000      0.00000000     -0.00000000      0.00000000     -0.00000000     -0.00000000      0.00000000      0.00000000     -0.00000000      0.00000000
      1.01770217     -0.00000000      0.00000000      0.00000000     -0.00000000      0.00000000     -0.00000000      0.00000000     -0.00000000      0.00000000     -0.00000000      0.00000000     -0.00000000      0.00000000      0.00000000     -0.00000000     -0.00000000      0.00000000      0.00000000      0.00000000     -0.00000000     -0.00000000     -0.00000000     -0.00000000     -0.00000000      0.00000000      0.00000000      0.00000000     -0.00000000     -0.00000000      0.00000000      0.00000000     -0.00000000     -0.00000000     -0.00000000     -0.00000000      0.00000000      0.00000000     -0.00000000     -0.00000000      0.00000000      0.00000000     -0.00000000      0.00000000     -0.00000000     -0.00000000     -0.00000000     -0.00000000     -0.00000000      0.00000000     -0.00000000      0.00000000      0.00000000     -0.00000000     -0.00000000     -0.00000000      0.00000000     -0.00000000      0.00000000     -0.00000000     -0.00000000     -0.00000000      0.00000000     -0.00000000     -0.00000000      0.00000000      0.00000000     -0.00000000      0.00000000      0.00000000      0.00000000     -0.00000000      0.00000000     -0.00000000      0.00000000      0.00000000      0.00000000     -0.00000000     -0.00000000      0.00000000     -0.00000000      0.00000000      0.00000000      0.00000000      0.00000000      0.00000000     -0.00000000      0.00000000     -0.00000000     -0.00000000      0.00000000      0.00000000     -0.00000000     -0.00000000      0.00000000      0.00000000      0.00000000      0.00000000     -0.00000000     -0.00000000      0.00000000      0.00000000      0.00000000     -0.00000000     -0.00000000      0.00000000      0.00000000      0.00000000      0.00000000      0.00000000     -0.00000000     -0.00000000     -0.00000000      0.00000000      0.00000000     -0.00000000     -0.00000000      0.00000000     -0.00000000      0.00000000     -0.00000000      0.00000000     -0.00000000      0.00000000     -0.00000000      0.00000000     -0.00000000     -0.00000000      0.00000000
      1.02748777     -0.00000000      0.00000000      0.00000000     -0.00000000      0.00000000      0.00000000     -0.00000000     -0.00000000      0.00000000      0.00000000      0.00000000     -0.00000000      0.00000000     -0.00000000     -0.00000000     -0.00000000     -0.00000000     -0.00000000      0.00000000      0.00000000     -0.00000000      0.00000000     -0.00000000     -0.00000000      0.00000000     -0.00000000      0.00000000     -0.00000000      0.00000000      0.00000000      0.00000000      0.00000000      0.00000000     -0.00000000      0.00000000      0.00000000     -0.00000000      0.00000000     -0.00000000     -0.00000000      0.00000000     -0.00000000      0.00000000     -0.00000000      0.00000000      0.00000000     -0.00000000     -0.00000000      0.00000000     -0.00000000      0.00000000      0.00000000      0.00000000     -0.00000000      0.00000000      0.00000000      0.00000000     -0.00000000      0.00000000     -0.00000000      0.00000000      0.00000000      0.00000000      0.00000000     -0.00000000     -0.00000000     -0.00000000     -0.00000000      0.00000000     -0.00000000      0.00000000     -0.00000000     -0.00000000     -0.00000000      0.00000000     -0.00000000     -0.00000000     -0.00000000      0.00000000     -0.00000000      0.00000000      0.00000000     -0.00000000     -0.00000000      0.00000000     -0.00000000      0.00000000     -0.00000000      0.00000000      0.00000000     -0.00000000      0.00000000     -0.00000000     -0.00000000      0.00000000     -0.00000000     -0.00000000     -0.00000000     -0.00000000     -0.00000000      0.00000000     -0.00000000      0.00000000     -0.00000000      0.00000000      0.00000000     -0.00000000      0.00000000     -0.00000000     -0.00000000      0.00000000      0.00000000      0.00000000      0.00000000      0.00000000     -0.00000000      0.00000000     -0.00000000     -0.00000000     -0.00000000      0.00000000      0.00000000     -0.00000000     -0.00000000      0.00000000     -0.00000000     -0.00000000      0.00000000
      1.03727336      0.00000000     -0.00000000     -0.00000000      0.00000000      0.00000000      0.00000000     -0.00000000     -0.00000000      0.00000000      0.00000000      0.00000000     -0.00000000      0.00000000      0.00000000     -0.00000000      0.00000000     -0.00000000     -0.00000000      0.00000000     -0.00000000      0.00000000      0.00000000      0.00000000      0.00000000      0.00000000      0.00000000     -0.00000000     -0.00000000     -0.00000000     -0.00000000      0.00000000      0.00000000      0.00000000      0.00000000     -0.00000000     -0.00000000     -0.00000000     -0.00000000     -0.00000000     -0.00000000     -0.00000000     -0.00000000     -0.00000000     -0.00000000     -0.00000000      0.00000000      0.00000000     -0.00000000     -0.00000000      0.00000000      0.00000000      0.00000000      0.00000000     -0.00000000     -0.00000000      0.00000000      0.00000000      0.00000000      0.00000000      0.00000000      0.00000000      0.00000000      0.00000000     -0.00000000      0.00000000     -0.00000000     -0.00000000      0.00000000     -0.00000000     -0.00000000     -0.00000000     -0.00000000     -0.00000000     -0.00000000      0.00000000     -0.00000000     -0.00000000     -0.00000000      0.00000000      0.00000000      0.00000000      0.00000000      0.00000000      0.00000000      0.00000000      0.00000000      0.00000000      0.00000000      0.00000000      0.00000000      0.00000000     -0.00000000      0.00000000      0.00000000      0.00000000     -0.00000000      0.00000000     -0.00000000     -0.00000000      0.00000000     -0.00000000      0.00000000     -0.00000000     -0.00000000     -0.00000000     -0.00000000     -0.00000000     -0.00000000      0.00000000     -0.00000000      0.00000000     -0.00000000     -0.00000000     -0.00000000      0.00000000      0.00000000      0.00000000     -0.00000000      0.00000000     -0.00000000     -0.00000000     -0.00000000     -0.00000000      0.00000000     -0.00000000      0.00000000      0.00000000     -0.00000000
      1.04705896     -0.00000000      0.00000000      0.00000000      0.00000000      0.00000000     -0.00000000     -0.00000000      0.00000000      0.00000000      0.00000000     -0.00000000     -0.00000000      0.00000000     -0.00000000      0.00000000      0.00000000      0.00000000     -0.00000000      0.00000000     -0.00000000     -0.00000000     -0.00000000     -0.00000000     -0.00000000      0.00000000      0.00000000     -0.00000000      0.00000000      0.00000000      0.00000000      0.00000000      0.00000000      0.00000000      0.00000000     -0.00000000     -0.00000000     -0.00000000     -0.00000000      0.00000000      0.00000000     -0.00000000      0.00000000      0.00000000     -0.00000000      0.00000000      0.00000000      0.00000000     -0.00000000      0.00000000      0.00000000     -0.00000000      0.00000000      0.00000000      0.00000000      0.00000000     -0.00000000      0.00000000      0.00000000     -0.00000000      0.00000000      0.00000000      0.00000000      0.00000000      0.00000000     -0.00000000     -0.00000000     -0.00000000      0.00000000      0.00000000      0.00000000     -0.00000000     -0.00000000     -0.00000000     -0.00000000      0.00000000      0.00000000      0.00000000     -0.00000000     -0.00000000     -0.00000000     -0.00000000      0.00000000     -0.00000000      0.00000000      0.00000000      0.00000000      0.00000000     -0.00000000      0.00000000      0.00000000      0.00000000      0.00000000     -0.00000000      0.00000000     -0.00000000     -0.00000000      0.00000000      0.00000000     -0.00000000     -0.00000000     -0.00000000     -0.00000000      0.00000000      0.00000000      0.00000000      0.00000000      0.00000000     -0.00000000      0.00000000     -0.00000000      0.00000000     -0.00000000      0.00000000     -0.00000000      0.00000000     -0.00000000      0.00000000      0.00000000      0.00000000      0.00000000      0.00000000      0.00000000      0.00000000      0.00000000      0.00000000     -0.00000000     -0.00000000     -0.00000000
      1.05684456     -0.00000000     -0.00000000      0.00000000     -0.00000000     -0.00000000     -0.00000000     -0.00000000     -0.00000000     -0.00000000      0.00000000     -0.00000000     -0.00000000      0.00000000      0.00000000      0.00000000     -0.00000000      0.00000000     -0.00000000     -0.00000000      0.00000000      0.00000000      0.00000000     -0.00000000      0.00000000     -0.00000000      0.00000000     -0.00000000      0.00000000     -0.00000000     -0.00000000      0.00000000      0.00000000      0.00000000      0.00000000      0.00000000      0.00000000      0.00000000      0.00000000      0.00000000      0.00000000      0.00000000     -0.00000000      0.00000000      0.00000000      0.00000000      0.00000000     -0.00000000     -0.00000000     -0.00000000      0.00000000     -0.00000000     -0.00000000     -0.00000000      0.00000000     -0.00000000     -0.00000000      0.00000000     -0.00000000     -0.00000000      0.00000000     -0.00000000     -0.00000000     -0.00000000      0.00000000     -0.00000000      0.00000000      0.00000000      0.00000000     -0.00000000      0.00000000      0.00000000     -0.00000000      0.00000000      0.00000000     -0.00000000      0.00000000      0.00000000      0.00000000     -0.00000000      0.00000000      0.00000000      0.00000000     -0.00000000     -0.00000000     -0.00000000     -0.00000000      0.00000000     -0.00000000     -0.00000000     -0.00000000     -0.00000000     -0.00000000     -0.00000000     -0.00000000     -0.00000000     -0.00000000     -0.00000000     -0.00000000      0.00000000      0.00000000     -0.00000000      0.00000000     -0.00000000      0.00000000     -0.00000000      0.00000000     -0.00000000     -0.00000000      0.00000000      0.00000000      0.00000000     -0.00000000      0.00000000     -0.00000000     -0.00000000     -0.00000000      0.00000000      0.00000000     -0.00000000      0.00000000      0.00000000      0.00000000      0.00000000      0.00000000      0.00000000     -0.00000000      0.00000000      0.00000000
      1.06663016     -0.00000000     -0.00000000      0.00000000      0.00000000     -0.00000000      0.00000000      0.00000000     -0.00000000     -0.00000000     -0.00000000      0.00000000      0.00000000      0.00000000     -0.00000000      0.00000000      0.00000000      0.00000000     -0.00000000      0.00000000     -0.00000000     -0.00000000      0.00000000      0.00000000     -0.00000000     -0.00000000     -0.00000000      0.00000000      0.00000000      0.00000000      0.00000000     -0.00000000     -0.00000000      0.00000000      0.00000000     -0.00000000     -0.00000000      0.00000000     -0.00000000     -0.00000000      0.00000000      0.00000000     -0.00000000      0.00000000      0.00000000     -0.00000000     -0.00000000      0.00000000      0.00000000      0.00000000      0.00000000      0.00000000      0.00000000     -0.00000000     -0.00000000      0.00000000     -0.00000000      0.00000000      0.00000000     -0.00000000     -0.00000000     -0.00000000     -0.00000000      0.00000000      0.00000000     -0.00000000     -0.00000000      0.00000000      0.00000000      0.00000000      0.00000000     -0.00000000     -0.00000000      0.00000000     -0.00000000      0.00000000      0.00000000     -0.00000000     -0.00000000     -0.00000000     -0.00000000     -0.00000000     -0.00000000      0.00000000      0.00000000     -0.00000000     -0.00000000      0.00000000     -0.00000000     -0.00000000      0.00000000      0.00000000     -0.00000000      0.00000000      0.00000000     -0.00000000     -0.00000000      0.00000000      0.00000000     -0.00000000     -0.00000000     -0.00000000     -0.00000000      0.00000000      0.00000000      0.00000000     -0.00000000     -0.00000000      0.00000000      0.00000000     -0.00000000      0.00000000     -0.00000000     -0.00000000     -0.00000000      0.00000000     -0.00000000     -0.00000000     -0.00000000      0.00000000      0.00000000      0.00000000     -0.00000000     -0.00000000      0.00000000     -0.00000000     -0.00000000      0.00000000      0.00000000
      1.07641576     -0.00000000      0.00000000      0.00000000      0.00000000      0.00000000      0.00000000      0.00000000      0.00000000     -0.00000000      0.00000000     -0.00000000      0.00000000      0.00000000      0.00000000     -0.00000000      0.00000000      0.00000000      0.00000000     -0.00000000     -0.00000000     -0.00000000     -0.00000000     -0.00000000     -0.00000000      0.00000000      0.00000000      0.00000000     -0.00000000      0.00000000     -0.00000000     -0.00000000      0.00000000     -0.00000000     -0.00000000     -0.00000000     -0.00000000      0.00000000      0.00000000     -0.00000000      0.00000000     -0.00000000      0.00000000      0.00000000      0.00000000      0.00000000     -0.00000000     -0.00000000     -0.00000000      0.00000000     -0.00000000      0.00000000      0.00000000     -0.00000000      0.00000000      0.00000000     -0.00000000     -0.00000000      0.00000000     -0.00000000     -0.00000000      0.00000000      0.00000000     -0.00000000      0.00000000     -0.00000000      0.00000000     -0.00000000     -0.00000000      0.00000000      0.00000000     -0.00000000      0.00000000      0.00000000     -0.00000000     -0.00000000      0.00000000     -0.00000000     -0.00000000      0.00000000     -0.00000000      0.00000000      0.00000000      0.00000000     -0.00000000     -0.00000000     -0.00000000     -0.00000000      0.00000000     -0.00000000      0.00000000     -0.00000000     -0.00000000      0.00000000      0.00000000      0.00000000      0.00000000     -0.00000000      0.00000000      0.00000000     -0.00000000      0.00000000     -0.00000000     -0.00000000     -0.00000000      0.00000000      0.00000000      0.00000000      0.00000000      0.00000000      0.00000000     -0.00000000     -0.00000000      0.00000000      0.00000000      0.00000000     -0.00000000     -0.00000000      0.00000000     -0.00000000      0.00000000     -0.00000000     -0.00000000     -0.00000000     -0.00000000     -0.00000000     -0.00000000      0.00000000     -0.00000000
      1.08620135      0.00000000     -0.00000000      0.00000000      0.00000000     -0.00000000     -0.00000000      0.00000000     -0.00000000      0.00000000     -0.00000000     -0.00000000     -0.00000000     -0.00000000      0.00000000     -0.00000000     -0.00000000     -0.00000000      0.00000000      0.00000000      0.00000000     -0.00000000     -0.00000000      0.00000000     -0.00000000     -0.00000000      0.00000000     -0.00000000      0.00000000      0.00000000      0.00000000     -0.00000000      0.00000000      0.00000000      0.00000000     -0.00000000      0.00000000     -0.00000000      0.00000000      0.00000000     -0.00000000      0.00000000      0.00000000      0.00000000      0.00000000     -0.00000000      0.00000000      0.00000000     -0.00000000     -0.00000000     -0.00000000      0.00000000     -0.00000000     -0.00000000     -0.00000000      0.00000000      0.00000000      0.00000000     -0.00000000      0.00000000     -0.00000000      0.00000000     -0.00000000     -0.00000000      0.00000000     -0.00000000      0.00000000      0.00000000     -0.00000000      0.00000000     -0.00000000      0.00000000     -0.00000000     -0.00000000     -0.00000000      0.00000000      0.00000000      0.00000000     -0.00000000      0.00000000      0.00000000      0.00000000     -0.00000000     -0.00000000      0.00000000     -0.00000000     -0.00000000     -0.00000000     -0.00000000      0.00000000     -0.00000000     -0.00000000      0.00000000     -0.00000000      0.00000000     -0.00000000     -0.00000000     -0.00000000      0.00000000     -0.00000000     -0.00000000     -0.00000000      0.00000000     -0.00000000      0.00000000      0.00000000     -0.00000000      0.00000000      0.00000000     -0.00000000      0.00000000     -0.00000000      0.00000000      0.00000000      0.00000000     -0.00000000      0.00000000      0.00000000      0.00000000      0.00000000     -0.00000000      0.00000000     -0.00000000      0.00000000      0.00000000     -0.00000000     -0.00000000      0.00000000     -0.00000000
      1.09598695     -0.00000000     -0.00000000     -0.00000000     -0.00000000     -0.00000000      0.00000000      0.00000000      0.00000000     -0.00000000      0.00000000     -0.00000000     -0.00000000     -0.00000000     -0.00000000      0.00000000      0.00000000      0.00000000      0.00000000     -0.00000000     -0.00000000      0.00000000      0.00000000      0.00000000     -0.00000000      0.00000000      0.00000000      0.00000000      0.00000000     -0.00000000     -0.00000000     -0.00000000      0.00000000      0.00000000      0.00000000      0.00000000      0.00000000      0.00000000      0.00000000      0.00000000     -0.00000000      0.00000000     -0.00000000      0.00000000     -0.00000000      0.00000000      0.00000000      0.00000000     -0.00000000     -0.00000000     -0.00000000      0.00000000     -0.00000000     -0.00000000     -0.00000000     -0.00000000      0.00000000     -0.00000000     -0.00000000      0.00000000      0.00000000     -0.00000000     -0.00000000     -0.00000000      0.00000000     -0.00000000      0.00000000      0.00000000      0.00000000      0.00000000     -0.00000000     -0.00000000      0.00000000     -0.00000000      0.00000000      0.00000000      0.00000000     -0.00000000     -0.00000000      0.00000000      0.00000000      0.00000000      0.00000000     -0.00000000     -0.00000000      0.00000000     -0.00000000     -0.00000000      0.00000000     -0.00000000      0.00000000     -0.00000000     -0.00000000      0.00000000      0.00000000     -0.00000000     -0.00000000     -0.00000000     -0.00000000      0.00000000      0.00000000     -0.00000000     -0.00000000      0.00000000     -0.00000000      0.00000000      0.00000000      0.00000000     -0.00000000      0.00000000     -0.00000000     -0.00000000      0.00000000      0.00000000      0.00000000      0.00000000     -0.00000000     -0.00000000      0.00000000      0.00000000     -0.00000000      0.00000000      0.00000000     -0.00000000      0.00000000     -0.00000000      0.00000000     -0.00000000     -0.00000000
      1.10577255     -0.00000000      0.00000000     -0.00000000     -0.00000000      0.00000000      0.00000000      0.00000000      0.00000000      0.00000000     -0.00000000     -0.00000000      0.00000000      0.00000000      0.00000000      0.00000000      0.00000000      0.00000000      0.00000000      0.00000000      0.00000000     -0.00000000      0.00000000      0.00000000     -0.00000000      0.00000000     -0.00000000      0.00000000     -0.00000000     -0.00000000     -0.00000000     -0.00000000     -0.00000000     -0.00000000     -0.00000000     -0.00000000     -0.00000000     -0.00000000     -0.00000000      0.00000000     -0.00000000      0.00000000      0.00000000     -0.00000000     -0.00000000      0.00000000     -0.00000000      0.00000000      0.00000000     -0.00000000      0.00000000     -0.00000000     -0.00000000      0.00000000      0.00000000     -0.00000000     -0.00000000     -0.00000000     -0.00000000     -0.00000000     -0.00000000      0.00000000     -0.00000000     -0.00000000     -0.00000000      0.00000000      0.00000000      0.00000000     -0.00000000      0.00000000      0.00000000      0.00000000      0.00000000      0.00000000      0.00000000     -0.00000000     -0.00000000      0.00000000      0.00000000     -0.00000000      0.00000000     -0.00000000     -0.00000000      0.00000000     -0.00000000      0.00000000      0.00000000     -0.00000000     -0.00000000      0.00000000     -0.00000000      0.00000000      0.00000000      0.00000000      0.00000000      0.00000000      0.00000000      0.00000000      0.00000000      0.00000000      0.00000000      0.00000000     -0.00000000      0.00000000     -0.00000000      0.00000000     -0.00000000     -0.00000000      0.00000000     -0.00000000      0.00000000     -0.00000000     -0.00000000     -0.00000000     -0.00000000     -0.00000000      0.00000000      0.00000000      0.00000000      0.00000000     -0.00000000     -0.00000000     -0.00000000     -0.00000000     -0.00000000      0.00000000      0.00000000     -0.00000000      0.00000000
      1.11555815     -0.00000000      0.00000000     -0.00000000      0.00000000     -0.00000000     -0.00000000      0.00000000      0.00000000      0.00000000     -0.00000000      0.00000000      0.00000000      0.00000000      0.00000000      0.00000000      0.00000000     -0.00000000      0.00000000     -0.00000000      0.00000000     -0.00000000     -0.00000000      0.00000000      0.00000000     -0.00000000     -0.00000000      0.00000000     -0.00000000     -0.00000000     -0.00000000      0.00000000      0.00000000      0.00000000      0.00000000     -0.00000000      0.00000000      0.00000000     -0.00000000      0.00000000     -0.00000000     -0.00000000      0.00000000     -0.00000000      0.00000000      0.00000000      0.00000000      0.00000000     -0.00000000     -0.00000000     -0.00000000     -0.00000000      0.00000000      0.00000000     -0.00000000      0.00000000     -0.00000000     -0.00000000      0.00000000     -0.00000000      0.00000000      0.00000000      0.00000000      0.00000000     -0.00000000      0.00000000     -0.00000000     -0.00000000     -0.00000000     -0.00000000      0.00000000     -0.00000000      0.00000000      0.00000000     -0.00000000      0.00000000     -0.00000000     -0.00000000      0.00000000      0.00000000      0.00000000      0.00000000     -0.00000000     -0.00000000     -0.00000000     -0.00000000      0.00000000     -0.00000000      0.00000000      0.00000000     -0.00000000      0.00000000     -0.00000000     -0.00000000      0.00000000     -0.00000000     -0.00000000     -0.00000000     -0.00000000      0.00000000      0.00000000      0.00000000     -0.00000000      0.00000000      0.00000000     -0.00000000     -0.00000000      0.00000000      0.00000000      0.00000000      0.00000000     -0.00000000      0.00000000      0.00000000     -0.00000000     -0.00000000     -0.00000000     -0.00000000     -0.00000000      0.00000000     -0.00000000     -0.00000000     -0.00000000      0.00000000      0.00000000     -0.00000000      0.00000000     -0.00000000      0.00000000
      1.12534375     -0.00000000     -0.00000000     -0.00000000      0.00000000     -0.00000000     -0.00000000      0.00000000     -0.00000000     -0.00000000      0.00000000     -0.00000000      0.00000000     -0.00000000     -0.00000000     -0.00000000      0.00000000      0.00000000      0.00000000      0.00000000     -0.00000000     -0.00000000     -0.00000000     -0.00000000     -0.00000000     -0.00000000     -0.00000000     -0.00000000      0.00000000      0.00000000      0.00000000      0.00000000      0.00000000     -0.00000000      0.00000000      0.00000000     -0.00000000      0.00000000      0.00000000      0.00000000      0.00000000      0.00000000     -0.00000000     -0.00000000     -0.00000000     -0.00000000     -0.00000000     -0.00000000      0.00000000     -0.00000000     -0.00000000      0.00000000     -0.00000000      0.00000000      0.00000000     -0.00000000     -0.00000000      0.00000000     -0.00000000      0.00000000     -0.00000000      0.00000000     -0.00000000      0.00000000      0.00000000     -0.00000000     -0.00000000     -0.00000000      0.00000000      0.00000000     -0.00000000      0.00000000     -0.00000000     -0.00000000     -0.00000000      0.00000000     -0.00000000     -0.00000000     -0.00000000      0.00000000      0.00000000     -0.00000000     -0.00000000      0.00000000     -0.00000000     -0.00000000      0.00000000      0.00000000     -0.00000000      0.00000000      0.00000000     -0.00000000     -0.00000000      0.00000000      0.00000000      0.00000000     -0.00000000     -0.00000000     -0.00000000     -0.00000000     -0.00000000      0.00000000      0.00000000      0.00000000      0.00000000      0.00000000      0.00000000      0.00000000      0.00000000      0.00000000     -0.00000000      0.00000000     -0.00000000      0.00000000      0.00000000      0.00000000      0.00000000      0.00000000      0.00000000     -0.00000000     -0.00000000      0.00000000     -0.00000000     -0.00000000      0.00000000      0.00000000      0.00000000     -0.00000000      0.00000000
      1.13512934      0.00000000      0.00000000     -0.00000000     -0.00000000      0.00000000      0.00000000     -0.00000000      0.00000000     -0.00000000      0.00000000     -0.00000000     -0.00000000     -0.00000000     -0.00000000     -0.00000000     -0.00000000      0.00000000      0.00000000     -0.00000000      0.00000000      0.00000000      0.00000000     -0.00000000      0.00000000     -0.00000000      0.00000000     -0.00000000     -0.00000000      0.00000000     -0.00000000      0.00000000      0.00000000      0.00000000     -0.00000000      0.00000000     -0.00000000      0.00000000      0.00000000     -0.00000000     -0.00000000     -0.00000000     -0.00000000      0.00000000      0.00000000      0.00000000     -0.00000000     -0.00000000      0.00000000      0.00000000      0.00000000      0.00000000      0.00000000      0.00000000      0.00000000      0.00000000      0.00000000     -0.00000000      0.00000000      0.00000000      0.00000000     -0.00000000     -0.00000000     -0.00000000     -0.00000000      0.00000000      0.00000000      0.00000000      0.00000000     -0.00000000     -0.00000000     -0.00000000      0.00000000     -0.00000000     -0.00000000     -0.00000000     -0.00000000     -0.00000000     -0.00000000     -0.00000000     -0.00000000     -0.00000000      0.00000000      0.00000000     -0.00000000     -0.00000000     -0.00000000      0.00000000      0.00000000      0.00000000      0.00000000     -0.00000000     -0.00000000      0.00000000     -0.00000000      0.00000000     -0.00000000     -0.00000000     -0.00000000      0.00000000     -0.00000000      0.00000000      0.00000000     -0.00000000      0.00000000     -0.00000000      0.00000000     -0.00000000     -0.00000000     -0.00000000      0.00000000      0.00000000     -0.00000000     -0.00000000      0.00000000      0.00000000      0.00000000      0.00000000      0.00000000     -0.00000000      0.00000000     -0.00000000      0.00000000     -0.00000000     -0.00000000      0.00000000      0.00000000     -0.00000000     -0.00000000
      1.14491494     -0.00000000     -0.00000000      0.00000000     -0.00000000      0.00000000     -0.00000000     -0.00000000     -0.00000000     -0.00000000      0.00000000      0.00000000     -0.00000000     -0.00000000     -0.00000000     -0.00000000     -0.00000000     -0.00000000      0.00000000      0.00000000      0.00000000     -0.00000000     -0.00000000     -0.00000000      0.00000000     -0.00000000      0.00000000     -0.00000000      0.00000000     -0.00000000      0.00000000     -0.00000000     -0.00000000      0.00000000      0.00000000     -0.00000000      0.00000000      0.00000000     -0.00000000     -0.00000000      0.00000000     -0.00000000     -0.00000000      0.00000000      0.00000000      0.00000000     -0.00000000     -0.00000000      0.00000000      0.00000000     -0.00000000      0.00000000      0.00000000      0.00000000      0.00000000      0.00000000      0.00000000      0.00000000      0.00000000      0.00000000      0.00000000      0.00000000     -0.00000000     -0.00000000     -0.00000000      0.00000000      0.00000000      0.00000000     -0.00000000     -0.00000000     -0.00000000     -0.00000000     -0.00000000     -0.00000000     -0.00000000     -0.00000000     -0.00000000     -0.00000000     -0.00000000      0.00000000     -0.00000000     -0.00000000      0.00000000      0.00000000     -0.00000000     -0.00000000     -0.00000000      0.00000000      0.00000000     -0.00000000      0.00000000      0.00000000     -0.00000000     -0.00000000      0.00000000     -0.00000000     -0.00000000      0.00000000      0.00000000     -0.00000000      0.00000000     -0.00000000      0.00000000     -0.00000000      0.00000000     -0.00000000      0.00000000      0.00000000      0.00000000     -0.00000000      0.00000000     -0.00000000      0.00000000      0.00000000      0.00000000      0.00000000      0.00000000      0.00000000     -0.00000000     -0.00000000      0.00000000      0.00000000      0.00000000      0.00000000     -0.00000000      0.00000000     -0.00000000      0.00000000      0.00000000
      1.15470054      0.00000000      0.00000000     -0.00000000      0.00000000      0.00000000     -0.00000000     -0.00000000     -0.00000000      0.00000000      0.00000000      0.00000000      0.00000000     -0.00000000      0.00000000      0.00000000      0.00000000     -0.00000000     -0.00000000     -0.00000000     -0.00000000      0.00000000     -0.00000000     -0.00000000      0.00000000     -0.00000000     -0.00000000     -0.00000000     -0.00000000      0.00000000      0.00000000     -0.00000000     -0.00000000      0.00000000      0.00000000      0.00000000     -0.00000000      0.00000000     -0.00000000      0.00000000      0.00000000     -0.00000000      0.00000000      0.00000000      0.00000000     -0.00000000     -0.00000000     -0.00000000      0.00000000     -0.00000000      0.00000000      0.00000000     -0.00000000      0.00000000     -0.00000000      0.00000000      0.00000000      0.00000000     -0.00000000     -0.00000000      0.00000000     -0.00000000     -0.00000000      0.00000000      0.00000000     -0.00000000     -0.00000000      0.00000000      0.00000000     -0.00000000      0.00000000      0.00000000     -0.00000000     -0.00000000     -0.00000000      0.00000000     -0.00000000      0.00000000     -0.00000000     -0.00000000      0.00000000     -0.00000000      0.00000000      0.00000000      0.00000000     -0.00000000     -0.00000000     -0.00000000     -0.00000000     -0.00000000      0.00000000      0.00000000     -0.00000000      0.00000000     -0.00000000     -0.00000000     -0.00000000      0.00000000      0.00000000     -0.00000000     -0.00000000      0.00000000      0.00000000      0.00000000      0.00000000      0.00000000     -0.00000000      0.00000000     -0.00000000      0.00000000     -0.00000000      0.00000000      0.00000000      0.00000000      0.00000000     -0.00000000     -0.00000000     -0.00000000     -0.00000000     -0.00000000     -0.00000000      0.00000000      0.00000000      0.00000000     -0.00000000      0.00000000     -0.00000000     -0.00000000     -0.00000000
      1.16450446      0.00000000     -0.00000000     -0.00000000     -0.00000000      0.00000000      0.00000000     -0.00000000     -0.00000000     -0.00000000     -0.00000000     -0.00000000     -0.00000000     -0.00000000      0.00000000      0.00000000     -0.00000000     -0.00000000      0.00000000      0.00000000     -0.00000000     -0.00000000     -0.00000000     -0.00000000      0.00000000      0.00000000     -0.00000000     -0.00000000     -0.00000000      0.00000000      0.00000000      0.00000000     -0.00000000      0.00000000      0.00000000      0.00000000     -0.00000000      0.00000000     -0.00000000     -0.00000000      0.00000000      0.00000000      0.00000000     -0.00000000     -0.00000000      0.00000000      0.00000000      0.00000000      0.00000000      0.00000000     -0.00000000     -0.00000000      0.00000000      0.00000000      0.00000000      0.00000000      0.00000000      0.00000000     -0.00000000      0.00000000     -0.00000000     -0.00000000     -0.00000000     -0.00000000     -0.00000000      0.00000000      0.00000000      0.00000000      0.00000000      0.00000000     -0.00000000      0.00000000     -0.00000000     -0.00000000     -0.00000000     -0.00000000     -0.00000000     -0.00000000      0.00000000      0.00000000     -0.00000000     -0.00000000     -0.00000000     -0.00000000     -0.00000000      0.00000000      0.00000000     -0.00000000     -0.00000000     -0.00000000      0.00000000      0.00000000     -0.00000000      0.00000000     -0.00000000     -0.00000000     -0.00000000      0.00000000     -0.00000000     -0.00000000     -0.00000000      0.00000000      0.00000000      0.00000000     -0.00000000     -0.00000000      0.00000000      0.00000000      0.00000000      0.00000000     -0.00000000     -0.00000000      0.00000000      0.00000000     -0.00000000     -0.00000000      0.00000000      0.00000000      0.00000000      0.00000000      0.00000000      0.00000000      0.00000000     -0.00000000     -0.00000000      0.00000000      0.00000000      0.00000000     -0.00000000
      1.17430838      0.00000000     -0.00000000     -0.00000000      0.00000000      0.00000000     -0.00000000      0.00000000     -0.00000000      0.00000000      0.00000000     -0.00000000      0.00000000      0.00000000      0.00000000      0.00000000      0.00000000      0.00000000     -0.00000000     -0.00000000     -0.00000000      0.00000000      0.00000000     -0.00000000     -0.00000000      0.00000000     -0.00000000     -0.00000000     -0.00000000      0.00000000     -0.00000000     -0.00000000     -0.00000000      0.00000000     -0.00000000      0.00000000     -0.00000000      0.00000000      0.00000000     -0.00000000     -0.00000000     -0.00000000     -0.00000000      0.00000000     -0.00000000     -0.00000000      0.00000000      0.00000000      0.00000000     -0.00000000      0.00000000      0.00000000      0.00000000     -0.00000000     -0.00000000     -0.00000000     -0.00000000     -0.00000000      0.00000000      0.00000000      0.00000000     -0.00000000      0.00000000      0.00000000      0.00000000     -0.00000000     -0.00000000     -0.00000000      0.00000000     -0.00000000     -0.00000000     -0.00000000      0.00000000      0.00000000      0.00000000      0.00000000      0.00000000     -0.00000000     -0.00000000     -0.00000000      0.00000000     -0.00000000     -0.00000000     -0.00000000      0.00000000      0.00000000     -0.00000000      0.00000000      0.00000000      0.00000000      0.00000000     -0.00000000     -0.00000000      0.00000000     -0.00000000      0.00000000     -0.00000000      0.00000000      0.00000000      0.00000000     -0.00000000      0.00000000      0.00000000      0.00000000     -0.00000000      0.00000000      0.00000000     -0.00000000     -0.00000000      0.00000000      0.00000000      0.00000000     -0.00000000     -0.00000000     -0.00000000     -0.00000000     -0.00000000     -0.00000000      0.00000000     -0.00000000     -0.00000000      0.00000000     -0.00000000      0.00000000     -0.00000000     -0.00000000      0.00000000      0.00000000     -0.00000000
      1.18411230      0.00000000     -0.00000000      0.00000000      0.00000000     -0.00000000      0.00000000     -0.00000000     -0.00000000      0.00000000      0.00000000     -0.00000000     -0.00000000     -0.00000000     -0.00000000     -0.00000000     -0.00000000      0.00000000      0.00000000      0.00000000      0.00000000     -0.00000000     -0.00000000      0.00000000     -0.00000000      0.00000000     -0.00000000      0.00000000     -0.00000000     -0.00000000      0.00000000     -0.00000000     -0.00000000     -0.00000000      0.00000000      0.00000000      0.00000000      0.00000000      0.00000000     -0.00000000      0.00000000      0.00000000     -0.00000000     -0.00000000     -0.00000000     -0.00000000     -0.00000000      0.00000000      0.00000000     -0.00000000     -0.00000000      0.00000000     -0.00000000     -0.00000000     -0.00000000     -0.00000000      0.00000000     -0.00000000     -0.00000000     -0.00000000      0.00000000      0.00000000      0.00000000     -0.00000000     -0.00000000      0.00000000      0.00000000     -0.00000000     -0.00000000     -0.00000000      0.00000000      0.00000000      0.00000000     -0.00000000      0.00000000      0.00000000      0.00000000      0.00000000     -0.00000000      0.00000000      0.00000000     -0.00000000     -0.00000000      0.00000000      0.00000000      0.00000000      0.00000000      0.00000000     -0.00000000     -0.00000000      0.00000000     -0.00000000     -0.00000000     -0.00000000     -0.00000000     -0.00000000      0.00000000      0.00000000      0.00000000     -0.00000000      0.00000000      0.00000000     -0.00000000      0.00000000     -0.00000000      0.00000000     -0.00000000      0.00000000      0.00000000     -0.00000000     -0.00000000     -0.00000000     -0.00000000      0.00000000      0.00000000      0.00000000      0.00000000      0.00000000      0.00000000     -0.00000000     -0.00000000      0.00000000      0.00000000     -0.00000000      0.00000000     -0.00000000     -0.00000000      0.00000000     -0.00000000
      1.19391622      0.00000000     -0.00000000     -0.00000000     -0.00000000     -0.00000000      0.00000000      0.00000000     -0.00000000     -0.00000000      0.00000000     -0.00000000     -0.00000000      0.00000000     -0.00000000      0.00000000      0.00000000     -0.00000000     -0.00000000     -0.00000000      0.00000000     -0.00000000      0.00000000      0.00000000      0.00000000      0.00000000     -0.00000000      0.00000000     -0.00000000      0.00000000     -0.00000000      0.00000000     -0.00000000      0.00000000     -0.00000000     -0.00000000     -0.00000000     -0.00000000      0.00000000      0.00000000      0.00000000      0.00000000     -0.00000000      0.00000000      0.00000000      0.00000000      0.00000000      0.00000000      0.00000000      0.00000000      0.00000000     -0.00000000     -0.00000000     -0.00000000     -0.00000000     -0.00000000      0.00000000     -0.00000000     -0.00000000     -0.00000000      0.00000000      0.00000000     -0.00000000     -0.00000000     -0.00000000      0.00000000      0.00000000      0.00000000     -0.00000000     -0.00000000      0.00000000      0.00000000      0.00000000     -0.00000000      0.00000000      0.00000000      0.00000000      0.00000000      0.00000000     -0.00000000     -0.00000000     -0.00000000     -0.00000000     -0.00000000     -0.00000000     -0.00000000     -0.00000000      0.00000000     -0.00000000     -0.00000000     -0.00000000     -0.00000000      0.00000000      0.00000000      0.00000000      0.00000000     -0.00000000      0.00000000     -0.00000000      0.00000000     -0.00000000      0.00000000     -0.00000000      0.00000000     -0.00000000     -0.00000000     -0.00000000     -0.00000000      0.00000000     -0.00000000      0.00000000      0.00000000      0.00000000     -0.00000000     -0.00000000      0.00000000     -0.00000000      0.00000000      0.00000000     -0.00000000      0.00000000      0.00000000     -0.00000000     -0.00000000      0.00000000      0.00000000      0.00000000      0.00000000     -0.00000000
      1.20372015      0.00000000     -0.00000000     -0.00000000     -0.00000000      0.00000000     -0.00000000      0.00000000     -0.00000000     -0.00000000      0.00000000      0.00000000      0.00000000      0.00000000     -0.00000000      0.00000000     -0.00000000     -0.00000000      0.00000000     -0.00000000     -0.00000000      0.00000000     -0.00000000      0.00000000     -0.00000000     -0.00000000     -0.00000000     -0.00000000     -0.00000000      0.00000000     -0.00000000     -0.00000000      0.00000000     -0.00000000      0.00000000      0.00000000      0.00000000     -0.00000000      0.00000000     -0.00000000     -0.00000000     -0.00000000      0.00000000     -0.00000000      0.00000000     -0.00000000      0.00000000      0.00000000      0.00000000      0.00000000     -0.00000000     -0.00000000     -0.00000000      0.00000000      0.00000000      0.00000000     -0.00000000     -0.00000000      0.00000000      0.00000000     -0.00000000     -0.00000000     -0.00000000     -0.00000000      0.00000000     -0.00000000      0.00000000      0.00000000      0.00000000      0.00000000     -0.00000000     -0.00000000      0.00000000      0.00000000     -0.00000000     -0.00000000     -0.00000000      0.00000000      0.00000000      0.00000000     -0.00000000     -0.00000000     -0.00000000     -0.00000000      0.00000000     -0.00000000      0.00000000     -0.00000000      0.00000000      0.00000000      0.00000000     -0.00000000      0.00000000     -0.00000000     -0.00000000     -0.00000000      0.00000000     -0.00000000      0.00000000      0.00000000     -0.00000000      0.00000000      0.00000000      0.00000000      0.00000000      0.00000000     -0.00000000      0.00000000     -0.00000000      0.00000000      0.00000000     -0.00000000      0.00000000      0.00000000     -0.00000000      0.00000000     -0.00000000     -0.00000000     -0.00000000     -0.00000000      0.00000000      0.00000000     -0.00000000      0.00000000     -0.00000000      0.00000000      0.00000000      0.00000000     -0.00000000
      1.21352407      0.00000000     -0.00000000     -0.00000000     -0.00000000     -0.00000000     -0.00000000      0.00000000     -0.00000000      0.00000000     -0.00000000      0.00000000      0.00000000      0.00000000     -0.00000000      0.00000000      0.00000000      0.00000000     -0.00000000     -0.00000000     -0.00000000     -0.00000000     -0.00000000     -0.00000000     -0.00000000      0.00000000     -0.00000000     -0.00000000     -0.00000000      0.00000000      0.00000000     -0.00000000      0.00000000      0.00000000      0.00000000      0.00000000     -0.00000000     -0.00000000      0.00000000     -0.00000000      0.00000000      0.00000000     -0.00000000     -0.00000000     -0.00000000     -0.00000000      0.00000000      0.00000000      0.00000000     -0.00000000     -0.00000000     -0.00000000      0.00000000      0.00000000      0.00000000      0.00000000      0.00000000     -0.00000000      0.00000000      0.00000000      0.00000000      0.00000000     -0.00000000     -0.00000000      0.00000000     -0.00000000      0.00000000      0.00000000     -0.00000000     -0.00000000     -0.00000000     -0.00000000      0.00000000     -0.00000000     -0.00000000     -0.00000000     -0.00000000     -0.00000000      0.00000000      0.00000000      0.00000000     -0.00000000     -0.00000000     -0.00000000      0.00000000      0.00000000      0.00000000      0.00000000     -0.00000000     -0.00000000      0.00000000     -0.00000000      0.00000000      0.00000000     -0.00000000     -0.00000000     -0.00000000     -0.00000000      0.00000000     -0.00000000     -0.00000000      0.00000000      0.00000000      0.00000000     -0.00000000      0.00000000      0.00000000      0.00000000      0.00000000      0.00000000      0.00000000      0.00000000     -0.00000000     -0.00000000     -0.00000000      0.00000000     -0.00000000     -0.00000000     -0.00000000      0.00000000     -0.00000000      0.00000000     -0.00000000      0.00000000      0.00000000      0.00000000      0.00000000      0.00000000     -0.00000000
      1.22332799     -0.00000000      0.00000000     -0.00000000      0.00000000     -0.00000000     -0.00000000      0.00000000      0.00000000     -0.00000000      0.00000000      0.00000000      0.00000000      0.00000000     -0.00000000     -0.00000000     -0.00000000     -0.00000000     -0.00000000     -0.00000000     -0.00000000      0.00000000      0.00000000     -0.00000000     -0.00000000     -0.00000000     -0.00000000      0.00000000      0.00000000      0.00000000     -0.00000000     -0.00000000      0.00000000      0.00000000     -0.00000000      0.00000000     -0.00000000      0.00000000     -0.00000000      0.00000000     -0.00000000     -0.00000000     -0.00000000      0.00000000     -0.00000000     -0.00000000      0.00000000     -0.00000000      0.00000000      0.00000000     -0.00000000      0.00000000     -0.00000000     -0.00000000     -0.00000000      0.00000000      0.00000000      0.00000000     -0.00000000     -0.00000000     -0.00000000      0.00000000     -0.00000000     -0.00000000     -0.00000000      0.00000000      0.00000000      0.00000000     -0.00000000      0.00000000      0.00000000      0.00000000     -0.00000000     -0.00000000     -0.00000000      0.00000000      0.00000000      0.00000000     -0.00000000      0.00000000     -0.00000000     -0.00000000      0.00000000     -0.00000000      0.00000000      0.00000000     -0.00000000      0.00000000      0.00000000      0.00000000     -0.00000000      0.00000000     -0.00000000      0.00000000     -0.00000000      0.00000000     -0.00000000     -0.00000000      0.00000000      0.00000000     -0.00000000     -0.00000000     -0.00000000      0.00000000      0.00000000      0.00000000      0.00000000     -0.00000000     -0.00000000      0.00000000      0.00000000      0.00000000      0.00000000      0.00000000      0.00000000      0.00000000     -0.00000000     -0.00000000     -0.00000000     -0.00000000      0.00000000     -0.00000000     -0.00000000      0.00000000      0.00000000     -0.00000000      0.00000000     -0.00000000      0.00000000
      1.23313191      0.00000000      0.00000000      0.00000000      0.00000000      0.00000000      0.00000000      0.00000000     -0.00000000     -0.00000000      0.00000000      0.00000000      0.00000000      0.00000000     -0.00000000     -0.00000000      0.00000000      0.00000000      0.00000000     -0.00000000     -0.00000000     -0.00000000     -0.00000000     -0.00000000     -0.00000000     -0.00000000      0.00000000     -0.00000000     -0.00000000     -0.00000000     -0.00000000     -0.00000000     -0.00000000     -0.00000000     -0.00000000      0.00000000      0.00000000     -0.00000000      0.00000000      0.00000000      0.00000000      0.00000000     -0.00000000     -0.00000000      0.00000000      0.00000000      0.00000000      0.00000000     -0.00000000     -0.00000000      0.00000000     -0.00000000      0.00000000     -0.00000000     -0.00000000     -0.00000000     -0.00000000      0.00000000      0.00000000     -0.00000000     -0.00000000     -0.00000000     -0.00000000     -0.00000000      0.00000000     -0.00000000      0.00000000      0.00000000      0.00000000      0.00000000      0.00000000     -0.00000000     -0.00000000      0.00000000      0.00000000      0.00000000      0.00000000     -0.00000000      0.00000000     -0.00000000      0.00000000      0.00000000     -0.00000000     -0.00000000     -0.00000000     -0.00000000      0.00000000      0.00000000     -0.00000000     -0.00000000     -0.00000000     -0.00000000      0.00000000     -0.00000000     -0.00000000      0.00000000      0.00000000      0.00000000      0.00000000      0.00000000      0.00000000      0.00000000      0.00000000     -0.00000000      0.00000000      0.00000000      0.00000000      0.00000000      0.00000000      0.00000000      0.00000000     -0.00000000     -0.00000000     -0.00000000      0.00000000      0.00000000     -0.00000000     -0.00000000     -0.00000000     -0.00000000      0.00000000      0.00000000     -0.00000000     -0.00000000     -0.00000000     -0.00000000     -0.00000000     -0.00000000     -0.00000000
      1.24293583     -0.00000000      0.00000000      0.00000000      0.00000000     -0.00000000     -0.00000000     -0.00000000     -0.00000000      0.00000000     -0.00000000      0.00000000     -0.00000000     -0.00000000     -0.00000000      0.00000000     -0.00000000      0.00000000     -0.00000000      0.00000000     -0.00000000     -0.00000000      0.00000000      0.00000000      0.00000000      0.00000000      0.00000000     -0.00000000      0.00000000      0.00000000     -0.00000000     -0.00000000     -0.00000000      0.00000000      0.00000000     -0.00000000     -0.00000000      0.00000000      0.00000000     -0.00000000     -0.00000000     -0.00000000      0.00000000     -0.00000000      0.00000000      0.00000000     -0.00000000     -0.00000000      0.00000000     -0.00000000     -0.00000000     -0.00000000      0.00000000     -0.00000000      0.00000000     -0.00000000      0.00000000      0.00000000      0.00000000     -0.00000000     -0.00000000     -0.00000000      0.00000000      0.00000000     -0.00000000      0.00000000     -0.00000000     -0.00000000      0.00000000      0.00000000      0.00000000     -0.00000000     -0.00000000     -0.00000000      0.00000000     -0.00000000      0.00000000     -0.00000000      0.00000000      0.00000000      0.00000000     -0.00000000      0.00000000      0.00000000     -0.00000000     -0.00000000      0.00000000     -0.00000000      0.00000000      0.00000000      0.00000000     -0.00000000     -0.00000000      0.00000000      0.00000000     -0.00000000     -0.00000000      0.00000000      0.00000000      0.00000000     -0.00000000     -0.00000000      0.00000000     -0.00000000     -0.00000000     -0.00000000     -0.00000000     -0.00000000      0.00000000      0.00000000     -0.00000000      0.00000000     -0.00000000      0.00000000     -0.00000000      0.00000000      0.00000000      0.00000000     -0.00000000      0.00000000     -0.00000000      0.00000000      0.00000000      0.00000000      0.00000000     -0.00000000     -0.00000000     -0.00000000      0.00000000
      1.25273975      0.00000000      0.00000000     -0.00000000      0.00000000     -0.00000000     -0.00000000     -0.00000000     -0.00000000     -0.00000000      0.00000000     -0.00000000      0.00000000     -0.00000000      0.00000000      0.00000000      0.00000000     -0.00000000     -0.00000000     -0.00000000     -0.00000000      0.00000000      0.00000000     -0.00000000     -0.00000000      0.00000000      0.00000000      0.00000000      0.00000000     -0.00000000     -0.00000000     -0.00000000     -0.00000000      0.00000000     -0.00000000      0.00000000     -0.00000000      0.00000000      0.00000000      0.00000000     -0.00000000     -0.00000000      0.00000000      0.00000000      0.00000000      0.00000000      0.00000000     -0.00000000      0.00000000      0.00000000      0.00000000     -0.00000000     -0.00000000     -0.00000000     -0.00000000     -0.00000000     -0.00000000     -0.00000000     -0.00000000     -0.00000000     -0.00000000     -0.00000000      0.00000000      0.00000000      0.00000000     -0.00000000     -0.00000000     -0.00000000      0.00000000      0.00000000      0.00000000      0.00000000      0.00000000      0.00000000     -0.00000000      0.00000000      0.00000000      0.00000000      0.00000000      0.00000000     -0.00000000     -0.00000000     -0.00000000     -0.00000000     -0.00000000     -0.00000000     -0.00000000     -0.00000000      0.00000000      0.00000000     -0.00000000     -0.00000000      0.00000000      0.00000000     -0.00000000     -0.00000000      0.00000000      0.00000000      0.00000000      0.00000000      0.00000000     -0.00000000     -0.00000000     -0.00000000     -0.00000000      0.00000000      0.00000000     -0.00000000     -0.00000000      0.00000000      0.00000000      0.00000000      0.00000000      0.00000000     -0.00000000      0.00000000      0.00000000      0.00000000      0.00000000     -0.00000000      0.00000000     -0.00000000      0.00000000     -0.00000000      0.00000000      0.00000000     -0.00000000     -0.00000000     -0.00000000
      1.26254368     -0.00000000     -0.00000000     -0.00000000     -0.00000000     -0.00000000     -0.00000000     -0.00000000     -0.00000000     -0.00000000     -0.00000000     -0.00000000     -0.00000000     -0.00000000      0.00000000      0.00000000     -0.00000000      0.00000000     -0.00000000      0.00000000      0.00000000      0.00000000     -0.00000000      0.00000000      0.00000000      0.00000000      0.00000000      0.00000000      0.00000000      0.00000000      0.00000000     -0.00000000      0.00000000     -0.00000000      0.00000000     -0.00000000      0.00000000      0.00000000      0.00000000      0.00000000      0.00000000     -0.00000000     -0.00000000      0.00000000      0.00000000     -0.00000000     -0.00000000     -0.00000000     -0.00000000      0.00000000     -0.00000000     -0.00000000      0.00000000      0.00000000      0.00000000      0.00000000      0.00000000     -0.00000000     -0.00000000      0.00000000      0.00000000     -0.00000000      0.00000000      0.00000000      0.00000000     -0.00000000     -0.00000000     -0.00000000      0.00000000     -0.00000000     -0.00000000      0.00000000      0.00000000     -0.00000000     -0.00000000     -0.00000000     -0.00000000     -0.00000000      0.00000000      0.00000000     -0.00000000      0.00000000      0.00000000      0.00000000      0.00000000     -0.00000000     -0.00000000      0.00000000      0.00000000     -0.00000000     -0.00000000     -0.00000000     -0.00000000     -0.00000000      0.00000000     -0.00000000      0.00000000     -0.00000000      0.00000000     -0.00000000     -0.00000000     -0.00000000     -0.00000000     -0.00000000     -0.00000000     -0.00000000     -0.00000000      0.00000000     -0.00000000     -0.00000000     -0.00000000      0.00000000     -0.00000000      0.00000000     -0.00000000     -0.00000000      0.00000000      0.00000000      0.00000000      0.00000000      0.00000000      0.00000000      0.00000000      0.00000000      0.00000000      0.00000000      0.00000000      0.00000000      0.00000000
      1.27234760      0.00000000      0.00000000     -0.00000000     -0.00000000     -0.00000000     -0.00000000      0.00000000     -0.00000000     -0.00000000     -0.00000000     -0.00000000     -0.00000000     -0.00000000     -0.00000000     -0.00000000     -0.00000000      0.00000000      0.00000000      0.00000000     -0.00000000     -0.00000000      0.00000000     -0.00000000     -0.00000000      0.00000000      0.00000000      0.00000000      0.00000000     -0.00000000     -0.00000000     -0.00000000     -0.00000000     -0.00000000     -0.00000000     -0.00000000     -0.00000000     -0.00000000     -0.00000000     -0.00000000     -0.00000000      0.00000000      0.00000000     -0.00000000      0.00000000     -0.00000000     -0.00000000     -0.00000000     -0.00000000      0.00000000      0.00000000      0.00000000      0.00000000     -0.00000000     -0.00000000     -0.00000000      0.00000000     -0.00000000      0.00000000     -0.00000000     -0.00000000      0.00000000      0.00000000      0.00000000      0.00000000     -0.00000000     -0.00000000     -0.00000000     -0.00000000      0.00000000      0.00000000     -0.00000000      0.00000000     -0.00000000      0.00000000      0.00000000      0.00000000     -0.00000000     -0.00000000     -0.00000000     -0.00000000      0.00000000      0.00000000      0.00000000      0.00000000     -0.00000000      0.00000000     -0.00000000     -0.00000000      0.00000000      0.00000000      0.00000000      0.00000000      0.00000000      0.00000000      0.00000000      0.00000000      0.00000000      0.00000000      0.00000000      0.00000000     -0.00000000     -0.00000000     -0.00000000     -0.00000000      0.00000000      0.00000000     -0.00000000      0.00000000      0.00000000     -0.00000000     -0.00000000     -0.00000000      0.00000000      0.00000000      0.00000000      0.00000000      0.00000000      0.00000000      0.00000000      0.00000000      0.00000000     -0.00000000      0.00000000      0.00000000      0.00000000      0.00000000     -0.00000000     -0.00000000
      1.28215152      0.00000000     -0.00000000      0.00000000      0.00000000      0.00000000      0.00000000      0.00000000      0.00000000     -0.00000000     -0.00000000     -0.00000000      0.00000000     -0.00000000     -0.00000000     -0.00000000      0.00000000     -0.00000000     -0.00000000      0.00000000      0.00000000     -0.00000000     -0.00000000     -0.00000000     -0.00000000      0.00000000     -0.00000000      0.00000000      0.00000000      0.00000000     -0.00000000      0.00000000      0.00000000      0.00000000      0.00000000     -0.00000000     -0.00000000     -0.00000000     -0.00000000      0.00000000     -0.00000000     -0.00000000     -0.00000000     -0.00000000     -0.00000000      0.00000000      0.00000000     -0.00000000     -0.00000000     -0.00000000     -0.00000000      0.00000000      0.00000000      0.00000000      0.00000000     -0.00000000      0.00000000     -0.00000000     -0.00000000      0.00000000      0.00000000     -0.00000000      0.00000000     -0.00000000      0.00000000     -0.00000000      0.00000000     -0.00000000      0.00000000     -0.00000000     -0.00000000      0.00000000      0.00000000     -0.00000000      0.00000000     -0.00000000     -0.00000000     -0.00000000     -0.00000000      0.00000000      0.00000000      0.00000000      0.00000000     -0.00000000     -0.00000000      0.00000000      0.00000000      0.00000000      0.00000000      0.00000000     -0.00000000      0.00000000      0.00000000      0.00000000      0.00000000     -0.00000000     -0.00000000     -0.00000000     -0.00000000      0.00000000     -0.00000000     -0.00000000     -0.00000000      0.00000000     -0.00000000      0.00000000      0.00000000      0.00000000      0.00000000     -0.00000000     -0.00000000      0.00000000      0.00000000     -0.00000000      0.00000000      0.00000000      0.00000000     -0.00000000      0.00000000      0.00000000      0.00000000     -0.00000000     -0.00000000     -0.00000000     -0.00000000     -0.00000000     -0.00000000      0.00000000     -0.00000000
      1.29195544      0.00000000     -0.00000000     -0.00000000      0.00000000     -0.00000000     -0.00000000     -0.00000000     -0.00000000      0.00000000      0.00000000     -0.00000000     -0.00000000      0.00000000      0.00000000      0.00000000     -0.00000000     -0.00000000     -0.00000000     -0.00000000     -0.00000000      0.00000000      0.00000000      0.00000000      0.00000000      0.00000000      0.00000000     -0.00000000     -0.00000000     -0.00000000     -0.00000000      0.00000000      0.00000000     -0.00000000      0.00000000     -0.00000000      0.00000000      0.00000000      0.00000000     -0.00000000      0.00000000     -0.00000000      0.00000000      0.00000000      0.00000000     -0.00000000      0.00000000      0.00000000      0.00000000      0.00000000     -0.00000000      0.00000000      0.00000000     -0.00000000     -0.00000000     -0.00000000     -0.00000000     -0.00000000      0.00000000      0.00000000     -0.00000000      0.00000000     -0.00000000     -0.00000000     -0.00000000      0.00000000      0.00000000      0.00000000     -0.00000000      0.00000000     -0.00000000     -0.00000000      0.00000000      0.00000000      0.00000000      0.00000000      0.00000000     -0.00000000     -0.00000000      0.00000000     -0.00000000     -0.00000000     -0.00000000     -0.00000000      0.00000000     -0.00000000     -0.00000000     -0.00000000      0.00000000     -0.00000000      0.00000000     -0.00000000     -0.00000000     -0.00000000      0.00000000     -0.00000000      0.00000000     -0.00000000     -0.00000000      0.00000000      0.00000000      0.00000000      0.00000000     -0.00000000     -0.00000000     -0.00000000     -0.00000000     -0.00000000     -0.00000000      0.00000000      0.00000000      0.00000000      0.00000000      0.00000000     -0.00000000     -0.00000000     -0.00000000      0.00000000      0.00000000     -0.00000000     -0.00000000      0.00000000      0.00000000      0.00000000      0.00000000     -0.00000000      0.00000000      0.00000000     -0.00000000
      1.30175936      0.00000000     -0.00000000     -0.00000000     -0.00000000     -0.00000000     -0.00000000     -0.00000000     -0.00000000     -0.00000000     -0.00000000      0.00000000      0.00000000      0.00000000      0.00000000     -0.00000000      0.00000000     -0.00000000      0.00000000      0.00000000     -0.00000000      0.00000000     -0.00000000      0.00000000      0.00000000      0.00000000      0.00000000      0.00000000      0.00000000      0.00000000     -0.00000000      0.00000000     -0.00000000     -0.00000000      0.00000000     -0.00000000      0.00000000     -0.00000000     -0.00000000      0.00000000     -0.00000000     -0.00000000     -0.00000000      0.00000000      0.00000000      0.00000000     -0.00000000      0.00000000     -0.00000000     -0.00000000     -0.00000000     -0.00000000     -0.00000000     -0.00000000      0.00000000      0.00000000     -0.00000000      0.00000000     -0.00000000     -0.00000000      0.00000000     -0.00000000      0.00000000      0.00000000      0.00000000     -0.00000000     -0.00000000     -0.00000000      0.00000000     -0.00000000      0.00000000      0.00000000     -0.00000000      0.00000000     -0.00000000     -0.00000000      0.00000000      0.00000000      0.00000000      0.00000000      0.00000000      0.00000000     -0.00000000      0.00000000     -0.00000000     -0.00000000     -0.00000000      0.00000000      0.00000000      0.00000000     -0.00000000      0.00000000      0.00000000     -0.00000000      0.00000000     -0.00000000      0.00000000      0.00000000     -0.00000000      0.00000000     -0.00000000     -0.00000000     -0.00000000     -0.00000000     -0.00000000     -0.00000000     -0.00000000      0.00000000     -0.00000000      0.00000000     -0.00000000     -0.00000000      0.00000000     -0.00000000      0.00000000     -0.00000000     -0.00000000     -0.00000000     -0.00000000      0.00000000      0.00000000      0.00000000      0.00000000      0.00000000      0.00000000      0.00000000      0.00000000      0.00000000     -0.00000000
      1.31156328     -0.00000000      0.00000000      0.00000000      0.00000000      0.00000000      0.00000000     -0.00000000     -0.00000000      0.00000000      0.00000000      0.00000000     -0.00000000     -0.00000000     -0.00000000      0.00000000     -0.00000000     -0.00000000      0.00000000     -0.00000000      0.00000000      0.00000000      0.00000000      0.00000000     -0.00000000     -0.00000000     -0.00000000     -0.00000000     -0.00000000      0.00000000      0.00000000      0.00000000     -0.00000000     -0.00000000     -0.00000000      0.00000000     -0.00000000      0.00000000     -0.00000000     -0.00000000     -0.00000000     -0.00000000      0.00000000      0.00000000     -0.00000000     -0.00000000      0.00000000      0.00000000      0.00000000     -0.00000000     -0.00000000      0.00000000     -0.00000000     -0.00000000     -0.00000000      0.00000000      0.00000000      0.00000000      0.00000000     -0.00000000      0.00000000      0.00000000     -0.00000000      0.00000000     -0.00000000      0.00000000     -0.00000000      0.00000000     -0.00000000     -0.00000000      0.00000000     -0.00000000     -0.00000000     -0.00000000     -0.00000000      0.00000000      0.00000000      0.00000000     -0.00000000      0.00000000      0.00000000     -0.00000000     -0.00000000     -0.00000000      0.00000000      0.00000000     -0.00000000     -0.00000000      0.00000000      0.00000000      0.00000000      0.00000000     -0.00000000      0.00000000     -0.00000000      0.00000000      0.00000000      0.00000000     -0.00000000     -0.00000000     -0.00000000      0.00000000      0.00000000      0.00000000      0.00000000      0.00000000     -0.00000000     -0.00000000     -0.00000000     -0.00000000      0.00000000     -0.00000000      0.00000000      0.00000000     -0.00000000      0.00000000      0.00000000      0.00000000     -0.00000000     -0.00000000     -0.00000000      0.00000000      0.00000000     -0.00000000     -0.00000000     -0.00000000     -0.00000000     -0.00000000      0.00000000
      1.32136721     -0.00000000     -0.00000000     -0.00000000      0.00000000      0.00000000      0.00000000     -0.00000000      0.00000000      0.00000000      0.00000000     -0.00000000     -0.00000000      0.00000000     -0.00000000      0.00000000     -0.00000000      0.00000000     -0.00000000     -0.00000000     -0.00000000     -0.00000000      0.00000000      0.00000000      0.00000000      0.00000000     -0.00000000     -0.00000000     -0.00000000      0.00000000     -0.00000000     -0.00000000     -0.00000000      0.00000000      0.00000000     -0.00000000      0.00000000     -0.00000000     -0.00000000      0.00000000     -0.00000000      0.00000000     -0.00000000      0.00000000      0.00000000      0.00000000     -0.00000000      0.00000000     -0.00000000     -0.00000000     -0.00000000     -0.00000000     -0.00000000      0.00000000     -0.00000000      0.00000000     -0.00000000     -0.00000000     -0.00000000      0.00000000     -0.00000000      0.00000000      0.00000000      0.00000000      0.00000000     -0.00000000     -0.00000000     -0.00000000     -0.00000000      0.00000000     -0.00000000      0.00000000      0.00000000      0.00000000     -0.00000000      0.00000000     -0.00000000      0.00000000      0.00000000      0.00000000      0.00000000      0.00000000     -0.00000000      0.00000000     -0.00000000     -0.00000000     -0.00000000      0.00000000     -0.00000000      0.00000000     -0.00000000      0.00000000      0.00000000     -0.00000000      0.00000000     -0.00000000     -0.00000000      0.00000000      0.00000000      0.00000000     -0.00000000      0.00000000      0.00000000      0.00000000     -0.00000000     -0.00000000     -0.00000000     -0.00000000      0.00000000      0.00000000      0.00000000      0.00000000     -0.00000000      0.00000000     -0.00000000      0.00000000     -0.00000000      0.00000000      0.00000000     -0.00000000     -0.00000000     -0.00000000      0.00000000     -0.00000000     -0.00000000     -0.00000000      0.00000000      0.00000000      0.00000000
      1.33117113      0.00000000      0.00000000     -0.00000000     -0.00000000     -0.00000000     -0.00000000     -0.00000000      0.00000000      0.00000000     -0.00000000      0.00000000     -0.00000000      0.00000000      0.00000000      0.00000000     -0.00000000      0.00000000      0.00000000     -0.00000000     -0.00000000     -0.00000000     -0.00000000      0.00000000      0.00000000     -0.00000000     -0.00000000     -0.00000000      0.00000000     -0.00000000     -0.00000000      0.00000000     -0.00000000     -0.00000000     -0.00000000      0.00000000      0.00000000      0.00000000      0.00000000      0.00000000      0.00000000     -0.00000000      0.00000000      0.00000000      0.00000000     -0.00000000      0.00000000     -0.00000000     -0.00000000     -0.00000000      0.00000000     -0.00000000     -0.00000000      0.00000000     -0.00000000     -0.00000000     -0.00000000     -0.00000000     -0.00000000      0.00000000      0.00000000      0.00000000      0.00000000      0.00000000     -0.00000000      0.00000000     -0.00000000     -0.00000000     -0.00000000     -0.00000000     -0.00000000      0.00000000      0.00000000      0.00000000      0.00000000      0.00000000     -0.00000000      0.00000000      0.00000000     -0.00000000      0.00000000      0.00000000      0.00000000     -0.00000000      0.00000000     -0.00000000     -0.00000000     -0.00000000      0.00000000     -0.00000000     -0.00000000     -0.00000000     -0.00000000     -0.00000000     -0.00000000      0.00000000      0.00000000      0.00000000     -0.00000000      0.00000000      0.00000000     -0.00000000      0.00000000      0.00000000      0.00000000     -0.00000000     -0.00000000      0.00000000      0.00000000      0.00000000      0.00000000     -0.00000000     -0.00000000      0.00000000     -0.00000000     -0.00000000     -0.00000000      0.00000000     -0.00000000      0.00000000     -0.00000000     -0.00000000      0.00000000      0.00000000      0.00000000      0.00000000      0.00000000     -0.00000000     -0.00000000
      1.34097505     -0.00000000      0.00000000     -0.00000000      0.00000000      0.00000000      0.00000000      0.00000000      0.00000000      0.00000000     -0.00000000     -0.00000000     -0.00000000      0.00000000     -0.00000000      0.00000000      0.00000000      0.00000000     -0.00000000     -0.00000000     -0.00000000     -0.00000000     -0.00000000     -0.00000000     -0.00000000      0.00000000     -0.00000000      0.00000000      0.00000000      0.00000000      0.00000000     -0.00000000      0.00000000     -0.00000000      0.00000000      0.00000000     -0.00000000      0.00000000     -0.00000000      0.00000000      0.00000000      0.00000000     -0.00000000     -0.00000000      0.00000000     -0.00000000     -0.00000000     -0.00000000     -0.00000000      0.00000000      0.00000000     -0.00000000      0.00000000      0.00000000      0.00000000     -0.00000000      0.00000000     -0.00000000      0.00000000      0.00000000     -0.00000000     -0.00000000      0.00000000      0.00000000     -0.00000000      0.00000000     -0.00000000     -0.00000000      0.00000000      0.00000000     -0.00000000     -0.00000000      0.00000000     -0.00000000      0.00000000     -0.00000000     -0.00000000     -0.00000000      0.00000000     -0.00000000     -0.00000000      0.00000000      0.00000000      0.00000000      0.00000000     -0.00000000      0.00000000      0.00000000     -0.00000000     -0.00000000     -0.00000000      0.00000000     -0.00000000      0.00000000     -0.00000000     -0.00000000      0.00000000     -0.00000000      0.00000000     -0.00000000     -0.00000000     -0.00000000     -0.00000000      0.00000000     -0.00000000      0.00000000      0.00000000      0.00000000      0.00000000      0.00000000      0.00000000      0.00000000     -0.00000000     -0.00000000     -0.00000000      0.00000000     -0.00000000      0.00000000      0.00000000      0.00000000     -0.00000000     -0.00000000     -0.00000000     -0.00000000     -0.00000000     -0.00000000      0.00000000     -0.00000000      0.00000000
      1.35077897      0.00000000     -0.00000000      0.00000000     -0.00000000     -0.00000000     -0.00000000     -0.00000000     -0.00000000     -0.00000000      0.00000000      0.00000000     -0.00000000     -0.00000000      0.00000000      0.00000000      0.00000000      0.00000000      0.00000000      0.00000000      0.00000000     -0.00000000      0.00000000     -0.00000000     -0.00000000     -0.00000000     -0.00000000     -0.00000000      0.00000000      0.00000000      0.00000000      0.00000000     -0.00000000     -0.00000000     -0.00000000     -0.00000000     -0.00000000     -0.00000000      0.00000000     -0.00000000     -0.00000000     -0.00000000      0.00000000      0.00000000      0.00000000      0.00000000     -0.00000000     -0.00000000      0.00000000      0.00000000      0.00000000     -0.00000000      0.00000000     -0.00000000     -0.00000000      0.00000000     -0.00000000      0.00000000     -0.00000000     -0.00000000     -0.00000000     -0.00000000      0.00000000      0.00000000     -0.00000000      0.00000000     -0.00000000     -0.00000000      0.00000000      0.00000000      0.00000000      0.00000000     -0.00000000      0.00000000     -0.00000000      0.00000000      0.00000000     -0.00000000      0.00000000     -0.00000000     -0.00000000     -0.00000000      0.00000000      0.00000000     -0.00000000     -0.00000000     -0.00000000     -0.00000000      0.00000000      0.00000000      0.00000000     -0.00000000      0.00000000      0.00000000      0.00000000      0.00000000      0.00000000      0.00000000     -0.00000000     -0.00000000     -0.00000000     -0.00000000      0.00000000      0.00000000      0.00000000      0.00000000      0.00000000     -0.00000000      0.00000000     -0.00000000     -0.00000000     -0.00000000     -0.00000000     -0.00000000     -0.00000000     -0.00000000      0.00000000      0.00000000     -0.00000000     -0.00000000      0.00000000      0.00000000      0.00000000      0.00000000      0.00000000      0.00000000     -0.00000000      0.00000000     -0.00000000
      1.36058289     -0.00000000      0.00000000     -0.00000000     -0.00000000     -0.00000000      0.00000000     -0.00000000     -0.00000000     -0.00000000     -0.00000000      0.00000000     -0.00000000     -0.00000000     -0.00000000     -0.00000000      0.00000000     -0.00000000     -0.00000000     -0.00000000     -0.00000000      0.00000000      0.00000000      0.00000000      0.00000000      0.00000000      0.00000000     -0.00000000     -0.00000000     -0.00000000     -0.00000000     -0.00000000     -0.00000000     -0.00000000     -0.00000000      0.00000000     -0.00000000      0.00000000      0.00000000      0.00000000      0.00000000     -0.00000000      0.00000000     -0.00000000     -0.00000000      0.00000000      0.00000000     -0.00000000     -0.00000000     -0.00000000     -0.00000000      0.00000000      0.00000000     -0.00000000     -0.00000000      0.00000000      0.00000000     -0.00000000     -0.00000000     -0.00000000      0.00000000      0.00000000      0.00000000      0.00000000     -0.00000000      0.00000000     -0.00000000     -0.00000000     -0.00000000     -0.00000000      0.00000000      0.00000000      0.00000000     -0.00000000     -0.00000000      0.00000000      0.00000000     -0.00000000     -0.00000000      0.00000000      0.00000000      0.00000000      0.00000000     -0.00000000     -0.00000000      0.00000000      0.00000000     -0.00000000      0.00000000     -0.00000000     -0.00000000     -0.00000000     -0.00000000      0.00000000     -0.00000000      0.00000000      0.00000000      0.00000000      0.00000000      0.00000000      0.00000000      0.00000000      0.00000000     -0.00000000     -0.00000000     -0.00000000     -0.00000000     -0.00000000     -0.00000000      0.00000000      0.00000000      0.00000000      0.00000000     -0.00000000      0.00000000      0.00000000      0.00000000      0.00000000     -0.00000000      0.00000000      0.00000000      0.00000000      0.00000000     -0.00000000      0.00000000      0.00000000      0.00000000     -0.00000000      0.00000000
      1.37038681      0.00000000      0.00000000     -0.00000000      0.00000000      0.00000000     -0.00000000     -0.00000000     -0.00000000      0.00000000      0.00000000      0.00000000      0.00000000      0.00000000      0.00000000      0.00000000      0.00000000     -0.00000000      0.00000000      0.00000000      0.00000000      0.00000000     -0.00000000     -0.00000000     -0.00000000     -0.00000000      0.00000000      0.00000000      0.00000000      0.00000000      0.00000000      0.00000000      0.00000000      0.00000000     -0.00000000     -0.00000000      0.00000000      0.00000000      0.00000000      0.00000000     -0.00000000     -0.00000000      0.00000000     -0.00000000     -0.00000000     -0.00000000     -0.00000000     -0.00000000      0.00000000      0.00000000      0.00000000      0.00000000      0.00000000     -0.00000000      0.00000000      0.00000000      0.00000000      0.00000000      0.00000000     -0.00000000     -0.00000000      0.00000000      0.00000000      0.00000000     -0.00000000      0.00000000     -0.00000000     -0.00000000     -0.00000000      0.00000000      0.00000000     -0.00000000     -0.00000000     -0.00000000     -0.00000000     -0.00000000      0.00000000     -0.00000000     -0.00000000     -0.00000000     -0.00000000     -0.00000000      0.00000000      0.00000000      0.00000000      0.00000000      0.00000000     -0.00000000      0.00000000      0.00000000     -0.00000000     -0.00000000     -0.00000000     -0.00000000      0.00000000      0.00000000     -0.00000000     -0.00000000     -0.00000000     -0.00000000     -0.00000000     -0.00000000     -0.00000000     -0.00000000      0.00000000      0.00000000      0.00000000      0.00000000     -0.00000000     -0.00000000     -0.00000000     -0.00000000      0.00000000     -0.00000000     -0.00000000     -0.00000000     -0.00000000     -0.00000000     -0.00000000     -0.00000000     -0.00000000      0.00000000      0.00000000      0.00000000     -0.00000000     -0.00000000      0.00000000     -0.00000000     -0.00000000
      1.38019073      0.00000000      0.00000000     -0.00000000     -0.00000000     -0.00000000     -0.00000000     -0.00000000      0.00000000      0.00000000      0.00000000      0.00000000     -0.00000000     -0.00000000      0.00000000     -0.00000000      0.00000000     -0.00000000     -0.00000000      0.00000000     -0.00000000      0.00000000      0.00000000      0.00000000      0.00000000     -0.00000000      0.00000000     -0.00000000     -0.00000000      0.00000000      0.00000000      0.00000000      0.00000000      0.00000000      0.00000000      0.00000000      0.00000000     -0.00000000      0.00000000      0.00000000     -0.00000000      0.00000000      0.00000000     -0.00000000     -0.00000000      0.00000000     -0.00000000      0.00000000     -0.00000000     -0.00000000      0.00000000     -0.00000000     -0.00000000      0.00000000     -0.00000000     -0.00000000      0.00000000     -0.00000000      0.00000000      0.00000000     -0.00000000     -0.00000000     -0.00000000     -0.00000000     -0.00000000      0.00000000      0.00000000      0.00000000      0.00000000      0.00000000     -0.00000000     -0.00000000      0.00000000     -0.00000000      0.00000000      0.00000000     -0.00000000      0.00000000      0.00000000     -0.00000000      0.00000000      0.00000000     -0.00000000      0.00000000     -0.00000000      0.00000000      0.00000000     -0.00000000     -0.00000000      0.00000000     -0.00000000     -0.00000000      0.00000000     -0.00000000     -0.00000000     -0.00000000     -0.00000000     -0.00000000     -0.00000000     -0.00000000     -0.00000000      0.00000000      0.00000000     -0.00000000      0.00000000     -0.00000000     -0.00000000     -0.00000000     -0.00000000      0.00000000     -0.00000000      0.00000000      0.00000000     -0.00000000      0.00000000     -0.00000000      0.00000000      0.00000000     -0.00000000     -0.00000000     -0.00000000     -0.00000000      0.00000000      0.00000000      0.00000000      0.00000000      0.00000000     -0.00000000     -0.00000000
      1.38999466      0.00000000      0.00000000      0.00000000      0.00000000     -0.00000000      0.00000000     -0.00000000     -0.00000000     -0.00000000      0.00000000      0.00000000     -0.00000000     -0.00000000     -0.00000000     -0.00000000     -0.00000000      0.00000000      0.00000000     -0.00000000     -0.00000000      0.00000000      0.00000000     -0.00000000     -0.00000000     -0.00000000      0.00000000     -0.00000000     -0.00000000     -0.00000000      0.00000000      0.00000000      0.00000000      0.00000000     -0.00000000     -0.00000000     -0.00000000     -0.00000000     -0.00000000     -0.00000000     -0.00000000     -0.00000000      0.00000000      0.00000000     -0.00000000     -0.00000000      0.00000000      0.00000000      0.00000000      0.00000000     -0.00000000      0.00000000     -0.00000000      0.00000000     -0.00000000      0.00000000     -0.00000000      0.00000000     -0.00000000     -0.00000000     -0.00000000     -0.00000000     -0.00000000      0.00000000     -0.00000000      0.00000000     -0.00000000      0.00000000      0.00000000      0.00000000      0.00000000      0.00000000     -0.00000000      0.00000000     -0.00000000      0.00000000     -0.00000000      0.00000000     -0.00000000      0.00000000     -0.00000000     -0.00000000     -0.00000000     -0.00000000      0.00000000      0.00000000     -0.00000000     -0.00000000      0.00000000      0.00000000      0.00000000      0.00000000      0.00000000      0.00000000      0.00000000      0.00000000     -0.00000000     -0.00000000     -0.00000000     -0.00000000      0.00000000      0.00000000      0.00000000     -0.00000000      0.00000000      0.00000000      0.00000000     -0.00000000     -0.00000000      0.00000000      0.00000000     -0.00000000     -0.00000000      0.00000000      0.00000000      0.00000000      0.00000000      0.00000000     -0.00000000     -0.00000000      0.00000000      0.00000000      0.00000000     -0.00000000      0.00000000     -0.00000000     -0.00000000     -0.00000000     -0.00000000
      1.39979858     -0.00000000     -0.00000000      0.00000000      0.00000000      0.00000000      0.00000000     -0.00000000      0.00000000      0.00000000     -0.00000000     -0.00000000     -0.00000000     -0.00000000      0.00000000      0.00000000     -0.00000000      0.00000000     -0.00000000     -0.00000000      0.00000000      0.00000000      0.00000000      0.00000000      0.00000000      0.00000000     -0.00000000      0.00000000     -0.00000000     -0.00000000     -0.00000000      0.00000000      0.00000000      0.00000000     -0.00000000     -0.00000000     -0.00000000     -0.00000000     -0.00000000     -0.00000000      0.00000000     -0.00000000     -0.00000000     -0.00000000      0.00000000     -0.00000000      0.00000000      0.00000000      0.00000000      0.00000000      0.00000000      0.00000000     -0.00000000      0.00000000      0.00000000     -0.00000000     -0.00000000      0.00000000     -0.00000000     -0.00000000      0.00000000      0.00000000      0.00000000      0.00000000     -0.00000000      0.00000000     -0.00000000     -0.00000000     -0.00000000     -0.00000000      0.00000000      0.00000000     -0.00000000      0.00000000      0.00000000     -0.00000000     -0.00000000      0.00000000     -0.00000000     -0.00000000     -0.00000000     -0.00000000     -0.00000000     -0.00000000      0.00000000     -0.00000000      0.00000000      0.00000000      0.00000000     -0.00000000      0.00000000      0.00000000      0.00000000      0.00000000      0.00000000      0.00000000     -0.00000000     -0.00000000     -0.00000000      0.00000000      0.00000000      0.00000000     -0.00000000      0.00000000     -0.00000000     -0.00000000     -0.00000000     -0.00000000     -0.00000000     -0.00000000      0.00000000      0.00000000     -0.00000000      0.00000000     -0.00000000     -0.00000000      0.00000000      0.00000000      0.00000000      0.00000000     -0.00000000     -0.00000000      0.00000000     -0.00000000     -0.00000000     -0.00000000     -0.00000000      0.00000000      0.00000000
      1.40960250     -0.00000000     -0.00000000      0.00000000      0.00000000      0.00000000     -0.00000000      0.00000000      0.00000000      0.00000000      0.00000000      0.00000000     -0.00000000      0.00000000      0.00000000      0.00000000      0.00000000      0.00000000     -0.00000000     -0.00000000     -0.00000000     -0.00000000      0.00000000     -0.00000000      0.00000000     -0.00000000     -0.00000000     -0.00000000      0.00000000     -0.00000000     -0.00000000     -0.00000000     -0.00000000      0.00000000      0.00000000     -0.00000000      0.00000000     -0.00000000     -0.00000000     -0.00000000      0.00000000      0.00000000      0.00000000     -0.00000000      0.00000000      0.00000000      0.00000000      0.00000000      0.00000000      0.00000000     -0.00000000     -0.00000000     -0.00000000     -0.00000000     -0.00000000      0.00000000      0.00000000      0.00000000     -0.00000000     -0.00000000      0.00000000      0.00000000     -0.00000000      0.00000000      0.00000000     -0.00000000     -0.00000000      0.00000000     -0.00000000     -0.00000000      0.00000000      0.00000000     -0.00000000     -0.00000000     -0.00000000      0.00000000      0.00000000      0.00000000      0.00000000      0.00000000     -0.00000000     -0.00000000     -0.00000000     -0.00000000     -0.00000000     -0.00000000      0.00000000     -0.00000000     -0.00000000     -0.00000000      0.00000000      0.00000000      0.00000000     -0.00000000      0.00000000     -0.00000000     -0.00000000      0.00000000      0.00000000      0.00000000      0.00000000     -0.00000000      0.00000000      0.00000000      0.00000000     -0.00000000      0.00000000     -0.00000000      0.00000000      0.00000000      0.00000000      0.00000000     -0.00000000     -0.00000000     -0.00000000     -0.00000000     -0.00000000      0.00000000     -0.00000000     -0.00000000     -0.00000000     -0.00000000     -0.00000000      0.00000000     -0.00000000     -0.00000000     -0.00000000      0.00000000      0.00000000
      1.41940642     -0.00000000      0.00000000     -0.00000000      0.00000000      0.00000000      0.00000000      0.00000000     -0.00000000     -0.00000000     -0.00000000     -0.00000000     -0.00000000     -0.00000000      0.00000000      0.00000000     -0.00000000     -0.00000000     -0.00000000     -0.00000000     -0.00000000     -0.00000000     -0.00000000     -0.00000000     -0.00000000     -0.00000000     -0.00000000     -0.00000000     -0.00000000      0.00000000     -0.00000000     -0.00000000     -0.00000000     -0.00000000      0.00000000     -0.00000000      0.00000000      0.00000000      0.00000000      0.00000000      0.00000000      0.00000000      0.00000000      0.00000000     -0.00000000     -0.00000000     -0.00000000     -0.00000000      0.00000000     -0.00000000     -0.00000000      0.00000000     -0.00000000      0.00000000      0.00000000     -0.00000000     -0.00000000      0.00000000     -0.00000000     -0.00000000     -0.00000000     -0.00000000      0.00000000      0.00000000      0.00000000     -0.00000000     -0.00000000     -0.00000000      0.00000000      0.00000000      0.00000000      0.00000000     -0.00000000      0.00000000      0.00000000     -0.00000000     -0.00000000      0.00000000     -0.00000000      0.00000000      0.00000000     -0.00000000      0.00000000      0.00000000      0.00000000      0.00000000     -0.00000000     -0.00000000     -0.00000000     -0.00000000     -0.00000000     -0.00000000     -0.00000000     -0.00000000      0.00000000     -0.00000000      0.00000000      0.00000000      0.00000000      0.00000000     -0.00000000      0.00000000      0.00000000      0.00000000      0.00000000      0.00000000      0.00000000      0.00000000      0.00000000      0.00000000      0.00000000      0.00000000      0.00000000      0.00000000     -0.00000000     -0.00000000      0.00000000      0.00000000      0.00000000      0.00000000      0.00000000      0.00000000     -0.00000000     -0.00000000     -0.00000000     -0.00000000      0.00000000     -0.00000000      0.00000000
      1.42921034     -0.00000000     -0.00000000      0.00000000      0.00000000     -0.00000000      0.00000000      0.00000000     -0.00000000      0.00000000     -0.00000000     -0.00000000      0.00000000      0.00000000     -0.00000000     -0.00000000     -0.00000000     -0.00000000     -0.00000000      0.00000000     -0.00000000      0.00000000      0.00000000     -0.00000000     -0.00000000     -0.00000000     -0.00000000      0.00000000      0.00000000     -0.00000000     -0.00000000     -0.00000000     -0.00000000     -0.00000000      0.00000000      0.00000000      0.00000000     -0.00000000     -0.00000000     -0.00000000      0.00000000     -0.00000000      0.00000000      0.00000000     -0.00000000      0.00000000     -0.00000000      0.00000000     -0.00000000      0.00000000     -0.00000000     -0.00000000      0.00000000      0.00000000      0.00000000      0.00000000      0.00000000      0.00000000      0.00000000      0.00000000     -0.00000000     -0.00000000     -0.00000000     -0.00000000      0.00000000     -0.00000000      0.00000000      0.00000000      0.00000000      0.00000000     -0.00000000     -0.00000000     -0.00000000     -0.00000000     -0.00000000     -0.00000000     -0.00000000     -0.00000000      0.00000000      0.00000000     -0.00000000      0.00000000     -0.00000000      0.00000000     -0.00000000      0.00000000     -0.00000000     -0.00000000      0.00000000     -0.00000000      0.00000000      0.00000000      0.00000000     -0.00000000     -0.00000000     -0.00000000      0.00000000      0.00000000      0.00000000      0.00000000      0.00000000     -0.00000000     -0.00000000      0.00000000      0.00000000      0.00000000      0.00000000     -0.00000000     -0.00000000      0.00000000     -0.00000000      0.00000000      0.00000000      0.00000000      0.00000000      0.00000000     -0.00000000     -0.00000000      0.00000000      0.00000000     -0.00000000      0.00000000     -0.00000000     -0.00000000      0.00000000     -0.00000000     -0.00000000      0.00000000      0.00000000
      1.43901426     -0.00000000      0.00000000      0.00000000     -0.00000000      0.00000000     -0.00000000     -0.00000000      0.00000000      0.00000000      0.00000000     -0.00000000     -0.00000000      0.00000000     -0.00000000     -0.00000000     -0.00000000     -0.00000000      0.00000000      0.00000000     -0.00000000      0.00000000      0.00000000     -0.00000000     -0.00000000     -0.00000000     -0.00000000      0.00000000      0.00000000     -0.00000000     -0.00000000      0.00000000      0.00000000      0.00000000      0.00000000      0.00000000     -0.00000000     -0.00000000      0.00000000     -0.00000000      0.00000000      0.00000000      0.00000000      0.00000000     -0.00000000      0.00000000     -0.00000000     -0.00000000      0.00000000     -0.00000000      0.00000000     -0.00000000     -0.00000000     -0.00000000      0.00000000      0.00000000     -0.00000000     -0.00000000     -0.00000000     -0.00000000      0.00000000     -0.00000000      0.00000000      0.00000000     -0.00000000      0.00000000     -0.00000000     -0.00000000      0.00000000     -0.00000000      0.00000000      0.00000000      0.00000000      0.00000000     -0.00000000     -0.00000000      0.00000000      0.00000000      0.00000000     -0.00000000      0.00000000     -0.00000000      0.00000000      0.00000000     -0.00000000      0.00000000     -0.00000000     -0.00000000     -0.00000000     -0.00000000      0.00000000     -0.00000000      0.00000000      0.00000000     -0.00000000     -0.00000000     -0.00000000     -0.00000000     -0.00000000      0.00000000      0.00000000     -0.00000000     -0.00000000      0.00000000      0.00000000      0.00000000      0.00000000     -0.00000000     -0.00000000      0.00000000     -0.00000000     -0.00000000      0.00000000      0.00000000      0.00000000      0.00000000     -0.00000000      0.00000000      0.00000000     -0.00000000     -0.00000000     -0.00000000      0.00000000      0.00000000     -0.00000000      0.00000000     -0.00000000     -0.00000000      0.00000000
      1.44881819      0.00000000      0.00000000      0.00000000     -0.00000000     -0.00000000      0.00000000     -0.00000000      0.00000000     -0.00000000     -0.00000000      0.00000000     -0.00000000     -0.00000000      0.00000000      0.00000000     -0.00000000     -0.00000000     -0.00000000     -0.00000000     -0.00000000     -0.00000000     -0.00000000     -0.00000000     -0.00000000     -0.00000000     -0.00000000     -0.00000000     -0.00000000     -0.00000000     -0.00000000      0.00000000     -0.00000000     -0.00000000      0.00000000     -0.00000000     -0.00000000      0.00000000      0.00000000      0.00000000      0.00000000      0.00000000      0.00000000      0.00000000     -0.00000000     -0.00000000      0.00000000      0.00000000     -0.00000000     -0.00000000     -0.00000000     -0.00000000     -0.00000000      0.00000000     -0.00000000     -0.00000000      0.00000000      0.00000000      0.00000000      0.00000000     -0.00000000     -0.00000000      0.00000000     -0.00000000      0.00000000     -0.00000000      0.00000000     -0.00000000      0.00000000      0.00000000     -0.00000000     -0.00000000     -0.00000000     -0.00000000      0.00000000      0.00000000     -0.00000000      0.00000000      0.00000000      0.00000000      0.00000000      0.00000000     -0.00000000     -0.00000000      0.00000000      0.00000000     -0.00000000     -0.00000000     -0.00000000     -0.00000000     -0.00000000     -0.00000000     -0.00000000      0.00000000      0.00000000     -0.00000000      0.00000000      0.00000000     -0.00000000      0.00000000      0.00000000      0.00000000      0.00000000      0.00000000      0.00000000      0.00000000      0.00000000      0.00000000      0.00000000      0.00000000      0.00000000      0.00000000      0.00000000      0.00000000     -0.00000000     -0.00000000      0.00000000      0.00000000     -0.00000000      0.00000000      0.00000000     -0.00000000      0.00000000     -0.00000000      0.00000000      0.00000000     -0.00000000     -0.00000000     -0.00000000
      1.45862211      0.00000000      0.00000000     -0.00000000     -0.00000000     -0.00000000      0.00000000      0.00000000     -0.00000000     -0.00000000      0.00000000     -0.00000000     -0.00000000      0.00000000     -0.00000000     -0.00000000     -0.00000000     -0.00000000     -0.00000000      0.00000000      0.00000000      0.00000000      0.00000000     -0.00000000     -0.00000000      0.00000000     -0.00000000     -0.00000000     -0.00000000      0.00000000     -0.00000000      0.00000000      0.00000000     -0.00000000     -0.00000000      0.00000000      0.00000000      0.00000000      0.00000000     -0.00000000     -0.00000000     -0.00000000     -0.00000000     -0.00000000      0.00000000     -0.00000000     -0.00000000      0.00000000     -0.00000000      0.00000000     -0.00000000     -0.00000000      0.00000000     -0.00000000     -0.00000000     -0.00000000     -0.00000000     -0.00000000     -0.00000000      0.00000000      0.00000000     -0.00000000     -0.00000000     -0.00000000     -0.00000000      0.00000000      0.00000000      0.00000000      0.00000000     -0.00000000     -0.00000000      0.00000000      0.00000000      0.00000000      0.00000000      0.00000000      0.00000000     -0.00000000      0.00000000      0.00000000     -0.00000000      0.00000000     -0.00000000      0.00000000      0.00000000     -0.00000000      0.00000000      0.00000000      0.00000000      0.00000000      0.00000000     -0.00000000     -0.00000000     -0.00000000     -0.00000000      0.00000000      0.00000000     -0.00000000     -0.00000000      0.00000000     -0.00000000      0.00000000      0.00000000      0.00000000     -0.00000000      0.00000000      0.00000000     -0.00000000     -0.00000000     -0.00000000     -0.00000000      0.00000000      0.00000000      0.00000000      0.00000000      0.00000000     -0.00000000      0.00000000      0.00000000     -0.00000000      0.00000000      0.00000000     -0.00000000     -0.00000000      0.00000000      0.00000000      0.00000000     -0.00000000     -0.00000000
      1.46842603     -0.00000000      0.00000000      0.00000000     -0.00000000     -0.00000000      0.00000000     -0.00000000      0.00000000     -0.00000000      0.00000000     -0.00000000     -0.00000000      0.00000000      0.00000000     -0.00000000     -0.00000000      0.00000000     -0.00000000     -0.00000000     -0.00000000     -0.00000000      0.00000000      0.00000000      0.00000000      0.00000000      0.00000000      0.00000000      0.00000000     -0.00000000      0.00000000     -0.00000000     -0.00000000      0.00000000     -0.00000000     -0.00000000      0.00000000      0.00000000     -0.00000000     -0.00000000     -0.00000000      0.00000000      0.00000000      0.00000000      0.00000000      0.00000000      0.00000000      0.00000000     -0.00000000     -0.00000000     -0.00000000      0.00000000      0.00000000     -0.00000000      0.00000000     -0.00000000      0.00000000      0.00000000      0.00000000      0.00000000      0.00000000      0.00000000     -0.00000000      0.00000000     -0.00000000      0.00000000     -0.00000000      0.00000000     -0.00000000     -0.00000000     -0.00000000     -0.00000000     -0.00000000     -0.00000000      0.00000000     -0.00000000      0.00000000     -0.00000000     -0.00000000      0.00000000      0.00000000      0.00000000     -0.00000000     -0.00000000     -0.00000000     -0.00000000     -0.00000000     -0.00000000     -0.00000000      0.00000000      0.00000000      0.00000000     -0.00000000     -0.00000000      0.00000000      0.00000000     -0.00000000      0.00000000      0.00000000     -0.00000000      0.00000000     -0.00000000     -0.00000000     -0.00000000     -0.00000000     -0.00000000     -0.00000000     -0.00000000      0.00000000      0.00000000      0.00000000      0.00000000     -0.00000000      0.00000000      0.00000000     -0.00000000     -0.00000000      0.00000000      0.00000000     -0.00000000      0.00000000     -0.00000000      0.00000000     -0.00000000      0.00000000      0.00000000     -0.00000000     -0.00000000      0.00000000
      1.47822995     -0.00000000     -0.00000000      0.00000000      0.00000000     -0.00000000     -0.00000000     -0.00000000      0.00000000      0.00000000     -0.00000000     -0.00000000     -0.00000000     -0.00000000      0.00000000      0.00000000     -0.00000000     -0.00000000     -0.00000000     -0.00000000     -0.00000000     -0.00000000     -0.00000000     -0.00000000     -0.00000000     -0.00000000      0.00000000      0.00000000      0.00000000     -0.00000000     -0.00000000      0.00000000      0.00000000     -0.00000000     -0.00000000      0.00000000      0.00000000      0.00000000      0.00000000      0.00000000      0.00000000      0.00000000     -0.00000000     -0.00000000      0.00000000     -0.00000000      0.00000000     -0.00000000     -0.00000000      0.00000000      0.00000000      0.00000000      0.00000000     -0.00000000     -0.00000000      0.00000000      0.00000000     -0.00000000      0.00000000     -0.00000000     -0.00000000     -0.00000000     -0.00000000     -0.00000000      0.00000000     -0.00000000      0.00000000      0.00000000      0.00000000      0.00000000      0.00000000     -0.00000000      0.00000000     -0.00000000     -0.00000000      0.00000000      0.00000000     -0.00000000     -0.00000000     -0.00000000     -0.00000000      0.00000000      0.00000000     -0.00000000      0.00000000     -0.00000000      0.00000000      0.00000000     -0.00000000     -0.00000000     -0.00000000     -0.00000000     -0.00000000     -0.00000000     -0.00000000      0.00000000      0.00000000     -0.00000000     -0.00000000      0.00000000      0.00000000     -0.00000000     -0.00000000     -0.00000000      0.00000000      0.00000000      0.00000000      0.00000000      0.00000000      0.00000000      0.00000000      0.00000000      0.00000000      0.00000000     -0.00000000     -0.00000000      0.00000000      0.00000000      0.00000000      0.00000000     -0.00000000     -0.00000000      0.00000000      0.00000000      0.00000000     -0.00000000     -0.00000000      0.00000000      0.00000000
      1.48803387      0.00000000     -0.00000000      0.00000000      0.00000000     -0.00000000     -0.00000000      0.00000000      0.00000000      0.00000000      0.00000000      0.00000000     -0.00000000     -0.00000000      0.00000000     -0.00000000      0.00000000     -0.00000000     -0.00000000     -0.00000000     -0.00000000     -0.00000000      0.00000000     -0.00000000      0.00000000     -0.00000000     -0.00000000      0.00000000      0.00000000      0.00000000      0.00000000     -0.00000000      0.00000000     -0.00000000      0.00000000      0.00000000     -0.00000000     -0.00000000     -0.00000000     -0.00000000      0.00000000      0.00000000     -0.00000000     -0.00000000      0.00000000     -0.00000000     -0.00000000     -0.00000000     -0.00000000     -0.00000000      0.00000000     -0.00000000     -0.00000000     -0.00000000      0.00000000      0.00000000      0.00000000      0.00000000     -0.00000000     -0.00000000     -0.00000000     -0.00000000     -0.00000000      0.00000000     -0.00000000      0.00000000     -0.00000000      0.00000000      0.00000000      0.00000000      0.00000000      0.00000000     -0.00000000     -0.00000000     -0.00000000     -0.00000000      0.00000000      0.00000000      0.00000000     -0.00000000      0.00000000      0.00000000      0.00000000      0.00000000      0.00000000     -0.00000000      0.00000000      0.00000000     -0.00000000     -0.00000000      0.00000000      0.00000000      0.00000000      0.00000000     -0.00000000     -0.00000000      0.00000000     -0.00000000      0.00000000     -0.00000000     -0.00000000     -0.00000000     -0.00000000      0.00000000      0.00000000     -0.00000000      0.00000000     -0.00000000      0.00000000      0.00000000      0.00000000      0.00000000      0.00000000     -0.00000000      0.00000000     -0.00000000      0.00000000      0.00000000     -0.00000000     -0.00000000     -0.00000000     -0.00000000     -0.00000000      0.00000000      0.00000000     -0.00000000     -0.00000000      0.00000000     -0.00000000
      1.49783779      0.00000000     -0.00000000     -0.00000000     -0.00000000      0.00000000     -0.00000000     -0.00000000     -0.00000000      0.00000000     -0.00000000      0.00000000      0.00000000     -0.00000000      0.00000000      0.00000000      0.00000000     -0.00000000     -0.00000000      0.00000000      0.00000000     -0.00000000     -0.00000000     -0.00000000     -0.00000000      0.00000000      0.00000000      0.00000000      0.00000000      0.00000000     -0.00000000      0.00000000     -0.00000000     -0.00000000     -0.00000000      0.00000000      0.00000000      0.00000000     -0.00000000     -0.00000000     -0.00000000     -0.00000000     -0.00000000     -0.00000000     -0.00000000      0.00000000      0.00000000      0.00000000      0.00000000      0.00000000      0.00000000     -0.00000000     -0.00000000      0.00000000      0.00000000      0.00000000     -0.00000000      0.00000000     -0.00000000      0.00000000      0.00000000      0.00000000      0.00000000      0.00000000     -0.00000000      0.00000000     -0.00000000     -0.00000000     -0.00000000     -0.00000000     -0.00000000      0.00000000     -0.00000000      0.00000000     -0.00000000     -0.00000000     -0.00000000      0.00000000      0.00000000     -0.00000000     -0.00000000     -0.00000000     -0.00000000     -0.00000000     -0.00000000      0.00000000      0.00000000      0.00000000      0.00000000      0.00000000      0.00000000      0.00000000     -0.00000000     -0.00000000     -0.00000000      0.00000000      0.00000000      0.00000000     -0.00000000      0.00000000     -0.00000000     -0.00000000     -0.00000000     -0.00000000     -0.00000000      0.00000000      0.00000000      0.00000000      0.00000000     -0.00000000     -0.00000000      0.00000000      0.00000000     -0.00000000     -0.00000000     -0.00000000      0.00000000     -0.00000000     -0.00000000      0.00000000     -0.00000000      0.00000000      0.00000000      0.00000000     -0.00000000      0.00000000      0.00000000      0.00000000     -0.00000000
      1.50764171      0.00000000     -0.00000000      0.00000000      0.00000000      0.00000000      0.00000000     -0.00000000     -0.00000000      0.00000000      0.00000000     -0.00000000     -0.00000000      0.00000000     -0.00000000      0.00000000      0.00000000     -0.00000000      0.00000000      0.00000000      0.00000000      0.00000000     -0.00000000      0.00000000      0.00000000      0.00000000      0.00000000     -0.00000000     -0.00000000     -0.00000000     -0.00000000     -0.00000000      0.00000000      0.00000000     -0.00000000     -0.00000000     -0.00000000     -0.00000000      0.00000000     -0.00000000      0.00000000     -0.00000000     -0.00000000     -0.00000000     -0.00000000      0.00000000      0.00000000     -0.00000000     -0.00000000     -0.00000000     -0.00000000     -0.00000000      0.00000000     -0.00000000      0.00000000     -0.00000000      0.00000000     -0.00000000     -0.00000000      0.00000000     -0.00000000      0.00000000      0.00000000      0.00000000      0.00000000     -0.00000000     -0.00000000     -0.00000000     -0.00000000      0.00000000     -0.00000000      0.00000000      0.00000000     -0.00000000      0.00000000     -0.00000000      0.00000000     -0.00000000      0.00000000      0.00000000      0.00000000      0.00000000      0.00000000     -0.00000000     -0.00000000      0.00000000      0.00000000      0.00000000      0.00000000     -0.00000000      0.00000000     -0.00000000      0.00000000      0.00000000      0.00000000      0.00000000     -0.00000000     -0.00000000      0.00000000      0.00000000      0.00000000      0.00000000      0.00000000     -0.00000000     -0.00000000     -0.00000000     -0.00000000      0.00000000     -0.00000000     -0.00000000     -0.00000000     -0.00000000      0.00000000     -0.00000000     -0.00000000      0.00000000     -0.00000000      0.00000000      0.00000000     -0.00000000     -0.00000000      0.00000000      0.00000000     -0.00000000     -0.00000000     -0.00000000     -0.00000000      0.00000000     -0.00000000
      1.51744564     -0.00000000      0.00000000      0.00000000     -0.00000000      0.00000000      0.00000000      0.00000000     -0.00000000      0.00000000      0.00000000      0.00000000     -0.00000000      0.00000000     -0.00000000      0.00000000      0.00000000      0.00000000     -0.00000000     -0.00000000     -0.00000000     -0.00000000      0.00000000     -0.00000000     -0.00000000      0.00000000      0.00000000     -0.00000000      0.00000000      0.00000000     -0.00000000     -0.00000000     -0.00000000      0.00000000      0.00000000     -0.00000000      0.00000000     -0.00000000      0.00000000      0.00000000      0.00000000      0.00000000      0.00000000      0.00000000      0.00000000      0.00000000      0.00000000     -0.00000000     -0.00000000      0.00000000      0.00000000      0.00000000      0.00000000      0.00000000     -0.00000000      0.00000000     -0.00000000      0.00000000     -0.00000000      0.00000000     -0.00000000      0.00000000     -0.00000000     -0.00000000     -0.00000000      0.00000000      0.00000000      0.00000000     -0.00000000      0.00000000     -0.00000000      0.00000000     -0.00000000      0.00000000     -0.00000000      0.00000000     -0.00000000     -0.00000000     -0.00000000     -0.00000000     -0.00000000      0.00000000      0.00000000     -0.00000000     -0.00000000     -0.00000000     -0.00000000     -0.00000000     -0.00000000     -0.00000000     -0.00000000     -0.00000000      0.00000000     -0.00000000      0.00000000     -0.00000000     -0.00000000      0.00000000      0.00000000      0.00000000     -0.00000000     -0.00000000      0.00000000     -0.00000000     -0.00000000      0.00000000      0.00000000     -0.00000000      0.00000000      0.00000000      0.00000000      0.00000000     -0.00000000     -0.00000000     -0.00000000      0.00000000     -0.00000000      0.00000000     -0.00000000     -0.00000000     -0.00000000      0.00000000     -0.00000000     -0.00000000     -0.00000000      0.00000000     -0.00000000     -0.00000000      0.00000000
      1.52724956      0.00000000      0.00000000     -0.00000000     -0.00000000      0.00000000     -0.00000000     -0.00000000     -0.00000000      0.00000000      0.00000000      0.00000000      0.00000000     -0.00000000     -0.00000000     -0.00000000     -0.00000000      0.00000000     -0.00000000     -0.00000000     -0.00000000      0.00000000     -0.00000000     -0.00000000     -0.00000000     -0.00000000     -0.00000000      0.00000000      0.00000000     -0.00000000     -0.00000000      0.00000000      0.00000000     -0.00000000      0.00000000     -0.00000000      0.00000000      0.00000000      0.00000000      0.00000000     -0.00000000      0.00000000      0.00000000     -0.00000000     -0.00000000     -0.00000000      0.00000000      0.00000000      0.00000000     -0.00000000     -0.00000000      0.00000000      0.00000000     -0.00000000     -0.00000000      0.00000000     -0.00000000     -0.00000000     -0.00000000     -0.00000000     -0.00000000     -0.00000000     -0.00000000     -0.00000000     -0.00000000      0.00000000      0.00000000      0.00000000      0.00000000      0.00000000      0.00000000      0.00000000      0.00000000      0.00000000     -0.00000000      0.00000000      0.00000000     -0.00000000     -0.00000000      0.00000000      0.00000000     -0.00000000     -0.00000000     -0.00000000      0.00000000      0.00000000      0.00000000     -0.00000000     -0.00000000      0.00000000     -0.00000000     -0.00000000     -0.00000000     -0.00000000      0.00000000     -0.00000000      0.00000000     -0.00000000     -0.00000000      0.00000000      0.00000000     -0.00000000     -0.00000000      0.00000000      0.00000000      0.00000000      0.00000000      0.00000000     -0.00000000      0.00000000      0.00000000      0.00000000     -0.00000000      0.00000000      0.00000000      0.00000000      0.00000000     -0.00000000     -0.00000000     -0.00000000     -0.00000000      0.00000000      0.00000000      0.00000000     -0.00000000      0.00000000      0.00000000     -0.00000000     -0.00000000
      1.53705348     -0.00000000     -0.00000000      0.00000000     -0.00000000     -0.00000000     -0.00000000     -0.00000000     -0.00000000     -0.00000000     -0.00000000      0.00000000      0.00000000      0.00000000      0.00000000     -0.00000000      0.00000000     -0.00000000     -0.00000000     -0.00000000      0.00000000     -0.00000000     -0.00000000      0.00000000     -0.00000000     -0.00000000     -0.00000000      0.00000000     -0.00000000      0.00000000      0.00000000      0.00000000     -0.00000000      0.00000000      0.00000000      0.00000000     -0.00000000      0.00000000      0.00000000      0.00000000      0.00000000     -0.00000000     -0.00000000      0.00000000     -0.00000000     -0.00000000     -0.00000000     -0.00000000     -0.00000000      0.00000000      0.00000000      0.00000000      0.00000000     -0.00000000     -0.00000000      0.00000000     -0.00000000      0.00000000     -0.00000000     -0.00000000     -0.00000000     -0.00000000      0.00000000      0.00000000      0.00000000     -0.00000000     -0.00000000     -0.00000000      0.00000000      0.00000000      0.00000000      0.00000000     -0.00000000      0.00000000     -0.00000000      0.00000000      0.00000000     -0.00000000     -0.00000000     -0.00000000     -0.00000000      0.00000000      0.00000000      0.00000000      0.00000000      0.00000000     -0.00000000      0.00000000      0.00000000     -0.00000000     -0.00000000     -0.00000000     -0.00000000      0.00000000     -0.00000000     -0.00000000     -0.00000000      0.00000000     -0.00000000     -0.00000000     -0.00000000      0.00000000     -0.00000000      0.00000000      0.00000000      0.00000000     -0.00000000      0.00000000      0.00000000     -0.00000000      0.00000000      0.00000000      0.00000000     -0.00000000      0.00000000     -0.00000000     -0.00000000     -0.00000000     -0.00000000      0.00000000      0.00000000      0.00000000      0.00000000      0.00000000      0.00000000      0.00000000     -0.00000000      0.00000000      0.00000000
      1.54685740     -0.00000000      0.00000000      0.00000000      0.00000000      0.00000000      0.00000000     -0.00000000      0.00000000     -0.00000000     -0.00000000     -0.00000000      0.00000000      0.00000000     -0.00000000      0.00000000      0.00000000     -0.00000000     -0.00000000      0.00000000      0.00000000     -0.00000000      0.00000000     -0.00000000     -0.00000000     -0.00000000     -0.00000000     -0.00000000      0.00000000     -0.00000000      0.00000000      0.00000000      0.00000000     -0.00000000      0.00000000      0.00000000      0.00000000     -0.00000000     -0.00000000      0.00000000     -0.00000000      0.00000000     -0.00000000      0.00000000     -0.00000000     -0.00000000      0.00000000     -0.00000000     -0.00000000     -0.00000000     -0.00000000     -0.00000000     -0.00000000     -0.00000000      0.00000000      0.00000000      0.00000000     -0.00000000     -0.00000000     -0.00000000     -0.00000000      0.00000000     -0.00000000     -0.00000000     -0.00000000      0.00000000      0.00000000      0.00000000     -0.00000000      0.00000000      0.00000000      0.00000000      0.00000000     -0.00000000     -0.00000000     -0.00000000      0.00000000      0.00000000      0.00000000      0.00000000      0.00000000      0.00000000      0.00000000     -0.00000000      0.00000000      0.00000000     -0.00000000      0.00000000     -0.00000000      0.00000000     -0.00000000      0.00000000      0.00000000     -0.00000000     -0.00000000     -0.00000000      0.00000000     -0.00000000     -0.00000000     -0.00000000      0.00000000     -0.00000000      0.00000000      0.00000000      0.00000000      0.00000000      0.00000000     -0.00000000      0.00000000     -0.00000000     -0.00000000      0.00000000      0.00000000     -0.00000000     -0.00000000      0.00000000     -0.00000000     -0.00000000      0.00000000      0.00000000      0.00000000     -0.00000000      0.00000000     -0.00000000     -0.00000000     -0.00000000     -0.00000000     -0.00000000      0.00000000
      1.55666132      0.00000000      0.00000000      0.00000000      0.00000000     -0.00000000     -0.00000000     -0.00000000      0.00000000      0.00000000      0.00000000     -0.00000000      0.00000000      0.00000000      0.00000000     -0.00000000      0.00000000      0.00000000     -0.00000000     -0.00000000     -0.00000000      0.00000000      0.00000000     -0.00000000     -0.00000000     -0.00000000      0.00000000      0.00000000     -0.00000000     -0.00000000      0.00000000     -0.00000000      0.00000000      0.00000000      0.00000000     -0.00000000      0.00000000      0.00000000     -0.00000000     -0.00000000     -0.00000000      0.00000000     -0.00000000     -0.00000000      0.00000000      0.00000000      0.00000000      0.00000000      0.00000000      0.00000000      0.00000000     -0.00000000      0.00000000      0.00000000     -0.00000000      0.00000000      0.00000000      0.00000000     -0.00000000     -0.00000000     -0.00000000      0.00000000      0.00000000      0.00000000      0.00000000     -0.00000000     -0.00000000     -0.00000000     -0.00000000      0.00000000      0.00000000      0.00000000     -0.00000000      0.00000000      0.00000000      0.00000000     -0.00000000     -0.00000000      0.00000000      0.00000000     -0.00000000     -0.00000000     -0.00000000      0.00000000     -0.00000000     -0.00000000      0.00000000      0.00000000     -0.00000000      0.00000000     -0.00000000     -0.00000000     -0.00000000      0.00000000     -0.00000000      0.00000000     -0.00000000      0.00000000     -0.00000000     -0.00000000      0.00000000      0.00000000     -0.00000000     -0.00000000      0.00000000      0.00000000      0.00000000     -0.00000000     -0.00000000      0.00000000      0.00000000      0.00000000     -0.00000000      0.00000000      0.00000000      0.00000000     -0.00000000     -0.00000000      0.00000000     -0.00000000     -0.00000000     -0.00000000      0.00000000     -0.00000000     -0.00000000     -0.00000000      0.00000000     -0.00000000     -0.00000000
      1.56646524      0.00000000     -0.00000000     -0.00000000      0.00000000      0.00000000      0.00000000     -0.00000000      0.00000000     -0.00000000      0.00000000      0.00000000      0.00000000      0.00000000      0.00000000      0.00000000      0.00000000      0.00000000      0.00000000      0.00000000      0.00000000     -0.00000000     -0.00000000     -0.00000000      0.00000000     -0.00000000      0.00000000     -0.00000000      0.00000000     -0.00000000     -0.00000000     -0.00000000     -0.00000000      0.00000000     -0.00000000      0.00000000     -0.00000000     -0.00000000      0.00000000      0.00000000     -0.00000000      0.00000000     -0.00000000      0.00000000      0.00000000     -0.00000000      0.00000000      0.00000000      0.00000000     -0.00000000      0.00000000      0.00000000      0.00000000     -0.00000000     -0.00000000     -0.00000000      0.00000000      0.00000000      0.00000000     -0.00000000      0.00000000      0.00000000      0.00000000      0.00000000      0.00000000     -0.00000000     -0.00000000     -0.00000000     -0.00000000     -0.00000000      0.00000000     -0.00000000     -0.00000000     -0.00000000      0.00000000      0.00000000      0.00000000     -0.00000000     -0.00000000     -0.00000000      0.00000000     -0.00000000     -0.00000000     -0.00000000      0.00000000     -0.00000000     -0.00000000      0.00000000     -0.00000000      0.00000000     -0.00000000     -0.00000000      0.00000000      0.00000000     -0.00000000      0.00000000     -0.00000000      0.00000000      0.00000000      0.00000000      0.00000000     -0.00000000      0.00000000     -0.00000000      0.00000000     -0.00000000      0.00000000      0.00000000      0.00000000     -0.00000000     -0.00000000     -0.00000000     -0.00000000     -0.00000000     -0.00000000     -0.00000000     -0.00000000     -0.00000000     -0.00000000     -0.00000000      0.00000000     -0.00000000      0.00000000     -0.00000000     -0.00000000     -0.00000000      0.00000000      0.00000000     -0.00000000
      1.57626917     -0.00000000      0.00000000     -0.00000000      0.00000000     -0.00000000     -0.00000000     -0.00000000     -0.00000000     -0.00000000      0.00000000      0.00000000      0.00000000     -0.00000000      0.00000000      0.00000000     -0.00000000      0.00000000      0.00000000     -0.00000000      0.00000000      0.00000000      0.00000000      0.00000000      0.00000000      0.00000000     -0.00000000     -0.00000000      0.00000000      0.00000000     -0.00000000      0.00000000      0.00000000     -0.00000000     -0.00000000      0.00000000      0.00000000     -0.00000000      0.00000000     -0.00000000     -0.00000000      0.00000000     -0.00000000     -0.00000000     -0.00000000      0.00000000     -0.00000000     -0.00000000      0.00000000     -0.00000000     -0.00000000      0.00000000     -0.00000000     -0.00000000     -0.00000000     -0.00000000     -0.00000000      0.00000000      0.00000000     -0.00000000      0.00000000      0.00000000     -0.00000000      0.00000000     -0.00000000      0.00000000     -0.00000000      0.00000000     -0.00000000     -0.00000000      0.00000000     -0.00000000     -0.00000000      0.00000000      0.00000000      0.00000000      0.00000000      0.00000000     -0.00000000      0.00000000      0.00000000     -0.00000000      0.00000000      0.00000000     -0.00000000      0.00000000      0.00000000      0.00000000     -0.00000000      0.00000000      0.00000000     -0.00000000      0.00000000     -0.00000000     -0.00000000      0.00000000      0.00000000     -0.00000000     -0.00000000      0.00000000     -0.00000000     -0.00000000      0.00000000      0.00000000     -0.00000000     -0.00000000     -0.00000000     -0.00000000     -0.00000000     -0.00000000      0.00000000     -0.00000000     -0.00000000      0.00000000     -0.00000000     -0.00000000      0.00000000     -0.00000000     -0.00000000     -0.00000000      0.00000000      0.00000000      0.00000000      0.00000000      0.00000000     -0.00000000      0.00000000     -0.00000000      0.00000000
      1.58607309      0.00000000     -0.00000000      0.00000000      0.00000000      0.00000000     -0.00000000      0.00000000      0.00000000      0.00000000      0.00000000      0.00000000     -0.00000000     -0.00000000      0.00000000      0.00000000     -0.00000000     -0.00000000     -0.00000000     -0.00000000      0.00000000     -0.00000000      0.00000000      0.00000000      0.00000000      0.00000000     -0.00000000     -0.00000000     -0.00000000      0.00000000     -0.00000000      0.00000000      0.00000000      0.00000000      0.00000000      0.00000000      0.00000000      0.00000000      0.00000000     -0.00000000     -0.00000000     -0.00000000      0.00000000     -0.00000000      0.00000000      0.00000000     -0.00000000     -0.00000000      0.00000000     -0.00000000      0.00000000      0.00000000      0.00000000     -0.00000000     -0.00000000     -0.00000000      0.00000000     -0.00000000     -0.00000000     -0.00000000      0.00000000     -0.00000000      0.00000000      0.00000000     -0.00000000      0.00000000     -0.00000000     -0.00000000      0.00000000     -0.00000000      0.00000000      0.00000000      0.00000000     -0.00000000      0.00000000      0.00000000      0.00000000     -0.00000000     -0.00000000     -0.00000000      0.00000000     -0.00000000      0.00000000      0.00000000     -0.00000000     -0.00000000      0.00000000     -0.00000000      0.00000000      0.00000000      0.00000000     -0.00000000     -0.00000000     -0.00000000     -0.00000000     -0.00000000     -0.00000000     -0.00000000     -0.00000000      0.00000000     -0.00000000      0.00000000      0.00000000      0.00000000     -0.00000000     -0.00000000     -0.00000000     -0.00000000      0.00000000     -0.00000000      0.00000000      0.00000000      0.00000000      0.00000000     -0.00000000     -0.00000000      0.00000000      0.00000000     -0.00000000     -0.00000000     -0.00000000     -0.00000000     -0.00000000      0.00000000     -0.00000000     -0.00000000     -0.00000000      0.00000000     -0.00000000
      1.59587701     -0.00000000      0.00000000      0.00000000     -0.00000000      0.00000000     -0.00000000      0.00000000      0.00000000      0.00000000     -0.00000000     -0.00000000      0.00000000     -0.00000000      0.00000000      0.00000000     -0.00000000      0.00000000      0.00000000     -0.00000000      0.00000000     -0.00000000     -0.00000000     -0.00000000     -0.00000000     -0.00000000     -0.00000000     -0.00000000     -0.00000000      0.00000000     -0.00000000     -0.00000000     -0.00000000      0.00000000     -0.00000000      0.00000000     -0.00000000     -0.00000000     -0.00000000      0.00000000     -0.00000000      0.00000000     -0.00000000     -0.00000000     -0.00000000      0.00000000      0.00000000     -0.00000000     -0.00000000     -0.00000000      0.00000000      0.00000000      0.00000000     -0.00000000      0.00000000     -0.00000000      0.00000000     -0.00000000     -0.00000000      0.00000000     -0.00000000      0.00000000     -0.00000000      0.00000000     -0.00000000      0.00000000     -0.00000000      0.00000000     -0.00000000      0.00000000     -0.00000000      0.00000000      0.00000000     -0.00000000      0.00000000     -0.00000000      0.00000000     -0.00000000     -0.00000000     -0.00000000      0.00000000      0.00000000      0.00000000     -0.00000000     -0.00000000      0.00000000      0.00000000      0.00000000     -0.00000000      0.00000000     -0.00000000      0.00000000      0.00000000      0.00000000     -0.00000000      0.00000000     -0.00000000      0.00000000      0.00000000      0.00000000     -0.00000000      0.00000000      0.00000000      0.00000000      0.00000000      0.00000000      0.00000000      0.00000000      0.00000000     -0.00000000      0.00000000     -0.00000000     -0.00000000      0.00000000     -0.00000000     -0.00000000      0.00000000     -0.00000000      0.00000000      0.00000000     -0.00000000     -0.00000000     -0.00000000      0.00000000     -0.00000000      0.00000000     -0.00000000     -0.00000000      0.00000000
      1.60568093      0.00000000      0.00000000      0.00000000     -0.00000000     -0.00000000     -0.00000000     -0.00000000     -0.00000000     -0.00000000      0.00000000      0.00000000     -0.00000000      0.00000000      0.00000000      0.00000000      0.00000000     -0.00000000     -0.00000000      0.00000000      0.00000000      0.00000000      0.00000000      0.00000000      0.00000000      0.00000000      0.00000000     -0.00000000     -0.00000000      0.00000000      0.00000000      0.00000000     -0.00000000      0.00000000     -0.00000000     -0.00000000      0.00000000      0.00000000     -0.00000000      0.00000000     -0.00000000     -0.00000000      0.00000000      0.00000000      0.00000000      0.00000000      0.00000000      0.00000000     -0.00000000     -0.00000000      0.00000000      0.00000000     -0.00000000      0.00000000     -0.00000000      0.00000000      0.00000000     -0.00000000     -0.00000000      0.00000000      0.00000000      0.00000000      0.00000000      0.00000000     -0.00000000      0.00000000     -0.00000000     -0.00000000     -0.00000000     -0.00000000     -0.00000000      0.00000000      0.00000000     -0.00000000     -0.00000000      0.00000000     -0.00000000      0.00000000     -0.00000000     -0.00000000      0.00000000      0.00000000     -0.00000000     -0.00000000     -0.00000000     -0.00000000     -0.00000000     -0.00000000      0.00000000      0.00000000     -0.00000000      0.00000000     -0.00000000     -0.00000000      0.00000000      0.00000000     -0.00000000      0.00000000     -0.00000000     -0.00000000     -0.00000000      0.00000000      0.00000000     -0.00000000     -0.00000000     -0.00000000     -0.00000000     -0.00000000     -0.00000000     -0.00000000     -0.00000000      0.00000000      0.00000000     -0.00000000     -0.00000000     -0.00000000     -0.00000000      0.00000000     -0.00000000     -0.00000000      0.00000000      0.00000000      0.00000000      0.00000000      0.00000000      0.00000000     -0.00000000     -0.00000000     -0.00000000
      1.61548485      0.00000000     -0.00000000     -0.00000000      0.00000000      0.00000000      0.00000000      0.00000000      0.00000000      0.00000000      0.00000000     -0.00000000      0.00000000     -0.00000000     -0.00000000     -0.00000000     -0.00000000     -0.00000000      0.00000000     -0.00000000     -0.00000000     -0.00000000      0.00000000      0.00000000     -0.00000000      0.00000000     -0.00000000      0.00000000      0.00000000      0.00000000     -0.00000000      0.00000000     -0.00000000     -0.00000000      0.00000000      0.00000000      0.00000000     -0.00000000      0.00000000     -0.00000000     -0.00000000      0.00000000     -0.00000000     -0.00000000      0.00000000      0.00000000      0.00000000     -0.00000000      0.00000000      0.00000000      0.00000000     -0.00000000      0.00000000     -0.00000000      0.00000000      0.00000000     -0.00000000     -0.00000000      0.00000000     -0.00000000     -0.00000000     -0.00000000      0.00000000      0.00000000     -0.00000000      0.00000000     -0.00000000     -0.00000000      0.00000000      0.00000000      0.00000000     -0.00000000      0.00000000      0.00000000     -0.00000000     -0.00000000      0.00000000     -0.00000000      0.00000000     -0.00000000     -0.00000000     -0.00000000      0.00000000     -0.00000000     -0.00000000     -0.00000000      0.00000000      0.00000000     -0.00000000      0.00000000      0.00000000     -0.00000000      0.00000000     -0.00000000     -0.00000000     -0.00000000      0.00000000      0.00000000     -0.00000000      0.00000000     -0.00000000     -0.00000000     -0.00000000      0.00000000     -0.00000000      0.00000000     -0.00000000     -0.00000000      0.00000000      0.00000000      0.00000000     -0.00000000      0.00000000      0.00000000      0.00000000      0.00000000      0.00000000     -0.00000000      0.00000000     -0.00000000     -0.00000000     -0.00000000     -0.00000000     -0.00000000     -0.00000000     -0.00000000      0.00000000      0.00000000     -0.00000000
      1.62528877      0.00000000      0.00000000      0.00000000      0.00000000     -0.00000000     -0.00000000     -0.00000000      0.00000000     -0.00000000     -0.00000000      0.00000000      0.00000000      0.00000000     -0.00000000     -0.00000000      0.00000000      0.00000000      0.00000000      0.00000000      0.00000000      0.00000000      0.00000000      0.00000000      0.00000000      0.00000000      0.00000000     -0.00000000      0.00000000      0.00000000      0.00000000      0.00000000     -0.00000000      0.00000000      0.00000000      0.00000000     -0.00000000     -0.00000000      0.00000000     -0.00000000      0.00000000      0.00000000      0.00000000      0.00000000      0.00000000      0.00000000      0.00000000     -0.00000000      0.00000000     -0.00000000     -0.00000000     -0.00000000      0.00000000      0.00000000     -0.00000000      0.00000000      0.00000000      0.00000000      0.00000000      0.00000000      0.00000000      0.00000000      0.00000000      0.00000000      0.00000000     -0.00000000     -0.00000000     -0.00000000     -0.00000000     -0.00000000     -0.00000000     -0.00000000     -0.00000000     -0.00000000     -0.00000000      0.00000000     -0.00000000     -0.00000000      0.00000000      0.00000000      0.00000000     -0.00000000      0.00000000     -0.00000000     -0.00000000     -0.00000000     -0.00000000     -0.00000000     -0.00000000     -0.00000000      0.00000000     -0.00000000      0.00000000      0.00000000     -0.00000000     -0.00000000     -0.00000000      0.00000000     -0.00000000     -0.00000000     -0.00000000     -0.00000000      0.00000000     -0.00000000     -0.00000000     -0.00000000     -0.00000000     -0.00000000     -0.00000000     -0.00000000     -0.00000000     -0.00000000     -0.00000000     -0.00000000      0.00000000      0.00000000     -0.00000000     -0.00000000     -0.00000000      0.00000000      0.00000000     -0.00000000      0.00000000      0.00000000      0.00000000     -0.00000000     -0.00000000     -0.00000000     -0.00000000
      1.63509270      0.00000000      0.00000000     -0.00000000     -0.00000000     -0.00000000      0.00000000     -0.00000000     -0.00000000     -0.00000000      0.00000000     -0.00000000      0.00000000      0.00000000      0.00000000     -0.00000000      0.00000000      0.00000000      0.00000000     -0.00000000     -0.00000000      0.00000000      0.00000000      0.00000000      0.00000000     -0.00000000      0.00000000      0.00000000     -0.00000000     -0.00000000     -0.00000000      0.00000000      0.00000000     -0.00000000      0.00000000     -0.00000000      0.00000000     -0.00000000     -0.00000000     -0.00000000     -0.00000000     -0.00000000     -0.00000000      0.00000000      0.00000000      0.00000000      0.00000000      0.00000000     -0.00000000     -0.00000000      0.00000000      0.00000000      0.00000000      0.00000000      0.00000000      0.00000000     -0.00000000     -0.00000000     -0.00000000     -0.00000000     -0.00000000     -0.00000000      0.00000000      0.00000000     -0.00000000      0.00000000     -0.00000000     -0.00000000      0.00000000      0.00000000      0.00000000      0.00000000      0.00000000      0.00000000     -0.00000000     -0.00000000     -0.00000000     -0.00000000     -0.00000000     -0.00000000      0.00000000      0.00000000     -0.00000000     -0.00000000     -0.00000000     -0.00000000     -0.00000000      0.00000000      0.00000000      0.00000000      0.00000000      0.00000000      0.00000000     -0.00000000      0.00000000     -0.00000000      0.00000000     -0.00000000     -0.00000000      0.00000000      0.00000000      0.00000000     -0.00000000     -0.00000000      0.00000000     -0.00000000     -0.00000000     -0.00000000     -0.00000000      0.00000000      0.00000000     -0.00000000     -0.00000000     -0.00000000      0.00000000     -0.00000000     -0.00000000     -0.00000000      0.00000000     -0.00000000      0.00000000      0.00000000      0.00000000     -0.00000000      0.00000000      0.00000000      0.00000000     -0.00000000     -0.00000000
      1.64489662     -0.00000000      0.00000000     -0.00000000     -0.00000000     -0.00000000      0.00000000     -0.00000000      0.00000000      0.00000000     -0.00000000      0.00000000      0.00000000      0.00000000      0.00000000     -0.00000000     -0.00000000     -0.00000000     -0.00000000     -0.00000000     -0.00000000     -0.00000000     -0.00000000     -0.00000000      0.00000000      0.00000000      0.00000000     -0.00000000     -0.00000000      0.00000000     -0.00000000     -0.00000000     -0.00000000     -0.00000000      0.00000000      0.00000000      0.00000000     -0.00000000     -0.00000000      0.00000000     -0.00000000      0.00000000     -0.00000000      0.00000000      0.00000000      0.00000000     -0.00000000     -0.00000000      0.00000000      0.00000000     -0.00000000     -0.00000000      0.00000000     -0.00000000     -0.00000000     -0.00000000     -0.00000000      0.00000000     -0.00000000     -0.00000000     -0.00000000      0.00000000      0.00000000      0.00000000     -0.00000000      0.00000000     -0.00000000     -0.00000000     -0.00000000      0.00000000      0.00000000      0.00000000     -0.00000000      0.00000000      0.00000000      0.00000000      0.00000000     -0.00000000      0.00000000      0.00000000     -0.00000000     -0.00000000      0.00000000      0.00000000     -0.00000000     -0.00000000     -0.00000000      0.00000000     -0.00000000      0.00000000     -0.00000000      0.00000000      0.00000000     -0.00000000     -0.00000000     -0.00000000      0.00000000      0.00000000      0.00000000      0.00000000     -0.00000000      0.00000000      0.00000000     -0.00000000     -0.00000000     -0.00000000      0.00000000      0.00000000      0.00000000      0.00000000      0.00000000      0.00000000      0.00000000      0.00000000      0.00000000     -0.00000000     -0.00000000     -0.00000000     -0.00000000      0.00000000     -0.00000000     -0.00000000      0.00000000     -0.00000000      0.00000000      0.00000000      0.00000000     -0.00000000      0.00000000
      1.65470054      0.00000000     -0.00000000     -0.00000000     -0.00000000      0.00000000      0.00000000      0.00000000     -0.00000000      0.00000000      0.00000000     -0.00000000      0.00000000      0.00000000      0.00000000      0.00000000      0.00000000     -0.00000000      0.00000000     -0.00000000     -0.00000000      0.00000000     -0.00000000     -0.00000000      0.00000000     -0.00000000      0.00000000     -0.00000000      0.00000000     -0.00000000     -0.00000000     -0.00000000      0.00000000      0.00000000      0.00000000     -0.00000000     -0.00000000      0.00000000      0.00000000      0.00000000      0.00000000      0.00000000     -0.00000000      0.00000000      0.00000000     -0.00000000      0.00000000      0.00000000      0.00000000     -0.00000000     -0.00000000      0.00000000      0.00000000     -0.00000000      0.00000000     -0.00000000      0.00000000     -0.00000000      0.00000000     -0.00000000      0.00000000      0.00000000      0.00000000      0.00000000     -0.00000000      0.00000000     -0.00000000     -0.00000000     -0.00000000     -0.00000000      0.00000000     -0.00000000      0.00000000     -0.00000000      0.00000000     -0.00000000      0.00000000     -0.00000000     -0.00000000      0.00000000      0.00000000     -0.00000000     -0.00000000     -0.00000000      0.00000000     -0.00000000     -0.00000000      0.00000000     -0.00000000     -0.00000000     -0.00000000     -0.00000000     -0.00000000      0.00000000      0.00000000     -0.00000000     -0.00000000     -0.00000000      0.00000000      0.00000000      0.00000000     -0.00000000      0.00000000     -0.00000000      0.00000000     -0.00000000      0.00000000      0.00000000     -0.00000000      0.00000000      0.00000000     -0.00000000      0.00000000      0.00000000     -0.00000000     -0.00000000     -0.00000000     -0.00000000      0.00000000     -0.00000000     -0.00000000      0.00000000     -0.00000000     -0.00000000     -0.00000000      0.00000000      0.00000000      0.00000000     -0.00000000
      1.66450446      0.00000000     -0.00000000      0.00000000      0.00000000     -0.00000000      0.00000000      0.00000000     -0.00000000      0.00000000      0.00000000      0.00000000      0.00000000      0.00000000     -0.00000000      0.00000000      0.00000000     -0.00000000     -0.00000000      0.00000000      0.00000000      0.00000000      0.00000000     -0.00000000      0.00000000      0.00000000     -0.00000000     -0.00000000      0.00000000      0.00000000      0.00000000     -0.00000000     -0.00000000      0.00000000      0.00000000     -0.00000000     -0.00000000      0.00000000     -0.00000000      0.00000000      0.00000000      0.00000000      0.00000000      0.00000000      0.00000000     -0.00000000      0.00000000     -0.00000000     -0.00000000     -0.00000000      0.00000000      0.00000000      0.00000000     -0.00000000     -0.00000000     -0.00000000      0.00000000      0.00000000     -0.00000000     -0.00000000     -0.00000000      0.00000000     -0.00000000     -0.00000000      0.00000000     -0.00000000      0.00000000      0.00000000     -0.00000000      0.00000000      0.00000000      0.00000000     -0.00000000     -0.00000000      0.00000000      0.00000000      0.00000000     -0.00000000     -0.00000000     -0.00000000      0.00000000      0.00000000      0.00000000     -0.00000000      0.00000000     -0.00000000     -0.00000000     -0.00000000     -0.00000000     -0.00000000     -0.00000000      0.00000000     -0.00000000      0.00000000      0.00000000     -0.00000000     -0.00000000      0.00000000      0.00000000     -0.00000000     -0.00000000     -0.00000000      0.00000000      0.00000000     -0.00000000     -0.00000000      0.00000000     -0.00000000     -0.00000000     -0.00000000     -0.00000000      0.00000000      0.00000000     -0.00000000     -0.00000000      0.00000000     -0.00000000     -0.00000000     -0.00000000     -0.00000000     -0.00000000      0.00000000     -0.00000000     -0.00000000      0.00000000     -0.00000000     -0.00000000      0.00000000     -0.00000000
      1.67430838     -0.00000000      0.00000000      0.00000000     -0.00000000     -0.00000000     -0.00000000     -0.00000000      0.00000000      0.00000000      0.00000000      0.00000000     -0.00000000     -0.00000000     -0.00000000     -0.00000000     -0.00000000      0.00000000      0.00000000     -0.00000000     -0.00000000      0.00000000      0.00000000      0.00000000     -0.00000000     -0.00000000     -0.00000000      0.00000000      0.00000000      0.00000000     -0.00000000     -0.00000000      0.00000000      0.00000000     -0.00000000     -0.00000000     -0.00000000     -0.00000000     -0.00000000      0.00000000     -0.00000000     -0.00000000      0.00000000      0.00000000     -0.00000000     -0.00000000      0.00000000     -0.00000000     -0.00000000     -0.00000000     -0.00000000      0.00000000      0.00000000     -0.00000000     -0.00000000     -0.00000000     -0.00000000     -0.00000000      0.00000000      0.00000000      0.00000000      0.00000000     -0.00000000      0.00000000     -0.00000000      0.00000000     -0.00000000      0.00000000     -0.00000000     -0.00000000     -0.00000000     -0.00000000      0.00000000      0.00000000      0.00000000      0.00000000      0.00000000     -0.00000000     -0.00000000      0.00000000      0.00000000      0.00000000      0.00000000     -0.00000000      0.00000000      0.00000000     -0.00000000     -0.00000000      0.00000000      0.00000000     -0.00000000      0.00000000      0.00000000      0.00000000      0.00000000      0.00000000     -0.00000000     -0.00000000      0.00000000      0.00000000     -0.00000000     -0.00000000     -0.00000000      0.00000000      0.00000000      0.00000000     -0.00000000     -0.00000000     -0.00000000      0.00000000      0.00000000     -0.00000000     -0.00000000      0.00000000      0.00000000      0.00000000      0.00000000      0.00000000     -0.00000000     -0.00000000     -0.00000000     -0.00000000      0.00000000      0.00000000      0.00000000      0.00000000     -0.00000000     -0.00000000      0.00000000
      1.68411230     -0.00000000      0.00000000      0.00000000     -0.00000000     -0.00000000     -0.00000000     -0.00000000      0.00000000     -0.00000000      0.00000000      0.00000000      0.00000000      0.00000000      0.00000000      0.00000000     -0.00000000      0.00000000      0.00000000     -0.00000000     -0.00000000      0.00000000     -0.00000000     -0.00000000      0.00000000      0.00000000      0.00000000     -0.00000000     -0.00000000     -0.00000000      0.00000000      0.00000000      0.00000000      0.00000000     -0.00000000     -0.00000000     -0.00000000      0.00000000      0.00000000     -0.00000000      0.00000000      0.00000000     -0.00000000     -0.00000000     -0.00000000      0.00000000     -0.00000000      0.00000000     -0.00000000     -0.00000000     -0.00000000      0.00000000      0.00000000      0.00000000      0.00000000      0.00000000     -0.00000000     -0.00000000      0.00000000      0.00000000     -0.00000000      0.00000000      0.00000000     -0.00000000      0.00000000     -0.00000000      0.00000000     -0.00000000     -0.00000000      0.00000000     -0.00000000     -0.00000000      0.00000000      0.00000000     -0.00000000     -0.00000000     -0.00000000     -0.00000000     -0.00000000      0.00000000      0.00000000      0.00000000     -0.00000000      0.00000000     -0.00000000      0.00000000      0.00000000      0.00000000     -0.00000000     -0.00000000      0.00000000     -0.00000000     -0.00000000      0.00000000      0.00000000      0.00000000     -0.00000000     -0.00000000     -0.00000000     -0.00000000      0.00000000      0.00000000      0.00000000     -0.00000000     -0.00000000     -0.00000000      0.00000000      0.00000000     -0.00000000      0.00000000      0.00000000     -0.00000000     -0.00000000      0.00000000     -0.00000000     -0.00000000     -0.00000000     -0.00000000     -0.00000000     -0.00000000      0.00000000     -0.00000000      0.00000000      0.00000000      0.00000000      0.00000000     -0.00000000     -0.00000000      0.00000000
      1.69391622      0.00000000      0.00000000      0.00000000     -0.00000000     -0.00000000      0.00000000      0.00000000      0.00000000      0.00000000     -0.00000000      0.00000000      0.00000000      0.00000000     -0.00000000     -0.00000000      0.00000000      0.00000000     -0.00000000     -0.00000000      0.00000000      0.00000000     -0.00000000     -0.00000000      0.00000000      0.00000000      0.00000000      0.00000000      0.00000000     -0.00000000      0.00000000      0.00000000      0.00000000      0.00000000      0.00000000      0.00000000     -0.00000000      0.00000000     -0.00000000      0.00000000      0.00000000     -0.00000000     -0.00000000      0.00000000     -0.00000000     -0.00000000      0.00000000      0.00000000      0.00000000     -0.00000000     -0.00000000      0.00000000      0.00000000     -0.00000000     -0.00000000      0.00000000      0.00000000     -0.00000000      0.00000000     -0.00000000      0.00000000     -0.00000000     -0.00000000     -0.00000000     -0.00000000      0.00000000      0.00000000      0.00000000      0.00000000     -0.00000000      0.00000000     -0.00000000      0.00000000     -0.00000000     -0.00000000      0.00000000      0.00000000     -0.00000000     -0.00000000      0.00000000      0.00000000     -0.00000000     -0.00000000     -0.00000000      0.00000000      0.00000000     -0.00000000      0.00000000      0.00000000     -0.00000000     -0.00000000      0.00000000     -0.00000000      0.00000000     -0.00000000     -0.00000000     -0.00000000     -0.00000000     -0.00000000     -0.00000000      0.00000000     -0.00000000     -0.00000000     -0.00000000     -0.00000000     -0.00000000      0.00000000      0.00000000     -0.00000000     -0.00000000      0.00000000      0.00000000     -0.00000000     -0.00000000      0.00000000      0.00000000     -0.00000000     -0.00000000     -0.00000000      0.00000000     -0.00000000     -0.00000000     -0.00000000     -0.00000000      0.00000000      0.00000000     -0.00000000     -0.00000000     -0.00000000
      1.70372015     -0.00000000      0.00000000     -0.00000000      0.00000000      0.00000000      0.00000000     -0.00000000      0.00000000      0.00000000      0.00000000      0.00000000     -0.00000000      0.00000000     -0.00000000     -0.00000000      0.00000000     -0.00000000     -0.00000000     -0.00000000      0.00000000      0.00000000     -0.00000000     -0.00000000     -0.00000000      0.00000000      0.00000000     -0.00000000      0.00000000      0.00000000     -0.00000000     -0.00000000     -0.00000000     -0.00000000      0.00000000      0.00000000      0.00000000      0.00000000     -0.00000000     -0.00000000      0.00000000     -0.00000000      0.00000000      0.00000000     -0.00000000     -0.00000000      0.00000000     -0.00000000      0.00000000     -0.00000000     -0.00000000     -0.00000000      0.00000000      0.00000000     -0.00000000      0.00000000      0.00000000      0.00000000     -0.00000000     -0.00000000     -0.00000000     -0.00000000     -0.00000000      0.00000000     -0.00000000      0.00000000     -0.00000000      0.00000000      0.00000000      0.00000000      0.00000000      0.00000000     -0.00000000     -0.00000000     -0.00000000      0.00000000     -0.00000000     -0.00000000      0.00000000      0.00000000      0.00000000     -0.00000000      0.00000000     -0.00000000      0.00000000      0.00000000     -0.00000000     -0.00000000      0.00000000     -0.00000000      0.00000000      0.00000000     -0.00000000     -0.00000000     -0.00000000     -0.00000000      0.00000000      0.00000000      0.00000000      0.00000000     -0.00000000     -0.00000000      0.00000000     -0.00000000     -0.00000000      0.00000000      0.00000000      0.00000000     -0.00000000     -0.00000000      0.00000000      0.00000000      0.00000000     -0.00000000      0.00000000      0.00000000     -0.00000000      0.00000000     -0.00000000     -0.00000000     -0.00000000     -0.00000000      0.00000000     -0.00000000     -0.00000000     -0.00000000      0.00000000     -0.00000000      0.00000000
      1.71352407     -0.00000000     -0.00000000     -0.00000000      0.00000000      0.00000000     -0.00000000      0.00000000     -0.00000000     -0.00000000     -0.00000000      0.00000000      0.00000000      0.00000000     -0.00000000     -0.00000000      0.00000000      0.00000000     -0.00000000      0.00000000     -0.00000000     -0.00000000      0.00000000     -0.00000000     -0.00000000      0.00000000     -0.00000000      0.00000000      0.00000000      0.00000000      0.00000000      0.00000000     -0.00000000      0.00000000      0.00000000      0.00000000     -0.00000000     -0.00000000      0.00000000     -0.00000000     -0.00000000      0.00000000      0.00000000      0.00000000      0.00000000      0.00000000     -0.00000000     -0.00000000      0.00000000      0.00000000      0.00000000     -0.00000000      0.00000000     -0.00000000     -0.00000000     -0.00000000      0.00000000      0.00000000      0.00000000     -0.00000000     -0.00000000     -0.00000000     -0.00000000      0.00000000      0.00000000     -0.00000000     -0.00000000      0.00000000      0.00000000      0.00000000      0.00000000     -0.00000000     -0.00000000     -0.00000000      0.00000000      0.00000000      0.00000000     -0.00000000      0.00000000     -0.00000000     -0.00000000     -0.00000000      0.00000000      0.00000000     -0.00000000     -0.00000000     -0.00000000     -0.00000000     -0.00000000      0.00000000      0.00000000     -0.00000000      0.00000000      0.00000000     -0.00000000     -0.00000000     -0.00000000      0.00000000     -0.00000000     -0.00000000     -0.00000000     -0.00000000     -0.00000000      0.00000000     -0.00000000      0.00000000      0.00000000     -0.00000000      0.00000000      0.00000000     -0.00000000      0.00000000     -0.00000000     -0.00000000      0.00000000      0.00000000     -0.00000000     -0.00000000     -0.00000000      0.00000000      0.00000000      0.00000000     -0.00000000      0.00000000     -0.00000000     -0.00000000      0.00000000      0.00000000      0.00000000
      1.72332799     -0.00000000     -0.00000000     -0.00000000      0.00000000      0.00000000     -0.00000000     -0.00000000      0.00000000      0.00000000     -0.00000000      0.00000000     -0.00000000      0.00000000      0.00000000      0.00000000      0.00000000     -0.00000000      0.00000000      0.00000000      0.00000000      0.00000000      0.00000000      0.00000000      0.00000000     -0.00000000      0.00000000      0.00000000     -0.00000000      0.00000000     -0.00000000      0.00000000     -0.00000000     -0.00000000     -0.00000000     -0.00000000     -0.00000000      0.00000000     -0.00000000     -0.00000000     -0.00000000     -0.00000000      0.00000000     -0.00000000      0.00000000     -0.00000000     -0.00000000     -0.00000000      0.00000000     -0.00000000     -0.00000000      0.00000000      0.00000000     -0.00000000      0.00000000      0.00000000      0.00000000      0.00000000     -0.00000000     -0.00000000      0.00000000      0.00000000      0.00000000      0.00000000     -0.00000000      0.00000000     -0.00000000     -0.00000000     -0.00000000     -0.00000000      0.00000000      0.00000000     -0.00000000     -0.00000000     -0.00000000     -0.00000000      0.00000000     -0.00000000     -0.00000000      0.00000000      0.00000000     -0.00000000      0.00000000      0.00000000      0.00000000     -0.00000000      0.00000000     -0.00000000      0.00000000      0.00000000      0.00000000      0.00000000     -0.00000000      0.00000000      0.00000000      0.00000000      0.00000000      0.00000000     -0.00000000      0.00000000     -0.00000000      0.00000000     -0.00000000     -0.00000000      0.00000000     -0.00000000     -0.00000000     -0.00000000     -0.00000000     -0.00000000     -0.00000000     -0.00000000      0.00000000     -0.00000000     -0.00000000     -0.00000000     -0.00000000      0.00000000     -0.00000000      0.00000000     -0.00000000     -0.00000000      0.00000000      0.00000000     -0.00000000     -0.00000000      0.00000000      0.00000000      0.00000000
      1.73313191      0.00000000     -0.00000000     -0.00000000     -0.00000000      0.00000000      0.00000000      0.00000000      0.00000000     -0.00000000     -0.00000000      0.00000000     -0.00000000     -0.00000000      0.00000000     -0.00000000      0.00000000      0.00000000      0.00000000     -0.00000000     -0.00000000      0.00000000     -0.00000000     -0.00000000      0.00000000      0.00000000     -0.00000000     -0.00000000      0.00000000     -0.00000000     -0.00000000     -0.00000000      0.00000000     -0.00000000     -0.00000000     -0.00000000     -0.00000000     -0.00000000      0.00000000     -0.00000000     -0.00000000     -0.00000000      0.00000000     -0.00000000      0.00000000      0.00000000      0.00000000      0.00000000     -0.00000000      0.00000000      0.00000000      0.00000000      0.00000000     -0.00000000     -0.00000000      0.00000000     -0.00000000     -0.00000000     -0.00000000     -0.00000000     -0.00000000     -0.00000000     -0.00000000     -0.00000000      0.00000000     -0.00000000      0.00000000      0.00000000      0.00000000      0.00000000      0.00000000      0.00000000      0.00000000      0.00000000     -0.00000000      0.00000000      0.00000000     -0.00000000     -0.00000000     -0.00000000     -0.00000000      0.00000000     -0.00000000     -0.00000000     -0.00000000     -0.00000000      0.00000000     -0.00000000      0.00000000      0.00000000      0.00000000     -0.00000000      0.00000000      0.00000000      0.00000000      0.00000000      0.00000000     -0.00000000      0.00000000      0.00000000      0.00000000     -0.00000000      0.00000000      0.00000000     -0.00000000     -0.00000000      0.00000000      0.00000000     -0.00000000      0.00000000      0.00000000     -0.00000000     -0.00000000     -0.00000000      0.00000000     -0.00000000      0.00000000      0.00000000     -0.00000000      0.00000000      0.00000000     -0.00000000     -0.00000000     -0.00000000     -0.00000000      0.00000000      0.00000000      0.00000000     -0.00000000
      1.74293583      0.00000000      0.00000000     -0.00000000      0.00000000     -0.00000000      0.00000000      0.00000000     -0.00000000     -0.00000000      0.00000000      0.00000000      0.00000000      0.00000000      0.00000000     -0.00000000     -0.00000000      0.00000000      0.00000000     -0.00000000      0.00000000     -0.00000000     -0.00000000      0.00000000      0.00000000     -0.00000000     -0.00000000      0.00000000      0.00000000      0.00000000      0.00000000      0.00000000      0.00000000      0.00000000      0.00000000      0.00000000     -0.00000000     -0.00000000      0.00000000      0.00000000      0.00000000      0.00000000     -0.00000000     -0.00000000     -0.00000000      0.00000000     -0.00000000     -0.00000000     -0.00000000     -0.00000000      0.00000000      0.00000000      0.00000000      0.00000000      0.00000000      0.00000000     -0.00000000     -0.00000000     -0.00000000     -0.00000000     -0.00000000     -0.00000000      0.00000000     -0.00000000     -0.00000000      0.00000000      0.00000000     -0.00000000      0.00000000      0.00000000      0.00000000      0.00000000      0.00000000      0.00000000     -0.00000000     -0.00000000     -0.00000000     -0.00000000     -0.00000000     -0.00000000      0.00000000      0.00000000      0.00000000      0.00000000     -0.00000000      0.00000000      0.00000000      0.00000000     -0.00000000     -0.00000000     -0.00000000     -0.00000000      0.00000000      0.00000000     -0.00000000     -0.00000000     -0.00000000     -0.00000000     -0.00000000     -0.00000000     -0.00000000     -0.00000000     -0.00000000      0.00000000      0.00000000     -0.00000000     -0.00000000      0.00000000      0.00000000     -0.00000000      0.00000000     -0.00000000     -0.00000000      0.00000000      0.00000000     -0.00000000     -0.00000000     -0.00000000     -0.00000000     -0.00000000      0.00000000      0.00000000     -0.00000000     -0.00000000      0.00000000     -0.00000000      0.00000000     -0.00000000     -0.00000000
      1.75273975      0.00000000     -0.00000000     -0.00000000     -0.00000000     -0.00000000     -0.00000000     -0.00000000     -0.00000000     -0.00000000      0.00000000      0.00000000      0.00000000      0.00000000     -0.00000000      0.00000000      0.00000000      0.00000000     -0.00000000     -0.00000000      0.00000000      0.00000000     -0.00000000      0.00000000      0.00000000      0.00000000      0.00000000      0.00000000      0.00000000     -0.00000000      0.00000000     -0.00000000      0.00000000     -0.00000000      0.00000000     -0.00000000      0.00000000      0.00000000     -0.00000000     -0.00000000     -0.00000000     -0.00000000     -0.00000000      0.00000000      0.00000000     -0.00000000      0.00000000     -0.00000000      0.00000000     -0.00000000      0.00000000     -0.00000000      0.00000000      0.00000000      0.00000000     -0.00000000     -0.00000000     -0.00000000      0.00000000      0.00000000     -0.00000000     -0.00000000      0.00000000     -0.00000000     -0.00000000      0.00000000      0.00000000     -0.00000000      0.00000000      0.00000000     -0.00000000     -0.00000000      0.00000000      0.00000000      0.00000000     -0.00000000     -0.00000000     -0.00000000      0.00000000     -0.00000000      0.00000000     -0.00000000      0.00000000     -0.00000000      0.00000000     -0.00000000     -0.00000000      0.00000000      0.00000000      0.00000000      0.00000000      0.00000000     -0.00000000     -0.00000000      0.00000000     -0.00000000      0.00000000     -0.00000000      0.00000000     -0.00000000      0.00000000     -0.00000000     -0.00000000     -0.00000000     -0.00000000     -0.00000000     -0.00000000      0.00000000     -0.00000000     -0.00000000      0.00000000      0.00000000     -0.00000000     -0.00000000     -0.00000000      0.00000000     -0.00000000     -0.00000000     -0.00000000     -0.00000000      0.00000000      0.00000000      0.00000000      0.00000000      0.00000000      0.00000000      0.00000000      0.00000000     -0.00000000
      1.76254368      0.00000000      0.00000000     -0.00000000      0.00000000      0.00000000      0.00000000     -0.00000000      0.00000000     -0.00000000     -0.00000000      0.00000000      0.00000000     -0.00000000     -0.00000000      0.00000000      0.00000000      0.00000000     -0.00000000     -0.00000000     -0.00000000     -0.00000000      0.00000000      0.00000000      0.00000000      0.00000000      0.00000000      0.00000000     -0.00000000      0.00000000     -0.00000000      0.00000000      0.00000000      0.00000000      0.00000000     -0.00000000      0.00000000     -0.00000000      0.00000000      0.00000000     -0.00000000      0.00000000     -0.00000000     -0.00000000     -0.00000000     -0.00000000     -0.00000000      0.00000000     -0.00000000      0.00000000      0.00000000     -0.00000000     -0.00000000     -0.00000000     -0.00000000     -0.00000000      0.00000000     -0.00000000     -0.00000000     -0.00000000     -0.00000000      0.00000000      0.00000000     -0.00000000     -0.00000000      0.00000000      0.00000000     -0.00000000     -0.00000000      0.00000000      0.00000000      0.00000000      0.00000000     -0.00000000      0.00000000      0.00000000      0.00000000      0.00000000      0.00000000     -0.00000000     -0.00000000      0.00000000     -0.00000000      0.00000000      0.00000000      0.00000000      0.00000000      0.00000000     -0.00000000      0.00000000     -0.00000000     -0.00000000      0.00000000     -0.00000000      0.00000000     -0.00000000     -0.00000000     -0.00000000     -0.00000000      0.00000000     -0.00000000      0.00000000     -0.00000000     -0.00000000     -0.00000000     -0.00000000     -0.00000000     -0.00000000      0.00000000      0.00000000      0.00000000      0.00000000     -0.00000000     -0.00000000     -0.00000000      0.00000000      0.00000000     -0.00000000     -0.00000000      0.00000000      0.00000000     -0.00000000      0.00000000     -0.00000000     -0.00000000     -0.00000000      0.00000000     -0.00000000     -0.00000000
      1.77234760      0.00000000      0.00000000      0.00000000      0.00000000      0.00000000     -0.00000000      0.00000000     -0.00000000     -0.00000000     -0.00000000     -0.00000000      0.00000000      0.00000000     -0.00000000      0.00000000     -0.00000000      0.00000000      0.00000000      0.00000000      0.00000000     -0.00000000     -0.00000000      0.00000000     -0.00000000     -0.00000000     -0.00000000      0.00000000     -0.00000000      0.00000000     -0.00000000     -0.00000000     -0.00000000      0.00000000      0.00000000     -0.00000000      0.00000000     -0.00000000     -0.00000000     -0.00000000      0.00000000     -0.00000000     -0.00000000      0.00000000     -0.00000000      0.00000000     -0.00000000     -0.00000000     -0.00000000      0.00000000      0.00000000     -0.00000000      0.00000000     -0.00000000      0.00000000      0.00000000     -0.00000000     -0.00000000     -0.00000000      0.00000000     -0.00000000      0.00000000      0.00000000     -0.00000000     -0.00000000      0.00000000      0.00000000     -0.00000000     -0.00000000      0.00000000     -0.00000000      0.00000000      0.00000000      0.00000000     -0.00000000     -0.00000000      0.00000000     -0.00000000      0.00000000     -0.00000000     -0.00000000      0.00000000      0.00000000      0.00000000     -0.00000000      0.00000000     -0.00000000      0.00000000      0.00000000     -0.00000000      0.00000000      0.00000000      0.00000000     -0.00000000      0.00000000     -0.00000000     -0.00000000      0.00000000      0.00000000      0.00000000     -0.00000000      0.00000000     -0.00000000      0.00000000      0.00000000      0.00000000     -0.00000000      0.00000000      0.00000000     -0.00000000     -0.00000000     -0.00000000     -0.00000000      0.00000000     -0.00000000      0.00000000     -0.00000000     -0.00000000      0.00000000      0.00000000      0.00000000      0.00000000     -0.00000000      0.00000000     -0.00000000     -0.00000000     -0.00000000     -0.00000000     -0.00000000
      1.78215152      0.00000000      0.00000000      0.00000000     -0.00000000      0.00000000     -0.00000000     -0.00000000      0.00000000      0.00000000     -0.00000000      0.00000000      0.00000000      0.00000000     -0.00000000     -0.00000000     -0.00000000      0.00000000     -0.00000000     -0.00000000     -0.00000000     -0.00000000      0.00000000     -0.00000000     -0.00000000     -0.00000000     -0.00000000     -0.00000000     -0.00000000     -0.00000000     -0.00000000      0.00000000     -0.00000000     -0.00000000      0.00000000     -0.00000000     -0.00000000      0.00000000     -0.00000000      0.00000000     -0.00000000      0.00000000     -0.00000000      0.00000000      0.00000000     -0.00000000     -0.00000000     -0.00000000     -0.00000000      0.00000000      0.00000000     -0.00000000     -0.00000000      0.00000000      0.00000000      0.00000000      0.00000000      0.00000000     -0.00000000     -0.00000000      0.00000000     -0.00000000      0.00000000      0.00000000     -0.00000000      0.00000000     -0.00000000     -0.00000000      0.00000000     -0.00000000      0.00000000      0.00000000     -0.00000000     -0.00000000     -0.00000000     -0.00000000     -0.00000000      0.00000000      0.00000000     -0.00000000     -0.00000000      0.00000000      0.00000000      0.00000000      0.00000000     -0.00000000     -0.00000000      0.00000000     -0.00000000      0.00000000     -0.00000000      0.00000000     -0.00000000      0.00000000      0.00000000     -0.00000000      0.00000000      0.00000000     -0.00000000      0.00000000      0.00000000      0.00000000      0.00000000      0.00000000      0.00000000      0.00000000      0.00000000     -0.00000000      0.00000000      0.00000000      0.00000000      0.00000000     -0.00000000      0.00000000      0.00000000      0.00000000     -0.00000000     -0.00000000     -0.00000000      0.00000000     -0.00000000     -0.00000000      0.00000000      0.00000000     -0.00000000      0.00000000     -0.00000000     -0.00000000     -0.00000000
      1.79195544     -0.00000000      0.00000000     -0.00000000     -0.00000000      0.00000000      0.00000000     -0.00000000      0.00000000     -0.00000000     -0.00000000     -0.00000000      0.00000000      0.00000000      0.00000000      0.00000000      0.00000000      0.00000000     -0.00000000     -0.00000000     -0.00000000     -0.00000000     -0.00000000     -0.00000000     -0.00000000     -0.00000000     -0.00000000      0.00000000     -0.00000000     -0.00000000     -0.00000000     -0.00000000     -0.00000000     -0.00000000     -0.00000000     -0.00000000      0.00000000      0.00000000     -0.00000000      0.00000000      0.00000000     -0.00000000      0.00000000     -0.00000000      0.00000000     -0.00000000      0.00000000     -0.00000000     -0.00000000      0.00000000     -0.00000000      0.00000000      0.00000000     -0.00000000     -0.00000000     -0.00000000      0.00000000      0.00000000     -0.00000000     -0.00000000     -0.00000000      0.00000000     -0.00000000      0.00000000      0.00000000     -0.00000000     -0.00000000      0.00000000     -0.00000000      0.00000000      0.00000000      0.00000000     -0.00000000     -0.00000000      0.00000000      0.00000000      0.00000000     -0.00000000     -0.00000000      0.00000000     -0.00000000      0.00000000      0.00000000     -0.00000000      0.00000000     -0.00000000      0.00000000     -0.00000000      0.00000000     -0.00000000     -0.00000000      0.00000000     -0.00000000     -0.00000000      0.00000000      0.00000000      0.00000000      0.00000000      0.00000000      0.00000000      0.00000000      0.00000000     -0.00000000      0.00000000      0.00000000      0.00000000      0.00000000      0.00000000      0.00000000      0.00000000      0.00000000      0.00000000     -0.00000000     -0.00000000     -0.00000000     -0.00000000     -0.00000000     -0.00000000      0.00000000      0.00000000      0.00000000     -0.00000000      0.00000000     -0.00000000     -0.00000000      0.00000000      0.00000000     -0.00000000      0.00000000
      1.80175936      0.00000000      0.00000000      0.00000000      0.00000000      0.00000000     -0.00000000     -0.00000000     -0.00000000      0.00000000      0.00000000      0.00000000      0.00000000     -0.00000000      0.00000000     -0.00000000      0.00000000      0.00000000      0.00000000     -0.00000000     -0.00000000     -0.00000000     -0.00000000     -0.00000000      0.00000000     -0.00000000      0.00000000     -0.00000000      0.00000000      0.00000000     -0.00000000     -0.00000000     -0.00000000      0.00000000     -0.00000000      0.00000000      0.00000000      0.00000000     -0.00000000     -0.00000000     -0.00000000     -0.00000000      0.00000000      0.00000000      0.00000000      0.00000000      0.00000000     -0.00000000     -0.00000000      0.00000000      0.00000000      0.00000000      0.00000000     -0.00000000     -0.00000000     -0.00000000      0.00000000      0.00000000      0.00000000     -0.00000000      0.00000000      0.00000000     -0.00000000      0.00000000     -0.00000000      0.00000000     -0.00000000      0.00000000     -0.00000000     -0.00000000      0.00000000     -0.00000000     -0.00000000     -0.00000000      0.00000000      0.00000000      0.00000000     -0.00000000     -0.00000000     -0.00000000     -0.00000000      0.00000000      0.00000000     -0.00000000     -0.00000000     -0.00000000     -0.00000000     -0.00000000      0.00000000      0.00000000      0.00000000      0.00000000     -0.00000000     -0.00000000     -0.00000000      0.00000000     -0.00000000      0.00000000      0.00000000      0.00000000     -0.00000000     -0.00000000      0.00000000     -0.00000000      0.00000000     -0.00000000      0.00000000      0.00000000      0.00000000      0.00000000      0.00000000     -0.00000000     -0.00000000     -0.00000000      0.00000000     -0.00000000      0.00000000     -0.00000000     -0.00000000     -0.00000000     -0.00000000      0.00000000      0.00000000      0.00000000     -0.00000000     -0.00000000     -0.00000000     -0.00000000     -0.00000000
      1.81156328      0.00000000     -0.00000000     -0.00000000     -0.00000000      0.00000000      0.00000000     -0.00000000      0.00000000     -0.00000000     -0.00000000     -0.00000000      0.00000000      0.00000000     -0.00000000      0.00000000     -0.00000000     -0.00000000      0.00000000      0.00000000     -0.00000000      0.00000000      0.00000000     -0.00000000      0.00000000      0.00000000      0.00000000      0.00000000     -0.00000000      0.00000000      0.00000000     -0.00000000     -0.00000000     -0.00000000      0.00000000     -0.00000000     -0.00000000      0.00000000      0.00000000      0.00000000      0.00000000      0.00000000     -0.00000000     -0.00000000     -0.00000000     -0.00000000     -0.00000000     -0.00000000     -0.00000000     -0.00000000     -0.00000000      0.00000000      0.00000000      0.00000000      0.00000000     -0.00000000     -0.00000000      0.00000000     -0.00000000      0.00000000      0.00000000      0.00000000     -0.00000000      0.00000000     -0.00000000      0.00000000     -0.00000000      0.00000000     -0.00000000     -0.00000000     -0.00000000      0.00000000     -0.00000000      0.00000000      0.00000000     -0.00000000     -0.00000000     -0.00000000     -0.00000000      0.00000000      0.00000000      0.00000000      0.00000000      0.00000000      0.00000000      0.00000000      0.00000000      0.00000000     -0.00000000     -0.00000000     -0.00000000     -0.00000000     -0.00000000      0.00000000      0.00000000     -0.00000000      0.00000000      0.00000000      0.00000000     -0.00000000     -0.00000000      0.00000000     -0.00000000     -0.00000000     -0.00000000     -0.00000000      0.00000000     -0.00000000     -0.00000000      0.00000000     -0.00000000     -0.00000000      0.00000000      0.00000000     -0.00000000      0.00000000     -0.00000000     -0.00000000      0.00000000      0.00000000      0.00000000     -0.00000000      0.00000000     -0.00000000     -0.00000000      0.00000000      0.00000000      0.00000000     -0.00000000
      1.82136721      0.00000000      0.00000000     -0.00000000     -0.00000000     -0.00000000      0.00000000      0.00000000     -0.00000000     -0.00000000      0.00000000      0.00000000      0.00000000      0.00000000     -0.00000000      0.00000000      0.00000000      0.00000000     -0.00000000     -0.00000000     -0.00000000      0.00000000      0.00000000     -0.00000000     -0.00000000      0.00000000      0.00000000      0.00000000     -0.00000000      0.00000000     -0.00000000     -0.00000000     -0.00000000      0.00000000      0.00000000      0.00000000     -0.00000000      0.00000000     -0.00000000     -0.00000000     -0.00000000     -0.00000000     -0.00000000     -0.00000000     -0.00000000     -0.00000000     -0.00000000     -0.00000000     -0.00000000      0.00000000     -0.00000000      0.00000000      0.00000000      0.00000000     -0.00000000      0.00000000      0.00000000     -0.00000000     -0.00000000     -0.00000000     -0.00000000      0.00000000      0.00000000     -0.00000000     -0.00000000      0.00000000      0.00000000     -0.00000000     -0.00000000      0.00000000      0.00000000      0.00000000      0.00000000     -0.00000000     -0.00000000      0.00000000     -0.00000000     -0.00000000     -0.00000000      0.00000000     -0.00000000      0.00000000      0.00000000      0.00000000     -0.00000000      0.00000000      0.00000000      0.00000000      0.00000000      0.00000000      0.00000000      0.00000000     -0.00000000      0.00000000     -0.00000000     -0.00000000     -0.00000000      0.00000000      0.00000000      0.00000000     -0.00000000      0.00000000     -0.00000000     -0.00000000     -0.00000000      0.00000000      0.00000000     -0.00000000     -0.00000000      0.00000000      0.00000000      0.00000000     -0.00000000     -0.00000000     -0.00000000      0.00000000     -0.00000000     -0.00000000     -0.00000000     -0.00000000      0.00000000      0.00000000     -0.00000000     -0.00000000      0.00000000      0.00000000      0.00000000     -0.00000000     -0.00000000
      1.83117113     -0.00000000      0.00000000      0.00000000      0.00000000      0.00000000      0.00000000     -0.00000000     -0.00000000      0.00000000      0.00000000     -0.00000000      0.00000000     -0.00000000     -0.00000000     -0.00000000     -0.00000000      0.00000000      0.00000000      0.00000000     -0.00000000     -0.00000000     -0.00000000      0.00000000      0.00000000      0.00000000      0.00000000      0.00000000      0.00000000      0.00000000     -0.00000000     -0.00000000     -0.00000000     -0.00000000     -0.00000000      0.00000000      0.00000000      0.00000000      0.00000000      0.00000000      0.00000000      0.00000000      0.00000000      0.00000000     -0.00000000     -0.00000000     -0.00000000     -0.00000000     -0.00000000      0.00000000      0.00000000     -0.00000000      0.00000000      0.00000000     -0.00000000      0.00000000      0.00000000     -0.00000000      0.00000000     -0.00000000      0.00000000      0.00000000      0.00000000      0.00000000     -0.00000000      0.00000000     -0.00000000     -0.00000000     -0.00000000     -0.00000000      0.00000000     -0.00000000      0.00000000     -0.00000000     -0.00000000      0.00000000     -0.00000000     -0.00000000      0.00000000     -0.00000000     -0.00000000      0.00000000      0.00000000      0.00000000      0.00000000      0.00000000     -0.00000000     -0.00000000     -0.00000000     -0.00000000     -0.00000000     -0.00000000     -0.00000000     -0.00000000     -0.00000000      0.00000000      0.00000000      0.00000000      0.00000000      0.00000000     -0.00000000     -0.00000000     -0.00000000     -0.00000000     -0.00000000     -0.00000000     -0.00000000      0.00000000      0.00000000      0.00000000     -0.00000000     -0.00000000     -0.00000000      0.00000000      0.00000000      0.00000000      0.00000000     -0.00000000      0.00000000     -0.00000000     -0.00000000      0.00000000      0.00000000     -0.00000000     -0.00000000     -0.00000000     -0.00000000     -0.00000000      0.00000000
      1.84097505      0.00000000     -0.00000000      0.00000000      0.00000000      0.00000000     -0.00000000      0.00000000      0.00000000      0.00000000      0.00000000      0.00000000      0.00000000     -0.00000000     -0.00000000      0.00000000     -0.00000000      0.00000000     -0.00000000     -0.00000000      0.00000000     -0.00000000     -0.00000000     -0.00000000     -0.00000000      0.00000000     -0.00000000      0.00000000      0.00000000     -0.00000000     -0.00000000     -0.00000000     -0.00000000     -0.00000000      0.00000000      0.00000000      0.00000000      0.00000000     -0.00000000      0.00000000      0.00000000      0.00000000      0.00000000      0.00000000     -0.00000000     -0.00000000      0.00000000      0.00000000     -0.00000000     -0.00000000     -0.00000000     -0.00000000     -0.00000000      0.00000000      0.00000000     -0.00000000      0.00000000      0.00000000     -0.00000000      0.00000000     -0.00000000     -0.00000000      0.00000000      0.00000000      0.00000000     -0.00000000     -0.00000000     -0.00000000      0.00000000      0.00000000     -0.00000000      0.00000000     -0.00000000     -0.00000000      0.00000000     -0.00000000     -0.00000000      0.00000000      0.00000000      0.00000000      0.00000000      0.00000000     -0.00000000     -0.00000000      0.00000000      0.00000000     -0.00000000     -0.00000000     -0.00000000     -0.00000000     -0.00000000      0.00000000     -0.00000000     -0.00000000     -0.00000000     -0.00000000      0.00000000      0.00000000      0.00000000      0.00000000      0.00000000     -0.00000000     -0.00000000      0.00000000     -0.00000000      0.00000000      0.00000000      0.00000000      0.00000000     -0.00000000      0.00000000      0.00000000     -0.00000000      0.00000000     -0.00000000      0.00000000      0.00000000     -0.00000000     -0.00000000     -0.00000000     -0.00000000     -0.00000000     -0.00000000      0.00000000     -0.00000000     -0.00000000     -0.00000000      0.00000000     -0.00000000
      1.85077897     -0.00000000     -0.00000000     -0.00000000      0.00000000     -0.00000000      0.00000000     -0.00000000      0.00000000      0.00000000     -0.00000000      0.00000000      0.00000000      0.00000000      0.00000000     -0.00000000     -0.00000000      0.00000000     -0.00000000      0.00000000      0.00000000      0.00000000      0.00000000      0.00000000      0.00000000      0.00000000     -0.00000000      0.00000000     -0.00000000      0.00000000     -0.00000000     -0.00000000      0.00000000      0.00000000     -0.00000000     -0.00000000      0.00000000      0.00000000      0.00000000      0.00000000     -0.00000000      0.00000000      0.00000000      0.00000000     -0.00000000      0.00000000      0.00000000      0.00000000     -0.00000000     -0.00000000     -0.00000000     -0.00000000     -0.00000000      0.00000000      0.00000000     -0.00000000      0.00000000     -0.00000000      0.00000000      0.00000000     -0.00000000     -0.00000000     -0.00000000      0.00000000      0.00000000     -0.00000000     -0.00000000      0.00000000      0.00000000      0.00000000     -0.00000000     -0.00000000      0.00000000     -0.00000000      0.00000000     -0.00000000     -0.00000000      0.00000000      0.00000000      0.00000000      0.00000000      0.00000000     -0.00000000     -0.00000000     -0.00000000      0.00000000     -0.00000000     -0.00000000     -0.00000000      0.00000000     -0.00000000     -0.00000000     -0.00000000     -0.00000000      0.00000000      0.00000000     -0.00000000     -0.00000000      0.00000000      0.00000000     -0.00000000      0.00000000     -0.00000000      0.00000000     -0.00000000     -0.00000000     -0.00000000     -0.00000000     -0.00000000     -0.00000000     -0.00000000      0.00000000     -0.00000000      0.00000000      0.00000000     -0.00000000     -0.00000000     -0.00000000     -0.00000000      0.00000000     -0.00000000     -0.00000000      0.00000000     -0.00000000      0.00000000     -0.00000000      0.00000000      0.00000000      0.00000000
      1.86058289      0.00000000      0.00000000      0.00000000     -0.00000000     -0.00000000      0.00000000      0.00000000      0.00000000     -0.00000000      0.00000000      0.00000000     -0.00000000     -0.00000000      0.00000000      0.00000000      0.00000000     -0.00000000     -0.00000000     -0.00000000     -0.00000000     -0.00000000     -0.00000000      0.00000000     -0.00000000     -0.00000000      0.00000000      0.00000000     -0.00000000     -0.00000000     -0.00000000     -0.00000000      0.00000000     -0.00000000     -0.00000000      0.00000000      0.00000000      0.00000000     -0.00000000     -0.00000000     -0.00000000      0.00000000     -0.00000000      0.00000000      0.00000000      0.00000000     -0.00000000     -0.00000000      0.00000000     -0.00000000      0.00000000      0.00000000      0.00000000     -0.00000000      0.00000000      0.00000000      0.00000000     -0.00000000      0.00000000      0.00000000     -0.00000000     -0.00000000      0.00000000      0.00000000      0.00000000     -0.00000000     -0.00000000     -0.00000000      0.00000000      0.00000000     -0.00000000     -0.00000000      0.00000000     -0.00000000     -0.00000000     -0.00000000      0.00000000     -0.00000000     -0.00000000     -0.00000000      0.00000000     -0.00000000      0.00000000      0.00000000     -0.00000000     -0.00000000     -0.00000000      0.00000000     -0.00000000      0.00000000      0.00000000      0.00000000     -0.00000000     -0.00000000     -0.00000000      0.00000000      0.00000000     -0.00000000      0.00000000      0.00000000      0.00000000      0.00000000     -0.00000000     -0.00000000      0.00000000      0.00000000     -0.00000000      0.00000000      0.00000000      0.00000000      0.00000000      0.00000000      0.00000000     -0.00000000     -0.00000000     -0.00000000      0.00000000      0.00000000     -0.00000000     -0.00000000      0.00000000     -0.00000000     -0.00000000     -0.00000000      0.00000000      0.00000000     -0.00000000     -0.00000000     -0.00000000
      1.87038681     -0.00000000      0.00000000      0.00000000     -0.00000000      0.00000000     -0.00000000      0.00000000     -0.00000000     -0.00000000     -0.00000000     -0.00000000     -0.00000000     -0.00000000     -0.00000000     -0.00000000     -0.00000000     -0.00000000     -0.00000000     -0.00000000     -0.00000000     -0.00000000     -0.00000000      0.00000000     -0.00000000     -0.00000000      0.00000000     -0.00000000      0.00000000     -0.00000000     -0.00000000      0.00000000      0.00000000      0.00000000     -0.00000000     -0.00000000      0.00000000      0.00000000      0.00000000     -0.00000000     -0.00000000     -0.00000000      0.00000000      0.00000000      0.00000000     -0.00000000     -0.00000000     -0.00000000     -0.00000000     -0.00000000     -0.00000000     -0.00000000     -0.00000000     -0.00000000      0.00000000      0.00000000      0.00000000     -0.00000000     -0.00000000     -0.00000000      0.00000000     -0.00000000     -0.00000000     -0.00000000     -0.00000000      0.00000000      0.00000000      0.00000000      0.00000000     -0.00000000      0.00000000      0.00000000      0.00000000     -0.00000000     -0.00000000     -0.00000000      0.00000000      0.00000000      0.00000000      0.00000000      0.00000000      0.00000000      0.00000000      0.00000000      0.00000000     -0.00000000     -0.00000000     -0.00000000      0.00000000      0.00000000      0.00000000     -0.00000000     -0.00000000     -0.00000000      0.00000000      0.00000000     -0.00000000     -0.00000000     -0.00000000      0.00000000      0.00000000     -0.00000000      0.00000000     -0.00000000      0.00000000      0.00000000     -0.00000000      0.00000000      0.00000000      0.00000000      0.00000000      0.00000000      0.00000000      0.00000000      0.00000000      0.00000000      0.00000000      0.00000000      0.00000000      0.00000000      0.00000000      0.00000000     -0.00000000      0.00000000     -0.00000000      0.00000000     -0.00000000     -0.00000000      0.00000000
      1.88019073     -0.00000000      0.00000000      0.00000000     -0.00000000      0.00000000      0.00000000     -0.00000000     -0.00000000     -0.00000000      0.00000000      0.00000000     -0.00000000     -0.00000000      0.00000000      0.00000000     -0.00000000     -0.00000000     -0.00000000      0.00000000      0.00000000      0.00000000      0.00000000      0.00000000      0.00000000     -0.00000000     -0.00000000      0.00000000      0.00000000      0.00000000     -0.00000000     -0.00000000     -0.00000000      0.00000000      0.00000000     -0.00000000     -0.00000000      0.00000000      0.00000000      0.00000000     -0.00000000     -0.00000000      0.00000000      0.00000000      0.00000000     -0.00000000     -0.00000000      0.00000000     -0.00000000      0.00000000      0.00000000      0.00000000      0.00000000     -0.00000000      0.00000000      0.00000000      0.00000000     -0.00000000     -0.00000000      0.00000000      0.00000000     -0.00000000      0.00000000      0.00000000      0.00000000     -0.00000000     -0.00000000     -0.00000000      0.00000000     -0.00000000     -0.00000000      0.00000000      0.00000000     -0.00000000     -0.00000000     -0.00000000      0.00000000     -0.00000000     -0.00000000     -0.00000000     -0.00000000      0.00000000     -0.00000000      0.00000000      0.00000000     -0.00000000     -0.00000000     -0.00000000      0.00000000      0.00000000     -0.00000000     -0.00000000     -0.00000000      0.00000000      0.00000000     -0.00000000     -0.00000000      0.00000000      0.00000000      0.00000000     -0.00000000     -0.00000000     -0.00000000      0.00000000      0.00000000     -0.00000000     -0.00000000     -0.00000000     -0.00000000     -0.00000000     -0.00000000      0.00000000      0.00000000      0.00000000     -0.00000000     -0.00000000      0.00000000      0.00000000     -0.00000000     -0.00000000      0.00000000      0.00000000      0.00000000     -0.00000000     -0.00000000      0.00000000     -0.00000000     -0.00000000      0.00000000
      1.88999466     -0.00000000     -0.00000000      0.00000000      0.00000000     -0.00000000     -0.00000000      0.00000000      0.00000000      0.00000000     -0.00000000     -0.00000000     -0.00000000     -0.00000000     -0.00000000     -0.00000000      0.00000000      0.00000000      0.00000000     -0.00000000      0.00000000      0.00000000      0.00000000      0.00000000      0.00000000      0.00000000      0.00000000      0.00000000      0.00000000     -0.00000000      0.00000000     -0.00000000      0.00000000     -0.00000000      0.00000000      0.00000000      0.00000000      0.00000000     -0.00000000     -0.00000000     -0.00000000     -0.00000000     -0.00000000      0.00000000     -0.00000000      0.00000000     -0.00000000     -0.00000000      0.00000000      0.00000000      0.00000000     -0.00000000      0.00000000      0.00000000     -0.00000000      0.00000000     -0.00000000      0.00000000     -0.00000000     -0.00000000      0.00000000     -0.00000000      0.00000000     -0.00000000     -0.00000000      0.00000000      0.00000000     -0.00000000      0.00000000     -0.00000000      0.00000000      0.00000000     -0.00000000      0.00000000     -0.00000000      0.00000000     -0.00000000     -0.00000000      0.00000000     -0.00000000     -0.00000000     -0.00000000      0.00000000      0.00000000     -0.00000000      0.00000000     -0.00000000      0.00000000      0.00000000      0.00000000      0.00000000      0.00000000     -0.00000000     -0.00000000     -0.00000000     -0.00000000      0.00000000     -0.00000000      0.00000000     -0.00000000      0.00000000     -0.00000000     -0.00000000     -0.00000000     -0.00000000     -0.00000000     -0.00000000     -0.00000000     -0.00000000     -0.00000000      0.00000000     -0.00000000     -0.00000000     -0.00000000      0.00000000      0.00000000      0.00000000      0.00000000      0.00000000      0.00000000     -0.00000000     -0.00000000     -0.00000000      0.00000000      0.00000000     -0.00000000     -0.00000000      0.00000000      0.00000000
      1.89979858     -0.00000000      0.00000000     -0.00000000     -0.00000000     -0.00000000     -0.00000000      0.00000000      0.00000000      0.00000000     -0.00000000      0.00000000      0.00000000      0.00000000      0.00000000      0.00000000     -0.00000000      0.00000000      0.00000000     -0.00000000     -0.00000000      0.00000000     -0.00000000     -0.00000000     -0.00000000     -0.00000000     -0.00000000     -0.00000000     -0.00000000     -0.00000000     -0.00000000     -0.00000000     -0.00000000     -0.00000000     -0.00000000     -0.00000000      0.00000000      0.00000000     -0.00000000     -0.00000000      0.00000000     -0.00000000     -0.00000000      0.00000000     -0.00000000     -0.00000000     -0.00000000     -0.00000000     -0.00000000      0.00000000     -0.00000000     -0.00000000     -0.00000000     -0.00000000      0.00000000     -0.00000000     -0.00000000     -0.00000000     -0.00000000     -0.00000000     -0.00000000     -0.00000000     -0.00000000     -0.00000000     -0.00000000      0.00000000      0.00000000      0.00000000      0.00000000      0.00000000      0.00000000      0.00000000      0.00000000      0.00000000      0.00000000     -0.00000000      0.00000000      0.00000000      0.00000000      0.00000000     -0.00000000      0.00000000      0.00000000      0.00000000      0.00000000      0.00000000     -0.00000000      0.00000000      0.00000000     -0.00000000      0.00000000      0.00000000     -0.00000000     -0.00000000      0.00000000      0.00000000      0.00000000      0.00000000      0.00000000      0.00000000      0.00000000      0.00000000      0.00000000      0.00000000      0.00000000      0.00000000      0.00000000      0.00000000     -0.00000000      0.00000000      0.00000000     -0.00000000     -0.00000000      0.00000000     -0.00000000     -0.00000000     -0.00000000     -0.00000000     -0.00000000      0.00000000     -0.00000000     -0.00000000     -0.00000000      0.00000000      0.00000000      0.00000000      0.00000000     -0.00000000      0.00000000
      1.90960250      0.00000000      0.00000000      0.00000000     -0.00000000      0.00000000     -0.00000000      0.00000000     -0.00000000      0.00000000     -0.00000000     -0.00000000     -0.00000000     -0.00000000      0.00000000     -0.00000000     -0.00000000     -0.00000000      0.00000000      0.00000000      0.00000000      0.00000000     -0.00000000      0.00000000     -0.00000000     -0.00000000      0.00000000     -0.00000000     -0.00000000     -0.00000000      0.00000000      0.00000000     -0.00000000     -0.00000000      0.00000000     -0.00000000     -0.00000000      0.00000000     -0.00000000     -0.00000000      0.00000000      0.00000000      0.00000000     -0.00000000      0.00000000     -0.00000000     -0.00000000      0.00000000     -0.00000000     -0.00000000     -0.00000000     -0.00000000     -0.00000000      0.00000000      0.00000000      0.00000000      0.00000000      0.00000000     -0.00000000     -0.00000000      0.00000000     -0.00000000      0.00000000      0.00000000      0.00000000     -0.00000000     -0.00000000     -0.00000000      0.00000000     -0.00000000      0.00000000      0.00000000     -0.00000000     -0.00000000     -0.00000000     -0.00000000     -0.00000000      0.00000000      0.00000000      0.00000000      0.00000000      0.00000000     -0.00000000      0.00000000      0.00000000     -0.00000000      0.00000000     -0.00000000     -0.00000000     -0.00000000      0.00000000      0.00000000     -0.00000000      0.00000000      0.00000000     -0.00000000      0.00000000      0.00000000     -0.00000000     -0.00000000      0.00000000      0.00000000      0.00000000     -0.00000000      0.00000000      0.00000000     -0.00000000      0.00000000     -0.00000000     -0.00000000     -0.00000000     -0.00000000      0.00000000      0.00000000      0.00000000     -0.00000000      0.00000000      0.00000000      0.00000000      0.00000000     -0.00000000      0.00000000     -0.00000000      0.00000000     -0.00000000      0.00000000     -0.00000000     -0.00000000     -0.00000000
      1.91940642     -0.00000000     -0.00000000     -0.00000000      0.00000000      0.00000000     -0.00000000      0.00000000     -0.00000000     -0.00000000      0.00000000     -0.00000000      0.00000000      0.00000000      0.00000000     -0.00000000     -0.00000000     -0.00000000     -0.00000000      0.00000000     -0.00000000      0.00000000      0.00000000      0.00000000      0.00000000     -0.00000000      0.00000000     -0.00000000     -0.00000000     -0.00000000     -0.00000000      0.00000000     -0.00000000     -0.00000000      0.00000000      0.00000000      0.00000000      0.00000000      0.00000000     -0.00000000     -0.00000000     -0.00000000      0.00000000     -0.00000000      0.00000000     -0.00000000      0.00000000     -0.00000000     -0.00000000     -0.00000000     -0.00000000      0.00000000      0.00000000     -0.00000000      0.00000000     -0.00000000      0.00000000     -0.00000000      0.00000000      0.00000000      0.00000000      0.00000000      0.00000000     -0.00000000      0.00000000     -0.00000000      0.00000000     -0.00000000     -0.00000000     -0.00000000     -0.00000000     -0.00000000      0.00000000     -0.00000000      0.00000000     -0.00000000      0.00000000     -0.00000000     -0.00000000      0.00000000      0.00000000      0.00000000      0.00000000     -0.00000000      0.00000000     -0.00000000      0.00000000     -0.00000000      0.00000000      0.00000000      0.00000000     -0.00000000     -0.00000000     -0.00000000     -0.00000000     -0.00000000      0.00000000      0.00000000     -0.00000000      0.00000000      0.00000000      0.00000000      0.00000000     -0.00000000      0.00000000     -0.00000000     -0.00000000     -0.00000000     -0.00000000      0.00000000     -0.00000000      0.00000000      0.00000000      0.00000000      0.00000000     -0.00000000     -0.00000000     -0.00000000      0.00000000     -0.00000000      0.00000000      0.00000000     -0.00000000      0.00000000     -0.00000000     -0.00000000      0.00000000      0.00000000      0.00000000
      1.92921034      0.00000000      0.00000000      0.00000000     -0.00000000     -0.00000000      0.00000000      0.00000000     -0.00000000     -0.00000000     -0.00000000     -0.00000000     -0.00000000     -0.00000000     -0.00000000      0.00000000     -0.00000000      0.00000000     -0.00000000      0.00000000      0.00000000      0.00000000     -0.00000000      0.00000000     -0.00000000     -0.00000000     -0.00000000      0.00000000      0.00000000      0.00000000      0.00000000      0.00000000     -0.00000000     -0.00000000     -0.00000000      0.00000000     -0.00000000     -0.00000000     -0.00000000      0.00000000      0.00000000     -0.00000000     -0.00000000      0.00000000     -0.00000000     -0.00000000      0.00000000      0.00000000      0.00000000      0.00000000      0.00000000     -0.00000000      0.00000000     -0.00000000     -0.00000000      0.00000000     -0.00000000     -0.00000000      0.00000000     -0.00000000      0.00000000      0.00000000      0.00000000      0.00000000      0.00000000     -0.00000000     -0.00000000     -0.00000000     -0.00000000     -0.00000000      0.00000000     -0.00000000      0.00000000      0.00000000     -0.00000000      0.00000000      0.00000000     -0.00000000      0.00000000     -0.00000000     -0.00000000     -0.00000000     -0.00000000     -0.00000000      0.00000000      0.00000000     -0.00000000      0.00000000      0.00000000     -0.00000000     -0.00000000      0.00000000      0.00000000      0.00000000     -0.00000000      0.00000000      0.00000000      0.00000000     -0.00000000     -0.00000000     -0.00000000     -0.00000000     -0.00000000      0.00000000      0.00000000      0.00000000     -0.00000000      0.00000000     -0.00000000     -0.00000000     -0.00000000      0.00000000     -0.00000000      0.00000000     -0.00000000      0.00000000      0.00000000      0.00000000      0.00000000      0.00000000      0.00000000      0.00000000     -0.00000000     -0.00000000      0.00000000      0.00000000     -0.00000000     -0.00000000     -0.00000000
      1.93901426     -0.00000000      0.00000000      0.00000000      0.00000000     -0.00000000     -0.00000000      0.00000000      0.00000000      0.00000000     -0.00000000      0.00000000      0.00000000     -0.00000000     -0.00000000     -0.00000000     -0.00000000      0.00000000     -0.00000000     -0.00000000      0.00000000      0.00000000     -0.00000000      0.00000000      0.00000000     -0.00000000     -0.00000000     -0.00000000     -0.00000000      0.00000000     -0.00000000     -0.00000000      0.00000000      0.00000000      0.00000000      0.00000000     -0.00000000      0.00000000      0.00000000      0.00000000      0.00000000      0.00000000     -0.00000000     -0.00000000      0.00000000      0.00000000      0.00000000      0.00000000     -0.00000000     -0.00000000     -0.00000000      0.00000000      0.00000000      0.00000000      0.00000000      0.00000000      0.00000000      0.00000000     -0.00000000     -0.00000000      0.00000000      0.00000000     -0.00000000     -0.00000000     -0.00000000      0.00000000      0.00000000      0.00000000     -0.00000000     -0.00000000      0.00000000      0.00000000     -0.00000000     -0.00000000     -0.00000000     -0.00000000     -0.00000000     -0.00000000     -0.00000000      0.00000000      0.00000000      0.00000000     -0.00000000     -0.00000000     -0.00000000     -0.00000000      0.00000000      0.00000000     -0.00000000     -0.00000000     -0.00000000     -0.00000000     -0.00000000      0.00000000     -0.00000000     -0.00000000     -0.00000000     -0.00000000      0.00000000      0.00000000     -0.00000000      0.00000000      0.00000000      0.00000000      0.00000000     -0.00000000     -0.00000000      0.00000000     -0.00000000     -0.00000000      0.00000000      0.00000000     -0.00000000      0.00000000      0.00000000      0.00000000      0.00000000     -0.00000000     -0.00000000      0.00000000     -0.00000000     -0.00000000     -0.00000000      0.00000000      0.00000000     -0.00000000     -0.00000000     -0.00000000      0.00000000
      1.94881819      0.00000000      0.00000000      0.00000000     -0.00000000     -0.00000000      0.00000000     -0.00000000      0.00000000      0.00000000     -0.00000000      0.00000000     -0.00000000     -0.00000000     -0.00000000     -0.00000000     -0.00000000      0.00000000      0.00000000      0.00000000      0.00000000      0.00000000      0.00000000      0.00000000     -0.00000000     -0.00000000      0.00000000      0.00000000     -0.00000000      0.00000000     -0.00000000      0.00000000     -0.00000000     -0.00000000      0.00000000     -0.00000000     -0.00000000     -0.00000000      0.00000000      0.00000000     -0.00000000     -0.00000000      0.00000000      0.00000000      0.00000000      0.00000000      0.00000000      0.00000000     -0.00000000      0.00000000     -0.00000000      0.00000000      0.00000000      0.00000000     -0.00000000      0.00000000     -0.00000000      0.00000000     -0.00000000      0.00000000      0.00000000      0.00000000     -0.00000000     -0.00000000     -0.00000000      0.00000000      0.00000000      0.00000000     -0.00000000     -0.00000000     -0.00000000      0.00000000     -0.00000000      0.00000000     -0.00000000      0.00000000     -0.00000000     -0.00000000     -0.00000000      0.00000000     -0.00000000      0.00000000     -0.00000000     -0.00000000     -0.00000000     -0.00000000     -0.00000000     -0.00000000      0.00000000      0.00000000     -0.00000000     -0.00000000      0.00000000      0.00000000      0.00000000     -0.00000000      0.00000000      0.00000000     -0.00000000      0.00000000     -0.00000000      0.00000000     -0.00000000     -0.00000000      0.00000000      0.00000000     -0.00000000     -0.00000000     -0.00000000     -0.00000000     -0.00000000     -0.00000000     -0.00000000      0.00000000      0.00000000      0.00000000      0.00000000      0.00000000     -0.00000000      0.00000000     -0.00000000     -0.00000000      0.00000000     -0.00000000      0.00000000      0.00000000     -0.00000000     -0.00000000     -0.00000000
      1.95862211     -0.00000000      0.00000000     -0.00000000      0.00000000      0.00000000      0.00000000      0.00000000      0.00000000      0.00000000      0.00000000     -0.00000000     -0.00000000      0.00000000     -0.00000000      0.00000000      0.00000000      0.00000000     -0.00000000      0.00000000      0.00000000     -0.00000000     -0.00000000      0.00000000     -0.00000000      0.00000000      0.00000000      0.00000000      0.00000000     -0.00000000     -0.00000000      0.00000000      0.00000000     -0.00000000      0.00000000     -0.00000000     -0.00000000     -0.00000000      0.00000000     -0.00000000      0.00000000      0.00000000      0.00000000     -0.00000000     -0.00000000      0.00000000     -0.00000000     -0.00000000      0.00000000      0.00000000      0.00000000      0.00000000     -0.00000000      0.00000000     -0.00000000      0.00000000     -0.00000000      0.00000000      0.00000000     -0.00000000     -0.00000000      0.00000000     -0.00000000     -0.00000000     -0.00000000      0.00000000      0.00000000      0.00000000     -0.00000000      0.00000000      0.00000000     -0.00000000     -0.00000000      0.00000000     -0.00000000      0.00000000     -0.00000000      0.00000000     -0.00000000     -0.00000000     -0.00000000     -0.00000000      0.00000000      0.00000000     -0.00000000      0.00000000      0.00000000     -0.00000000     -0.00000000     -0.00000000      0.00000000     -0.00000000      0.00000000      0.00000000      0.00000000     -0.00000000      0.00000000     -0.00000000     -0.00000000      0.00000000      0.00000000     -0.00000000     -0.00000000     -0.00000000     -0.00000000      0.00000000     -0.00000000      0.00000000      0.00000000     -0.00000000     -0.00000000      0.00000000     -0.00000000     -0.00000000     -0.00000000      0.00000000     -0.00000000      0.00000000      0.00000000     -0.00000000     -0.00000000     -0.00000000     -0.00000000     -0.00000000     -0.00000000     -0.00000000      0.00000000     -0.00000000      0.00000000
      1.96842603      0.00000000      0.00000000      0.00000000      0.00000000      0.00000000      0.00000000     -0.00000000      0.00000000      0.00000000     -0.00000000      0.00000000     -0.00000000     -0.00000000      0.00000000      0.00000000     -0.00000000      0.00000000      0.00000000      0.00000000      0.00000000     -0.00000000      0.00000000     -0.00000000      0.00000000      0.00000000      0.00000000     -0.00000000     -0.00000000     -0.00000000     -0.00000000      0.00000000     -0.00000000     -0.00000000     -0.00000000     -0.00000000      0.00000000     -0.00000000      0.00000000      0.00000000     -0.00000000      0.00000000      0.00000000      0.00000000     -0.00000000      0.00000000      0.00000000      0.00000000     -0.00000000     -0.00000000     -0.00000000     -0.00000000     -0.00000000     -0.00000000      0.00000000     -0.00000000     -0.00000000      0.00000000     -0.00000000     -0.00000000      0.00000000      0.00000000      0.00000000      0.00000000     -0.00000000      0.00000000     -0.00000000     -0.00000000     -0.00000000     -0.00000000      0.00000000      0.00000000     -0.00000000      0.00000000      0.00000000     -0.00000000      0.00000000      0.00000000      0.00000000      0.00000000      0.00000000      0.00000000     -0.00000000     -0.00000000     -0.00000000      0.00000000     -0.00000000     -0.00000000     -0.00000000      0.00000000     -0.00000000     -0.00000000      0.00000000     -0.00000000      0.00000000      0.00000000      0.00000000      0.00000000     -0.00000000      0.00000000      0.00000000      0.00000000      0.00000000     -0.00000000     -0.00000000     -0.00000000      0.00000000     -0.00000000      0.00000000     -0.00000000     -0.00000000     -0.00000000     -0.00000000      0.00000000     -0.00000000     -0.00000000      0.00000000      0.00000000     -0.00000000      0.00000000     -0.00000000     -0.00000000      0.00000000     -0.00000000     -0.00000000     -0.00000000     -0.00000000     -0.00000000     -0.00000000
      1.97822995      0.00000000     -0.00000000      0.00000000     -0.00000000     -0.00000000     -0.00000000     -0.00000000      0.00000000      0.00000000     -0.00000000      0.00000000      0.00000000      0.00000000     -0.00000000     -0.00000000     -0.00000000      0.00000000     -0.00000000     -0.00000000      0.00000000     -0.00000000     -0.00000000     -0.00000000      0.00000000      0.00000000      0.00000000     -0.00000000     -0.00000000     -0.00000000     -0.00000000     -0.00000000     -0.00000000      0.00000000      0.00000000     -0.00000000     -0.00000000     -0.00000000      0.00000000      0.00000000     -0.00000000      0.00000000      0.00000000      0.00000000     -0.00000000      0.00000000      0.00000000      0.00000000     -0.00000000     -0.00000000      0.00000000     -0.00000000     -0.00000000     -0.00000000     -0.00000000      0.00000000      0.00000000      0.00000000      0.00000000     -0.00000000      0.00000000      0.00000000     -0.00000000      0.00000000      0.00000000     -0.00000000     -0.00000000      0.00000000     -0.00000000     -0.00000000      0.00000000     -0.00000000     -0.00000000     -0.00000000     -0.00000000      0.00000000      0.00000000      0.00000000      0.00000000     -0.00000000      0.00000000      0.00000000     -0.00000000     -0.00000000     -0.00000000      0.00000000     -0.00000000     -0.00000000     -0.00000000      0.00000000     -0.00000000     -0.00000000      0.00000000      0.00000000      0.00000000     -0.00000000     -0.00000000      0.00000000      0.00000000      0.00000000      0.00000000      0.00000000      0.00000000     -0.00000000     -0.00000000     -0.00000000      0.00000000      0.00000000      0.00000000     -0.00000000      0.00000000      0.00000000     -0.00000000      0.00000000      0.00000000      0.00000000     -0.00000000     -0.00000000     -0.00000000      0.00000000     -0.00000000     -0.00000000      0.00000000      0.00000000      0.00000000      0.00000000     -0.00000000      0.00000000     -0.00000000
      1.98803387      0.00000000      0.00000000      0.00000000     -0.00000000     -0.00000000      0.00000000     -0.00000000      0.00000000     -0.00000000      0.00000000     -0.00000000      0.00000000     -0.00000000     -0.00000000     -0.00000000     -0.00000000      0.00000000     -0.00000000      0.00000000     -0.00000000     -0.00000000     -0.00000000      0.00000000     -0.00000000      0.00000000      0.00000000     -0.00000000     -0.00000000     -0.00000000      0.00000000      0.00000000     -0.00000000     -0.00000000      0.00000000     -0.00000000      0.00000000      0.00000000      0.00000000     -0.00000000      0.00000000     -0.00000000      0.00000000     -0.00000000     -0.00000000     -0.00000000     -0.00000000     -0.00000000     -0.00000000      0.00000000      0.00000000     -0.00000000      0.00000000      0.00000000      0.00000000      0.00000000      0.00000000      0.00000000     -0.00000000     -0.00000000     -0.00000000     -0.00000000     -0.00000000      0.00000000     -0.00000000      0.00000000     -0.00000000      0.00000000      0.00000000     -0.00000000      0.00000000      0.00000000     -0.00000000     -0.00000000     -0.00000000     -0.00000000     -0.00000000     -0.00000000      0.00000000     -0.00000000      0.00000000      0.00000000     -0.00000000     -0.00000000     -0.00000000     -0.00000000      0.00000000      0.00000000      0.00000000     -0.00000000      0.00000000     -0.00000000     -0.00000000      0.00000000      0.00000000     -0.00000000      0.00000000      0.00000000     -0.00000000     -0.00000000      0.00000000      0.00000000      0.00000000     -0.00000000     -0.00000000      0.00000000     -0.00000000      0.00000000      0.00000000      0.00000000     -0.00000000      0.00000000     -0.00000000      0.00000000     -0.00000000      0.00000000      0.00000000     -0.00000000      0.00000000     -0.00000000      0.00000000     -0.00000000      0.00000000      0.00000000     -0.00000000      0.00000000      0.00000000      0.00000000     -0.00000000
      1.99783779     -0.00000000      0.00000000      0.00000000     -0.00000000     -0.00000000     -0.00000000     -0.00000000     -0.00000000     -0.00000000     -0.00000000      0.00000000      0.00000000      0.00000000     -0.00000000      0.00000000     -0.00000000      0.00000000      0.00000000      0.00000000      0.00000000      0.00000000      0.00000000     -0.00000000     -0.00000000      0.00000000      0.00000000     -0.00000000     -0.00000000      0.00000000     -0.00000000     -0.00000000      0.00000000      0.00000000     -0.00000000     -0.00000000     -0.00000000      0.00000000      0.00000000     -0.00000000      0.00000000      0.00000000     -0.00000000     -0.00000000      0.00000000      0.00000000      0.00000000      0.00000000      0.00000000     -0.00000000     -0.00000000      0.00000000     -0.00000000      0.00000000      0.00000000     -0.00000000      0.00000000     -0.00000000     -0.00000000      0.00000000     -0.00000000     -0.00000000     -0.00000000     -0.00000000      0.00000000     -0.00000000      0.00000000      0.00000000      0.00000000      0.00000000     -0.00000000      0.00000000      0.00000000     -0.00000000      0.00000000     -0.00000000     -0.00000000      0.00000000     -0.00000000      0.00000000      0.00000000     -0.00000000     -0.00000000     -0.00000000     -0.00000000     -0.00000000      0.00000000      0.00000000     -0.00000000     -0.00000000      0.00000000     -0.00000000     -0.00000000      0.00000000      0.00000000      0.00000000     -0.00000000     -0.00000000      0.00000000      0.00000000     -0.00000000      0.00000000      0.00000000     -0.00000000     -0.00000000      0.00000000      0.00000000     -0.00000000     -0.00000000     -0.00000000     -0.00000000     -0.00000000     -0.00000000      0.00000000     -0.00000000      0.00000000     -0.00000000     -0.00000000     -0.00000000      0.00000000      0.00000000      0.00000000      0.00000000      0.00000000      0.00000000      0.00000000     -0.00000000     -0.00000000      0.00000000
      2.00764171     -0.00000000      0.00000000      0.00000000      0.00000000     -0.00000000     -0.00000000     -0.00000000     -0.00000000      0.00000000     -0.00000000      0.00000000     -0.00000000     -0.00000000     -0.00000000      0.00000000     -0.00000000     -0.00000000      0.00000000     -0.00000000      0.00000000     -0.00000000     -0.00000000     -0.00000000      0.00000000     -0.00000000     -0.00000000      0.00000000      0.00000000     -0.00000000      0.00000000      0.00000000     -0.00000000     -0.00000000      0.00000000     -0.00000000      0.00000000     -0.00000000     -0.00000000      0.00000000      0.00000000      0.00000000     -0.00000000     -0.00000000     -0.00000000      0.00000000     -0.00000000      0.00000000      0.00000000      0.00000000      0.00000000      0.00000000     -0.00000000     -0.00000000      0.00000000      0.00000000      0.00000000     -0.00000000      0.00000000      0.00000000      0.00000000     -0.00000000      0.00000000      0.00000000      0.00000000     -0.00000000     -0.00000000     -0.00000000      0.00000000     -0.00000000     -0.00000000     -0.00000000      0.00000000     -0.00000000     -0.00000000     -0.00000000      0.00000000      0.00000000     -0.00000000     -0.00000000     -0.00000000     -0.00000000     -0.00000000      0.00000000     -0.00000000      0.00000000      0.00000000      0.00000000     -0.00000000     -0.00000000     -0.00000000      0.00000000      0.00000000     -0.00000000      0.00000000     -0.00000000      0.00000000      0.00000000     -0.00000000     -0.00000000      0.00000000     -0.00000000     -0.00000000      0.00000000      0.00000000     -0.00000000      0.00000000      0.00000000      0.00000000     -0.00000000      0.00000000     -0.00000000      0.00000000      0.00000000     -0.00000000      0.00000000      0.00000000      0.00000000     -0.00000000      0.00000000     -0.00000000      0.00000000      0.00000000      0.00000000      0.00000000     -0.00000000     -0.00000000     -0.00000000      0.00000000
      2.01744564      0.00000000      0.00000000     -0.00000000      0.00000000     -0.00000000      0.00000000      0.00000000      0.00000000     -0.00000000     -0.00000000      0.00000000     -0.00000000      0.00000000      0.00000000      0.00000000     -0.00000000      0.00000000     -0.00000000      0.00000000      0.00000000      0.00000000     -0.00000000      0.00000000     -0.00000000      0.00000000      0.00000000     -0.00000000     -0.00000000     -0.00000000     -0.00000000     -0.00000000      0.00000000      0.00000000      0.00000000     -0.00000000      0.00000000     -0.00000000     -0.00000000      0.00000000      0.00000000     -0.00000000     -0.00000000     -0.00000000      0.00000000      0.00000000      0.00000000      0.00000000     -0.00000000      0.00000000      0.00000000     -0.00000000     -0.00000000      0.00000000      0.00000000     -0.00000000     -0.00000000     -0.00000000     -0.00000000      0.00000000      0.00000000     -0.00000000      0.00000000      0.00000000      0.00000000     -0.00000000     -0.00000000     -0.00000000      0.00000000     -0.00000000     -0.00000000      0.00000000      0.00000000      0.00000000      0.00000000     -0.00000000     -0.00000000      0.00000000      0.00000000     -0.00000000     -0.00000000      0.00000000     -0.00000000     -0.00000000     -0.00000000     -0.00000000      0.00000000      0.00000000      0.00000000     -0.00000000     -0.00000000      0.00000000      0.00000000     -0.00000000      0.00000000     -0.00000000     -0.00000000     -0.00000000      0.00000000      0.00000000      0.00000000      0.00000000      0.00000000     -0.00000000     -0.00000000      0.00000000     -0.00000000      0.00000000     -0.00000000     -0.00000000     -0.00000000      0.00000000     -0.00000000      0.00000000     -0.00000000     -0.00000000     -0.00000000      0.00000000     -0.00000000      0.00000000      0.00000000     -0.00000000     -0.00000000     -0.00000000      0.00000000     -0.00000000      0.00000000     -0.00000000     -0.00000000
      2.02724956      0.00000000      0.00000000      0.00000000      0.00000000      0.00000000      0.00000000     -0.00000000     -0.00000000     -0.00000000     -0.00000000      0.00000000     -0.00000000      0.00000000      0.00000000     -0.00000000     -0.00000000     -0.00000000     -0.00000000      0.00000000     -0.00000000     -0.00000000      0.00000000     -0.00000000     -0.00000000     -0.00000000     -0.00000000     -0.00000000     -0.00000000     -0.00000000      0.00000000     -0.00000000     -0.00000000      0.00000000      0.00000000     -0.00000000     -0.00000000      0.00000000      0.00000000     -0.00000000     -0.00000000     -0.00000000      0.00000000     -0.00000000     -0.00000000     -0.00000000      0.00000000      0.00000000      0.00000000      0.00000000      0.00000000     -0.00000000      0.00000000     -0.00000000      0.00000000     -0.00000000      0.00000000      0.00000000      0.00000000     -0.00000000      0.00000000      0.00000000     -0.00000000     -0.00000000     -0.00000000      0.00000000      0.00000000      0.00000000     -0.00000000     -0.00000000      0.00000000     -0.00000000     -0.00000000     -0.00000000      0.00000000     -0.00000000      0.00000000     -0.00000000      0.00000000     -0.00000000     -0.00000000     -0.00000000     -0.00000000     -0.00000000      0.00000000      0.00000000      0.00000000     -0.00000000      0.00000000      0.00000000      0.00000000     -0.00000000     -0.00000000      0.00000000      0.00000000     -0.00000000     -0.00000000      0.00000000      0.00000000     -0.00000000      0.00000000      0.00000000      0.00000000      0.00000000      0.00000000      0.00000000      0.00000000     -0.00000000      0.00000000      0.00000000     -0.00000000      0.00000000      0.00000000      0.00000000      0.00000000     -0.00000000     -0.00000000      0.00000000     -0.00000000      0.00000000      0.00000000      0.00000000      0.00000000     -0.00000000     -0.00000000     -0.00000000     -0.00000000     -0.00000000     -0.00000000
      2.03705348     -0.00000000     -0.00000000      0.00000000      0.00000000     -0.00000000     -0.00000000     -0.00000000     -0.00000000      0.00000000      0.00000000      0.00000000      0.00000000     -0.00000000     -0.00000000      0.00000000     -0.00000000     -0.00000000     -0.00000000     -0.00000000     -0.00000000      0.00000000      0.00000000     -0.00000000     -0.00000000      0.00000000      0.00000000     -0.00000000     -0.00000000      0.00000000      0.00000000      0.00000000      0.00000000     -0.00000000     -0.00000000      0.00000000      0.00000000      0.00000000     -0.00000000     -0.00000000     -0.00000000     -0.00000000      0.00000000      0.00000000      0.00000000     -0.00000000     -0.00000000     -0.00000000     -0.00000000     -0.00000000      0.00000000      0.00000000     -0.00000000     -0.00000000      0.00000000      0.00000000     -0.00000000      0.00000000     -0.00000000      0.00000000      0.00000000      0.00000000      0.00000000      0.00000000      0.00000000     -0.00000000     -0.00000000     -0.00000000     -0.00000000     -0.00000000     -0.00000000      0.00000000     -0.00000000      0.00000000     -0.00000000     -0.00000000      0.00000000      0.00000000     -0.00000000     -0.00000000      0.00000000      0.00000000      0.00000000      0.00000000      0.00000000     -0.00000000     -0.00000000     -0.00000000      0.00000000      0.00000000      0.00000000      0.00000000     -0.00000000     -0.00000000     -0.00000000      0.00000000      0.00000000     -0.00000000     -0.00000000     -0.00000000     -0.00000000      0.00000000      0.00000000     -0.00000000     -0.00000000      0.00000000      0.00000000     -0.00000000     -0.00000000      0.00000000      0.00000000      0.00000000      0.00000000      0.00000000     -0.00000000      0.00000000      0.00000000     -0.00000000     -0.00000000     -0.00000000     -0.00000000      0.00000000      0.00000000      0.00000000      0.00000000     -0.00000000     -0.00000000      0.00000000      0.00000000
      2.04685740      0.00000000      0.00000000     -0.00000000     -0.00000000     -0.00000000      0.00000000     -0.00000000     -0.00000000      0.00000000     -0.00000000      0.00000000     -0.00000000      0.00000000      0.00000000      0.00000000      0.00000000     -0.00000000     -0.00000000     -0.00000000      0.00000000     -0.00000000      0.00000000      0.00000000      0.00000000     -0.00000000      0.00000000     -0.00000000     -0.00000000     -0.00000000      0.00000000      0.00000000      0.00000000     -0.00000000      0.00000000     -0.00000000     -0.00000000      0.00000000     -0.00000000      0.00000000     -0.00000000      0.00000000      0.00000000     -0.00000000      0.00000000      0.00000000      0.00000000     -0.00000000     -0.00000000     -0.00000000     -0.00000000     -0.00000000     -0.00000000      0.00000000     -0.00000000      0.00000000      0.00000000     -0.00000000     -0.00000000     -0.00000000     -0.00000000     -0.00000000      0.00000000      0.00000000      0.00000000     -0.00000000     -0.00000000     -0.00000000      0.00000000      0.00000000      0.00000000      0.00000000      0.00000000     -0.00000000     -0.00000000      0.00000000     -0.00000000      0.00000000      0.00000000      0.00000000      0.00000000      0.00000000      0.00000000     -0.00000000     -0.00000000     -0.00000000      0.00000000     -0.00000000     -0.00000000      0.00000000     -0.00000000      0.00000000     -0.00000000      0.00000000      0.00000000     -0.00000000      0.00000000     -0.00000000     -0.00000000     -0.00000000      0.00000000      0.00000000      0.00000000     -0.00000000      0.00000000     -0.00000000     -0.00000000     -0.00000000      0.00000000     -0.00000000      0.00000000      0.00000000      0.00000000     -0.00000000     -0.00000000     -0.00000000     -0.00000000      0.00000000     -0.00000000      0.00000000     -0.00000000      0.00000000      0.00000000     -0.00000000      0.00000000      0.00000000      0.00000000     -0.00000000     -0.00000000
      2.05666132      0.00000000     -0.00000000     -0.00000000     -0.00000000      0.00000000      0.00000000      0.00000000      0.00000000      0.00000000      0.00000000     -0.00000000     -0.00000000     -0.00000000     -0.00000000     -0.00000000     -0.00000000      0.00000000     -0.00000000      0.00000000     -0.00000000     -0.00000000     -0.00000000      0.00000000      0.00000000     -0.00000000     -0.00000000      0.00000000     -0.00000000     -0.00000000     -0.00000000      0.00000000     -0.00000000      0.00000000      0.00000000      0.00000000     -0.00000000     -0.00000000      0.00000000      0.00000000      0.00000000      0.00000000      0.00000000      0.00000000     -0.00000000     -0.00000000     -0.00000000     -0.00000000      0.00000000      0.00000000      0.00000000      0.00000000      0.00000000     -0.00000000      0.00000000      0.00000000     -0.00000000      0.00000000     -0.00000000      0.00000000     -0.00000000     -0.00000000      0.00000000     -0.00000000      0.00000000     -0.00000000      0.00000000     -0.00000000      0.00000000      0.00000000     -0.00000000      0.00000000     -0.00000000      0.00000000     -0.00000000     -0.00000000      0.00000000     -0.00000000     -0.00000000     -0.00000000     -0.00000000     -0.00000000      0.00000000      0.00000000      0.00000000      0.00000000     -0.00000000     -0.00000000     -0.00000000     -0.00000000     -0.00000000     -0.00000000      0.00000000      0.00000000     -0.00000000     -0.00000000     -0.00000000      0.00000000     -0.00000000      0.00000000      0.00000000      0.00000000     -0.00000000      0.00000000      0.00000000     -0.00000000     -0.00000000      0.00000000      0.00000000      0.00000000     -0.00000000      0.00000000     -0.00000000      0.00000000      0.00000000      0.00000000      0.00000000      0.00000000      0.00000000     -0.00000000     -0.00000000     -0.00000000     -0.00000000     -0.00000000     -0.00000000      0.00000000      0.00000000      0.00000000     -0.00000000
      2.06646524     -0.00000000     -0.00000000     -0.00000000      0.00000000      0.00000000     -0.00000000      0.00000000      0.00000000      0.00000000     -0.00000000      0.00000000     -0.00000000      0.00000000      0.00000000      0.00000000      0.00000000      0.00000000      0.00000000      0.00000000      0.00000000     -0.00000000      0.00000000      0.00000000      0.00000000      0.00000000      0.00000000     -0.00000000     -0.00000000      0.00000000      0.00000000      0.00000000     -0.00000000      0.00000000      0.00000000      0.00000000      0.00000000     -0.00000000     -0.00000000      0.00000000      0.00000000     -0.00000000      0.00000000      0.00000000     -0.00000000     -0.00000000     -0.00000000     -0.00000000     -0.00000000      0.00000000      0.00000000      0.00000000     -0.00000000      0.00000000      0.00000000      0.00000000      0.00000000      0.00000000      0.00000000      0.00000000      0.00000000      0.00000000     -0.00000000      0.00000000     -0.00000000      0.00000000     -0.00000000      0.00000000     -0.00000000     -0.00000000     -0.00000000     -0.00000000     -0.00000000     -0.00000000     -0.00000000     -0.00000000     -0.00000000      0.00000000     -0.00000000     -0.00000000     -0.00000000      0.00000000      0.00000000      0.00000000      0.00000000      0.00000000     -0.00000000     -0.00000000      0.00000000     -0.00000000     -0.00000000      0.00000000      0.00000000     -0.00000000     -0.00000000     -0.00000000     -0.00000000      0.00000000     -0.00000000     -0.00000000     -0.00000000      0.00000000      0.00000000     -0.00000000     -0.00000000     -0.00000000     -0.00000000     -0.00000000      0.00000000     -0.00000000     -0.00000000     -0.00000000     -0.00000000     -0.00000000     -0.00000000     -0.00000000     -0.00000000      0.00000000     -0.00000000      0.00000000     -0.00000000     -0.00000000     -0.00000000      0.00000000     -0.00000000     -0.00000000      0.00000000      0.00000000      0.00000000
      2.07626917     -0.00000000     -0.00000000     -0.00000000      0.00000000      0.00000000      0.00000000      0.00000000     -0.00000000     -0.00000000     -0.00000000     -0.00000000      0.00000000      0.00000000     -0.00000000      0.00000000     -0.00000000      0.00000000     -0.00000000      0.00000000      0.00000000      0.00000000      0.00000000     -0.00000000     -0.00000000      0.00000000      0.00000000      0.00000000     -0.00000000      0.00000000      0.00000000     -0.00000000      0.00000000      0.00000000      0.00000000     -0.00000000      0.00000000      0.00000000     -0.00000000      0.00000000     -0.00000000     -0.00000000      0.00000000     -0.00000000      0.00000000      0.00000000      0.00000000      0.00000000     -0.00000000     -0.00000000      0.00000000      0.00000000     -0.00000000     -0.00000000      0.00000000     -0.00000000     -0.00000000      0.00000000      0.00000000      0.00000000      0.00000000      0.00000000      0.00000000     -0.00000000     -0.00000000      0.00000000      0.00000000     -0.00000000     -0.00000000     -0.00000000     -0.00000000     -0.00000000     -0.00000000      0.00000000      0.00000000     -0.00000000      0.00000000      0.00000000     -0.00000000     -0.00000000      0.00000000      0.00000000     -0.00000000     -0.00000000     -0.00000000     -0.00000000      0.00000000     -0.00000000      0.00000000      0.00000000     -0.00000000      0.00000000     -0.00000000     -0.00000000      0.00000000     -0.00000000     -0.00000000     -0.00000000      0.00000000     -0.00000000     -0.00000000      0.00000000     -0.00000000     -0.00000000     -0.00000000      0.00000000      0.00000000     -0.00000000     -0.00000000     -0.00000000     -0.00000000      0.00000000     -0.00000000      0.00000000     -0.00000000      0.00000000     -0.00000000     -0.00000000      0.00000000      0.00000000      0.00000000      0.00000000     -0.00000000     -0.00000000     -0.00000000     -0.00000000      0.00000000      0.00000000      0.00000000
      2.08607309      0.00000000      0.00000000      0.00000000      0.00000000     -0.00000000     -0.00000000     -0.00000000     -0.00000000     -0.00000000      0.00000000      0.00000000      0.00000000     -0.00000000     -0.00000000     -0.00000000     -0.00000000      0.00000000     -0.00000000      0.00000000     -0.00000000     -0.00000000      0.00000000      0.00000000      0.00000000     -0.00000000     -0.00000000      0.00000000      0.00000000     -0.00000000     -0.00000000      0.00000000     -0.00000000      0.00000000     -0.00000000      0.00000000      0.00000000      0.00000000      0.00000000     -0.00000000     -0.00000000     -0.00000000      0.00000000      0.00000000      0.00000000      0.00000000      0.00000000      0.00000000      0.00000000      0.00000000      0.00000000     -0.00000000      0.00000000     -0.00000000     -0.00000000      0.00000000     -0.00000000      0.00000000     -0.00000000      0.00000000      0.00000000      0.00000000      0.00000000     -0.00000000      0.00000000     -0.00000000      0.00000000     -0.00000000     -0.00000000     -0.00000000     -0.00000000      0.00000000     -0.00000000      0.00000000     -0.00000000      0.00000000      0.00000000     -0.00000000      0.00000000     -0.00000000     -0.00000000     -0.00000000     -0.00000000     -0.00000000     -0.00000000     -0.00000000     -0.00000000     -0.00000000      0.00000000      0.00000000      0.00000000     -0.00000000     -0.00000000     -0.00000000     -0.00000000      0.00000000     -0.00000000      0.00000000     -0.00000000      0.00000000      0.00000000     -0.00000000     -0.00000000      0.00000000      0.00000000     -0.00000000     -0.00000000     -0.00000000      0.00000000      0.00000000     -0.00000000      0.00000000     -0.00000000      0.00000000      0.00000000      0.00000000      0.00000000     -0.00000000     -0.00000000     -0.00000000      0.00000000      0.00000000      0.00000000      0.00000000      0.00000000     -0.00000000     -0.00000000     -0.00000000     -0.00000000
      2.09587701     -0.00000000      0.00000000      0.00000000     -0.00000000      0.00000000     -0.00000000      0.00000000      0.00000000      0.00000000     -0.00000000     -0.00000000      0.00000000      0.00000000      0.00000000      0.00000000      0.00000000     -0.00000000     -0.00000000     -0.00000000      0.00000000      0.00000000      0.00000000      0.00000000      0.00000000     -0.00000000      0.00000000      0.00000000      0.00000000      0.00000000      0.00000000      0.00000000     -0.00000000      0.00000000      0.00000000      0.00000000      0.00000000     -0.00000000      0.00000000     -0.00000000     -0.00000000     -0.00000000     -0.00000000     -0.00000000     -0.00000000      0.00000000     -0.00000000     -0.00000000     -0.00000000      0.00000000     -0.00000000      0.00000000      0.00000000     -0.00000000     -0.00000000      0.00000000      0.00000000      0.00000000      0.00000000     -0.00000000      0.00000000     -0.00000000      0.00000000     -0.00000000      0.00000000     -0.00000000      0.00000000     -0.00000000      0.00000000     -0.00000000      0.00000000     -0.00000000     -0.00000000     -0.00000000     -0.00000000      0.00000000      0.00000000     -0.00000000     -0.00000000      0.00000000     -0.00000000      0.00000000      0.00000000      0.00000000     -0.00000000      0.00000000      0.00000000      0.00000000      0.00000000      0.00000000      0.00000000     -0.00000000      0.00000000     -0.00000000     -0.00000000     -0.00000000     -0.00000000      0.00000000     -0.00000000     -0.00000000     -0.00000000     -0.00000000     -0.00000000     -0.00000000      0.00000000     -0.00000000     -0.00000000     -0.00000000     -0.00000000     -0.00000000      0.00000000      0.00000000      0.00000000     -0.00000000     -0.00000000     -0.00000000     -0.00000000     -0.00000000      0.00000000      0.00000000     -0.00000000     -0.00000000     -0.00000000      0.00000000     -0.00000000      0.00000000     -0.00000000     -0.00000000      0.00000000
      2.10568093      0.00000000     -0.00000000      0.00000000     -0.00000000     -0.00000000      0.00000000     -0.00000000     -0.00000000     -0.00000000      0.00000000      0.00000000     -0.00000000     -0.00000000      0.00000000      0.00000000      0.00000000     -0.00000000     -0.00000000     -0.00000000     -0.00000000      0.00000000      0.00000000      0.00000000     -0.00000000      0.00000000      0.00000000      0.00000000      0.00000000     -0.00000000      0.00000000     -0.00000000     -0.00000000     -0.00000000      0.00000000     -0.00000000     -0.00000000     -0.00000000      0.00000000      0.00000000      0.00000000      0.00000000     -0.00000000      0.00000000      0.00000000      0.00000000      0.00000000     -0.00000000     -0.00000000     -0.00000000     -0.00000000      0.00000000     -0.00000000      0.00000000     -0.00000000     -0.00000000     -0.00000000      0.00000000     -0.00000000      0.00000000      0.00000000      0.00000000      0.00000000      0.00000000     -0.00000000      0.00000000     -0.00000000     -0.00000000     -0.00000000     -0.00000000     -0.00000000      0.00000000     -0.00000000      0.00000000      0.00000000      0.00000000     -0.00000000      0.00000000     -0.00000000      0.00000000      0.00000000      0.00000000      0.00000000     -0.00000000     -0.00000000     -0.00000000     -0.00000000      0.00000000     -0.00000000     -0.00000000     -0.00000000     -0.00000000      0.00000000      0.00000000      0.00000000     -0.00000000      0.00000000      0.00000000      0.00000000     -0.00000000      0.00000000     -0.00000000     -0.00000000     -0.00000000     -0.00000000      0.00000000     -0.00000000     -0.00000000     -0.00000000      0.00000000      0.00000000      0.00000000      0.00000000     -0.00000000     -0.00000000     -0.00000000      0.00000000      0.00000000     -0.00000000     -0.00000000      0.00000000      0.00000000      0.00000000     -0.00000000      0.00000000      0.00000000     -0.00000000      0.00000000     -0.00000000
      2.11548485     -0.00000000      0.00000000      0.00000000      0.00000000      0.00000000     -0.00000000      0.00000000     -0.00000000      0.00000000     -0.00000000     -0.00000000      0.00000000     -0.00000000     -0.00000000      0.00000000      0.00000000      0.00000000      0.00000000      0.00000000     -0.00000000      0.00000000      0.00000000      0.00000000      0.00000000      0.00000000     -0.00000000     -0.00000000     -0.00000000     -0.00000000      0.00000000     -0.00000000      0.00000000      0.00000000     -0.00000000     -0.00000000     -0.00000000      0.00000000      0.00000000      0.00000000      0.00000000     -0.00000000     -0.00000000      0.00000000      0.00000000      0.00000000     -0.00000000     -0.00000000      0.00000000      0.00000000      0.00000000      0.00000000     -0.00000000      0.00000000     -0.00000000     -0.00000000     -0.00000000     -0.00000000      0.00000000      0.00000000      0.00000000     -0.00000000      0.00000000      0.00000000     -0.00000000      0.00000000     -0.00000000     -0.00000000      0.00000000     -0.00000000     -0.00000000     -0.00000000      0.00000000      0.00000000      0.00000000      0.00000000     -0.00000000      0.00000000     -0.00000000     -0.00000000     -0.00000000     -0.00000000      0.00000000      0.00000000     -0.00000000     -0.00000000     -0.00000000      0.00000000      0.00000000     -0.00000000     -0.00000000     -0.00000000     -0.00000000      0.00000000      0.00000000      0.00000000     -0.00000000     -0.00000000      0.00000000     -0.00000000      0.00000000      0.00000000      0.00000000      0.00000000     -0.00000000     -0.00000000     -0.00000000     -0.00000000     -0.00000000      0.00000000     -0.00000000     -0.00000000     -0.00000000     -0.00000000     -0.00000000      0.00000000      0.00000000     -0.00000000      0.00000000      0.00000000     -0.00000000      0.00000000     -0.00000000      0.00000000     -0.00000000     -0.00000000     -0.00000000     -0.00000000      0.00000000
      2.12528877     -0.00000000      0.00000000     -0.00000000      0.00000000      0.00000000     -0.00000000     -0.00000000     -0.00000000      0.00000000      0.00000000      0.00000000      0.00000000      0.00000000      0.00000000     -0.00000000     -0.00000000     -0.00000000     -0.00000000     -0.00000000     -0.00000000     -0.00000000      0.00000000      0.00000000     -0.00000000     -0.00000000     -0.00000000      0.00000000     -0.00000000     -0.00000000      0.00000000      0.00000000      0.00000000      0.00000000      0.00000000      0.00000000     -0.00000000     -0.00000000      0.00000000     -0.00000000     -0.00000000      0.00000000     -0.00000000      0.00000000      0.00000000      0.00000000     -0.00000000     -0.00000000     -0.00000000     -0.00000000     -0.00000000     -0.00000000     -0.00000000     -0.00000000     -0.00000000      0.00000000     -0.00000000     -0.00000000      0.00000000     -0.00000000     -0.00000000      0.00000000      0.00000000      0.00000000     -0.00000000      0.00000000     -0.00000000     -0.00000000     -0.00000000      0.00000000      0.00000000     -0.00000000      0.00000000      0.00000000     -0.00000000      0.00000000      0.00000000      0.00000000      0.00000000      0.00000000      0.00000000      0.00000000      0.00000000      0.00000000     -0.00000000     -0.00000000     -0.00000000      0.00000000     -0.00000000      0.00000000      0.00000000     -0.00000000      0.00000000      0.00000000     -0.00000000     -0.00000000     -0.00000000     -0.00000000     -0.00000000     -0.00000000      0.00000000      0.00000000     -0.00000000      0.00000000      0.00000000      0.00000000     -0.00000000     -0.00000000      0.00000000      0.00000000      0.00000000      0.00000000      0.00000000      0.00000000      0.00000000     -0.00000000     -0.00000000     -0.00000000     -0.00000000     -0.00000000     -0.00000000      0.00000000      0.00000000      0.00000000     -0.00000000     -0.00000000      0.00000000     -0.00000000      0.00000000
      2.13509270     -0.00000000      0.00000000      0.00000000     -0.00000000      0.00000000     -0.00000000     -0.00000000     -0.00000000      0.00000000      0.00000000      0.00000000      0.00000000     -0.00000000      0.00000000     -0.00000000     -0.00000000     -0.00000000     -0.00000000     -0.00000000     -0.00000000      0.00000000     -0.00000000     -0.00000000     -0.00000000      0.00000000     -0.00000000      0.00000000     -0.00000000     -0.00000000     -0.00000000     -0.00000000      0.00000000     -0.00000000     -0.00000000     -0.00000000     -0.00000000     -0.00000000      0.00000000      0.00000000      0.00000000      0.00000000      0.00000000     -0.00000000      0.00000000      0.00000000      0.00000000     -0.00000000     -0.00000000     -0.00000000     -0.00000000      0.00000000     -0.00000000      0.00000000     -0.00000000     -0.00000000     -0.00000000      0.00000000     -0.00000000     -0.00000000     -0.00000000     -0.00000000      0.00000000      0.00000000     -0.00000000      0.00000000     -0.00000000     -0.00000000      0.00000000      0.00000000      0.00000000      0.00000000     -0.00000000      0.00000000      0.00000000      0.00000000     -0.00000000      0.00000000     -0.00000000      0.00000000      0.00000000      0.00000000      0.00000000     -0.00000000     -0.00000000     -0.00000000      0.00000000     -0.00000000     -0.00000000     -0.00000000     -0.00000000     -0.00000000      0.00000000      0.00000000      0.00000000      0.00000000      0.00000000     -0.00000000      0.00000000      0.00000000      0.00000000      0.00000000     -0.00000000      0.00000000     -0.00000000      0.00000000      0.00000000      0.00000000     -0.00000000      0.00000000      0.00000000      0.00000000      0.00000000      0.00000000      0.00000000     -0.00000000      0.00000000     -0.00000000     -0.00000000     -0.00000000     -0.00000000      0.00000000      0.00000000      0.00000000     -0.00000000      0.00000000     -0.00000000     -0.00000000      0.00000000
      2.14489662      0.00000000      0.00000000      0.00000000      0.00000000      0.00000000     -0.00000000      0.00000000      0.00000000     -0.00000000     -0.00000000      0.00000000      0.00000000      0.00000000      0.00000000     -0.00000000     -0.00000000     -0.00000000      0.00000000     -0.00000000     -0.00000000      0.00000000     -0.00000000      0.00000000      0.00000000     -0.00000000     -0.00000000     -0.00000000     -0.00000000      0.00000000      0.00000000     -0.00000000     -0.00000000     -0.00000000      0.00000000     -0.00000000      0.00000000      0.00000000     -0.00000000     -0.00000000     -0.00000000      0.00000000     -0.00000000      0.00000000      0.00000000      0.00000000     -0.00000000      0.00000000     -0.00000000     -0.00000000     -0.00000000      0.00000000      0.00000000      0.00000000     -0.00000000      0.00000000     -0.00000000      0.00000000     -0.00000000      0.00000000      0.00000000     -0.00000000      0.00000000     -0.00000000     -0.00000000      0.00000000      0.00000000     -0.00000000      0.00000000     -0.00000000     -0.00000000      0.00000000     -0.00000000      0.00000000     -0.00000000      0.00000000     -0.00000000     -0.00000000     -0.00000000      0.00000000      0.00000000      0.00000000     -0.00000000      0.00000000     -0.00000000     -0.00000000     -0.00000000      0.00000000     -0.00000000      0.00000000      0.00000000      0.00000000     -0.00000000     -0.00000000      0.00000000     -0.00000000      0.00000000      0.00000000      0.00000000     -0.00000000     -0.00000000      0.00000000      0.00000000      0.00000000      0.00000000     -0.00000000     -0.00000000      0.00000000     -0.00000000      0.00000000      0.00000000     -0.00000000      0.00000000      0.00000000      0.00000000     -0.00000000     -0.00000000     -0.00000000     -0.00000000      0.00000000      0.00000000     -0.00000000     -0.00000000      0.00000000     -0.00000000     -0.00000000     -0.00000000     -0.00000000     -0.00000000
      2.15470054      0.00000000     -0.00000000     -0.00000000     -0.00000000     -0.00000000     -0.00000000     -0.00000000     -0.00000000     -0.00000000     -0.00000000      0.00000000      0.00000000      0.00000000      0.00000000      0.00000000      0.00000000     -0.00000000     -0.00000000      0.00000000      0.00000000     -0.00000000     -0.00000000      0.00000000      0.00000000      0.00000000     -0.00000000      0.00000000      0.00000000     -0.00000000     -0.00000000     -0.00000000      0.00000000     -0.00000000     -0.00000000      0.00000000     -0.00000000     -0.00000000     -0.00000000      0.00000000      0.00000000      0.00000000      0.00000000     -0.00000000     -0.00000000     -0.00000000      0.00000000     -0.00000000     -0.00000000     -0.00000000     -0.00000000     -0.00000000      0.00000000      0.00000000      0.00000000      0.00000000     -0.00000000     -0.00000000     -0.00000000     -0.00000000     -0.00000000     -0.00000000      0.00000000      0.00000000      0.00000000      0.00000000     -0.00000000     -0.00000000      0.00000000      0.00000000      0.00000000      0.00000000      0.00000000     -0.00000000      0.00000000      0.00000000     -0.00000000     -0.00000000     -0.00000000     -0.00000000      0.00000000      0.00000000      0.00000000      0.00000000      0.00000000     -0.00000000      0.00000000      0.00000000      0.00000000      0.00000000      0.00000000     -0.00000000     -0.00000000      0.00000000      0.00000000      0.00000000      0.00000000     -0.00000000      0.00000000      0.00000000     -0.00000000     -0.00000000     -0.00000000     -0.00000000      0.00000000     -0.00000000     -0.00000000      0.00000000      0.00000000     -0.00000000     -0.00000000     -0.00000000      0.00000000      0.00000000     -0.00000000      0.00000000      0.00000000     -0.00000000      0.00000000      0.00000000      0.00000000      0.00000000      0.00000000      0.00000000      0.00000000      0.00000000      0.00000000     -0.00000000     -0.00000000
      2.16470054     -0.00000000     -0.00000000      0.00000000     -0.00000000      0.00000000     -0.00000000      0.00000000     -0.00000000     -0.00000000      0.00000000      0.00000000     -0.00000000     -0.00000000     -0.00000000     -0.00000000      0.00000000      0.00000000     -0.00000000      0.00000000     -0.00000000      0.00000000      0.00000000      0.00000000      0.00000000      0.00000000     -0.00000000     -0.00000000      0.00000000      0.00000000      0.00000000     -0.00000000      0.00000000     -0.00000000      0.00000000      0.00000000      0.00000000     -0.00000000     -0.00000000     -0.00000000      0.00000000     -0.00000000      0.00000000      0.00000000     -0.00000000     -0.00000000      0.00000000      0.00000000      0.00000000      0.00000000     -0.00000000     -0.00000000      0.00000000      0.00000000      0.00000000      0.00000000      0.00000000      0.00000000      0.00000000     -0.00000000     -0.00000000      0.00000000     -0.00000000      0.00000000      0.00000000     -0.00000000     -0.00000000      0.00000000     -0.00000000      0.00000000      0.00000000     -0.00000000     -0.00000000     -0.00000000     -0.00000000     -0.00000000     -0.00000000     -0.00000000      0.00000000      0.00000000     -0.00000000     -0.00000000     -0.00000000     -0.00000000      0.00000000      0.00000000     -0.00000000     -0.00000000      0.00000000     -0.00000000      0.00000000      0.00000000      0.00000000     -0.00000000     -0.00000000     -0.00000000      0.00000000     -0.00000000      0.00000000     -0.00000000     -0.00000000     -0.00000000      0.00000000      0.00000000     -0.00000000     -0.00000000     -0.00000000     -0.00000000     -0.00000000      0.00000000     -0.00000000      0.00000000     -0.00000000     -0.00000000      0.00000000      0.00000000      0.00000000      0.00000000     -0.00000000     -0.00000000      0.00000000      0.00000000     -0.00000000      0.00000000     -0.00000000      0.00000000     -0.00000000      0.00000000      0.00000000
      2.17470054     -0.00000000     -0.00000000      0.00000000     -0.00000000     -0.00000000     -0.00000000     -0.00000000     -0.00000000     -0.00000000     -0.00000000      0.00000000     -0.00000000      0.00000000     -0.00000000     -0.00000000      0.00000000      0.00000000     -0.00000000     -0.00000000      0.00000000      0.00000000      0.00000000      0.00000000      0.00000000      0.00000000     -0.00000000     -0.00000000     -0.00000000     -0.00000000     -0.00000000     -0.00000000      0.00000000      0.00000000     -0.00000000     -0.00000000     -0.00000000     -0.00000000     -0.00000000     -0.00000000      0.00000000      0.00000000     -0.00000000     -0.00000000     -0.00000000      0.00000000      0.00000000      0.00000000     -0.00000000      0.00000000     -0.00000000     -0.00000000      0.00000000     -0.00000000     -0.00000000     -0.00000000     -0.00000000      0.00000000     -0.00000000      0.00000000      0.00000000     -0.00000000      0.00000000     -0.00000000      0.00000000     -0.00000000      0.00000000     -0.00000000      0.00000000     -0.00000000     -0.00000000      0.00000000     -0.00000000      0.00000000      0.00000000      0.00000000      0.00000000     -0.00000000      0.00000000      0.00000000     -0.00000000      0.00000000     -0.00000000     -0.00000000     -0.00000000      0.00000000      0.00000000      0.00000000     -0.00000000     -0.00000000      0.00000000      0.00000000      0.00000000      0.00000000      0.00000000      0.00000000     -0.00000000     -0.00000000      0.00000000      0.00000000      0.00000000      0.00000000      0.00000000      0.00000000     -0.00000000     -0.00000000     -0.00000000     -0.00000000     -0.00000000     -0.00000000      0.00000000      0.00000000     -0.00000000     -0.00000000      0.00000000      0.00000000     -0.00000000      0.00000000     -0.00000000      0.00000000      0.00000000      0.00000000      0.00000000      0.00000000      0.00000000      0.00000000     -0.00000000      0.00000000      0.00000000
      2.18470054     -0.00000000      0.00000000      0.00000000      0.00000000      0.00000000     -0.00000000     -0.00000000     -0.00000000     -0.00000000     -0.00000000      0.00000000      0.00000000     -0.00000000     -0.00000000     -0.00000000      0.00000000     -0.00000000     -0.00000000      0.00000000      0.00000000      0.00000000      0.00000000     -0.00000000     -0.00000000      0.00000000     -0.00000000     -0.00000000      0.00000000      0.00000000     -0.00000000      0.00000000     -0.00000000      0.00000000     -0.00000000      0.00000000      0.00000000     -0.00000000     -0.00000000     -0.00000000     -0.00000000      0.00000000      0.00000000      0.00000000     -0.00000000     -0.00000000      0.00000000      0.00000000      0.00000000     -0.00000000      0.00000000     -0.00000000      0.00000000      0.00000000      0.00000000      0.00000000     -0.00000000     -0.00000000     -0.00000000      0.00000000      0.00000000      0.00000000      0.00000000      0.00000000     -0.00000000      0.00000000     -0.00000000     -0.00000000     -0.00000000     -0.00000000     -0.00000000      0.00000000      0.00000000      0.00000000     -0.00000000     -0.00000000     -0.00000000     -0.00000000      0.00000000     -0.00000000      0.00000000     -0.00000000     -0.00000000     -0.00000000      0.00000000      0.00000000     -0.00000000     -0.00000000     -0.00000000      0.00000000      0.00000000      0.00000000      0.00000000     -0.00000000     -0.00000000      0.00000000     -0.00000000      0.00000000     -0.00000000      0.00000000     -0.00000000     -0.00000000      0.00000000      0.00000000     -0.00000000      0.00000000      0.00000000     -0.00000000     -0.00000000     -0.00000000     -0.00000000      0.00000000      0.00000000     -0.00000000      0.00000000      0.00000000      0.00000000     -0.00000000     -0.00000000      0.00000000      0.00000000      0.00000000      0.00000000      0.00000000     -0.00000000     -0.00000000     -0.00000000     -0.00000000      0.00000000
      2.19470054      0.00000000      0.00000000      0.00000000     -0.00000000      0.00000000     -0.00000000     -0.00000000     -0.00000000     -0.00000000      0.00000000      0.00000000      0.00000000      0.00000000      0.00000000     -0.00000000      0.00000000     -0.00000000     -0.00000000     -0.00000000     -0.00000000     -0.00000000      0.00000000     -0.00000000      0.00000000      0.00000000     -0.00000000      0.00000000      0.00000000      0.00000000     -0.00000000      0.00000000      0.00000000     -0.00000000     -0.00000000     -0.00000000     -0.00000000     -0.00000000      0.00000000     -0.00000000      0.00000000      0.00000000      0.00000000     -0.00000000     -0.00000000     -0.00000000      0.00000000      0.00000000      0.00000000      0.00000000      0.00000000     -0.00000000      0.00000000     -0.00000000     -0.00000000      0.00000000      0.00000000     -0.00000000      0.00000000      0.00000000      0.00000000     -0.00000000      0.00000000      0.00000000      0.00000000     -0.00000000     -0.00000000     -0.00000000      0.00000000     -0.00000000     -0.00000000     -0.00000000      0.00000000     -0.00000000     -0.00000000      0.00000000      0.00000000     -0.00000000      0.00000000     -0.00000000     -0.00000000     -0.00000000     -0.00000000     -0.00000000      0.00000000      0.00000000      0.00000000     -0.00000000     -0.00000000     -0.00000000      0.00000000     -0.00000000      0.00000000      0.00000000      0.00000000      0.00000000      0.00000000     -0.00000000     -0.00000000      0.00000000     -0.00000000     -0.00000000     -0.00000000      0.00000000     -0.00000000     -0.00000000      0.00000000     -0.00000000      0.00000000      0.00000000      0.00000000      0.00000000      0.00000000     -0.00000000      0.00000000     -0.00000000     -0.00000000     -0.00000000     -0.00000000     -0.00000000      0.00000000      0.00000000      0.00000000      0.00000000      0.00000000     -0.00000000     -0.00000000     -0.00000000     -0.00000000
      2.20470054     -0.00000000     -0.00000000      0.00000000     -0.00000000     -0.00000000      0.00000000      0.00000000      0.00000000      0.00000000      0.00000000      0.00000000      0.00000000      0.00000000      0.00000000     -0.00000000      0.00000000      0.00000000     -0.00000000     -0.00000000     -0.00000000      0.00000000      0.00000000      0.00000000      0.00000000     -0.00000000      0.00000000     -0.00000000      0.00000000     -0.00000000     -0.00000000     -0.00000000     -0.00000000     -0.00000000     -0.00000000     -0.00000000      0.00000000     -0.00000000     -0.00000000     -0.00000000      0.00000000     -0.00000000      0.00000000      0.00000000     -0.00000000      0.00000000      0.00000000      0.00000000      0.00000000     -0.00000000     -0.00000000      0.00000000     -0.00000000      0.00000000     -0.00000000      0.00000000      0.00000000     -0.00000000      0.00000000      0.00000000      0.00000000     -0.00000000     -0.00000000      0.00000000      0.00000000     -0.00000000     -0.00000000      0.00000000      0.00000000     -0.00000000     -0.00000000     -0.00000000      0.00000000     -0.00000000     -0.00000000      0.00000000     -0.00000000      0.00000000     -0.00000000      0.00000000      0.00000000     -0.00000000     -0.00000000     -0.00000000     -0.00000000      0.00000000      0.00000000     -0.00000000      0.00000000     -0.00000000      0.00000000      0.00000000      0.00000000     -0.00000000      0.00000000      0.00000000      0.00000000      0.00000000      0.00000000      0.00000000      0.00000000      0.00000000      0.00000000     -0.00000000      0.00000000     -0.00000000     -0.00000000     -0.00000000     -0.00000000      0.00000000      0.00000000      0.00000000     -0.00000000     -0.00000000      0.00000000     -0.00000000     -0.00000000     -0.00000000     -0.00000000     -0.00000000     -0.00000000     -0.00000000     -0.00000000     -0.00000000      0.00000000      0.00000000     -0.00000000      0.00000000      0.00000000
      2.21470054      0.00000000      0.00000000      0.00000000     -0.00000000      0.00000000     -0.00000000      0.00000000      0.00000000      0.00000000      0.00000000     -0.00000000      0.00000000      0.00000000      0.00000000      0.00000000      0.00000000      0.00000000      0.00000000      0.00000000      0.00000000      0.00000000      0.00000000      0.00000000      0.00000000     -0.00000000     -0.00000000     -0.00000000     -0.00000000      0.00000000      0.00000000      0.00000000     -0.00000000     -0.00000000      0.00000000     -0.00000000     -0.00000000     -0.00000000      0.00000000      0.00000000      0.00000000      0.00000000      0.00000000     -0.00000000     -0.00000000      0.00000000     -0.00000000     -0.00000000      0.00000000     -0.00000000     -0.00000000     -0.00000000     -0.00000000     -0.00000000      0.00000000      0.00000000      0.00000000      0.00000000     -0.00000000     -0.00000000     -0.00000000     -0.00000000     -0.00000000     -0.00000000      0.00000000     -0.00000000      0.00000000      0.00000000      0.00000000      0.00000000      0.00000000      0.00000000     -0.00000000     -0.00000000     -0.00000000     -0.00000000      0.00000000      0.00000000      0.00000000      0.00000000      0.00000000     -0.00000000      0.00000000      0.00000000     -0.00000000      0.00000000      0.00000000     -0.00000000     -0.00000000     -0.00000000     -0.00000000     -0.00000000      0.00000000      0.00000000      0.00000000     -0.00000000      0.00000000      0.00000000     -0.00000000     -0.00000000     -0.00000000      0.00000000      0.00000000      0.00000000      0.00000000     -0.00000000     -0.00000000     -0.00000000     -0.00000000     -0.00000000     -0.00000000     -0.00000000     -0.00000000     -0.00000000     -0.00000000     -0.00000000     -0.00000000     -0.00000000      0.00000000     -0.00000000     -0.00000000      0.00000000     -0.00000000      0.00000000     -0.00000000      0.00000000     -0.00000000     -0.00000000     -0.00000000
      2.22470054     -0.00000000     -0.00000000     -0.00000000     -0.00000000      0.00000000     -0.00000000      0.00000000     -0.00000000      0.00000000      0.00000000      0.00000000     -0.00000000     -0.00000000      0.00000000      0.00000000      0.00000000     -0.00000000     -0.00000000      0.00000000     -0.00000000      0.00000000     -0.00000000      0.00000000      0.00000000     -0.00000000     -0.00000000     -0.00000000      0.00000000      0.00000000     -0.00000000      0.00000000      0.00000000     -0.00000000      0.00000000      0.00000000      0.00000000      0.00000000     -0.00000000     -0.00000000     -0.00000000     -0.00000000     -0.00000000     -0.00000000     -0.00000000      0.00000000     -0.00000000     -0.00000000     -0.00000000      0.00000000     -0.00000000      0.00000000      0.00000000     -0.00000000      0.00000000      0.00000000     -0.00000000     -0.00000000      0.00000000     -0.00000000     -0.00000000     -0.00000000     -0.00000000     -0.00000000      0.00000000     -0.00000000      0.00000000      0.00000000      0.00000000      0.00000000      0.00000000     -0.00000000     -0.00000000     -0.00000000     -0.00000000      0.00000000      0.00000000     -0.00000000      0.00000000      0.00000000     -0.00000000      0.00000000     -0.00000000      0.00000000     -0.00000000      0.00000000     -0.00000000      0.00000000     -0.00000000     -0.00000000      0.00000000     -0.00000000     -0.00000000     -0.00000000     -0.00000000     -0.00000000     -0.00000000     -0.00000000     -0.00000000     -0.00000000      0.00000000     -0.00000000      0.00000000      0.00000000      0.00000000     -0.00000000     -0.00000000      0.00000000     -0.00000000      0.00000000     -0.00000000      0.00000000      0.00000000     -0.00000000     -0.00000000      0.00000000     -0.00000000      0.00000000     -0.00000000      0.00000000      0.00000000      0.00000000      0.00000000      0.00000000     -0.00000000     -0.00000000     -0.00000000     -0.00000000     -0.00000000
      2.23470054      0.00000000     -0.00000000      0.00000000      0.00000000      0.00000000      0.00000000     -0.00000000     -0.00000000      0.00000000     -0.00000000      0.00000000      0.00000000     -0.00000000      0.00000000      0.00000000      0.00000000      0.00000000     -0.00000000     -0.00000000     -0.00000000     -0.00000000      0.00000000      0.00000000      0.00000000      0.00000000      0.00000000      0.00000000      0.00000000     -0.00000000      0.00000000     -0.00000000     -0.00000000     -0.00000000     -0.00000000      0.00000000      0.00000000      0.00000000     -0.00000000      0.00000000     -0.00000000      0.00000000      0.00000000      0.00000000     -0.00000000      0.00000000      0.00000000     -0.00000000     -0.00000000      0.00000000     -0.00000000      0.00000000      0.00000000     -0.00000000     -0.00000000      0.00000000     -0.00000000      0.00000000     -0.00000000     -0.00000000      0.00000000     -0.00000000     -0.00000000     -0.00000000     -0.00000000      0.00000000      0.00000000      0.00000000      0.00000000     -0.00000000      0.00000000      0.00000000     -0.00000000      0.00000000     -0.00000000      0.00000000      0.00000000     -0.00000000     -0.00000000      0.00000000     -0.00000000      0.00000000      0.00000000     -0.00000000     -0.00000000      0.00000000     -0.00000000     -0.00000000     -0.00000000      0.00000000     -0.00000000      0.00000000     -0.00000000     -0.00000000     -0.00000000      0.00000000      0.00000000      0.00000000      0.00000000     -0.00000000      0.00000000     -0.00000000     -0.00000000     -0.00000000     -0.00000000     -0.00000000     -0.00000000     -0.00000000      0.00000000      0.00000000      0.00000000      0.00000000     -0.00000000     -0.00000000     -0.00000000     -0.00000000     -0.00000000      0.00000000     -0.00000000      0.00000000     -0.00000000      0.00000000      0.00000000     -0.00000000     -0.00000000     -0.00000000     -0.00000000      0.00000000     -0.00000000
      2.24470054     -0.00000000      0.00000000      0.00000000     -0.00000000      0.00000000      0.00000000      0.00000000     -0.00000000     -0.00000000      0.00000000     -0.00000000      0.00000000      0.00000000      0.00000000      0.00000000     -0.00000000     -0.00000000      0.00000000     -0.00000000      0.00000000     -0.00000000      0.00000000      0.00000000      0.00000000     -0.00000000      0.00000000     -0.00000000      0.00000000     -0.00000000      0.00000000     -0.00000000      0.00000000     -0.00000000      0.00000000      0.00000000      0.00000000     -0.00000000      0.00000000      0.00000000      0.00000000      0.00000000     -0.00000000     -0.00000000      0.00000000      0.00000000      0.00000000      0.00000000     -0.00000000     -0.00000000     -0.00000000      0.00000000     -0.00000000      0.00000000      0.00000000      0.00000000      0.00000000     -0.00000000      0.00000000     -0.00000000     -0.00000000     -0.00000000      0.00000000     -0.00000000      0.00000000      0.00000000      0.00000000     -0.00000000      0.00000000      0.00000000      0.00000000     -0.00000000      0.00000000      0.00000000     -0.00000000     -0.00000000     -0.00000000      0.00000000      0.00000000      0.00000000     -0.00000000      0.00000000     -0.00000000      0.00000000      0.00000000     -0.00000000     -0.00000000      0.00000000     -0.00000000     -0.00000000     -0.00000000     -0.00000000      0.00000000      0.00000000     -0.00000000      0.00000000     -0.00000000     -0.00000000      0.00000000      0.00000000      0.00000000     -0.00000000     -0.00000000      0.00000000      0.00000000     -0.00000000     -0.00000000     -0.00000000      0.00000000     -0.00000000      0.00000000     -0.00000000      0.00000000     -0.00000000      0.00000000     -0.00000000     -0.00000000     -0.00000000      0.00000000     -0.00000000      0.00000000      0.00000000     -0.00000000     -0.00000000      0.00000000      0.00000000     -0.00000000     -0.00000000      0.00000000
      2.25470054      0.00000000     -0.00000000     -0.00000000     -0.00000000     -0.00000000      0.00000000     -0.00000000     -0.00000000      0.00000000     -0.00000000      0.00000000     -0.00000000      0.00000000      0.00000000      0.00000000     -0.00000000      0.00000000     -0.00000000      0.00000000      0.00000000     -0.00000000      0.00000000     -0.00000000     -0.00000000     -0.00000000      0.00000000      0.00000000      0.00000000     -0.00000000     -0.00000000     -0.00000000     -0.00000000      0.00000000     -0.00000000     -0.00000000      0.00000000      0.00000000     -0.00000000     -0.00000000      0.00000000     -0.00000000      0.00000000     -0.00000000     -0.00000000     -0.00000000      0.00000000     -0.00000000     -0.00000000     -0.00000000      0.00000000      0.00000000      0.00000000      0.00000000     -0.00000000      0.00000000      0.00000000     -0.00000000     -0.00000000     -0.00000000      0.00000000     -0.00000000      0.00000000     -0.00000000     -0.00000000      0.00000000      0.00000000     -0.00000000      0.00000000     -0.00000000      0.00000000      0.00000000      0.00000000     -0.00000000     -0.00000000      0.00000000     -0.00000000     -0.00000000     -0.00000000     -0.00000000      0.00000000      0.00000000      0.00000000     -0.00000000      0.00000000      0.00000000      0.00000000     -0.00000000      0.00000000     -0.00000000      0.00000000      0.00000000     -0.00000000     -0.00000000      0.00000000      0.00000000     -0.00000000      0.00000000      0.00000000      0.00000000      0.00000000     -0.00000000     -0.00000000     -0.00000000      0.00000000      0.00000000      0.00000000     -0.00000000      0.00000000     -0.00000000     -0.00000000      0.00000000     -0.00000000      0.00000000     -0.00000000     -0.00000000     -0.00000000      0.00000000     -0.00000000      0.00000000     -0.00000000      0.00000000      0.00000000     -0.00000000      0.00000000      0.00000000      0.00000000      0.00000000     -0.00000000
      2.26470054     -0.00000000     -0.00000000      0.00000000     -0.00000000      0.00000000      0.00000000      0.00000000     -0.00000000     -0.00000000     -0.00000000     -0.00000000      0.00000000      0.00000000      0.00000000      0.00000000     -0.00000000      0.00000000      0.00000000      0.00000000     -0.00000000      0.00000000      0.00000000      0.00000000     -0.00000000     -0.00000000      0.00000000      0.00000000     -0.00000000     -0.00000000      0.00000000     -0.00000000     -0.00000000      0.00000000     -0.00000000     -0.00000000      0.00000000     -0.00000000      0.00000000     -0.00000000      0.00000000     -0.00000000     -0.00000000      0.00000000      0.00000000      0.00000000     -0.00000000      0.00000000      0.00000000      0.00000000      0.00000000     -0.00000000     -0.00000000      0.00000000      0.00000000     -0.00000000      0.00000000      0.00000000      0.00000000     -0.00000000     -0.00000000     -0.00000000      0.00000000     -0.00000000      0.00000000     -0.00000000      0.00000000     -0.00000000      0.00000000      0.00000000      0.00000000     -0.00000000     -0.00000000     -0.00000000     -0.00000000     -0.00000000     -0.00000000     -0.00000000     -0.00000000      0.00000000     -0.00000000     -0.00000000     -0.00000000     -0.00000000     -0.00000000      0.00000000      0.00000000      0.00000000     -0.00000000     -0.00000000      0.00000000     -0.00000000     -0.00000000     -0.00000000      0.00000000      0.00000000     -0.00000000      0.00000000      0.00000000     -0.00000000      0.00000000      0.00000000     -0.00000000     -0.00000000      0.00000000      0.00000000     -0.00000000     -0.00000000     -0.00000000      0.00000000     -0.00000000     -0.00000000     -0.00000000      0.00000000     -0.00000000     -0.00000000     -0.00000000     -0.00000000     -0.00000000      0.00000000      0.00000000      0.00000000     -0.00000000     -0.00000000     -0.00000000      0.00000000      0.00000000     -0.00000000      0.00000000
      2.27470054     -0.00000000     -0.00000000      0.00000000      0.00000000     -0.00000000     -0.00000000      0.00000000     -0.00000000     -0.00000000      0.00000000      0.00000000     -0.00000000      0.00000000     -0.00000000      0.00000000      0.00000000     -0.00000000     -0.00000000      0.00000000     -0.00000000     -0.00000000     -0.00000000     -0.00000000      0.00000000      0.00000000     -0.00000000      0.00000000      0.00000000     -0.00000000      0.00000000      0.00000000      0.00000000     -0.00000000      0.00000000      0.00000000      0.00000000     -0.00000000     -0.00000000     -0.00000000     -0.00000000     -0.00000000     -0.00000000     -0.00000000      0.00000000     -0.00000000      0.00000000     -0.00000000      0.00000000      0.00000000      0.00000000      0.00000000     -0.00000000     -0.00000000      0.00000000      0.00000000      0.00000000     -0.00000000     -0.00000000     -0.00000000      0.00000000     -0.00000000     -0.00000000      0.00000000     -0.00000000      0.00000000     -0.00000000      0.00000000      0.00000000     -0.00000000      0.00000000      0.00000000      0.00000000     -0.00000000     -0.00000000     -0.00000000      0.00000000      0.00000000     -0.00000000     -0.00000000     -0.00000000     -0.00000000      0.00000000     -0.00000000      0.00000000     -0.00000000      0.00000000      0.00000000      0.00000000      0.00000000      0.00000000      0.00000000      0.00000000     -0.00000000     -0.00000000     -0.00000000      0.00000000     -0.00000000     -0.00000000     -0.00000000      0.00000000     -0.00000000     -0.00000000      0.00000000     -0.00000000     -0.00000000      0.00000000      0.00000000      0.00000000      0.00000000     -0.00000000      0.00000000      0.00000000     -0.00000000     -0.00000000      0.00000000     -0.00000000      0.00000000     -0.00000000     -0.00000000      0.00000000      0.00000000     -0.00000000      0.00000000      0.00000000     -0.00000000     -0.00000000      0.00000000      0.00000000
      2.28470054      0.00000000      0.00000000     -0.00000000      0.00000000      0.00000000     -0.00000000     -0.00000000     -0.00000000     -0.00000000     -0.00000000     -0.00000000      0.00000000     -0.00000000      0.00000000      0.00000000     -0.00000000     -0.00000000     -0.00000000      0.00000000      0.00000000     -0.00000000     -0.00000000      0.00000000     -0.00000000      0.00000000      0.00000000     -0.00000000      0.00000000     -0.00000000     -0.00000000     -0.00000000     -0.00000000     -0.00000000      0.00000000      0.00000000      0.00000000     -0.00000000     -0.00000000      0.00000000     -0.00000000      0.00000000      0.00000000     -0.00000000      0.00000000     -0.00000000      0.00000000      0.00000000     -0.00000000      0.00000000     -0.00000000     -0.00000000     -0.00000000     -0.00000000     -0.00000000     -0.00000000      0.00000000     -0.00000000     -0.00000000     -0.00000000      0.00000000      0.00000000     -0.00000000     -0.00000000      0.00000000     -0.00000000      0.00000000      0.00000000     -0.00000000     -0.00000000     -0.00000000      0.00000000      0.00000000      0.00000000      0.00000000      0.00000000      0.00000000      0.00000000      0.00000000      0.00000000     -0.00000000     -0.00000000     -0.00000000      0.00000000     -0.00000000      0.00000000      0.00000000      0.00000000     -0.00000000      0.00000000      0.00000000      0.00000000     -0.00000000      0.00000000     -0.00000000     -0.00000000      0.00000000      0.00000000      0.00000000      0.00000000      0.00000000     -0.00000000      0.00000000     -0.00000000     -0.00000000      0.00000000     -0.00000000      0.00000000      0.00000000     -0.00000000     -0.00000000      0.00000000      0.00000000      0.00000000     -0.00000000     -0.00000000      0.00000000      0.00000000      0.00000000      0.00000000     -0.00000000      0.00000000     -0.00000000      0.00000000      0.00000000     -0.00000000     -0.00000000     -0.00000000      0.00000000
      2.29470054     -0.00000000     -0.00000000     -0.00000000      0.00000000      0.00000000     -0.00000000     -0.00000000      0.00000000      0.00000000      0.00000000      0.00000000      0.00000000      0.00000000     -0.00000000     -0.00000000     -0.00000000     -0.00000000     -0.00000000     -0.00000000     -0.00000000     -0.00000000      0.00000000     -0.00000000      0.00000000      0.00000000     -0.00000000     -0.00000000      0.00000000     -0.00000000     -0.00000000      0.00000000     -0.00000000      0.00000000     -0.00000000     -0.00000000     -0.00000000     -0.00000000     -0.00000000      0.00000000     -0.00000000     -0.00000000      0.00000000      0.00000000      0.00000000     -0.00000000      0.00000000      0.00000000      0.00000000      0.00000000     -0.00000000      0.00000000     -0.00000000     -0.00000000     -0.00000000     -0.00000000     -0.00000000     -0.00000000     -0.00000000      0.00000000     -0.00000000     -0.00000000      0.00000000      0.00000000      0.00000000     -0.00000000     -0.00000000     -0.00000000      0.00000000      0.00000000     -0.00000000      0.00000000      0.00000000      0.00000000      0.00000000      0.00000000      0.00000000      0.00000000     -0.00000000      0.00000000     -0.00000000     -0.00000000     -0.00000000     -0.00000000      0.00000000     -0.00000000     -0.00000000     -0.00000000      0.00000000      0.00000000     -0.00000000      0.00000000      0.00000000      0.00000000      0.00000000     -0.00000000      0.00000000      0.00000000     -0.00000000      0.00000000      0.00000000     -0.00000000      0.00000000      0.00000000     -0.00000000     -0.00000000      0.00000000     -0.00000000      0.00000000      0.00000000      0.00000000      0.00000000      0.00000000      0.00000000      0.00000000      0.00000000     -0.00000000     -0.00000000     -0.00000000     -0.00000000     -0.00000000     -0.00000000      0.00000000      0.00000000     -0.00000000     -0.00000000      0.00000000      0.00000000      0.00000000
      2.30470054     -0.00000000     -0.00000000     -0.00000000     -0.00000000      0.00000000     -0.00000000      0.00000000      0.00000000     -0.00000000      0.00000000     -0.00000000      0.00000000     -0.00000000     -0.00000000      0.00000000     -0.00000000      0.00000000      0.00000000     -0.00000000      0.00000000     -0.00000000      0.00000000     -0.00000000      0.00000000      0.00000000      0.00000000      0.00000000      0.00000000      0.00000000      0.00000000      0.00000000      0.00000000      0.00000000     -0.00000000     -0.00000000      0.00000000     -0.00000000      0.00000000      0.00000000      0.00000000      0.00000000      0.00000000     -0.00000000      0.00000000     -0.00000000      0.00000000     -0.00000000     -0.00000000      0.00000000      0.00000000     -0.00000000      0.00000000     -0.00000000      0.00000000     -0.00000000      0.00000000      0.00000000     -0.00000000     -0.00000000      0.00000000      0.00000000      0.00000000     -0.00000000      0.00000000     -0.00000000      0.00000000     -0.00000000     -0.00000000     -0.00000000      0.00000000      0.00000000     -0.00000000     -0.00000000      0.00000000     -0.00000000      0.00000000     -0.00000000      0.00000000     -0.00000000     -0.00000000      0.00000000      0.00000000     -0.00000000      0.00000000     -0.00000000      0.00000000     -0.00000000     -0.00000000     -0.00000000     -0.00000000     -0.00000000      0.00000000     -0.00000000      0.00000000      0.00000000     -0.00000000     -0.00000000     -0.00000000     -0.00000000     -0.00000000     -0.00000000     -0.00000000     -0.00000000     -0.00000000     -0.00000000      0.00000000      0.00000000     -0.00000000     -0.00000000      0.00000000     -0.00000000     -0.00000000      0.00000000     -0.00000000      0.00000000      0.00000000     -0.00000000      0.00000000     -0.00000000      0.00000000     -0.00000000     -0.00000000      0.00000000     -0.00000000      0.00000000      0.00000000      0.00000000      0.00000000
      2.31470054     -0.00000000      0.00000000      0.00000000      0.00000000      0.00000000     -0.00000000      0.00000000     -0.00000000     -0.00000000      0.00000000     -0.00000000     -0.00000000      0.00000000     -0.00000000      0.00000000     -0.00000000      0.00000000      0.00000000      0.00000000     -0.00000000     -0.00000000      0.00000000      0.00000000     -0.00000000      0.00000000      0.00000000      0.00000000      0.00000000     -0.00000000      0.00000000      0.00000000      0.00000000      0.00000000      0.00000000     -0.00000000     -0.00000000      0.00000000      0.00000000     -0.00000000      0.00000000     -0.00000000      0.00000000     -0.00000000      0.00000000      0.00000000     -0.00000000      0.00000000      0.00000000      0.00000000     -0.00000000     -0.00000000      0.00000000     -0.00000000     -0.00000000     -0.00000000     -0.00000000      0.00000000      0.00000000      0.00000000      0.00000000     -0.00000000     -0.00000000     -0.00000000      0.00000000     -0.00000000      0.00000000      0.00000000      0.00000000     -0.00000000     -0.00000000     -0.00000000     -0.00000000      0.00000000      0.00000000      0.00000000      0.00000000     -0.00000000      0.00000000      0.00000000      0.00000000     -0.00000000     -0.00000000      0.00000000     -0.00000000     -0.00000000      0.00000000     -0.00000000      0.00000000     -0.00000000      0.00000000     -0.00000000     -0.00000000      0.00000000      0.00000000     -0.00000000     -0.00000000     -0.00000000     -0.00000000     -0.00000000      0.00000000     -0.00000000     -0.00000000     -0.00000000     -0.00000000      0.00000000     -0.00000000     -0.00000000      0.00000000      0.00000000      0.00000000     -0.00000000     -0.00000000      0.00000000     -0.00000000      0.00000000     -0.00000000      0.00000000      0.00000000     -0.00000000      0.00000000      0.00000000     -0.00000000      0.00000000     -0.00000000     -0.00000000     -0.00000000     -0.00000000      0.00000000
      2.32470054      0.00000000      0.00000000     -0.00000000     -0.00000000      0.00000000     -0.00000000      0.00000000      0.00000000      0.00000000     -0.00000000     -0.00000000      0.00000000     -0.00000000      0.00000000     -0.00000000      0.00000000      0.00000000      0.00000000     -0.00000000     -0.00000000     -0.00000000      0.00000000     -0.00000000     -0.00000000      0.00000000      0.00000000      0.00000000     -0.00000000      0.00000000     -0.00000000     -0.00000000     -0.00000000     -0.00000000      0.00000000     -0.00000000      0.00000000     -0.00000000      0.00000000      0.00000000     -0.00000000     -0.00000000     -0.00000000     -0.00000000      0.00000000      0.00000000     -0.00000000     -0.00000000      0.00000000      0.00000000      0.00000000      0.00000000      0.00000000     -0.00000000      0.00000000      0.00000000     -0.00000000     -0.00000000      0.00000000      0.00000000      0.00000000     -0.00000000      0.00000000      0.00000000     -0.00000000      0.00000000     -0.00000000     -0.00000000      0.00000000     -0.00000000     -0.00000000     -0.00000000      0.00000000      0.00000000     -0.00000000     -0.00000000      0.00000000     -0.00000000     -0.00000000     -0.00000000     -0.00000000     -0.00000000      0.00000000      0.00000000     -0.00000000     -0.00000000      0.00000000      0.00000000      0.00000000      0.00000000     -0.00000000     -0.00000000      0.00000000     -0.00000000      0.00000000     -0.00000000      0.00000000      0.00000000      0.00000000      0.00000000     -0.00000000      0.00000000     -0.00000000     -0.00000000     -0.00000000      0.00000000      0.00000000     -0.00000000      0.00000000      0.00000000      0.00000000     -0.00000000     -0.00000000     -0.00000000      0.00000000     -0.00000000      0.00000000     -0.00000000      0.00000000      0.00000000     -0.00000000     -0.00000000     -0.00000000      0.00000000     -0.00000000      0.00000000      0.00000000     -0.00000000     -0.00000000
      2.33470054     -0.00000000      0.00000000      0.00000000     -0.00000000      0.00000000      0.00000000      0.00000000      0.00000000     -0.00000000     -0.00000000      0.00000000     -0.00000000     -0.00000000     -0.00000000     -0.00000000      0.00000000      0.00000000     -0.00000000     -0.00000000      0.00000000     -0.00000000     -0.00000000     -0.00000000     -0.00000000      0.00000000      0.00000000      0.00000000     -0.00000000      0.00000000      0.00000000     -0.00000000      0.00000000     -0.00000000      0.00000000      0.00000000     -0.00000000     -0.00000000      0.00000000     -0.00000000     -0.00000000     -0.00000000      0.00000000     -0.00000000     -0.00000000     -0.00000000     -0.00000000      0.00000000     -0.00000000      0.00000000     -0.00000000      0.00000000      0.00000000      0.00000000     -0.00000000     -0.00000000      0.00000000      0.00000000     -0.00000000      0.00000000      0.00000000      0.00000000     -0.00000000      0.00000000     -0.00000000      0.00000000     -0.00000000      0.00000000     -0.00000000     -0.00000000     -0.00000000      0.00000000     -0.00000000     -0.00000000      0.00000000      0.00000000     -0.00000000     -0.00000000     -0.00000000      0.00000000     -0.00000000      0.00000000     -0.00000000      0.00000000      0.00000000      0.00000000      0.00000000     -0.00000000      0.00000000      0.00000000      0.00000000     -0.00000000      0.00000000      0.00000000     -0.00000000     -0.00000000      0.00000000     -0.00000000      0.00000000     -0.00000000     -0.00000000      0.00000000     -0.00000000     -0.00000000     -0.00000000      0.00000000      0.00000000      0.00000000      0.00000000     -0.00000000      0.00000000      0.00000000     -0.00000000     -0.00000000      0.00000000      0.00000000      0.00000000      0.00000000     -0.00000000      0.00000000      0.00000000     -0.00000000     -0.00000000     -0.00000000     -0.00000000      0.00000000     -0.00000000     -0.00000000      0.00000000
      2.34470054      0.00000000      0.00000000      0.00000000     -0.00000000      0.00000000     -0.00000000      0.00000000      0.00000000      0.00000000     -0.00000000     -0.00000000      0.00000000      0.00000000      0.00000000      0.00000000      0.00000000     -0.00000000     -0.00000000      0.00000000     -0.00000000      0.00000000     -0.00000000      0.00000000     -0.00000000     -0.00000000      0.00000000      0.00000000      0.00000000      0.00000000      0.00000000      0.00000000     -0.00000000     -0.00000000     -0.00000000     -0.00000000     -0.00000000      0.00000000     -0.00000000      0.00000000      0.00000000     -0.00000000     -0.00000000      0.00000000      0.00000000      0.00000000     -0.00000000     -0.00000000     -0.00000000     -0.00000000      0.00000000      0.00000000     -0.00000000     -0.00000000      0.00000000      0.00000000     -0.00000000     -0.00000000      0.00000000      0.00000000      0.00000000      0.00000000     -0.00000000      0.00000000     -0.00000000      0.00000000     -0.00000000      0.00000000     -0.00000000     -0.00000000     -0.00000000     -0.00000000      0.00000000     -0.00000000      0.00000000      0.00000000      0.00000000     -0.00000000      0.00000000      0.00000000      0.00000000     -0.00000000      0.00000000      0.00000000     -0.00000000     -0.00000000     -0.00000000      0.00000000      0.00000000     -0.00000000     -0.00000000      0.00000000     -0.00000000      0.00000000      0.00000000      0.00000000      0.00000000      0.00000000     -0.00000000     -0.00000000     -0.00000000     -0.00000000     -0.00000000     -0.00000000      0.00000000      0.00000000     -0.00000000      0.00000000     -0.00000000      0.00000000     -0.00000000      0.00000000      0.00000000     -0.00000000     -0.00000000     -0.00000000     -0.00000000     -0.00000000      0.00000000      0.00000000     -0.00000000     -0.00000000     -0.00000000      0.00000000     -0.00000000      0.00000000     -0.00000000     -0.00000000     -0.00000000
      2.35470054      0.00000000      0.00000000     -0.00000000     -0.00000000     -0.00000000      0.00000000      0.00000000      0.00000000      0.00000000      0.00000000     -0.00000000     -0.00000000     -0.00000000     -0.00000000     -0.00000000     -0.00000000      0.00000000      0.00000000      0.00000000      0.00000000     -0.00000000      0.00000000      0.00000000      0.00000000      0.00000000      0.00000000     -0.00000000      0.00000000     -0.00000000     -0.00000000      0.00000000      0.00000000      0.00000000     -0.00000000      0.00000000     -0.00000000     -0.00000000      0.00000000      0.00000000     -0.00000000      0.00000000     -0.00000000     -0.00000000     -0.00000000     -0.00000000     -0.00000000     -0.00000000     -0.00000000     -0.00000000      0.00000000      0.00000000      0.00000000     -0.00000000      0.00000000      0.00000000      0.00000000      0.00000000     -0.00000000      0.00000000      0.00000000      0.00000000      0.00000000     -0.00000000     -0.00000000      0.00000000      0.00000000     -0.00000000     -0.00000000     -0.00000000     -0.00000000      0.00000000     -0.00000000     -0.00000000     -0.00000000     -0.00000000      0.00000000     -0.00000000     -0.00000000     -0.00000000      0.00000000      0.00000000      0.00000000      0.00000000      0.00000000      0.00000000      0.00000000      0.00000000     -0.00000000      0.00000000     -0.00000000     -0.00000000      0.00000000      0.00000000     -0.00000000      0.00000000     -0.00000000     -0.00000000     -0.00000000      0.00000000      0.00000000     -0.00000000      0.00000000     -0.00000000     -0.00000000     -0.00000000     -0.00000000     -0.00000000      0.00000000     -0.00000000     -0.00000000     -0.00000000     -0.00000000      0.00000000      0.00000000      0.00000000      0.00000000      0.00000000      0.00000000     -0.00000000     -0.00000000     -0.00000000     -0.00000000     -0.00000000      0.00000000      0.00000000      0.00000000     -0.00000000     -0.00000000
      2.36448614      0.00000000     -0.00000000     -0.00000000     -0.00000000     -0.00000000     -0.00000000     -0.00000000      0.00000000      0.00000000      0.00000000     -0.00000000      0.00000000     -0.00000000     -0.00000000      0.00000000      0.00000000     -0.00000000     -0.00000000     -0.00000000     -0.00000000      0.00000000      0.00000000     -0.00000000      0.00000000      0.00000000      0.00000000     -0.00000000      0.00000000      0.00000000      0.00000000      0.00000000      0.00000000      0.00000000      0.00000000      0.00000000      0.00000000      0.00000000      0.00000000     -0.00000000      0.00000000     -0.00000000     -0.00000000     -0.00000000     -0.00000000      0.00000000      0.00000000      0.00000000     -0.00000000     -0.00000000      0.00000000      0.00000000      0.00000000     -0.00000000      0.00000000     -0.00000000     -0.00000000      0.00000000     -0.00000000     -0.00000000     -0.00000000      0.00000000      0.00000000     -0.00000000      0.00000000     -0.00000000      0.00000000     -0.00000000     -0.00000000      0.00000000      0.00000000      0.00000000     -0.00000000      0.00000000      0.00000000     -0.00000000      0.00000000     -0.00000000     -0.00000000     -0.00000000      0.00000000      0.00000000     -0.00000000     -0.00000000     -0.00000000      0.00000000      0.00000000      0.00000000      0.00000000     -0.00000000      0.00000000     -0.00000000     -0.00000000     -0.00000000     -0.00000000     -0.00000000     -0.00000000     -0.00000000     -0.00000000     -0.00000000     -0.00000000     -0.00000000      0.00000000     -0.00000000     -0.00000000     -0.00000000      0.00000000     -0.00000000     -0.00000000      0.00000000      0.00000000      0.00000000      0.00000000     -0.00000000     -0.00000000      0.00000000      0.00000000     -0.00000000      0.00000000     -0.00000000     -0.00000000     -0.00000000      0.00000000      0.00000000      0.00000000      0.00000000      0.00000000      0.00000000     -0.00000000
      2.37427173     -0.00000000     -0.00000000     -0.00000000      0.00000000     -0.00000000     -0.00000000     -0.00000000     -0.00000000     -0.00000000      0.00000000      0.00000000      0.00000000      0.00000000      0.00000000      0.00000000      0.00000000     -0.00000000     -0.00000000     -0.00000000     -0.00000000      0.00000000     -0.00000000     -0.00000000     -0.00000000      0.00000000     -0.00000000     -0.00000000     -0.00000000      0.00000000     -0.00000000      0.00000000      0.00000000      0.00000000      0.00000000     -0.00000000      0.00000000     -0.00000000     -0.00000000     -0.00000000     -0.00000000      0.00000000      0.00000000     -0.00000000     -0.00000000     -0.00000000     -0.00000000      0.00000000      0.00000000      0.00000000      0.00000000      0.00000000     -0.00000000     -0.00000000     -0.00000000     -0.00000000      0.00000000      0.00000000      0.00000000     -0.00000000      0.00000000      0.00000000     -0.00000000      0.00000000     -0.00000000      0.00000000     -0.00000000      0.00000000     -0.00000000     -0.00000000      0.00000000     -0.00000000     -0.00000000     -0.00000000      0.00000000      0.00000000      0.00000000      0.00000000     -0.00000000     -0.00000000     -0.00000000     -0.00000000     -0.00000000      0.00000000      0.00000000      0.00000000      0.00000000     -0.00000000     -0.00000000      0.00000000      0.00000000      0.00000000      0.00000000     -0.00000000      0.00000000     -0.00000000     -0.00000000     -0.00000000     -0.00000000      0.00000000     -0.00000000      0.00000000      0.00000000      0.00000000     -0.00000000      0.00000000      0.00000000      0.00000000     -0.00000000      0.00000000      0.00000000      0.00000000      0.00000000     -0.00000000     -0.00000000     -0.00000000     -0.00000000     -0.00000000     -0.00000000     -0.00000000      0.00000000      0.00000000      0.00000000      0.00000000      0.00000000     -0.00000000      0.00000000      0.00000000      0.00000000
      2.38405733      0.00000000      0.00000000      0.00000000     -0.00000000      0.00000000      0.00000000      0.00000000     -0.00000000      0.00000000      0.00000000      0.00000000      0.00000000      0.00000000      0.00000000      0.00000000      0.00000000     -0.00000000     -0.00000000      0.00000000      0.00000000      0.00000000     -0.00000000     -0.00000000      0.00000000     -0.00000000     -0.00000000      0.00000000     -0.00000000      0.00000000      0.00000000      0.00000000      0.00000000     -0.00000000     -0.00000000     -0.00000000      0.00000000      0.00000000      0.00000000     -0.00000000     -0.00000000     -0.00000000      0.00000000      0.00000000      0.00000000      0.00000000      0.00000000      0.00000000      0.00000000     -0.00000000      0.00000000     -0.00000000      0.00000000      0.00000000      0.00000000      0.00000000      0.00000000      0.00000000      0.00000000      0.00000000     -0.00000000     -0.00000000      0.00000000     -0.00000000     -0.00000000      0.00000000      0.00000000     -0.00000000      0.00000000      0.00000000     -0.00000000     -0.00000000     -0.00000000     -0.00000000     -0.00000000     -0.00000000     -0.00000000     -0.00000000      0.00000000     -0.00000000      0.00000000     -0.00000000     -0.00000000     -0.00000000     -0.00000000     -0.00000000     -0.00000000     -0.00000000      0.00000000      0.00000000      0.00000000     -0.00000000     -0.00000000     -0.00000000      0.00000000      0.00000000      0.00000000     -0.00000000     -0.00000000     -0.00000000     -0.00000000      0.00000000     -0.00000000      0.00000000      0.00000000     -0.00000000      0.00000000      0.00000000     -0.00000000     -0.00000000     -0.00000000      0.00000000      0.00000000     -0.00000000     -0.00000000     -0.00000000     -0.00000000     -0.00000000     -0.00000000     -0.00000000     -0.00000000      0.00000000     -0.00000000     -0.00000000     -0.00000000      0.00000000     -0.00000000     -0.00000000     -0.00000000
      2.39384293     -0.00000000     -0.00000000     -0.00000000      0.00000000      0.00000000     -0.00000000      0.00000000      0.00000000      0.00000000     -0.00000000      0.00000000      0.00000000     -0.00000000      0.00000000     -0.00000000      0.00000000     -0.00000000      0.00000000     -0.00000000      0.00000000      0.00000000      0.00000000     -0.00000000     -0.00000000     -0.00000000      0.00000000      0.00000000      0.00000000      0.00000000      0.00000000     -0.00000000     -0.00000000      0.00000000     -0.00000000     -0.00000000      0.00000000     -0.00000000      0.00000000      0.00000000      0.00000000     -0.00000000     -0.00000000     -0.00000000      0.00000000     -0.00000000      0.00000000      0.00000000     -0.00000000      0.00000000     -0.00000000      0.00000000      0.00000000     -0.00000000     -0.00000000     -0.00000000      0.00000000     -0.00000000      0.00000000     -0.00000000      0.00000000      0.00000000      0.00000000     -0.00000000      0.00000000     -0.00000000      0.00000000     -0.00000000     -0.00000000     -0.00000000      0.00000000     -0.00000000      0.00000000     -0.00000000      0.00000000      0.00000000      0.00000000     -0.00000000     -0.00000000      0.00000000     -0.00000000      0.00000000     -0.00000000     -0.00000000      0.00000000     -0.00000000      0.00000000      0.00000000      0.00000000     -0.00000000     -0.00000000     -0.00000000      0.00000000     -0.00000000      0.00000000      0.00000000     -0.00000000      0.00000000      0.00000000     -0.00000000     -0.00000000     -0.00000000     -0.00000000     -0.00000000      0.00000000      0.00000000      0.00000000     -0.00000000     -0.00000000     -0.00000000      0.00000000     -0.00000000      0.00000000     -0.00000000      0.00000000     -0.00000000      0.00000000     -0.00000000     -0.00000000      0.00000000     -0.00000000     -0.00000000     -0.00000000      0.00000000     -0.00000000     -0.00000000      0.00000000      0.00000000      0.00000000
      2.40362853     -0.00000000      0.00000000     -0.00000000     -0.00000000     -0.00000000      0.00000000      0.00000000      0.00000000     -0.00000000      0.00000000     -0.00000000      0.00000000     -0.00000000      0.00000000      0.00000000      0.00000000      0.00000000     -0.00000000     -0.00000000     -0.00000000     -0.00000000      0.00000000     -0.00000000      0.00000000     -0.00000000     -0.00000000     -0.00000000      0.00000000     -0.00000000     -0.00000000      0.00000000     -0.00000000      0.00000000     -0.00000000     -0.00000000     -0.00000000      0.00000000     -0.00000000     -0.00000000     -0.00000000      0.00000000      0.00000000     -0.00000000     -0.00000000      0.00000000      0.00000000      0.00000000     -0.00000000      0.00000000     -0.00000000      0.00000000      0.00000000     -0.00000000     -0.00000000     -0.00000000      0.00000000      0.00000000     -0.00000000      0.00000000     -0.00000000      0.00000000     -0.00000000      0.00000000     -0.00000000      0.00000000     -0.00000000      0.00000000     -0.00000000      0.00000000     -0.00000000      0.00000000     -0.00000000     -0.00000000      0.00000000      0.00000000      0.00000000     -0.00000000     -0.00000000      0.00000000     -0.00000000      0.00000000     -0.00000000     -0.00000000     -0.00000000      0.00000000      0.00000000     -0.00000000     -0.00000000      0.00000000      0.00000000      0.00000000     -0.00000000      0.00000000      0.00000000      0.00000000     -0.00000000      0.00000000     -0.00000000      0.00000000      0.00000000     -0.00000000      0.00000000      0.00000000      0.00000000     -0.00000000      0.00000000     -0.00000000      0.00000000      0.00000000      0.00000000      0.00000000     -0.00000000     -0.00000000     -0.00000000     -0.00000000      0.00000000     -0.00000000      0.00000000     -0.00000000      0.00000000     -0.00000000     -0.00000000     -0.00000000      0.00000000      0.00000000      0.00000000     -0.00000000      0.00000000
      2.41341413      0.00000000     -0.00000000      0.00000000     -0.00000000      0.00000000      0.00000000     -0.00000000     -0.00000000      0.00000000      0.00000000      0.00000000      0.00000000      0.00000000      0.00000000     -0.00000000     -0.00000000     -0.00000000      0.00000000      0.00000000     -0.00000000     -0.00000000     -0.00000000      0.00000000     -0.00000000      0.00000000      0.00000000     -0.00000000      0.00000000     -0.00000000     -0.00000000     -0.00000000     -0.00000000      0.00000000     -0.00000000      0.00000000      0.00000000      0.00000000      0.00000000      0.00000000      0.00000000     -0.00000000     -0.00000000     -0.00000000     -0.00000000      0.00000000      0.00000000      0.00000000      0.00000000      0.00000000      0.00000000      0.00000000      0.00000000     -0.00000000     -0.00000000     -0.00000000      0.00000000     -0.00000000      0.00000000     -0.00000000     -0.00000000      0.00000000     -0.00000000     -0.00000000     -0.00000000      0.00000000      0.00000000      0.00000000     -0.00000000      0.00000000      0.00000000     -0.00000000      0.00000000     -0.00000000      0.00000000      0.00000000      0.00000000     -0.00000000     -0.00000000     -0.00000000     -0.00000000     -0.00000000     -0.00000000     -0.00000000     -0.00000000      0.00000000      0.00000000      0.00000000      0.00000000     -0.00000000     -0.00000000     -0.00000000     -0.00000000     -0.00000000     -0.00000000      0.00000000     -0.00000000      0.00000000      0.00000000      0.00000000      0.00000000     -0.00000000      0.00000000     -0.00000000     -0.00000000      0.00000000     -0.00000000      0.00000000      0.00000000      0.00000000     -0.00000000     -0.00000000      0.00000000      0.00000000      0.00000000     -0.00000000     -0.00000000     -0.00000000     -0.00000000     -0.00000000     -0.00000000      0.00000000      0.00000000     -0.00000000     -0.00000000      0.00000000     -0.00000000      0.00000000     -0.00000000
      2.42319972     -0.00000000      0.00000000      0.00000000      0.00000000      0.00000000     -0.00000000     -0.00000000     -0.00000000     -0.00000000     -0.00000000      0.00000000      0.00000000      0.00000000      0.00000000     -0.00000000      0.00000000     -0.00000000     -0.00000000      0.00000000     -0.00000000     -0.00000000     -0.00000000     -0.00000000      0.00000000      0.00000000     -0.00000000      0.00000000      0.00000000      0.00000000      0.00000000      0.00000000      0.00000000     -0.00000000      0.00000000     -0.00000000      0.00000000     -0.00000000     -0.00000000     -0.00000000      0.00000000      0.00000000      0.00000000     -0.00000000      0.00000000     -0.00000000      0.00000000      0.00000000      0.00000000     -0.00000000     -0.00000000     -0.00000000     -0.00000000      0.00000000      0.00000000     -0.00000000      0.00000000     -0.00000000     -0.00000000      0.00000000      0.00000000     -0.00000000     -0.00000000     -0.00000000      0.00000000     -0.00000000      0.00000000      0.00000000      0.00000000     -0.00000000      0.00000000      0.00000000      0.00000000     -0.00000000      0.00000000     -0.00000000      0.00000000      0.00000000      0.00000000      0.00000000     -0.00000000     -0.00000000     -0.00000000     -0.00000000      0.00000000     -0.00000000     -0.00000000     -0.00000000     -0.00000000      0.00000000      0.00000000     -0.00000000      0.00000000     -0.00000000      0.00000000      0.00000000      0.00000000      0.00000000      0.00000000     -0.00000000     -0.00000000     -0.00000000     -0.00000000      0.00000000     -0.00000000     -0.00000000      0.00000000      0.00000000      0.00000000      0.00000000     -0.00000000      0.00000000      0.00000000      0.00000000     -0.00000000     -0.00000000     -0.00000000     -0.00000000     -0.00000000     -0.00000000      0.00000000      0.00000000     -0.00000000      0.00000000      0.00000000     -0.00000000     -0.00000000     -0.00000000      0.00000000
      2.43298532     -0.00000000      0.00000000     -0.00000000      0.00000000      0.00000000     -0.00000000      0.00000000     -0.00000000     -0.00000000     -0.00000000      0.00000000      0.00000000     -0.00000000      0.00000000     -0.00000000     -0.00000000     -0.00000000     -0.00000000     -0.00000000      0.00000000      0.00000000     -0.00000000     -0.00000000      0.00000000      0.00000000     -0.00000000     -0.00000000     -0.00000000      0.00000000      0.00000000      0.00000000      0.00000000     -0.00000000      0.00000000      0.00000000     -0.00000000      0.00000000     -0.00000000      0.00000000      0.00000000     -0.00000000      0.00000000      0.00000000     -0.00000000      0.00000000     -0.00000000      0.00000000      0.00000000     -0.00000000      0.00000000      0.00000000     -0.00000000     -0.00000000     -0.00000000     -0.00000000      0.00000000     -0.00000000     -0.00000000      0.00000000      0.00000000      0.00000000     -0.00000000      0.00000000     -0.00000000      0.00000000     -0.00000000      0.00000000     -0.00000000     -0.00000000     -0.00000000      0.00000000      0.00000000     -0.00000000      0.00000000      0.00000000      0.00000000      0.00000000     -0.00000000     -0.00000000      0.00000000     -0.00000000     -0.00000000      0.00000000     -0.00000000      0.00000000     -0.00000000     -0.00000000      0.00000000     -0.00000000     -0.00000000      0.00000000     -0.00000000      0.00000000     -0.00000000     -0.00000000      0.00000000     -0.00000000     -0.00000000     -0.00000000     -0.00000000      0.00000000      0.00000000      0.00000000     -0.00000000     -0.00000000      0.00000000      0.00000000     -0.00000000     -0.00000000      0.00000000      0.00000000      0.00000000      0.00000000      0.00000000     -0.00000000      0.00000000     -0.00000000     -0.00000000      0.00000000      0.00000000      0.00000000     -0.00000000      0.00000000     -0.00000000     -0.00000000      0.00000000     -0.00000000      0.00000000
      2.44277092     -0.00000000     -0.00000000      0.00000000      0.00000000     -0.00000000     -0.00000000      0.00000000     -0.00000000     -0.00000000     -0.00000000      0.00000000     -0.00000000     -0.00000000     -0.00000000     -0.00000000     -0.00000000     -0.00000000     -0.00000000     -0.00000000     -0.00000000     -0.00000000     -0.00000000      0.00000000     -0.00000000      0.00000000      0.00000000     -0.00000000      0.00000000      0.00000000     -0.00000000     -0.00000000      0.00000000      0.00000000     -0.00000000      0.00000000     -0.00000000     -0.00000000      0.00000000      0.00000000     -0.00000000     -0.00000000      0.00000000      0.00000000     -0.00000000      0.00000000      0.00000000     -0.00000000     -0.00000000      0.00000000     -0.00000000      0.00000000     -0.00000000     -0.00000000      0.00000000      0.00000000      0.00000000      0.00000000      0.00000000     -0.00000000      0.00000000     -0.00000000      0.00000000      0.00000000      0.00000000     -0.00000000     -0.00000000     -0.00000000      0.00000000     -0.00000000     -0.00000000     -0.00000000     -0.00000000     -0.00000000     -0.00000000     -0.00000000     -0.00000000     -0.00000000      0.00000000      0.00000000     -0.00000000     -0.00000000      0.00000000      0.00000000     -0.00000000      0.00000000     -0.00000000      0.00000000      0.00000000      0.00000000     -0.00000000      0.00000000      0.00000000      0.00000000      0.00000000     -0.00000000     -0.00000000     -0.00000000      0.00000000      0.00000000     -0.00000000     -0.00000000      0.00000000     -0.00000000     -0.00000000      0.00000000     -0.00000000      0.00000000      0.00000000      0.00000000      0.00000000      0.00000000      0.00000000     -0.00000000      0.00000000     -0.00000000      0.00000000      0.00000000     -0.00000000     -0.00000000      0.00000000      0.00000000     -0.00000000      0.00000000      0.00000000     -0.00000000      0.00000000     -0.00000000     -0.00000000
      2.45255652     -0.00000000     -0.00000000      0.00000000      0.00000000     -0.00000000     -0.00000000     -0.00000000     -0.00000000     -0.00000000      0.00000000      0.00000000     -0.00000000      0.00000000     -0.00000000      0.00000000      0.00000000     -0.00000000     -0.00000000     -0.00000000      0.00000000     -0.00000000     -0.00000000      0.00000000      0.00000000     -0.00000000     -0.00000000     -0.00000000     -0.00000000     -0.00000000     -0.00000000      0.00000000      0.00000000     -0.00000000     -0.00000000     -0.00000000     -0.00000000     -0.00000000     -0.00000000      0.00000000      0.00000000     -0.00000000     -0.00000000      0.00000000     -0.00000000      0.00000000     -0.00000000      0.00000000     -0.00000000      0.00000000      0.00000000      0.00000000     -0.00000000     -0.00000000     -0.00000000      0.00000000      0.00000000      0.00000000      0.00000000      0.00000000      0.00000000      0.00000000      0.00000000      0.00000000     -0.00000000      0.00000000     -0.00000000     -0.00000000     -0.00000000     -0.00000000     -0.00000000     -0.00000000     -0.00000000     -0.00000000     -0.00000000      0.00000000      0.00000000      0.00000000     -0.00000000     -0.00000000     -0.00000000      0.00000000     -0.00000000      0.00000000     -0.00000000      0.00000000     -0.00000000      0.00000000      0.00000000     -0.00000000     -0.00000000      0.00000000      0.00000000      0.00000000      0.00000000      0.00000000      0.00000000     -0.00000000     -0.00000000      0.00000000      0.00000000      0.00000000      0.00000000      0.00000000      0.00000000     -0.00000000     -0.00000000      0.00000000      0.00000000     -0.00000000      0.00000000      0.00000000      0.00000000     -0.00000000     -0.00000000      0.00000000     -0.00000000      0.00000000     -0.00000000     -0.00000000      0.00000000      0.00000000      0.00000000      0.00000000      0.00000000     -0.00000000     -0.00000000      0.00000000      0.00000000
      2.46234211      0.00000000      0.00000000      0.00000000     -0.00000000     -0.00000000     -0.00000000     -0.00000000      0.00000000      0.00000000     -0.00000000      0.00000000     -0.00000000      0.00000000     -0.00000000     -0.00000000      0.00000000     -0.00000000      0.00000000     -0.00000000     -0.00000000      0.00000000      0.00000000      0.00000000     -0.00000000      0.00000000      0.00000000      0.00000000     -0.00000000      0.00000000     -0.00000000     -0.00000000      0.00000000     -0.00000000     -0.00000000     -0.00000000      0.00000000      0.00000000     -0.00000000      0.00000000      0.00000000     -0.00000000     -0.00000000     -0.00000000     -0.00000000     -0.00000000     -0.00000000      0.00000000      0.00000000      0.00000000     -0.00000000     -0.00000000     -0.00000000     -0.00000000     -0.00000000      0.00000000      0.00000000     -0.00000000     -0.00000000     -0.00000000     -0.00000000     -0.00000000      0.00000000     -0.00000000     -0.00000000      0.00000000      0.00000000     -0.00000000      0.00000000      0.00000000      0.00000000      0.00000000      0.00000000     -0.00000000     -0.00000000      0.00000000      0.00000000      0.00000000      0.00000000      0.00000000     -0.00000000     -0.00000000     -0.00000000      0.00000000      0.00000000      0.00000000      0.00000000      0.00000000      0.00000000     -0.00000000     -0.00000000      0.00000000     -0.00000000     -0.00000000      0.00000000      0.00000000      0.00000000     -0.00000000      0.00000000      0.00000000     -0.00000000      0.00000000     -0.00000000     -0.00000000     -0.00000000      0.00000000     -0.00000000     -0.00000000     -0.00000000      0.00000000      0.00000000     -0.00000000      0.00000000     -0.00000000      0.00000000      0.00000000     -0.00000000      0.00000000     -0.00000000      0.00000000     -0.00000000     -0.00000000      0.00000000      0.00000000      0.00000000      0.00000000     -0.00000000     -0.00000000     -0.00000000
      2.47212771      0.00000000     -0.00000000     -0.00000000     -0.00000000      0.00000000     -0.00000000      0.00000000      0.00000000      0.00000000      0.00000000      0.00000000      0.00000000     -0.00000000      0.00000000      0.00000000     -0.00000000      0.00000000      0.00000000      0.00000000      0.00000000      0.00000000      0.00000000      0.00000000      0.00000000      0.00000000     -0.00000000     -0.00000000      0.00000000     -0.00000000     -0.00000000      0.00000000      0.00000000     -0.00000000      0.00000000      0.00000000     -0.00000000      0.00000000      0.00000000     -0.00000000     -0.00000000     -0.00000000     -0.00000000      0.00000000     -0.00000000      0.00000000      0.00000000      0.00000000      0.00000000     -0.00000000      0.00000000     -0.00000000      0.00000000      0.00000000      0.00000000      0.00000000     -0.00000000      0.00000000     -0.00000000     -0.00000000      0.00000000     -0.00000000      0.00000000     -0.00000000     -0.00000000      0.00000000      0.00000000     -0.00000000      0.00000000     -0.00000000      0.00000000      0.00000000     -0.00000000      0.00000000     -0.00000000     -0.00000000     -0.00000000     -0.00000000      0.00000000     -0.00000000      0.00000000     -0.00000000     -0.00000000     -0.00000000     -0.00000000      0.00000000     -0.00000000      0.00000000      0.00000000      0.00000000      0.00000000     -0.00000000     -0.00000000      0.00000000     -0.00000000     -0.00000000      0.00000000     -0.00000000     -0.00000000      0.00000000      0.00000000     -0.00000000      0.00000000      0.00000000     -0.00000000     -0.00000000     -0.00000000     -0.00000000     -0.00000000     -0.00000000     -0.00000000     -0.00000000     -0.00000000      0.00000000     -0.00000000     -0.00000000      0.00000000     -0.00000000     -0.00000000     -0.00000000     -0.00000000     -0.00000000     -0.00000000      0.00000000     -0.00000000      0.00000000      0.00000000      0.00000000     -0.00000000
      2.48191331      0.00000000     -0.00000000      0.00000000     -0.00000000     -0.00000000      0.00000000      0.00000000     -0.00000000     -0.00000000      0.00000000      0.00000000     -0.00000000      0.00000000     -0.00000000      0.00000000     -0.00000000      0.00000000     -0.00000000     -0.00000000     -0.00000000     -0.00000000      0.00000000     -0.00000000      0.00000000     -0.00000000     -0.00000000      0.00000000      0.00000000     -0.00000000      0.00000000      0.00000000      0.00000000     -0.00000000      0.00000000     -0.00000000      0.00000000     -0.00000000      0.00000000     -0.00000000      0.00000000      0.00000000      0.00000000      0.00000000      0.00000000      0.00000000     -0.00000000     -0.00000000      0.00000000     -0.00000000      0.00000000      0.00000000     -0.00000000      0.00000000      0.00000000      0.00000000     -0.00000000     -0.00000000     -0.00000000     -0.00000000     -0.00000000      0.00000000      0.00000000      0.00000000     -0.00000000      0.00000000     -0.00000000     -0.00000000     -0.00000000      0.00000000      0.00000000      0.00000000      0.00000000      0.00000000     -0.00000000     -0.00000000     -0.00000000      0.00000000     -0.00000000     -0.00000000      0.00000000     -0.00000000      0.00000000      0.00000000     -0.00000000     -0.00000000     -0.00000000     -0.00000000     -0.00000000     -0.00000000      0.00000000     -0.00000000      0.00000000     -0.00000000      0.00000000     -0.00000000      0.00000000     -0.00000000     -0.00000000     -0.00000000      0.00000000     -0.00000000     -0.00000000      0.00000000      0.00000000     -0.00000000      0.00000000     -0.00000000      0.00000000      0.00000000      0.00000000      0.00000000     -0.00000000      0.00000000     -0.00000000      0.00000000     -0.00000000      0.00000000     -0.00000000     -0.00000000      0.00000000      0.00000000     -0.00000000     -0.00000000      0.00000000      0.00000000     -0.00000000      0.00000000     -0.00000000
      2.49169891     -0.00000000      0.00000000     -0.00000000     -0.00000000     -0.00000000     -0.00000000      0.00000000      0.00000000      0.00000000      0.00000000      0.00000000     -0.00000000     -0.00000000     -0.00000000     -0.00000000      0.00000000     -0.00000000     -0.00000000     -0.00000000      0.00000000     -0.00000000      0.00000000     -0.00000000     -0.00000000      0.00000000      0.00000000     -0.00000000     -0.00000000      0.00000000     -0.00000000      0.00000000      0.00000000     -0.00000000     -0.00000000     -0.00000000      0.00000000      0.00000000     -0.00000000     -0.00000000     -0.00000000     -0.00000000      0.00000000     -0.00000000     -0.00000000     -0.00000000     -0.00000000      0.00000000     -0.00000000      0.00000000     -0.00000000     -0.00000000     -0.00000000      0.00000000     -0.00000000      0.00000000      0.00000000     -0.00000000      0.00000000      0.00000000     -0.00000000     -0.00000000     -0.00000000     -0.00000000     -0.00000000      0.00000000      0.00000000      0.00000000      0.00000000      0.00000000     -0.00000000     -0.00000000      0.00000000      0.00000000     -0.00000000     -0.00000000     -0.00000000      0.00000000      0.00000000      0.00000000      0.00000000     -0.00000000      0.00000000     -0.00000000      0.00000000      0.00000000     -0.00000000     -0.00000000      0.00000000      0.00000000     -0.00000000      0.00000000      0.00000000     -0.00000000     -0.00000000     -0.00000000     -0.00000000     -0.00000000     -0.00000000     -0.00000000     -0.00000000      0.00000000      0.00000000     -0.00000000     -0.00000000      0.00000000      0.00000000     -0.00000000      0.00000000     -0.00000000      0.00000000      0.00000000      0.00000000     -0.00000000      0.00000000      0.00000000      0.00000000      0.00000000     -0.00000000     -0.00000000     -0.00000000     -0.00000000     -0.00000000      0.00000000      0.00000000     -0.00000000      0.00000000      0.00000000      0.00000000
      2.50148451     -0.00000000     -0.00000000     -0.00000000     -0.00000000     -0.00000000     -0.00000000      0.00000000     -0.00000000     -0.00000000      0.00000000      0.00000000      0.00000000     -0.00000000      0.00000000     -0.00000000      0.00000000      0.00000000      0.00000000      0.00000000      0.00000000     -0.00000000      0.00000000      0.00000000      0.00000000     -0.00000000     -0.00000000      0.00000000      0.00000000      0.00000000     -0.00000000      0.00000000      0.00000000     -0.00000000      0.00000000      0.00000000     -0.00000000     -0.00000000     -0.00000000     -0.00000000     -0.00000000      0.00000000     -0.00000000     -0.00000000     -0.00000000      0.00000000      0.00000000     -0.00000000      0.00000000      0.00000000      0.00000000      0.00000000      0.00000000      0.00000000     -0.00000000     -0.00000000     -0.00000000      0.00000000     -0.00000000      0.00000000      0.00000000     -0.00000000     -0.00000000     -0.00000000     -0.00000000      0.00000000      0.00000000      0.00000000      0.00000000     -0.00000000     -0.00000000      0.00000000     -0.00000000      0.00000000      0.00000000      0.00000000     -0.00000000     -0.00000000     -0.00000000     -0.00000000     -0.00000000     -0.00000000      0.00000000     -0.00000000     -0.00000000      0.00000000      0.00000000      0.00000000     -0.00000000      0.00000000      0.00000000      0.00000000      0.00000000      0.00000000     -0.00000000     -0.00000000      0.00000000     -0.00000000     -0.00000000      0.00000000     -0.00000000     -0.00000000     -0.00000000      0.00000000      0.00000000     -0.00000000     -0.00000000     -0.00000000      0.00000000     -0.00000000     -0.00000000     -0.00000000     -0.00000000     -0.00000000      0.00000000     -0.00000000      0.00000000     -0.00000000     -0.00000000     -0.00000000      0.00000000      0.00000000     -0.00000000      0.00000000      0.00000000      0.00000000      0.00000000      0.00000000      0.00000000
      2.51127010     -0.00000000      0.00000000      0.00000000     -0.00000000      0.00000000      0.00000000     -0.00000000     -0.00000000      0.00000000     -0.00000000      0.00000000     -0.00000000      0.00000000     -0.00000000     -0.00000000     -0.00000000     -0.00000000     -0.00000000      0.00000000     -0.00000000     -0.00000000     -0.00000000      0.00000000     -0.00000000      0.00000000     -0.00000000     -0.00000000      0.00000000      0.00000000     -0.00000000      0.00000000     -0.00000000      0.00000000     -0.00000000     -0.00000000     -0.00000000      0.00000000     -0.00000000      0.00000000     -0.00000000     -0.00000000      0.00000000      0.00000000     -0.00000000     -0.00000000     -0.00000000      0.00000000     -0.00000000      0.00000000      0.00000000     -0.00000000      0.00000000      0.00000000      0.00000000     -0.00000000      0.00000000     -0.00000000      0.00000000     -0.00000000      0.00000000      0.00000000     -0.00000000     -0.00000000     -0.00000000      0.00000000      0.00000000      0.00000000     -0.00000000     -0.00000000      0.00000000     -0.00000000      0.00000000     -0.00000000      0.00000000     -0.00000000     -0.00000000     -0.00000000      0.00000000     -0.00000000     -0.00000000      0.00000000     -0.00000000      0.00000000      0.00000000      0.00000000     -0.00000000     -0.00000000      0.00000000      0.00000000     -0.00000000      0.00000000     -0.00000000      0.00000000      0.00000000      0.00000000     -0.00000000      0.00000000     -0.00000000      0.00000000     -0.00000000     -0.00000000      0.00000000      0.00000000     -0.00000000      0.00000000     -0.00000000      0.00000000      0.00000000      0.00000000     -0.00000000      0.00000000      0.00000000      0.00000000      0.00000000      0.00000000     -0.00000000      0.00000000     -0.00000000      0.00000000     -0.00000000      0.00000000      0.00000000     -0.00000000     -0.00000000      0.00000000     -0.00000000     -0.00000000      0.00000000
      2.52105570     -0.00000000     -0.00000000      0.00000000      0.00000000     -0.00000000      0.00000000     -0.00000000     -0.00000000     -0.00000000      0.00000000     -0.00000000     -0.00000000     -0.00000000      0.00000000      0.00000000      0.00000000      0.00000000      0.00000000     -0.00000000      0.00000000      0.00000000      0.00000000     -0.00000000     -0.00000000     -0.00000000      0.00000000     -0.00000000      0.00000000      0.00000000     -0.00000000     -0.00000000      0.00000000      0.00000000     -0.00000000     -0.00000000      0.00000000     -0.00000000      0.00000000      0.00000000      0.00000000      0.00000000      0.00000000     -0.00000000     -0.00000000      0.00000000      0.00000000     -0.00000000      0.00000000     -0.00000000     -0.00000000     -0.00000000     -0.00000000      0.00000000     -0.00000000     -0.00000000     -0.00000000     -0.00000000      0.00000000      0.00000000      0.00000000      0.00000000      0.00000000      0.00000000      0.00000000     -0.00000000     -0.00000000     -0.00000000     -0.00000000     -0.00000000     -0.00000000     -0.00000000      0.00000000      0.00000000      0.00000000      0.00000000     -0.00000000      0.00000000      0.00000000      0.00000000      0.00000000     -0.00000000      0.00000000     -0.00000000     -0.00000000      0.00000000      0.00000000     -0.00000000     -0.00000000     -0.00000000     -0.00000000     -0.00000000      0.00000000     -0.00000000      0.00000000      0.00000000     -0.00000000     -0.00000000      0.00000000      0.00000000     -0.00000000     -0.00000000      0.00000000     -0.00000000      0.00000000      0.00000000      0.00000000     -0.00000000     -0.00000000     -0.00000000      0.00000000     -0.00000000     -0.00000000     -0.00000000     -0.00000000     -0.00000000      0.00000000      0.00000000      0.00000000     -0.00000000      0.00000000      0.00000000      0.00000000     -0.00000000      0.00000000     -0.00000000     -0.00000000      0.00000000      0.00000000
      2.53084130      0.00000000      0.00000000     -0.00000000      0.00000000     -0.00000000      0.00000000     -0.00000000      0.00000000      0.00000000     -0.00000000     -0.00000000     -0.00000000      0.00000000     -0.00000000      0.00000000     -0.00000000      0.00000000     -0.00000000      0.00000000     -0.00000000     -0.00000000      0.00000000      0.00000000      0.00000000      0.00000000     -0.00000000      0.00000000     -0.00000000     -0.00000000     -0.00000000      0.00000000     -0.00000000      0.00000000     -0.00000000     -0.00000000      0.00000000     -0.00000000      0.00000000     -0.00000000     -0.00000000      0.00000000      0.00000000     -0.00000000     -0.00000000     -0.00000000      0.00000000      0.00000000     -0.00000000     -0.00000000     -0.00000000      0.00000000      0.00000000     -0.00000000     -0.00000000      0.00000000     -0.00000000      0.00000000      0.00000000     -0.00000000      0.00000000     -0.00000000      0.00000000      0.00000000     -0.00000000      0.00000000     -0.00000000     -0.00000000      0.00000000     -0.00000000      0.00000000     -0.00000000     -0.00000000      0.00000000     -0.00000000      0.00000000      0.00000000     -0.00000000     -0.00000000      0.00000000      0.00000000      0.00000000     -0.00000000     -0.00000000      0.00000000      0.00000000      0.00000000     -0.00000000     -0.00000000      0.00000000      0.00000000     -0.00000000      0.00000000     -0.00000000      0.00000000      0.00000000     -0.00000000      0.00000000     -0.00000000      0.00000000      0.00000000      0.00000000     -0.00000000      0.00000000     -0.00000000     -0.00000000     -0.00000000     -0.00000000      0.00000000      0.00000000     -0.00000000      0.00000000     -0.00000000      0.00000000     -0.00000000      0.00000000     -0.00000000      0.00000000      0.00000000      0.00000000     -0.00000000     -0.00000000      0.00000000     -0.00000000      0.00000000     -0.00000000      0.00000000     -0.00000000     -0.00000000
      2.54062690     -0.00000000     -0.00000000     -0.00000000     -0.00000000     -0.00000000     -0.00000000     -0.00000000      0.00000000      0.00000000      0.00000000      0.00000000     -0.00000000     -0.00000000     -0.00000000      0.00000000      0.00000000      0.00000000      0.00000000     -0.00000000      0.00000000     -0.00000000      0.00000000      0.00000000      0.00000000     -0.00000000      0.00000000     -0.00000000     -0.00000000     -0.00000000     -0.00000000     -0.00000000     -0.00000000     -0.00000000     -0.00000000     -0.00000000     -0.00000000      0.00000000     -0.00000000     -0.00000000      0.00000000      0.00000000      0.00000000     -0.00000000      0.00000000      0.00000000      0.00000000     -0.00000000     -0.00000000      0.00000000     -0.00000000     -0.00000000      0.00000000     -0.00000000     -0.00000000      0.00000000     -0.00000000      0.00000000      0.00000000     -0.00000000      0.00000000      0.00000000     -0.00000000     -0.00000000     -0.00000000      0.00000000      0.00000000      0.00000000     -0.00000000     -0.00000000      0.00000000     -0.00000000     -0.00000000      0.00000000     -0.00000000      0.00000000      0.00000000     -0.00000000      0.00000000      0.00000000     -0.00000000      0.00000000      0.00000000     -0.00000000     -0.00000000     -0.00000000      0.00000000     -0.00000000     -0.00000000     -0.00000000      0.00000000      0.00000000     -0.00000000      0.00000000      0.00000000      0.00000000      0.00000000      0.00000000      0.00000000      0.00000000      0.00000000      0.00000000      0.00000000     -0.00000000      0.00000000     -0.00000000     -0.00000000     -0.00000000      0.00000000     -0.00000000      0.00000000     -0.00000000     -0.00000000     -0.00000000     -0.00000000      0.00000000      0.00000000      0.00000000     -0.00000000     -0.00000000     -0.00000000     -0.00000000      0.00000000      0.00000000      0.00000000      0.00000000      0.00000000      0.00000000      0.00000000
      2.55041249      0.00000000     -0.00000000      0.00000000     -0.00000000     -0.00000000      0.00000000      0.00000000     -0.00000000     -0.00000000      0.00000000     -0.00000000     -0.00000000     -0.00000000      0.00000000      0.00000000     -0.00000000     -0.00000000     -0.00000000     -0.00000000     -0.00000000     -0.00000000     -0.00000000      0.00000000     -0.00000000     -0.00000000      0.00000000     -0.00000000      0.00000000      0.00000000      0.00000000      0.00000000      0.00000000      0.00000000      0.00000000      0.00000000      0.00000000      0.00000000     -0.00000000      0.00000000      0.00000000     -0.00000000     -0.00000000     -0.00000000      0.00000000     -0.00000000     -0.00000000     -0.00000000      0.00000000     -0.00000000     -0.00000000     -0.00000000     -0.00000000      0.00000000      0.00000000      0.00000000      0.00000000     -0.00000000     -0.00000000      0.00000000     -0.00000000      0.00000000     -0.00000000     -0.00000000      0.00000000     -0.00000000      0.00000000      0.00000000     -0.00000000      0.00000000     -0.00000000      0.00000000      0.00000000     -0.00000000     -0.00000000     -0.00000000     -0.00000000      0.00000000      0.00000000      0.00000000      0.00000000     -0.00000000      0.00000000      0.00000000      0.00000000     -0.00000000      0.00000000      0.00000000      0.00000000     -0.00000000     -0.00000000      0.00000000     -0.00000000     -0.00000000     -0.00000000     -0.00000000     -0.00000000     -0.00000000     -0.00000000     -0.00000000     -0.00000000     -0.00000000      0.00000000     -0.00000000      0.00000000      0.00000000     -0.00000000      0.00000000      0.00000000      0.00000000      0.00000000      0.00000000      0.00000000      0.00000000     -0.00000000     -0.00000000      0.00000000      0.00000000      0.00000000     -0.00000000      0.00000000      0.00000000     -0.00000000     -0.00000000      0.00000000      0.00000000     -0.00000000      0.00000000     -0.00000000
      2.56019809      0.00000000     -0.00000000     -0.00000000      0.00000000     -0.00000000     -0.00000000      0.00000000      0.00000000     -0.00000000      0.00000000     -0.00000000     -0.00000000     -0.00000000      0.00000000      0.00000000     -0.00000000      0.00000000      0.00000000     -0.00000000      0.00000000     -0.00000000      0.00000000     -0.00000000      0.00000000      0.00000000     -0.00000000     -0.00000000      0.00000000      0.00000000     -0.00000000     -0.00000000     -0.00000000     -0.00000000     -0.00000000     -0.00000000     -0.00000000     -0.00000000      0.00000000      0.00000000     -0.00000000      0.00000000      0.00000000      0.00000000     -0.00000000     -0.00000000     -0.00000000     -0.00000000      0.00000000      0.00000000     -0.00000000      0.00000000     -0.00000000      0.00000000      0.00000000     -0.00000000     -0.00000000      0.00000000      0.00000000     -0.00000000     -0.00000000     -0.00000000     -0.00000000     -0.00000000      0.00000000     -0.00000000      0.00000000      0.00000000      0.00000000      0.00000000      0.00000000     -0.00000000     -0.00000000      0.00000000      0.00000000     -0.00000000     -0.00000000      0.00000000     -0.00000000      0.00000000     -0.00000000     -0.00000000      0.00000000      0.00000000      0.00000000      0.00000000     -0.00000000     -0.00000000     -0.00000000      0.00000000     -0.00000000     -0.00000000      0.00000000      0.00000000      0.00000000      0.00000000      0.00000000      0.00000000      0.00000000      0.00000000     -0.00000000     -0.00000000      0.00000000      0.00000000     -0.00000000     -0.00000000      0.00000000     -0.00000000      0.00000000     -0.00000000      0.00000000     -0.00000000     -0.00000000      0.00000000     -0.00000000     -0.00000000      0.00000000      0.00000000      0.00000000     -0.00000000      0.00000000     -0.00000000     -0.00000000      0.00000000      0.00000000     -0.00000000      0.00000000      0.00000000     -0.00000000
      2.56998369      0.00000000      0.00000000     -0.00000000      0.00000000     -0.00000000      0.00000000      0.00000000     -0.00000000      0.00000000      0.00000000      0.00000000      0.00000000     -0.00000000      0.00000000      0.00000000      0.00000000     -0.00000000     -0.00000000     -0.00000000     -0.00000000     -0.00000000     -0.00000000     -0.00000000     -0.00000000     -0.00000000     -0.00000000     -0.00000000     -0.00000000      0.00000000     -0.00000000     -0.00000000      0.00000000     -0.00000000     -0.00000000     -0.00000000     -0.00000000      0.00000000     -0.00000000     -0.00000000     -0.00000000      0.00000000     -0.00000000      0.00000000      0.00000000     -0.00000000      0.00000000      0.00000000      0.00000000     -0.00000000     -0.00000000     -0.00000000      0.00000000      0.00000000      0.00000000      0.00000000      0.00000000     -0.00000000     -0.00000000     -0.00000000      0.00000000     -0.00000000      0.00000000      0.00000000     -0.00000000      0.00000000     -0.00000000     -0.00000000      0.00000000     -0.00000000      0.00000000      0.00000000      0.00000000     -0.00000000     -0.00000000     -0.00000000     -0.00000000     -0.00000000      0.00000000      0.00000000      0.00000000     -0.00000000     -0.00000000     -0.00000000      0.00000000     -0.00000000     -0.00000000      0.00000000     -0.00000000      0.00000000      0.00000000      0.00000000     -0.00000000      0.00000000      0.00000000      0.00000000      0.00000000     -0.00000000      0.00000000      0.00000000     -0.00000000      0.00000000      0.00000000      0.00000000      0.00000000      0.00000000      0.00000000      0.00000000      0.00000000      0.00000000      0.00000000      0.00000000      0.00000000     -0.00000000     -0.00000000     -0.00000000      0.00000000     -0.00000000     -0.00000000     -0.00000000     -0.00000000      0.00000000     -0.00000000     -0.00000000      0.00000000     -0.00000000      0.00000000     -0.00000000     -0.00000000
      2.57976929     -0.00000000      0.00000000      0.00000000      0.00000000      0.00000000     -0.00000000     -0.00000000     -0.00000000     -0.00000000     -0.00000000     -0.00000000     -0.00000000      0.00000000     -0.00000000     -0.00000000      0.00000000      0.00000000      0.00000000     -0.00000000     -0.00000000     -0.00000000      0.00000000      0.00000000     -0.00000000     -0.00000000     -0.00000000     -0.00000000     -0.00000000     -0.00000000     -0.00000000     -0.00000000      0.00000000      0.00000000      0.00000000      0.00000000     -0.00000000      0.00000000     -0.00000000     -0.00000000      0.00000000     -0.00000000      0.00000000      0.00000000      0.00000000     -0.00000000     -0.00000000     -0.00000000      0.00000000      0.00000000     -0.00000000     -0.00000000      0.00000000      0.00000000     -0.00000000     -0.00000000     -0.00000000     -0.00000000      0.00000000      0.00000000      0.00000000      0.00000000      0.00000000      0.00000000     -0.00000000      0.00000000     -0.00000000     -0.00000000     -0.00000000     -0.00000000     -0.00000000     -0.00000000      0.00000000      0.00000000      0.00000000      0.00000000     -0.00000000     -0.00000000      0.00000000      0.00000000     -0.00000000     -0.00000000      0.00000000      0.00000000      0.00000000     -0.00000000     -0.00000000     -0.00000000      0.00000000     -0.00000000      0.00000000      0.00000000     -0.00000000      0.00000000     -0.00000000     -0.00000000     -0.00000000     -0.00000000      0.00000000      0.00000000      0.00000000      0.00000000      0.00000000      0.00000000      0.00000000      0.00000000     -0.00000000     -0.00000000      0.00000000      0.00000000      0.00000000     -0.00000000     -0.00000000     -0.00000000      0.00000000      0.00000000     -0.00000000      0.00000000      0.00000000      0.00000000      0.00000000      0.00000000      0.00000000      0.00000000     -0.00000000     -0.00000000     -0.00000000     -0.00000000      0.00000000
      2.58955489      0.00000000     -0.00000000     -0.00000000     -0.00000000     -0.00000000      0.00000000     -0.00000000      0.00000000      0.00000000      0.00000000     -0.00000000     -0.00000000     -0.00000000     -0.00000000      0.00000000     -0.00000000      0.00000000     -0.00000000     -0.00000000      0.00000000     -0.00000000     -0.00000000     -0.00000000      0.00000000     -0.00000000      0.00000000     -0.00000000      0.00000000      0.00000000      0.00000000      0.00000000     -0.00000000     -0.00000000      0.00000000      0.00000000      0.00000000     -0.00000000     -0.00000000      0.00000000      0.00000000     -0.00000000     -0.00000000      0.00000000      0.00000000     -0.00000000     -0.00000000      0.00000000     -0.00000000      0.00000000     -0.00000000     -0.00000000     -0.00000000     -0.00000000      0.00000000      0.00000000      0.00000000     -0.00000000     -0.00000000     -0.00000000     -0.00000000     -0.00000000     -0.00000000      0.00000000      0.00000000     -0.00000000     -0.00000000      0.00000000      0.00000000      0.00000000      0.00000000      0.00000000      0.00000000     -0.00000000     -0.00000000     -0.00000000      0.00000000      0.00000000      0.00000000      0.00000000     -0.00000000      0.00000000     -0.00000000      0.00000000      0.00000000     -0.00000000     -0.00000000      0.00000000      0.00000000     -0.00000000     -0.00000000      0.00000000      0.00000000     -0.00000000     -0.00000000     -0.00000000      0.00000000      0.00000000     -0.00000000     -0.00000000     -0.00000000     -0.00000000      0.00000000     -0.00000000      0.00000000     -0.00000000      0.00000000      0.00000000      0.00000000     -0.00000000      0.00000000      0.00000000     -0.00000000      0.00000000     -0.00000000      0.00000000      0.00000000      0.00000000      0.00000000     -0.00000000     -0.00000000     -0.00000000      0.00000000     -0.00000000      0.00000000      0.00000000      0.00000000      0.00000000     -0.00000000
      2.59934048      0.00000000      0.00000000      0.00000000      0.00000000     -0.00000000      0.00000000     -0.00000000      0.00000000      0.00000000     -0.00000000      0.00000000     -0.00000000     -0.00000000      0.00000000     -0.00000000     -0.00000000      0.00000000      0.00000000      0.00000000      0.00000000      0.00000000     -0.00000000     -0.00000000     -0.00000000      0.00000000      0.00000000     -0.00000000      0.00000000      0.00000000      0.00000000     -0.00000000      0.00000000      0.00000000      0.00000000      0.00000000     -0.00000000     -0.00000000      0.00000000      0.00000000      0.00000000     -0.00000000     -0.00000000     -0.00000000      0.00000000      0.00000000     -0.00000000     -0.00000000     -0.00000000     -0.00000000      0.00000000      0.00000000      0.00000000      0.00000000      0.00000000      0.00000000      0.00000000      0.00000000     -0.00000000     -0.00000000      0.00000000      0.00000000      0.00000000      0.00000000     -0.00000000      0.00000000     -0.00000000     -0.00000000     -0.00000000     -0.00000000      0.00000000      0.00000000     -0.00000000     -0.00000000     -0.00000000     -0.00000000     -0.00000000     -0.00000000     -0.00000000     -0.00000000      0.00000000      0.00000000      0.00000000      0.00000000     -0.00000000     -0.00000000      0.00000000      0.00000000      0.00000000     -0.00000000     -0.00000000     -0.00000000      0.00000000      0.00000000     -0.00000000     -0.00000000     -0.00000000     -0.00000000      0.00000000     -0.00000000     -0.00000000     -0.00000000      0.00000000     -0.00000000     -0.00000000      0.00000000      0.00000000      0.00000000     -0.00000000     -0.00000000     -0.00000000     -0.00000000     -0.00000000      0.00000000      0.00000000     -0.00000000      0.00000000      0.00000000     -0.00000000      0.00000000     -0.00000000     -0.00000000      0.00000000     -0.00000000      0.00000000     -0.00000000     -0.00000000     -0.00000000     -0.00000000
      2.60912608      0.00000000      0.00000000      0.00000000      0.00000000      0.00000000      0.00000000      0.00000000      0.00000000     -0.00000000      0.00000000      0.00000000      0.00000000     -0.00000000      0.00000000      0.00000000      0.00000000      0.00000000     -0.00000000     -0.00000000      0.00000000     -0.00000000      0.00000000      0.00000000     -0.00000000      0.00000000      0.00000000      0.00000000      0.00000000     -0.00000000     -0.00000000      0.00000000     -0.00000000      0.00000000      0.00000000      0.00000000     -0.00000000      0.00000000      0.00000000     -0.00000000      0.00000000      0.00000000      0.00000000     -0.00000000     -0.00000000     -0.00000000      0.00000000     -0.00000000      0.00000000     -0.00000000     -0.00000000      0.00000000     -0.00000000     -0.00000000     -0.00000000      0.00000000     -0.00000000     -0.00000000     -0.00000000      0.00000000     -0.00000000     -0.00000000      0.00000000      0.00000000     -0.00000000      0.00000000     -0.00000000     -0.00000000      0.00000000      0.00000000     -0.00000000      0.00000000      0.00000000      0.00000000     -0.00000000      0.00000000      0.00000000      0.00000000     -0.00000000      0.00000000      0.00000000     -0.00000000      0.00000000     -0.00000000      0.00000000      0.00000000      0.00000000     -0.00000000     -0.00000000     -0.00000000      0.00000000     -0.00000000     -0.00000000      0.00000000     -0.00000000     -0.00000000     -0.00000000      0.00000000     -0.00000000      0.00000000      0.00000000     -0.00000000     -0.00000000     -0.00000000     -0.00000000      0.00000000     -0.00000000     -0.00000000      0.00000000     -0.00000000      0.00000000      0.00000000     -0.00000000     -0.00000000     -0.00000000     -0.00000000      0.00000000     -0.00000000     -0.00000000     -0.00000000      0.00000000     -0.00000000     -0.00000000     -0.00000000     -0.00000000     -0.00000000     -0.00000000     -0.00000000     -0.00000000
      2.61891168     -0.00000000     -0.00000000     -0.00000000     -0.00000000      0.00000000      0.00000000      0.00000000     -0.00000000     -0.00000000      0.00000000     -0.00000000      0.00000000      0.00000000      0.00000000     -0.00000000     -0.00000000      0.00000000     -0.00000000     -0.00000000      0.00000000      0.00000000     -0.00000000      0.00000000      0.00000000     -0.00000000     -0.00000000      0.00000000      0.00000000     -0.00000000      0.00000000     -0.00000000     -0.00000000     -0.00000000     -0.00000000     -0.00000000      0.00000000      0.00000000     -0.00000000     -0.00000000      0.00000000     -0.00000000      0.00000000      0.00000000      0.00000000      0.00000000     -0.00000000     -0.00000000     -0.00000000     -0.00000000     -0.00000000     -0.00000000     -0.00000000     -0.00000000      0.00000000     -0.00000000     -0.00000000     -0.00000000     -0.00000000     -0.00000000      0.00000000      0.00000000      0.00000000     -0.00000000     -0.00000000      0.00000000      0.00000000     -0.00000000     -0.00000000     -0.00000000      0.00000000      0.00000000      0.00000000      0.00000000      0.00000000     -0.00000000      0.00000000      0.00000000      0.00000000      0.00000000      0.00000000      0.00000000      0.00000000      0.00000000     -0.00000000     -0.00000000     -0.00000000     -0.00000000      0.00000000     -0.00000000      0.00000000      0.00000000     -0.00000000     -0.00000000      0.00000000      0.00000000      0.00000000      0.00000000      0.00000000     -0.00000000      0.00000000     -0.00000000     -0.00000000      0.00000000      0.00000000     -0.00000000     -0.00000000      0.00000000     -0.00000000     -0.00000000      0.00000000      0.00000000     -0.00000000      0.00000000      0.00000000     -0.00000000     -0.00000000     -0.00000000      0.00000000     -0.00000000      0.00000000      0.00000000     -0.00000000     -0.00000000     -0.00000000      0.00000000      0.00000000      0.00000000      0.00000000
      2.62869728      0.00000000      0.00000000      0.00000000     -0.00000000      0.00000000      0.00000000      0.00000000      0.00000000     -0.00000000      0.00000000     -0.00000000     -0.00000000      0.00000000      0.00000000      0.00000000     -0.00000000     -0.00000000      0.00000000     -0.00000000      0.00000000      0.00000000      0.00000000      0.00000000      0.00000000     -0.00000000     -0.00000000     -0.00000000      0.00000000      0.00000000     -0.00000000      0.00000000     -0.00000000      0.00000000     -0.00000000      0.00000000      0.00000000      0.00000000      0.00000000      0.00000000     -0.00000000     -0.00000000      0.00000000     -0.00000000      0.00000000      0.00000000     -0.00000000     -0.00000000     -0.00000000     -0.00000000      0.00000000      0.00000000      0.00000000     -0.00000000     -0.00000000     -0.00000000      0.00000000     -0.00000000      0.00000000     -0.00000000      0.00000000     -0.00000000      0.00000000      0.00000000      0.00000000     -0.00000000     -0.00000000     -0.00000000      0.00000000     -0.00000000      0.00000000     -0.00000000      0.00000000     -0.00000000      0.00000000      0.00000000      0.00000000     -0.00000000     -0.00000000     -0.00000000      0.00000000      0.00000000      0.00000000      0.00000000     -0.00000000     -0.00000000      0.00000000     -0.00000000      0.00000000      0.00000000     -0.00000000     -0.00000000     -0.00000000     -0.00000000     -0.00000000      0.00000000     -0.00000000      0.00000000     -0.00000000      0.00000000     -0.00000000     -0.00000000      0.00000000      0.00000000      0.00000000     -0.00000000     -0.00000000     -0.00000000     -0.00000000     -0.00000000      0.00000000     -0.00000000      0.00000000      0.00000000     -0.00000000     -0.00000000     -0.00000000      0.00000000      0.00000000     -0.00000000      0.00000000     -0.00000000     -0.00000000     -0.00000000     -0.00000000      0.00000000     -0.00000000     -0.00000000     -0.00000000
      2.63848287     -0.00000000     -0.00000000     -0.00000000      0.00000000     -0.00000000     -0.00000000      0.00000000      0.00000000     -0.00000000      0.00000000      0.00000000     -0.00000000      0.00000000     -0.00000000      0.00000000     -0.00000000      0.00000000     -0.00000000      0.00000000     -0.00000000      0.00000000      0.00000000      0.00000000      0.00000000      0.00000000      0.00000000     -0.00000000     -0.00000000      0.00000000      0.00000000     -0.00000000     -0.00000000      0.00000000     -0.00000000     -0.00000000      0.00000000     -0.00000000      0.00000000      0.00000000      0.00000000      0.00000000     -0.00000000      0.00000000      0.00000000     -0.00000000      0.00000000      0.00000000      0.00000000     -0.00000000     -0.00000000     -0.00000000     -0.00000000     -0.00000000     -0.00000000     -0.00000000      0.00000000     -0.00000000      0.00000000      0.00000000     -0.00000000     -0.00000000      0.00000000      0.00000000      0.00000000     -0.00000000     -0.00000000     -0.00000000      0.00000000      0.00000000     -0.00000000     -0.00000000      0.00000000     -0.00000000      0.00000000      0.00000000      0.00000000      0.00000000      0.00000000      0.00000000      0.00000000     -0.00000000     -0.00000000     -0.00000000      0.00000000     -0.00000000     -0.00000000      0.00000000     -0.00000000     -0.00000000     -0.00000000     -0.00000000      0.00000000     -0.00000000      0.00000000      0.00000000     -0.00000000      0.00000000      0.00000000     -0.00000000     -0.00000000      0.00000000      0.00000000     -0.00000000     -0.00000000     -0.00000000     -0.00000000     -0.00000000     -0.00000000      0.00000000     -0.00000000      0.00000000     -0.00000000      0.00000000     -0.00000000      0.00000000     -0.00000000      0.00000000     -0.00000000     -0.00000000      0.00000000     -0.00000000     -0.00000000      0.00000000      0.00000000     -0.00000000      0.00000000      0.00000000      0.00000000
      2.64826847      0.00000000     -0.00000000      0.00000000      0.00000000     -0.00000000     -0.00000000     -0.00000000     -0.00000000      0.00000000      0.00000000     -0.00000000     -0.00000000      0.00000000      0.00000000      0.00000000     -0.00000000     -0.00000000     -0.00000000     -0.00000000     -0.00000000     -0.00000000     -0.00000000      0.00000000      0.00000000      0.00000000      0.00000000     -0.00000000      0.00000000     -0.00000000     -0.00000000      0.00000000      0.00000000     -0.00000000      0.00000000      0.00000000      0.00000000     -0.00000000     -0.00000000     -0.00000000      0.00000000      0.00000000      0.00000000     -0.00000000      0.00000000      0.00000000     -0.00000000      0.00000000      0.00000000      0.00000000      0.00000000     -0.00000000     -0.00000000      0.00000000     -0.00000000     -0.00000000     -0.00000000     -0.00000000      0.00000000      0.00000000     -0.00000000     -0.00000000      0.00000000      0.00000000      0.00000000     -0.00000000     -0.00000000     -0.00000000      0.00000000      0.00000000     -0.00000000     -0.00000000      0.00000000      0.00000000      0.00000000      0.00000000     -0.00000000      0.00000000      0.00000000     -0.00000000     -0.00000000     -0.00000000     -0.00000000      0.00000000     -0.00000000     -0.00000000      0.00000000     -0.00000000     -0.00000000     -0.00000000      0.00000000      0.00000000      0.00000000     -0.00000000     -0.00000000     -0.00000000      0.00000000     -0.00000000     -0.00000000      0.00000000      0.00000000     -0.00000000      0.00000000     -0.00000000     -0.00000000     -0.00000000     -0.00000000      0.00000000      0.00000000      0.00000000      0.00000000      0.00000000      0.00000000      0.00000000     -0.00000000     -0.00000000     -0.00000000      0.00000000      0.00000000     -0.00000000     -0.00000000      0.00000000      0.00000000      0.00000000      0.00000000     -0.00000000     -0.00000000      0.00000000     -0.00000000
      2.65805407      0.00000000     -0.00000000      0.00000000      0.00000000      0.00000000      0.00000000      0.00000000      0.00000000     -0.00000000      0.00000000     -0.00000000      0.00000000      0.00000000     -0.00000000     -0.00000000      0.00000000      0.00000000      0.00000000     -0.00000000      0.00000000     -0.00000000     -0.00000000      0.00000000     -0.00000000     -0.00000000     -0.00000000     -0.00000000      0.00000000     -0.00000000      0.00000000      0.00000000     -0.00000000     -0.00000000     -0.00000000      0.00000000     -0.00000000     -0.00000000     -0.00000000     -0.00000000      0.00000000     -0.00000000     -0.00000000     -0.00000000     -0.00000000     -0.00000000     -0.00000000     -0.00000000     -0.00000000      0.00000000      0.00000000      0.00000000      0.00000000     -0.00000000      0.00000000     -0.00000000      0.00000000      0.00000000      0.00000000      0.00000000      0.00000000      0.00000000     -0.00000000      0.00000000      0.00000000     -0.00000000     -0.00000000      0.00000000     -0.00000000     -0.00000000     -0.00000000     -0.00000000     -0.00000000     -0.00000000      0.00000000     -0.00000000      0.00000000     -0.00000000     -0.00000000     -0.00000000     -0.00000000      0.00000000      0.00000000      0.00000000      0.00000000      0.00000000      0.00000000      0.00000000      0.00000000     -0.00000000      0.00000000      0.00000000      0.00000000      0.00000000     -0.00000000      0.00000000      0.00000000      0.00000000     -0.00000000     -0.00000000      0.00000000     -0.00000000      0.00000000      0.00000000      0.00000000      0.00000000     -0.00000000      0.00000000      0.00000000     -0.00000000      0.00000000     -0.00000000     -0.00000000     -0.00000000      0.00000000      0.00000000     -0.00000000     -0.00000000      0.00000000     -0.00000000      0.00000000     -0.00000000     -0.00000000     -0.00000000     -0.00000000     -0.00000000     -0.00000000      0.00000000     -0.00000000
      2.66783967      0.00000000      0.00000000      0.00000000     -0.00000000     -0.00000000      0.00000000     -0.00000000      0.00000000      0.00000000     -0.00000000      0.00000000      0.00000000      0.00000000      0.00000000     -0.00000000     -0.00000000     -0.00000000     -0.00000000     -0.00000000      0.00000000     -0.00000000      0.00000000      0.00000000      0.00000000      0.00000000      0.00000000      0.00000000     -0.00000000     -0.00000000     -0.00000000     -0.00000000     -0.00000000     -0.00000000     -0.00000000      0.00000000      0.00000000      0.00000000      0.00000000     -0.00000000     -0.00000000      0.00000000      0.00000000     -0.00000000     -0.00000000     -0.00000000     -0.00000000      0.00000000     -0.00000000     -0.00000000      0.00000000     -0.00000000      0.00000000     -0.00000000     -0.00000000     -0.00000000     -0.00000000     -0.00000000      0.00000000     -0.00000000     -0.00000000      0.00000000     -0.00000000      0.00000000      0.00000000     -0.00000000     -0.00000000      0.00000000     -0.00000000      0.00000000      0.00000000     -0.00000000      0.00000000      0.00000000      0.00000000      0.00000000      0.00000000     -0.00000000      0.00000000     -0.00000000      0.00000000      0.00000000     -0.00000000      0.00000000      0.00000000      0.00000000      0.00000000     -0.00000000     -0.00000000      0.00000000      0.00000000     -0.00000000     -0.00000000     -0.00000000     -0.00000000      0.00000000      0.00000000      0.00000000      0.00000000      0.00000000      0.00000000      0.00000000     -0.00000000     -0.00000000     -0.00000000     -0.00000000     -0.00000000     -0.00000000      0.00000000     -0.00000000      0.00000000      0.00000000      0.00000000      0.00000000      0.00000000     -0.00000000     -0.00000000     -0.00000000     -0.00000000      0.00000000     -0.00000000     -0.00000000      0.00000000     -0.00000000      0.00000000      0.00000000     -0.00000000     -0.00000000     -0.00000000
      2.67762527      0.00000000      0.00000000     -0.00000000      0.00000000      0.00000000      0.00000000     -0.00000000      0.00000000     -0.00000000      0.00000000     -0.00000000      0.00000000      0.00000000      0.00000000      0.00000000     -0.00000000      0.00000000      0.00000000     -0.00000000     -0.00000000     -0.00000000      0.00000000     -0.00000000     -0.00000000      0.00000000      0.00000000      0.00000000     -0.00000000      0.00000000     -0.00000000      0.00000000      0.00000000     -0.00000000      0.00000000      0.00000000      0.00000000      0.00000000      0.00000000      0.00000000      0.00000000      0.00000000     -0.00000000     -0.00000000      0.00000000      0.00000000     -0.00000000     -0.00000000      0.00000000      0.00000000     -0.00000000     -0.00000000     -0.00000000      0.00000000      0.00000000      0.00000000      0.00000000      0.00000000     -0.00000000      0.00000000      0.00000000      0.00000000     -0.00000000     -0.00000000     -0.00000000      0.00000000      0.00000000      0.00000000     -0.00000000     -0.00000000     -0.00000000      0.00000000     -0.00000000     -0.00000000     -0.00000000     -0.00000000     -0.00000000      0.00000000      0.00000000      0.00000000     -0.00000000     -0.00000000      0.00000000      0.00000000     -0.00000000     -0.00000000      0.00000000      0.00000000     -0.00000000     -0.00000000     -0.00000000     -0.00000000     -0.00000000     -0.00000000     -0.00000000     -0.00000000      0.00000000     -0.00000000     -0.00000000      0.00000000     -0.00000000      0.00000000     -0.00000000     -0.00000000     -0.00000000      0.00000000      0.00000000     -0.00000000      0.00000000      0.00000000      0.00000000     -0.00000000     -0.00000000      0.00000000     -0.00000000     -0.00000000     -0.00000000     -0.00000000      0.00000000     -0.00000000      0.00000000     -0.00000000      0.00000000     -0.00000000     -0.00000000     -0.00000000      0.00000000     -0.00000000     -0.00000000
      2.68741086      0.00000000     -0.00000000      0.00000000     -0.00000000      0.00000000     -0.00000000      0.00000000     -0.00000000     -0.00000000     -0.00000000     -0.00000000      0.00000000      0.00000000     -0.00000000     -0.00000000     -0.00000000     -0.00000000      0.00000000     -0.00000000      0.00000000     -0.00000000      0.00000000      0.00000000      0.00000000     -0.00000000     -0.00000000     -0.00000000     -0.00000000      0.00000000     -0.00000000      0.00000000     -0.00000000     -0.00000000     -0.00000000     -0.00000000      0.00000000      0.00000000      0.00000000      0.00000000     -0.00000000     -0.00000000      0.00000000     -0.00000000      0.00000000      0.00000000     -0.00000000      0.00000000     -0.00000000      0.00000000      0.00000000      0.00000000      0.00000000      0.00000000     -0.00000000      0.00000000     -0.00000000      0.00000000     -0.00000000     -0.00000000     -0.00000000     -0.00000000      0.00000000      0.00000000     -0.00000000      0.00000000     -0.00000000     -0.00000000      0.00000000      0.00000000      0.00000000      0.00000000     -0.00000000      0.00000000     -0.00000000      0.00000000     -0.00000000     -0.00000000     -0.00000000     -0.00000000     -0.00000000      0.00000000     -0.00000000      0.00000000     -0.00000000     -0.00000000      0.00000000     -0.00000000      0.00000000      0.00000000     -0.00000000     -0.00000000     -0.00000000     -0.00000000      0.00000000      0.00000000      0.00000000      0.00000000     -0.00000000      0.00000000     -0.00000000      0.00000000      0.00000000      0.00000000      0.00000000     -0.00000000     -0.00000000     -0.00000000      0.00000000     -0.00000000      0.00000000     -0.00000000      0.00000000      0.00000000      0.00000000      0.00000000     -0.00000000     -0.00000000      0.00000000      0.00000000      0.00000000      0.00000000     -0.00000000      0.00000000     -0.00000000      0.00000000     -0.00000000      0.00000000     -0.00000000
      2.69719646     -0.00000000      0.00000000     -0.00000000     -0.00000000     -0.00000000      0.00000000      0.00000000     -0.00000000      0.00000000     -0.00000000     -0.00000000      0.00000000      0.00000000      0.00000000      0.00000000     -0.00000000      0.00000000      0.00000000     -0.00000000      0.00000000     -0.00000000     -0.00000000      0.00000000      0.00000000      0.00000000      0.00000000      0.00000000     -0.00000000      0.00000000     -0.00000000     -0.00000000     -0.00000000     -0.00000000      0.00000000      0.00000000     -0.00000000     -0.00000000     -0.00000000      0.00000000     -0.00000000      0.00000000      0.00000000     -0.00000000      0.00000000      0.00000000      0.00000000     -0.00000000      0.00000000      0.00000000      0.00000000      0.00000000      0.00000000      0.00000000     -0.00000000      0.00000000      0.00000000      0.00000000      0.00000000     -0.00000000     -0.00000000      0.00000000      0.00000000     -0.00000000      0.00000000     -0.00000000      0.00000000     -0.00000000     -0.00000000      0.00000000      0.00000000     -0.00000000     -0.00000000     -0.00000000     -0.00000000      0.00000000     -0.00000000     -0.00000000     -0.00000000     -0.00000000     -0.00000000     -0.00000000      0.00000000     -0.00000000     -0.00000000     -0.00000000      0.00000000     -0.00000000     -0.00000000      0.00000000     -0.00000000      0.00000000      0.00000000      0.00000000     -0.00000000     -0.00000000      0.00000000      0.00000000      0.00000000      0.00000000     -0.00000000      0.00000000     -0.00000000     -0.00000000     -0.00000000     -0.00000000     -0.00000000      0.00000000      0.00000000     -0.00000000      0.00000000     -0.00000000     -0.00000000      0.00000000     -0.00000000     -0.00000000     -0.00000000     -0.00000000      0.00000000      0.00000000     -0.00000000      0.00000000     -0.00000000     -0.00000000      0.00000000      0.00000000      0.00000000     -0.00000000      0.00000000
      2.70698206      0.00000000     -0.00000000      0.00000000      0.00000000      0.00000000     -0.00000000     -0.00000000     -0.00000000      0.00000000     -0.00000000     -0.00000000     -0.00000000     -0.00000000      0.00000000     -0.00000000      0.00000000     -0.00000000      0.00000000      0.00000000     -0.00000000      0.00000000      0.00000000      0.00000000      0.00000000      0.00000000      0.00000000     -0.00000000      0.00000000      0.00000000      0.00000000     -0.00000000     -0.00000000      0.00000000      0.00000000      0.00000000     -0.00000000     -0.00000000     -0.00000000      0.00000000     -0.00000000     -0.00000000     -0.00000000      0.00000000     -0.00000000      0.00000000      0.00000000     -0.00000000      0.00000000      0.00000000     -0.00000000      0.00000000      0.00000000      0.00000000      0.00000000     -0.00000000      0.00000000      0.00000000      0.00000000      0.00000000      0.00000000      0.00000000     -0.00000000     -0.00000000      0.00000000     -0.00000000      0.00000000      0.00000000     -0.00000000     -0.00000000     -0.00000000     -0.00000000     -0.00000000     -0.00000000      0.00000000     -0.00000000     -0.00000000     -0.00000000     -0.00000000      0.00000000     -0.00000000     -0.00000000      0.00000000     -0.00000000     -0.00000000      0.00000000     -0.00000000      0.00000000      0.00000000      0.00000000     -0.00000000      0.00000000      0.00000000      0.00000000     -0.00000000     -0.00000000     -0.00000000      0.00000000      0.00000000     -0.00000000     -0.00000000     -0.00000000      0.00000000     -0.00000000     -0.00000000     -0.00000000     -0.00000000     -0.00000000     -0.00000000      0.00000000     -0.00000000     -0.00000000      0.00000000     -0.00000000      0.00000000     -0.00000000      0.00000000      0.00000000      0.00000000      0.00000000     -0.00000000      0.00000000      0.00000000      0.00000000     -0.00000000     -0.00000000     -0.00000000      0.00000000     -0.00000000
      2.71676766      0.00000000      0.00000000     -0.00000000     -0.00000000      0.00000000     -0.00000000     -0.00000000     -0.00000000      0.00000000      0.00000000      0.00000000     -0.00000000     -0.00000000      0.00000000     -0.00000000     -0.00000000     -0.00000000     -0.00000000     -0.00000000      0.00000000      0.00000000      0.00000000     -0.00000000     -0.00000000      0.00000000     -0.00000000     -0.00000000      0.00000000     -0.00000000     -0.00000000     -0.00000000     -0.00000000     -0.00000000      0.00000000      0.00000000     -0.00000000      0.00000000      0.00000000      0.00000000     -0.00000000     -0.00000000      0.00000000      0.00000000      0.00000000      0.00000000     -0.00000000     -0.00000000     -0.00000000      0.00000000      0.00000000      0.00000000      0.00000000      0.00000000      0.00000000      0.00000000      0.00000000      0.00000000     -0.00000000     -0.00000000     -0.00000000      0.00000000     -0.00000000     -0.00000000     -0.00000000      0.00000000      0.00000000      0.00000000     -0.00000000      0.00000000      0.00000000      0.00000000     -0.00000000     -0.00000000     -0.00000000     -0.00000000     -0.00000000     -0.00000000     -0.00000000     -0.00000000     -0.00000000      0.00000000      0.00000000      0.00000000     -0.00000000     -0.00000000     -0.00000000     -0.00000000      0.00000000      0.00000000     -0.00000000     -0.00000000     -0.00000000      0.00000000     -0.00000000     -0.00000000      0.00000000      0.00000000      0.00000000      0.00000000      0.00000000     -0.00000000      0.00000000      0.00000000     -0.00000000      0.00000000      0.00000000     -0.00000000     -0.00000000     -0.00000000      0.00000000      0.00000000      0.00000000      0.00000000      0.00000000     -0.00000000      0.00000000      0.00000000     -0.00000000     -0.00000000     -0.00000000      0.00000000      0.00000000      0.00000000     -0.00000000      0.00000000      0.00000000     -0.00000000     -0.00000000
      2.72655325      0.00000000      0.00000000      0.00000000      0.00000000      0.00000000      0.00000000      0.00000000     -0.00000000      0.00000000     -0.00000000     -0.00000000      0.00000000     -0.00000000      0.00000000     -0.00000000     -0.00000000     -0.00000000     -0.00000000      0.00000000      0.00000000     -0.00000000     -0.00000000     -0.00000000      0.00000000      0.00000000      0.00000000     -0.00000000      0.00000000     -0.00000000     -0.00000000      0.00000000      0.00000000      0.00000000     -0.00000000      0.00000000     -0.00000000     -0.00000000     -0.00000000      0.00000000      0.00000000      0.00000000     -0.00000000      0.00000000      0.00000000     -0.00000000      0.00000000     -0.00000000     -0.00000000      0.00000000     -0.00000000      0.00000000     -0.00000000     -0.00000000     -0.00000000      0.00000000     -0.00000000      0.00000000      0.00000000      0.00000000     -0.00000000     -0.00000000      0.00000000     -0.00000000      0.00000000     -0.00000000      0.00000000     -0.00000000      0.00000000      0.00000000     -0.00000000     -0.00000000     -0.00000000      0.00000000     -0.00000000      0.00000000      0.00000000      0.00000000     -0.00000000      0.00000000     -0.00000000      0.00000000      0.00000000     -0.00000000      0.00000000     -0.00000000     -0.00000000      0.00000000     -0.00000000     -0.00000000     -0.00000000      0.00000000      0.00000000      0.00000000     -0.00000000      0.00000000     -0.00000000     -0.00000000     -0.00000000      0.00000000      0.00000000     -0.00000000      0.00000000     -0.00000000     -0.00000000     -0.00000000      0.00000000      0.00000000      0.00000000     -0.00000000     -0.00000000      0.00000000      0.00000000      0.00000000      0.00000000     -0.00000000      0.00000000     -0.00000000      0.00000000      0.00000000     -0.00000000      0.00000000     -0.00000000     -0.00000000     -0.00000000     -0.00000000     -0.00000000     -0.00000000     -0.00000000
      2.73633885     -0.00000000     -0.00000000     -0.00000000     -0.00000000      0.00000000     -0.00000000      0.00000000     -0.00000000      0.00000000      0.00000000      0.00000000     -0.00000000      0.00000000     -0.00000000      0.00000000     -0.00000000      0.00000000     -0.00000000      0.00000000      0.00000000      0.00000000     -0.00000000      0.00000000      0.00000000      0.00000000     -0.00000000      0.00000000      0.00000000     -0.00000000     -0.00000000      0.00000000      0.00000000     -0.00000000     -0.00000000      0.00000000      0.00000000     -0.00000000      0.00000000     -0.00000000      0.00000000      0.00000000      0.00000000     -0.00000000     -0.00000000     -0.00000000      0.00000000      0.00000000      0.00000000     -0.00000000      0.00000000     -0.00000000     -0.00000000     -0.00000000     -0.00000000     -0.00000000      0.00000000     -0.00000000      0.00000000     -0.00000000      0.00000000     -0.00000000     -0.00000000     -0.00000000      0.00000000     -0.00000000      0.00000000      0.00000000      0.00000000     -0.00000000      0.00000000     -0.00000000      0.00000000     -0.00000000      0.00000000      0.00000000      0.00000000      0.00000000      0.00000000     -0.00000000      0.00000000     -0.00000000     -0.00000000     -0.00000000      0.00000000      0.00000000      0.00000000     -0.00000000     -0.00000000     -0.00000000      0.00000000     -0.00000000      0.00000000     -0.00000000     -0.00000000      0.00000000      0.00000000     -0.00000000     -0.00000000      0.00000000      0.00000000     -0.00000000     -0.00000000      0.00000000     -0.00000000     -0.00000000     -0.00000000      0.00000000     -0.00000000     -0.00000000     -0.00000000      0.00000000     -0.00000000      0.00000000     -0.00000000      0.00000000     -0.00000000      0.00000000     -0.00000000     -0.00000000     -0.00000000      0.00000000     -0.00000000      0.00000000     -0.00000000      0.00000000      0.00000000      0.00000000      0.00000000
      2.74612445      0.00000000      0.00000000      0.00000000     -0.00000000      0.00000000     -0.00000000      0.00000000      0.00000000     -0.00000000     -0.00000000      0.00000000      0.00000000      0.00000000      0.00000000     -0.00000000     -0.00000000     -0.00000000     -0.00000000     -0.00000000     -0.00000000      0.00000000      0.00000000     -0.00000000      0.00000000      0.00000000      0.00000000     -0.00000000      0.00000000      0.00000000     -0.00000000      0.00000000     -0.00000000     -0.00000000     -0.00000000     -0.00000000      0.00000000     -0.00000000      0.00000000      0.00000000     -0.00000000      0.00000000     -0.00000000     -0.00000000     -0.00000000      0.00000000      0.00000000      0.00000000      0.00000000     -0.00000000     -0.00000000      0.00000000     -0.00000000     -0.00000000      0.00000000     -0.00000000     -0.00000000      0.00000000      0.00000000      0.00000000     -0.00000000     -0.00000000      0.00000000      0.00000000     -0.00000000      0.00000000     -0.00000000     -0.00000000      0.00000000      0.00000000     -0.00000000     -0.00000000     -0.00000000      0.00000000      0.00000000     -0.00000000      0.00000000      0.00000000     -0.00000000      0.00000000      0.00000000     -0.00000000     -0.00000000     -0.00000000     -0.00000000      0.00000000      0.00000000      0.00000000     -0.00000000      0.00000000     -0.00000000     -0.00000000      0.00000000     -0.00000000      0.00000000      0.00000000      0.00000000      0.00000000     -0.00000000      0.00000000     -0.00000000     -0.00000000      0.00000000     -0.00000000     -0.00000000     -0.00000000      0.00000000     -0.00000000     -0.00000000      0.00000000      0.00000000      0.00000000      0.00000000      0.00000000      0.00000000     -0.00000000     -0.00000000     -0.00000000     -0.00000000      0.00000000      0.00000000     -0.00000000     -0.00000000      0.00000000     -0.00000000      0.00000000     -0.00000000     -0.00000000     -0.00000000
      2.75591005      0.00000000     -0.00000000      0.00000000     -0.00000000     -0.00000000      0.00000000      0.00000000     -0.00000000      0.00000000      0.00000000     -0.00000000      0.00000000      0.00000000      0.00000000     -0.00000000     -0.00000000      0.00000000     -0.00000000      0.00000000     -0.00000000     -0.00000000     -0.00000000     -0.00000000     -0.00000000     -0.00000000     -0.00000000      0.00000000      0.00000000      0.00000000     -0.00000000      0.00000000      0.00000000      0.00000000      0.00000000     -0.00000000      0.00000000     -0.00000000     -0.00000000     -0.00000000      0.00000000      0.00000000      0.00000000      0.00000000      0.00000000      0.00000000      0.00000000     -0.00000000      0.00000000     -0.00000000      0.00000000     -0.00000000      0.00000000     -0.00000000      0.00000000     -0.00000000     -0.00000000      0.00000000     -0.00000000      0.00000000      0.00000000     -0.00000000     -0.00000000      0.00000000     -0.00000000      0.00000000     -0.00000000      0.00000000      0.00000000     -0.00000000     -0.00000000      0.00000000     -0.00000000      0.00000000      0.00000000     -0.00000000      0.00000000     -0.00000000      0.00000000     -0.00000000      0.00000000     -0.00000000      0.00000000     -0.00000000     -0.00000000     -0.00000000     -0.00000000     -0.00000000     -0.00000000     -0.00000000      0.00000000      0.00000000      0.00000000     -0.00000000      0.00000000     -0.00000000     -0.00000000     -0.00000000     -0.00000000      0.00000000     -0.00000000     -0.00000000     -0.00000000      0.00000000      0.00000000      0.00000000      0.00000000      0.00000000      0.00000000      0.00000000     -0.00000000      0.00000000     -0.00000000      0.00000000      0.00000000     -0.00000000     -0.00000000     -0.00000000      0.00000000     -0.00000000     -0.00000000      0.00000000     -0.00000000     -0.00000000      0.00000000      0.00000000     -0.00000000      0.00000000     -0.00000000
      2.76569565      0.00000000     -0.00000000     -0.00000000      0.00000000      0.00000000     -0.00000000     -0.00000000      0.00000000      0.00000000     -0.00000000     -0.00000000      0.00000000      0.00000000      0.00000000      0.00000000      0.00000000     -0.00000000      0.00000000      0.00000000      0.00000000      0.00000000     -0.00000000      0.00000000     -0.00000000      0.00000000      0.00000000     -0.00000000     -0.00000000     -0.00000000     -0.00000000      0.00000000      0.00000000      0.00000000     -0.00000000     -0.00000000     -0.00000000     -0.00000000     -0.00000000     -0.00000000     -0.00000000     -0.00000000      0.00000000     -0.00000000     -0.00000000     -0.00000000      0.00000000     -0.00000000     -0.00000000     -0.00000000      0.00000000      0.00000000     -0.00000000      0.00000000     -0.00000000     -0.00000000      0.00000000     -0.00000000      0.00000000      0.00000000      0.00000000     -0.00000000     -0.00000000     -0.00000000      0.00000000     -0.00000000      0.00000000      0.00000000      0.00000000     -0.00000000     -0.00000000     -0.00000000      0.00000000     -0.00000000      0.00000000      0.00000000     -0.00000000      0.00000000     -0.00000000     -0.00000000      0.00000000      0.00000000      0.00000000     -0.00000000      0.00000000      0.00000000      0.00000000     -0.00000000      0.00000000      0.00000000      0.00000000      0.00000000      0.00000000      0.00000000      0.00000000      0.00000000     -0.00000000     -0.00000000     -0.00000000      0.00000000      0.00000000      0.00000000      0.00000000     -0.00000000     -0.00000000      0.00000000     -0.00000000      0.00000000     -0.00000000     -0.00000000     -0.00000000     -0.00000000      0.00000000     -0.00000000     -0.00000000     -0.00000000     -0.00000000     -0.00000000      0.00000000      0.00000000     -0.00000000     -0.00000000      0.00000000      0.00000000     -0.00000000     -0.00000000      0.00000000      0.00000000     -0.00000000
      2.77548124     -0.00000000     -0.00000000      0.00000000     -0.00000000     -0.00000000     -0.00000000     -0.00000000     -0.00000000     -0.00000000     -0.00000000     -0.00000000     -0.00000000     -0.00000000      0.00000000      0.00000000     -0.00000000     -0.00000000      0.00000000      0.00000000      0.00000000      0.00000000     -0.00000000     -0.00000000      0.00000000      0.00000000     -0.00000000     -0.00000000     -0.00000000      0.00000000     -0.00000000      0.00000000      0.00000000     -0.00000000      0.00000000      0.00000000      0.00000000      0.00000000      0.00000000      0.00000000      0.00000000     -0.00000000      0.00000000     -0.00000000      0.00000000     -0.00000000     -0.00000000      0.00000000     -0.00000000      0.00000000     -0.00000000     -0.00000000      0.00000000     -0.00000000     -0.00000000     -0.00000000     -0.00000000     -0.00000000     -0.00000000     -0.00000000      0.00000000      0.00000000     -0.00000000     -0.00000000     -0.00000000      0.00000000      0.00000000      0.00000000     -0.00000000     -0.00000000      0.00000000      0.00000000      0.00000000      0.00000000      0.00000000      0.00000000      0.00000000     -0.00000000      0.00000000      0.00000000     -0.00000000      0.00000000     -0.00000000      0.00000000      0.00000000     -0.00000000      0.00000000     -0.00000000      0.00000000     -0.00000000     -0.00000000     -0.00000000     -0.00000000     -0.00000000     -0.00000000     -0.00000000      0.00000000     -0.00000000     -0.00000000      0.00000000     -0.00000000      0.00000000      0.00000000      0.00000000     -0.00000000     -0.00000000      0.00000000      0.00000000     -0.00000000     -0.00000000     -0.00000000     -0.00000000      0.00000000      0.00000000     -0.00000000     -0.00000000      0.00000000      0.00000000      0.00000000      0.00000000      0.00000000      0.00000000      0.00000000      0.00000000      0.00000000      0.00000000     -0.00000000      0.00000000      0.00000000
      2.78526684      0.00000000      0.00000000      0.00000000     -0.00000000      0.00000000     -0.00000000     -0.00000000     -0.00000000     -0.00000000     -0.00000000      0.00000000      0.00000000     -0.00000000      0.00000000      0.00000000     -0.00000000      0.00000000     -0.00000000      0.00000000     -0.00000000     -0.00000000      0.00000000      0.00000000     -0.00000000     -0.00000000      0.00000000     -0.00000000     -0.00000000     -0.00000000     -0.00000000     -0.00000000     -0.00000000     -0.00000000      0.00000000      0.00000000     -0.00000000      0.00000000      0.00000000      0.00000000      0.00000000      0.00000000      0.00000000     -0.00000000      0.00000000      0.00000000     -0.00000000      0.00000000      0.00000000      0.00000000     -0.00000000     -0.00000000     -0.00000000      0.00000000     -0.00000000     -0.00000000     -0.00000000      0.00000000     -0.00000000     -0.00000000      0.00000000      0.00000000     -0.00000000     -0.00000000     -0.00000000      0.00000000      0.00000000      0.00000000     -0.00000000     -0.00000000      0.00000000      0.00000000     -0.00000000      0.00000000      0.00000000      0.00000000     -0.00000000      0.00000000      0.00000000      0.00000000     -0.00000000     -0.00000000     -0.00000000      0.00000000     -0.00000000     -0.00000000      0.00000000     -0.00000000     -0.00000000     -0.00000000     -0.00000000     -0.00000000     -0.00000000      0.00000000     -0.00000000     -0.00000000      0.00000000      0.00000000      0.00000000      0.00000000      0.00000000      0.00000000      0.00000000     -0.00000000      0.00000000      0.00000000     -0.00000000     -0.00000000      0.00000000      0.00000000     -0.00000000      0.00000000     -0.00000000      0.00000000     -0.00000000     -0.00000000      0.00000000     -0.00000000     -0.00000000      0.00000000      0.00000000      0.00000000      0.00000000      0.00000000     -0.00000000      0.00000000     -0.00000000     -0.00000000     -0.00000000
      2.79505244     -0.00000000     -0.00000000      0.00000000      0.00000000      0.00000000     -0.00000000     -0.00000000     -0.00000000      0.00000000      0.00000000      0.00000000      0.00000000      0.00000000     -0.00000000      0.00000000      0.00000000      0.00000000     -0.00000000      0.00000000      0.00000000     -0.00000000      0.00000000      0.00000000      0.00000000     -0.00000000     -0.00000000      0.00000000      0.00000000      0.00000000     -0.00000000      0.00000000      0.00000000      0.00000000      0.00000000     -0.00000000     -0.00000000      0.00000000      0.00000000     -0.00000000     -0.00000000     -0.00000000     -0.00000000      0.00000000     -0.00000000      0.00000000      0.00000000      0.00000000     -0.00000000     -0.00000000     -0.00000000      0.00000000     -0.00000000      0.00000000      0.00000000     -0.00000000     -0.00000000     -0.00000000     -0.00000000     -0.00000000      0.00000000      0.00000000      0.00000000      0.00000000     -0.00000000      0.00000000     -0.00000000     -0.00000000     -0.00000000     -0.00000000      0.00000000      0.00000000      0.00000000      0.00000000      0.00000000     -0.00000000     -0.00000000      0.00000000     -0.00000000      0.00000000      0.00000000      0.00000000     -0.00000000     -0.00000000     -0.00000000      0.00000000     -0.00000000      0.00000000      0.00000000      0.00000000      0.00000000     -0.00000000     -0.00000000      0.00000000      0.00000000     -0.00000000     -0.00000000     -0.00000000     -0.00000000      0.00000000     -0.00000000     -0.00000000     -0.00000000      0.00000000      0.00000000     -0.00000000     -0.00000000     -0.00000000      0.00000000     -0.00000000     -0.00000000      0.00000000     -0.00000000     -0.00000000     -0.00000000      0.00000000     -0.00000000     -0.00000000     -0.00000000     -0.00000000     -0.00000000      0.00000000      0.00000000      0.00000000     -0.00000000     -0.00000000     -0.00000000      0.00000000      0.00000000
      2.80483804      0.00000000     -0.00000000      0.00000000     -0.00000000     -0.00000000     -0.00000000     -0.00000000      0.00000000     -0.00000000     -0.00000000     -0.00000000     -0.00000000     -0.00000000     -0.00000000      0.00000000     -0.00000000     -0.00000000      0.00000000     -0.00000000     -0.00000000     -0.00000000     -0.00000000     -0.00000000      0.00000000     -0.00000000     -0.00000000     -0.00000000      0.00000000     -0.00000000     -0.00000000     -0.00000000      0.00000000      0.00000000      0.00000000     -0.00000000     -0.00000000     -0.00000000      0.00000000      0.00000000     -0.00000000      0.00000000      0.00000000      0.00000000      0.00000000      0.00000000      0.00000000      0.00000000      0.00000000     -0.00000000      0.00000000     -0.00000000     -0.00000000      0.00000000     -0.00000000     -0.00000000      0.00000000     -0.00000000     -0.00000000     -0.00000000     -0.00000000     -0.00000000      0.00000000     -0.00000000     -0.00000000      0.00000000      0.00000000     -0.00000000      0.00000000      0.00000000      0.00000000      0.00000000      0.00000000     -0.00000000      0.00000000      0.00000000     -0.00000000      0.00000000      0.00000000     -0.00000000      0.00000000     -0.00000000     -0.00000000     -0.00000000     -0.00000000     -0.00000000     -0.00000000     -0.00000000     -0.00000000      0.00000000     -0.00000000     -0.00000000      0.00000000      0.00000000      0.00000000     -0.00000000     -0.00000000     -0.00000000      0.00000000      0.00000000      0.00000000     -0.00000000      0.00000000      0.00000000      0.00000000     -0.00000000      0.00000000      0.00000000      0.00000000      0.00000000      0.00000000     -0.00000000      0.00000000      0.00000000     -0.00000000      0.00000000      0.00000000      0.00000000      0.00000000      0.00000000      0.00000000     -0.00000000      0.00000000      0.00000000      0.00000000      0.00000000     -0.00000000      0.00000000     -0.00000000
      2.81462363      0.00000000     -0.00000000     -0.00000000      0.00000000      0.00000000     -0.00000000      0.00000000      0.00000000      0.00000000      0.00000000      0.00000000     -0.00000000     -0.00000000      0.00000000     -0.00000000     -0.00000000      0.00000000     -0.00000000      0.00000000     -0.00000000      0.00000000      0.00000000      0.00000000     -0.00000000      0.00000000      0.00000000      0.00000000      0.00000000      0.00000000     -0.00000000     -0.00000000     -0.00000000      0.00000000      0.00000000     -0.00000000      0.00000000      0.00000000     -0.00000000     -0.00000000     -0.00000000      0.00000000     -0.00000000     -0.00000000      0.00000000     -0.00000000      0.00000000     -0.00000000      0.00000000     -0.00000000      0.00000000      0.00000000      0.00000000     -0.00000000      0.00000000     -0.00000000     -0.00000000      0.00000000     -0.00000000      0.00000000     -0.00000000      0.00000000     -0.00000000     -0.00000000      0.00000000     -0.00000000      0.00000000      0.00000000     -0.00000000      0.00000000     -0.00000000      0.00000000     -0.00000000      0.00000000      0.00000000     -0.00000000      0.00000000     -0.00000000     -0.00000000     -0.00000000      0.00000000     -0.00000000      0.00000000     -0.00000000      0.00000000     -0.00000000      0.00000000      0.00000000     -0.00000000      0.00000000      0.00000000      0.00000000     -0.00000000     -0.00000000      0.00000000     -0.00000000     -0.00000000      0.00000000      0.00000000      0.00000000     -0.00000000     -0.00000000     -0.00000000     -0.00000000     -0.00000000      0.00000000     -0.00000000     -0.00000000     -0.00000000      0.00000000     -0.00000000      0.00000000     -0.00000000      0.00000000      0.00000000     -0.00000000      0.00000000      0.00000000     -0.00000000     -0.00000000     -0.00000000     -0.00000000     -0.00000000      0.00000000     -0.00000000     -0.00000000      0.00000000      0.00000000     -0.00000000
      2.82440923      0.00000000     -0.00000000     -0.00000000      0.00000000      0.00000000      0.00000000     -0.00000000      0.00000000      0.00000000     -0.00000000      0.00000000     -0.00000000     -0.00000000      0.00000000     -0.00000000      0.00000000     -0.00000000     -0.00000000     -0.00000000      0.00000000      0.00000000     -0.00000000      0.00000000      0.00000000     -0.00000000      0.00000000      0.00000000      0.00000000     -0.00000000     -0.00000000     -0.00000000     -0.00000000     -0.00000000     -0.00000000     -0.00000000      0.00000000      0.00000000      0.00000000      0.00000000      0.00000000     -0.00000000     -0.00000000     -0.00000000     -0.00000000      0.00000000      0.00000000     -0.00000000      0.00000000      0.00000000     -0.00000000      0.00000000      0.00000000      0.00000000     -0.00000000      0.00000000      0.00000000     -0.00000000     -0.00000000     -0.00000000     -0.00000000      0.00000000      0.00000000      0.00000000      0.00000000     -0.00000000     -0.00000000     -0.00000000     -0.00000000      0.00000000      0.00000000      0.00000000      0.00000000     -0.00000000     -0.00000000      0.00000000     -0.00000000     -0.00000000     -0.00000000      0.00000000     -0.00000000     -0.00000000      0.00000000     -0.00000000     -0.00000000      0.00000000      0.00000000      0.00000000      0.00000000     -0.00000000     -0.00000000     -0.00000000     -0.00000000     -0.00000000      0.00000000      0.00000000      0.00000000      0.00000000      0.00000000      0.00000000      0.00000000     -0.00000000     -0.00000000     -0.00000000      0.00000000     -0.00000000     -0.00000000      0.00000000     -0.00000000     -0.00000000      0.00000000      0.00000000      0.00000000     -0.00000000      0.00000000     -0.00000000      0.00000000      0.00000000     -0.00000000      0.00000000     -0.00000000     -0.00000000      0.00000000     -0.00000000     -0.00000000     -0.00000000      0.00000000      0.00000000     -0.00000000
      2.83419483      0.00000000      0.00000000     -0.00000000      0.00000000     -0.00000000     -0.00000000      0.00000000     -0.00000000     -0.00000000     -0.00000000      0.00000000     -0.00000000      0.00000000      0.00000000     -0.00000000     -0.00000000     -0.00000000      0.00000000      0.00000000      0.00000000     -0.00000000      0.00000000     -0.00000000     -0.00000000     -0.00000000      0.00000000      0.00000000      0.00000000      0.00000000      0.00000000     -0.00000000      0.00000000      0.00000000      0.00000000     -0.00000000     -0.00000000      0.00000000      0.00000000     -0.00000000     -0.00000000     -0.00000000     -0.00000000     -0.00000000     -0.00000000      0.00000000     -0.00000000      0.00000000     -0.00000000     -0.00000000     -0.00000000      0.00000000      0.00000000      0.00000000      0.00000000      0.00000000     -0.00000000      0.00000000      0.00000000      0.00000000     -0.00000000      0.00000000      0.00000000      0.00000000     -0.00000000      0.00000000     -0.00000000     -0.00000000     -0.00000000      0.00000000     -0.00000000     -0.00000000     -0.00000000      0.00000000     -0.00000000     -0.00000000     -0.00000000     -0.00000000     -0.00000000      0.00000000      0.00000000      0.00000000     -0.00000000      0.00000000     -0.00000000      0.00000000      0.00000000      0.00000000      0.00000000      0.00000000      0.00000000     -0.00000000     -0.00000000      0.00000000      0.00000000     -0.00000000     -0.00000000     -0.00000000      0.00000000     -0.00000000     -0.00000000     -0.00000000     -0.00000000     -0.00000000      0.00000000      0.00000000      0.00000000     -0.00000000      0.00000000     -0.00000000     -0.00000000     -0.00000000      0.00000000      0.00000000      0.00000000     -0.00000000     -0.00000000      0.00000000     -0.00000000      0.00000000      0.00000000      0.00000000     -0.00000000      0.00000000      0.00000000     -0.00000000      0.00000000     -0.00000000     -0.00000000
      2.84398043     -0.00000000     -0.00000000      0.00000000      0.00000000     -0.00000000      0.00000000     -0.00000000      0.00000000     -0.00000000      0.00000000      0.00000000     -0.00000000      0.00000000      0.00000000      0.00000000      0.00000000     -0.00000000     -0.00000000      0.00000000     -0.00000000      0.00000000      0.00000000     -0.00000000     -0.00000000      0.00000000     -0.00000000      0.00000000      0.00000000      0.00000000      0.00000000      0.00000000     -0.00000000     -0.00000000      0.00000000     -0.00000000      0.00000000     -0.00000000     -0.00000000     -0.00000000     -0.00000000      0.00000000      0.00000000      0.00000000      0.00000000      0.00000000      0.00000000      0.00000000      0.00000000      0.00000000      0.00000000      0.00000000     -0.00000000     -0.00000000     -0.00000000      0.00000000      0.00000000     -0.00000000     -0.00000000      0.00000000      0.00000000      0.00000000     -0.00000000     -0.00000000      0.00000000     -0.00000000      0.00000000      0.00000000      0.00000000     -0.00000000     -0.00000000     -0.00000000      0.00000000     -0.00000000      0.00000000      0.00000000      0.00000000      0.00000000     -0.00000000     -0.00000000     -0.00000000     -0.00000000     -0.00000000      0.00000000     -0.00000000     -0.00000000     -0.00000000      0.00000000     -0.00000000     -0.00000000     -0.00000000     -0.00000000     -0.00000000     -0.00000000     -0.00000000      0.00000000      0.00000000     -0.00000000     -0.00000000     -0.00000000     -0.00000000     -0.00000000     -0.00000000      0.00000000     -0.00000000      0.00000000      0.00000000     -0.00000000     -0.00000000      0.00000000     -0.00000000      0.00000000      0.00000000      0.00000000     -0.00000000     -0.00000000      0.00000000      0.00000000     -0.00000000     -0.00000000      0.00000000      0.00000000      0.00000000      0.00000000      0.00000000     -0.00000000     -0.00000000     -0.00000000      0.00000000
      2.85376603      0.00000000      0.00000000     -0.00000000     -0.00000000     -0.00000000     -0.00000000      0.00000000      0.00000000      0.00000000     -0.00000000      0.00000000      0.00000000      0.00000000     -0.00000000     -0.00000000      0.00000000      0.00000000      0.00000000      0.00000000     -0.00000000     -0.00000000     -0.00000000     -0.00000000     -0.00000000     -0.00000000     -0.00000000     -0.00000000     -0.00000000      0.00000000      0.00000000     -0.00000000     -0.00000000     -0.00000000     -0.00000000      0.00000000      0.00000000      0.00000000      0.00000000      0.00000000      0.00000000      0.00000000      0.00000000     -0.00000000     -0.00000000      0.00000000     -0.00000000      0.00000000      0.00000000      0.00000000      0.00000000     -0.00000000      0.00000000     -0.00000000      0.00000000      0.00000000     -0.00000000     -0.00000000     -0.00000000      0.00000000      0.00000000      0.00000000      0.00000000      0.00000000     -0.00000000      0.00000000     -0.00000000     -0.00000000     -0.00000000     -0.00000000     -0.00000000      0.00000000      0.00000000      0.00000000     -0.00000000     -0.00000000      0.00000000     -0.00000000      0.00000000     -0.00000000     -0.00000000     -0.00000000     -0.00000000      0.00000000     -0.00000000      0.00000000      0.00000000     -0.00000000     -0.00000000     -0.00000000     -0.00000000     -0.00000000     -0.00000000     -0.00000000     -0.00000000      0.00000000      0.00000000      0.00000000      0.00000000     -0.00000000     -0.00000000      0.00000000      0.00000000      0.00000000      0.00000000      0.00000000      0.00000000      0.00000000      0.00000000      0.00000000     -0.00000000     -0.00000000     -0.00000000     -0.00000000      0.00000000      0.00000000     -0.00000000     -0.00000000     -0.00000000      0.00000000     -0.00000000     -0.00000000     -0.00000000      0.00000000      0.00000000      0.00000000      0.00000000     -0.00000000     -0.00000000
      2.86355162      0.00000000      0.00000000      0.00000000     -0.00000000     -0.00000000      0.00000000      0.00000000     -0.00000000     -0.00000000      0.00000000      0.00000000     -0.00000000     -0.00000000     -0.00000000      0.00000000     -0.00000000     -0.00000000     -0.00000000      0.00000000      0.00000000      0.00000000     -0.00000000      0.00000000     -0.00000000     -0.00000000     -0.00000000     -0.00000000     -0.00000000      0.00000000      0.00000000     -0.00000000     -0.00000000     -0.00000000      0.00000000     -0.00000000      0.00000000      0.00000000     -0.00000000     -0.00000000     -0.00000000      0.00000000     -0.00000000     -0.00000000      0.00000000      0.00000000     -0.00000000      0.00000000      0.00000000      0.00000000     -0.00000000      0.00000000      0.00000000      0.00000000      0.00000000      0.00000000      0.00000000      0.00000000      0.00000000     -0.00000000     -0.00000000     -0.00000000     -0.00000000     -0.00000000      0.00000000     -0.00000000      0.00000000      0.00000000      0.00000000      0.00000000     -0.00000000      0.00000000      0.00000000     -0.00000000      0.00000000     -0.00000000     -0.00000000      0.00000000     -0.00000000      0.00000000      0.00000000     -0.00000000      0.00000000      0.00000000     -0.00000000     -0.00000000     -0.00000000     -0.00000000     -0.00000000      0.00000000      0.00000000      0.00000000      0.00000000      0.00000000      0.00000000      0.00000000      0.00000000      0.00000000      0.00000000     -0.00000000     -0.00000000      0.00000000      0.00000000      0.00000000      0.00000000      0.00000000     -0.00000000      0.00000000     -0.00000000     -0.00000000     -0.00000000      0.00000000      0.00000000      0.00000000     -0.00000000      0.00000000      0.00000000      0.00000000     -0.00000000     -0.00000000      0.00000000      0.00000000     -0.00000000      0.00000000      0.00000000      0.00000000     -0.00000000     -0.00000000      0.00000000
      2.87333722      0.00000000      0.00000000     -0.00000000      0.00000000     -0.00000000     -0.00000000     -0.00000000     -0.00000000     -0.00000000     -0.00000000      0.00000000      0.00000000      0.00000000      0.00000000      0.00000000      0.00000000     -0.00000000      0.00000000     -0.00000000     -0.00000000     -0.00000000     -0.00000000     -0.00000000     -0.00000000     -0.00000000      0.00000000      0.00000000      0.00000000     -0.00000000     -0.00000000     -0.00000000     -0.00000000      0.00000000      0.00000000     -0.00000000      0.00000000     -0.00000000     -0.00000000     -0.00000000     -0.00000000     -0.00000000     -0.00000000     -0.00000000     -0.00000000     -0.00000000      0.00000000      0.00000000      0.00000000      0.00000000     -0.00000000      0.00000000      0.00000000     -0.00000000      0.00000000     -0.00000000      0.00000000      0.00000000     -0.00000000     -0.00000000     -0.00000000      0.00000000      0.00000000     -0.00000000     -0.00000000      0.00000000      0.00000000     -0.00000000     -0.00000000      0.00000000      0.00000000      0.00000000     -0.00000000     -0.00000000      0.00000000     -0.00000000      0.00000000     -0.00000000     -0.00000000      0.00000000     -0.00000000     -0.00000000     -0.00000000     -0.00000000      0.00000000      0.00000000      0.00000000      0.00000000      0.00000000      0.00000000      0.00000000      0.00000000      0.00000000     -0.00000000      0.00000000     -0.00000000     -0.00000000      0.00000000      0.00000000      0.00000000      0.00000000     -0.00000000     -0.00000000     -0.00000000      0.00000000      0.00000000      0.00000000      0.00000000      0.00000000      0.00000000      0.00000000     -0.00000000      0.00000000     -0.00000000     -0.00000000     -0.00000000     -0.00000000     -0.00000000     -0.00000000      0.00000000      0.00000000      0.00000000      0.00000000      0.00000000      0.00000000     -0.00000000      0.00000000     -0.00000000     -0.00000000
      2.88312282      0.00000000     -0.00000000      0.00000000     -0.00000000     -0.00000000      0.00000000      0.00000000      0.00000000     -0.00000000     -0.00000000     -0.00000000      0.00000000     -0.00000000     -0.00000000     -0.00000000      0.00000000      0.00000000     -0.00000000      0.00000000     -0.00000000     -0.00000000     -0.00000000      0.00000000     -0.00000000      0.00000000     -0.00000000     -0.00000000     -0.00000000      0.00000000      0.00000000      0.00000000     -0.00000000     -0.00000000     -0.00000000      0.00000000      0.00000000     -0.00000000      0.00000000      0.00000000     -0.00000000      0.00000000      0.00000000     -0.00000000     -0.00000000      0.00000000     -0.00000000      0.00000000     -0.00000000      0.00000000      0.00000000     -0.00000000     -0.00000000      0.00000000     -0.00000000      0.00000000      0.00000000      0.00000000      0.00000000     -0.00000000      0.00000000     -0.00000000     -0.00000000      0.00000000     -0.00000000      0.00000000     -0.00000000      0.00000000      0.00000000     -0.00000000      0.00000000     -0.00000000     -0.00000000     -0.00000000     -0.00000000      0.00000000     -0.00000000      0.00000000      0.00000000     -0.00000000     -0.00000000      0.00000000     -0.00000000      0.00000000     -0.00000000      0.00000000      0.00000000     -0.00000000     -0.00000000      0.00000000     -0.00000000     -0.00000000      0.00000000     -0.00000000     -0.00000000      0.00000000      0.00000000      0.00000000     -0.00000000     -0.00000000     -0.00000000      0.00000000      0.00000000      0.00000000     -0.00000000      0.00000000     -0.00000000      0.00000000      0.00000000      0.00000000     -0.00000000      0.00000000     -0.00000000     -0.00000000      0.00000000      0.00000000      0.00000000     -0.00000000      0.00000000      0.00000000      0.00000000     -0.00000000     -0.00000000     -0.00000000      0.00000000      0.00000000     -0.00000000      0.00000000     -0.00000000
      2.89290842     -0.00000000      0.00000000      0.00000000      0.00000000     -0.00000000     -0.00000000      0.00000000      0.00000000     -0.00000000     -0.00000000      0.00000000     -0.00000000     -0.00000000     -0.00000000      0.00000000     -0.00000000     -0.00000000      0.00000000     -0.00000000     -0.00000000     -0.00000000      0.00000000      0.00000000      0.00000000      0.00000000      0.00000000      0.00000000     -0.00000000      0.00000000      0.00000000      0.00000000     -0.00000000      0.00000000      0.00000000      0.00000000     -0.00000000      0.00000000      0.00000000     -0.00000000      0.00000000      0.00000000     -0.00000000      0.00000000     -0.00000000      0.00000000     -0.00000000      0.00000000      0.00000000      0.00000000      0.00000000      0.00000000      0.00000000     -0.00000000      0.00000000      0.00000000     -0.00000000     -0.00000000      0.00000000     -0.00000000      0.00000000      0.00000000     -0.00000000      0.00000000     -0.00000000      0.00000000     -0.00000000      0.00000000     -0.00000000     -0.00000000      0.00000000     -0.00000000      0.00000000      0.00000000     -0.00000000     -0.00000000      0.00000000     -0.00000000     -0.00000000     -0.00000000     -0.00000000     -0.00000000     -0.00000000      0.00000000     -0.00000000      0.00000000     -0.00000000      0.00000000     -0.00000000     -0.00000000      0.00000000     -0.00000000     -0.00000000      0.00000000     -0.00000000     -0.00000000     -0.00000000      0.00000000     -0.00000000     -0.00000000     -0.00000000      0.00000000     -0.00000000     -0.00000000     -0.00000000     -0.00000000     -0.00000000     -0.00000000      0.00000000      0.00000000      0.00000000     -0.00000000      0.00000000      0.00000000     -0.00000000      0.00000000      0.00000000      0.00000000     -0.00000000      0.00000000      0.00000000     -0.00000000     -0.00000000      0.00000000      0.00000000     -0.00000000     -0.00000000     -0.00000000      0.00000000
      2.90269401      0.00000000      0.00000000      0.00000000     -0.00000000      0.00000000     -0.00000000      0.00000000     -0.00000000      0.00000000     -0.00000000      0.00000000      0.00000000      0.00000000      0.00000000      0.00000000      0.00000000      0.00000000      0.00000000     -0.00000000     -0.00000000      0.00000000     -0.00000000     -0.00000000      0.00000000     -0.00000000     -0.00000000      0.00000000      0.00000000      0.00000000     -0.00000000      0.00000000      0.00000000      0.00000000      0.00000000     -0.00000000     -0.00000000     -0.00000000      0.00000000      0.00000000      0.00000000     -0.00000000      0.00000000      0.00000000      0.00000000      0.00000000     -0.00000000     -0.00000000      0.00000000     -0.00000000      0.00000000     -0.00000000     -0.00000000     -0.00000000      0.00000000     -0.00000000      0.00000000      0.00000000     -0.00000000      0.00000000      0.00000000     -0.00000000     -0.00000000     -0.00000000     -0.00000000      0.00000000      0.00000000      0.00000000      0.00000000     -0.00000000     -0.00000000      0.00000000     -0.00000000     -0.00000000      0.00000000     -0.00000000      0.00000000      0.00000000      0.00000000     -0.00000000      0.00000000     -0.00000000      0.00000000      0.00000000     -0.00000000     -0.00000000     -0.00000000     -0.00000000      0.00000000     -0.00000000     -0.00000000     -0.00000000      0.00000000      0.00000000      0.00000000     -0.00000000     -0.00000000     -0.00000000     -0.00000000      0.00000000     -0.00000000     -0.00000000     -0.00000000      0.00000000      0.00000000     -0.00000000      0.00000000      0.00000000     -0.00000000      0.00000000      0.00000000     -0.00000000     -0.00000000     -0.00000000     -0.00000000     -0.00000000     -0.00000000     -0.00000000     -0.00000000      0.00000000     -0.00000000      0.00000000     -0.00000000      0.00000000     -0.00000000      0.00000000     -0.00000000     -0.00000000     -0.00000000
      2.91247961      0.00000000     -0.00000000      0.00000000      0.00000000     -0.00000000      0.00000000      0.00000000      0.00000000      0.00000000      0.00000000      0.00000000     -0.00000000      0.00000000      0.00000000      0.00000000     -0.00000000      0.00000000     -0.00000000     -0.00000000     -0.00000000      0.00000000     -0.00000000     -0.00000000     -0.00000000     -0.00000000      0.00000000      0.00000000      0.00000000     -0.00000000      0.00000000     -0.00000000      0.00000000      0.00000000     -0.00000000     -0.00000000     -0.00000000     -0.00000000      0.00000000     -0.00000000     -0.00000000      0.00000000      0.00000000     -0.00000000      0.00000000     -0.00000000      0.00000000     -0.00000000     -0.00000000      0.00000000     -0.00000000      0.00000000      0.00000000      0.00000000      0.00000000      0.00000000      0.00000000      0.00000000     -0.00000000     -0.00000000      0.00000000      0.00000000      0.00000000     -0.00000000     -0.00000000      0.00000000      0.00000000     -0.00000000     -0.00000000     -0.00000000      0.00000000      0.00000000     -0.00000000     -0.00000000     -0.00000000     -0.00000000     -0.00000000     -0.00000000     -0.00000000      0.00000000     -0.00000000      0.00000000      0.00000000     -0.00000000      0.00000000     -0.00000000      0.00000000     -0.00000000     -0.00000000      0.00000000      0.00000000     -0.00000000      0.00000000      0.00000000      0.00000000      0.00000000     -0.00000000     -0.00000000      0.00000000     -0.00000000      0.00000000     -0.00000000     -0.00000000     -0.00000000      0.00000000      0.00000000      0.00000000      0.00000000     -0.00000000      0.00000000      0.00000000      0.00000000     -0.00000000      0.00000000     -0.00000000     -0.00000000     -0.00000000      0.00000000     -0.00000000     -0.00000000     -0.00000000     -0.00000000     -0.00000000     -0.00000000      0.00000000     -0.00000000     -0.00000000      0.00000000     -0.00000000
      2.92226521     -0.00000000      0.00000000      0.00000000     -0.00000000     -0.00000000     -0.00000000      0.00000000      0.00000000      0.00000000      0.00000000      0.00000000     -0.00000000      0.00000000     -0.00000000      0.00000000      0.00000000      0.00000000      0.00000000      0.00000000     -0.00000000      0.00000000      0.00000000      0.00000000     -0.00000000      0.00000000     -0.00000000      0.00000000     -0.00000000      0.00000000     -0.00000000      0.00000000      0.00000000      0.00000000      0.00000000      0.00000000      0.00000000     -0.00000000      0.00000000     -0.00000000     -0.00000000     -0.00000000     -0.00000000      0.00000000     -0.00000000     -0.00000000      0.00000000      0.00000000     -0.00000000      0.00000000     -0.00000000     -0.00000000      0.00000000      0.00000000     -0.00000000      0.00000000     -0.00000000     -0.00000000      0.00000000     -0.00000000     -0.00000000     -0.00000000      0.00000000     -0.00000000      0.00000000     -0.00000000      0.00000000     -0.00000000      0.00000000      0.00000000      0.00000000     -0.00000000      0.00000000      0.00000000     -0.00000000      0.00000000     -0.00000000     -0.00000000      0.00000000      0.00000000     -0.00000000      0.00000000     -0.00000000     -0.00000000      0.00000000      0.00000000     -0.00000000      0.00000000      0.00000000      0.00000000      0.00000000     -0.00000000      0.00000000     -0.00000000     -0.00000000     -0.00000000     -0.00000000     -0.00000000     -0.00000000      0.00000000     -0.00000000      0.00000000     -0.00000000      0.00000000     -0.00000000      0.00000000     -0.00000000     -0.00000000     -0.00000000      0.00000000     -0.00000000     -0.00000000     -0.00000000     -0.00000000     -0.00000000      0.00000000     -0.00000000      0.00000000     -0.00000000     -0.00000000     -0.00000000     -0.00000000     -0.00000000      0.00000000      0.00000000      0.00000000     -0.00000000     -0.00000000      0.00000000
      2.93205081     -0.00000000      0.00000000      0.00000000      0.00000000      0.00000000     -0.00000000     -0.00000000     -0.00000000     -0.00000000     -0.00000000     -0.00000000      0.00000000      0.00000000     -0.00000000     -0.00000000      0.00000000      0.00000000      0.00000000     -0.00000000     -0.00000000      0.00000000     -0.00000000      0.00000000     -0.00000000      0.00000000     -0.00000000      0.00000000     -0.00000000     -0.00000000     -0.00000000     -0.00000000     -0.00000000     -0.00000000      0.00000000      0.00000000     -0.00000000     -0.00000000     -0.00000000      0.00000000     -0.00000000      0.00000000      0.00000000     -0.00000000     -0.00000000     -0.00000000     -0.00000000     -0.00000000      0.00000000      0.00000000     -0.00000000      0.00000000      0.00000000      0.00000000      0.00000000      0.00000000     -0.00000000      0.00000000     -0.00000000     -0.00000000     -0.00000000      0.00000000     -0.00000000     -0.00000000     -0.00000000      0.00000000      0.00000000      0.00000000     -0.00000000      0.00000000      0.00000000      0.00000000     -0.00000000      0.00000000     -0.00000000     -0.00000000     -0.00000000     -0.00000000     -0.00000000      0.00000000     -0.00000000     -0.00000000      0.00000000      0.00000000      0.00000000      0.00000000      0.00000000     -0.00000000     -0.00000000      0.00000000     -0.00000000      0.00000000      0.00000000      0.00000000     -0.00000000     -0.00000000      0.00000000      0.00000000      0.00000000      0.00000000      0.00000000      0.00000000     -0.00000000      0.00000000     -0.00000000      0.00000000     -0.00000000      0.00000000     -0.00000000      0.00000000      0.00000000     -0.00000000     -0.00000000     -0.00000000      0.00000000      0.00000000     -0.00000000     -0.00000000      0.00000000      0.00000000      0.00000000      0.00000000      0.00000000      0.00000000     -0.00000000     -0.00000000     -0.00000000     -0.00000000      0.00000000
